asset,category,revision,quality,mode,frames,channels,rate,encoded_bytes,encoded_sha256,decoded_fnv64,trials,complete,median_ms,p95_ms,p99_ms,duration_seconds,ns_per_sample,realtime_factor
bandcamp/allegaeon-beasts-and-worms.wav,bandcamp,baseline,high,checked,6712438,2,44100,5422444,b57b2cd95d4326955d0f0c1eb3d2596a737e44e2c4a55854b999973f9ab1efae,29b4f656027761dc,7,True,30.7795,32.08369,32.261458,152.2094784580499,2.2927213629384733,4945.1576035364415
bandcamp/allegaeon-beasts-and-worms.wav,bandcamp,candidate,high,checked,6712438,2,44100,5422444,b57b2cd95d4326955d0f0c1eb3d2596a737e44e2c4a55854b999973f9ab1efae,29b4f656027761dc,7,True,30.6108,31.97695,32.00635,152.2094784580499,2.2801551388631074,4972.410994095218
bandcamp/allegaeon-beasts-and-worms.wav,bandcamp,baseline,medium,checked,6712438,2,44100,4751244,221ff3ba6ed559e0263fa28d9c069101c86fc37aaaac7ccbd0b63eb69f6ea782,1b35a24bf5a89859,7,True,32.2891,33.45613,33.563386,152.2094784580499,2.405169328938308,4713.95853269524
bandcamp/allegaeon-beasts-and-worms.wav,bandcamp,candidate,medium,checked,6712438,2,44100,4751244,221ff3ba6ed559e0263fa28d9c069101c86fc37aaaac7ccbd0b63eb69f6ea782,1b35a24bf5a89859,7,True,32.4805,34.880359999999996,35.275831999999994,152.2094784580499,2.4194264438643605,4686.18027610566
bandcamp/allegaeon-beasts-and-worms.wav,bandcamp,baseline,low,checked,6712438,2,44100,4285688,21e8d75a85a969246afe656e5bc3e8efbd39e9d63f4253fd9e08e6da53ffae64,e4782d9d4847615c,7,True,32.2035,32.783300000000004,32.802260000000004,152.2094784580499,2.398793106170962,4726.4886878149855
bandcamp/allegaeon-beasts-and-worms.wav,bandcamp,candidate,low,checked,6712438,2,44100,4285688,21e8d75a85a969246afe656e5bc3e8efbd39e9d63f4253fd9e08e6da53ffae64,e4782d9d4847615c,7,True,32.2629,32.79429,32.916378,152.2094784580499,2.403217728044565,4717.786635982812
bandcamp/allegaeon-beasts-and-worms.wav,bandcamp,reference,default,qoa,6712438,2,44100,5422440,0133acf8629a64ab36a7b7276c5125519aa01ff28e286d5904d35ff6fbd1fff6,8fe40e92b4227916,7,True,38.6715,41.54863,41.670046,152.2094784580499,2.880585265741002,3935.960034083236
bandcamp/darkside_narrow_road.wav,bandcamp,baseline,high,checked,6440706,2,44100,5202908,4715ef4af88d69555a204f676b7346b9cc9c8f855b267df2ee4a6bd525bd00a9,91b2ab1f49d003e2,7,True,29.2311,30.22043,30.360566000000002,146.0477551020408,2.2692465701741393,4996.314032042612
bandcamp/darkside_narrow_road.wav,bandcamp,candidate,high,checked,6440706,2,44100,5202908,4715ef4af88d69555a204f676b7346b9cc9c8f855b267df2ee4a6bd525bd00a9,91b2ab1f49d003e2,7,True,29.3293,30.30869,30.314618,146.0477551020408,2.2768699580449723,4979.585435112355
bandcamp/darkside_narrow_road.wav,bandcamp,baseline,medium,checked,6440706,2,44100,3953318,9d465e182ff105408ec543a6a9605e88331ab35dce8d3a9fe3b289739b325236,5fa1a12ef69ffe8a,7,True,28.9185,30.83691,30.850901999999998,146.0477551020408,2.244979044222792,5050.322634370413
bandcamp/darkside_narrow_road.wav,bandcamp,candidate,medium,checked,6440706,2,44100,3953318,9d465e182ff105408ec543a6a9605e88331ab35dce8d3a9fe3b289739b325236,5fa1a12ef69ffe8a,7,True,29.242,30.048209999999997,30.247961999999998,146.0477551020408,2.2700927507015534,4994.451648383859
bandcamp/darkside_narrow_road.wav,bandcamp,baseline,low,checked,6440706,2,44100,3936312,bcb60c9df03bd020acec4101ba8174d9e620319c1d9f26cc979adeecce5e1cba,e291271e9f346766,7,True,29.2331,29.74232,29.779184,146.0477551020408,2.2694018326562335,4995.972206233372
bandcamp/darkside_narrow_road.wav,bandcamp,candidate,low,checked,6440706,2,44100,3936312,bcb60c9df03bd020acec4101ba8174d9e620319c1d9f26cc979adeecce5e1cba,e291271e9f346766,7,True,29.2151,30.038819999999998,30.209363999999997,146.0477551020408,2.2680044703173845,4999.050323361576
bandcamp/darkside_narrow_road.wav,bandcamp,reference,default,qoa,6440706,2,44100,5202904,1f0de8f9cc3f7da9c02ec1f41568012daa7adb3a9ee8e7c969984e2ffc7389bc,e1a9da5274f6d1e0,7,True,36.7471,37.030699999999996,37.103179999999995,146.0477551020408,2.8527229778847225,3974.4022005012853
bandcamp/forest_swords_annekas_battle.wav,bandcamp,baseline,high,checked,6216862,2,44100,5022116,5efa5fb1a2de67edac2402eba72554fb5ee3ccbc9fd0974e9540901cfaa4098d,4a2ad59613467582,7,True,28.6811,29.068759999999997,29.077592,140.9719274376417,2.3067184055235583,4915.150654530046
bandcamp/forest_swords_annekas_battle.wav,bandcamp,candidate,high,checked,6216862,2,44100,5022116,5efa5fb1a2de67edac2402eba72554fb5ee3ccbc9fd0974e9540901cfaa4098d,4a2ad59613467582,7,True,28.8192,29.86711,29.898622,140.9719274376417,2.3178252951408607,4891.59752656707
bandcamp/forest_swords_annekas_battle.wav,bandcamp,baseline,medium,checked,6216862,2,44100,3790244,a9d04c5f5fefe43bd2742e052ef0adda3a54ebebd42adc0086a479b79713542c,adc627f372d0bcb8,7,True,28.4878,28.9224,28.988639999999997,140.9719274376417,2.2911719771164294,4948.501724866143
bandcamp/forest_swords_annekas_battle.wav,bandcamp,candidate,medium,checked,6216862,2,44100,3790244,a9d04c5f5fefe43bd2742e052ef0adda3a54ebebd42adc0086a479b79713542c,adc627f372d0bcb8,7,True,28.1841,32.95084,34.212087999999994,140.9719274376417,2.2667464711296472,5001.824696819899
bandcamp/forest_swords_annekas_battle.wav,bandcamp,baseline,low,checked,6216862,2,44100,3778938,099f0f972b1e66d84d3e33a145c3fbcf4d68524f0e545505e239ba27a7a4825f,e5a1baa8bccb5e6d,7,True,28.2693,29.33738,29.462516,140.9719274376417,2.273598802740032,4986.749846570015
bandcamp/forest_swords_annekas_battle.wav,bandcamp,candidate,low,checked,6216862,2,44100,3778938,099f0f972b1e66d84d3e33a145c3fbcf4d68524f0e545505e239ba27a7a4825f,e5a1baa8bccb5e6d,7,True,28.6059,28.96507,29.027493999999997,140.9719274376417,2.300670338186693,4928.071741761026
bandcamp/forest_swords_annekas_battle.wav,bandcamp,reference,default,qoa,6216862,2,44100,5022112,bfa338d5c258f518bbb3a4afee942931d8129990dea8203767f96589a6d1fe79,4a2ad59613467582,7,True,35.6642,38.26603,38.801686,140.9719274376417,2.8683441903648497,3952.757315112682
bandcamp/four_tet_baby.wav,bandcamp,baseline,high,checked,2978836,2,44100,2406364,59f375e6430fcb90207ddc9493a8f33b66909e7eeb58c807632a9dc5c625e42d,36946886a0516d1b,7,True,13.6357,14.39993,14.621906,67.54730158730159,2.288763127610919,4953.709863615479
bandcamp/four_tet_baby.wav,bandcamp,candidate,high,checked,2978836,2,44100,2406364,59f375e6430fcb90207ddc9493a8f33b66909e7eeb58c807632a9dc5c625e42d,36946886a0516d1b,7,True,13.5619,15.319119999999998,15.741423999999999,67.54730158730159,2.2763757387113626,4980.666542837035
bandcamp/four_tet_baby.wav,bandcamp,baseline,medium,checked,2978836,2,44100,1840032,901ac99e81194cb39c8186343a54798967cc82bbc8af7325925c3be0d8998af8,43fce40dd3e5f3ee,7,True,13.6983,14.274370000000001,14.329594,67.54730158730159,2.29927058757179,4931.0718547047145
bandcamp/four_tet_baby.wav,bandcamp,candidate,medium,checked,2978836,2,44100,1840032,901ac99e81194cb39c8186343a54798967cc82bbc8af7325925c3be0d8998af8,43fce40dd3e5f3ee,7,True,13.9177,14.34888,14.407776,67.54730158730159,2.336097052674266,4853.337950042147
bandcamp/four_tet_baby.wav,bandcamp,baseline,low,checked,2978836,2,44100,1818286,f917a788680f3a9f0e3a8c873800aa1ddc231734719d90fe0bdc1004255a4f51,d4a71c2fb211e576,7,True,13.7134,13.85511,13.897182,67.54730158730159,2.301805134623054,4925.642188465412
bandcamp/four_tet_baby.wav,bandcamp,candidate,low,checked,2978836,2,44100,1818286,f917a788680f3a9f0e3a8c873800aa1ddc231734719d90fe0bdc1004255a4f51,d4a71c2fb211e576,7,True,13.8264,13.97062,13.985404,67.54730158730159,2.320772274808012,4885.38604317115
bandcamp/four_tet_baby.wav,bandcamp,reference,default,qoa,2978836,2,44100,2406360,2ed57b904b9f05cd881e77e739e4eb377bf078f317247744b91643c28d6b673a,36946886a0516d1b,7,True,16.8569,21.1547,21.65006,67.54730158730159,2.8294441184408945,4007.1010439227607
bandcamp/inverse_phase_atarible_lie.wav,bandcamp,baseline,high,checked,2580303,2,44100,2084428,5c30ac56001fc660dbace25644e04ed85bc8747021cae126772d594cea46bd1e,3d43c8bcdf76a42c,7,True,11.7872,11.99525,12.031609999999999,58.51027210884354,2.2840728395076084,4963.882186511091
bandcamp/inverse_phase_atarible_lie.wav,bandcamp,candidate,high,checked,2580303,2,44100,2084428,5c30ac56001fc660dbace25644e04ed85bc8747021cae126772d594cea46bd1e,3d43c8bcdf76a42c,7,True,12.0562,12.14313,12.155346,58.51027210884354,2.336198500718714,4853.127196699087
bandcamp/inverse_phase_atarible_lie.wav,bandcamp,baseline,medium,checked,2580303,2,44100,1726158,0809122042d7b18a092fe4c233c880f660c37d00f4a803f536ec278f41606c0e,6fee838d86bdbe9d,7,True,12.4601,12.63274,12.633028000000001,58.51027210884354,2.4144645028122667,4695.810796770775
bandcamp/inverse_phase_atarible_lie.wav,bandcamp,candidate,medium,checked,2580303,2,44100,1726158,0809122042d7b18a092fe4c233c880f660c37d00f4a803f536ec278f41606c0e,6fee838d86bdbe9d,7,True,12.5464,12.86306,12.943652,58.51027210884354,2.431187345052112,4663.510816556425
bandcamp/inverse_phase_atarible_lie.wav,bandcamp,baseline,low,checked,2580303,2,44100,1741932,798ae029f21a548061490aea3fb9ea0fce1e78cddcdaec23285130e577fec323,9e62a6f0a56466c0,7,True,11.9295,12.19997,12.213913999999999,58.51027210884354,2.311647120512591,4904.670950906872
bandcamp/inverse_phase_atarible_lie.wav,bandcamp,candidate,low,checked,2580303,2,44100,1741932,798ae029f21a548061490aea3fb9ea0fce1e78cddcdaec23285130e577fec323,9e62a6f0a56466c0,7,True,11.8271,12.51113,12.666146,58.51027210884354,2.2918044896277685,4947.13599351012
bandcamp/inverse_phase_atarible_lie.wav,bandcamp,reference,default,qoa,2580303,2,44100,2084424,307036460a980752c66b4e95e83498108f9f90e005d274133116d06685e544fc,958fde5f85d38adb,7,True,14.7284,15.04683,15.054486,58.51027210884354,2.8540059055079965,3972.6156343420557
bandcamp/julien_baker_sprained_ankle.wav,bandcamp,baseline,high,checked,2394122,2,44100,1934044,bbdf67f03c82c808b8f7f6edf3ebaaf99f3621d8aacfd7c1a28c3f7915c7a417,dc967c48991a36c1,7,True,10.9583,11.0079,11.014140000000001,54.288480725623586,2.2885842910261047,4954.096960808117
bandcamp/julien_baker_sprained_ankle.wav,bandcamp,candidate,high,checked,2394122,2,44100,1934044,bbdf67f03c82c808b8f7f6edf3ebaaf99f3621d8aacfd7c1a28c3f7915c7a417,dc967c48991a36c1,7,True,11.0311,11.80941,12.063161999999998,54.288480725623586,2.303788194586575,4921.402283147065
bandcamp/julien_baker_sprained_ankle.wav,bandcamp,baseline,medium,checked,2394122,2,44100,1471798,42ccc5a819adb5e315ac284680d1618bc3cc85b3da926d9fa986016dc3f4d728,a747acd871de0df5,7,True,11.1396,12.881329999999998,13.438585999999999,54.288480725623586,2.3264478585468913,4873.467694138352
bandcamp/julien_baker_sprained_ankle.wav,bandcamp,candidate,medium,checked,2394122,2,44100,1471798,42ccc5a819adb5e315ac284680d1618bc3cc85b3da926d9fa986016dc3f4d728,a747acd871de0df5,7,True,11.0691,11.407300000000001,11.41666,54.288480725623586,2.311724298093414,4904.507207056001
bandcamp/julien_baker_sprained_ankle.wav,bandcamp,baseline,low,checked,2394122,2,44100,1463804,1a8d3002b2e2b597708b22c859f35a798ff7f33f7b6cdde62492b9b8d675ce74,43fdbd923fdbb76c,7,True,11.0639,13.629739999999998,14.495467999999999,54.288480725623586,2.3106383049819517,4906.812310814775
bandcamp/julien_baker_sprained_ankle.wav,bandcamp,candidate,low,checked,2394122,2,44100,1463804,1a8d3002b2e2b597708b22c859f35a798ff7f33f7b6cdde62492b9b8d675ce74,43fdbd923fdbb76c,7,True,11.0846,12.734649999999998,13.26133,54.288480725623586,2.3149613929448876,4897.649055953628
bandcamp/julien_baker_sprained_ankle.wav,bandcamp,reference,default,qoa,2394122,2,44100,1934040,4a1be82415087342e8607a08fe4c93d3df7a898e10870953b60161d324b7be8a,dc967c48991a36c1,7,True,14.2426,15.509479999999998,15.862376,54.288480725623586,2.97449336332902,3811.6973534062313
bandcamp/lorn_drawn_out_like_an_ache.wav,bandcamp,baseline,high,checked,1873317,2,44100,1513308,9b5a22da7ec9d432a93ac94701ceac0624ef9b8d41dc71fc46f38b1ef9f58c22,c4e4acbec5e7c5a1,7,True,8.64675,8.838155,8.848151,42.47884353741497,2.30787154549924,4912.694774038218
bandcamp/lorn_drawn_out_like_an_ache.wav,bandcamp,candidate,high,checked,1873317,2,44100,1513308,9b5a22da7ec9d432a93ac94701ceac0624ef9b8d41dc71fc46f38b1ef9f58c22,c4e4acbec5e7c5a1,7,True,8.7312,8.820965,8.824193,42.47884353741497,2.3304117776115842,4865.178158490811
bandcamp/lorn_drawn_out_like_an_ache.wav,bandcamp,baseline,medium,checked,1873317,2,44100,1153984,5a4128868c40323d4c5570b260b365408f42d1bb2c0402cd2413591c221dc817,0a43a71385647cd6,7,True,8.72325,10.120614999999999,10.514683,42.47884353741497,2.3282898729899957,4869.612075478172
bandcamp/lorn_drawn_out_like_an_ache.wav,bandcamp,candidate,medium,checked,1873317,2,44100,1153984,5a4128868c40323d4c5570b260b365408f42d1bb2c0402cd2413591c221dc817,0a43a71385647cd6,7,True,8.67335,9.314604999999998,9.327240999999999,42.47884353741497,2.3149712515287053,4897.628198725403
bandcamp/lorn_drawn_out_like_an_ache.wav,bandcamp,baseline,low,checked,1873317,2,44100,1143870,ea3b7f2a0f0c6a546c9c3a15498c676ce2446ac5dda61f76fc8ee5ac4aebe4b7,89c76af1bcb58932,7,True,8.62905,9.224205,9.386600999999999,42.47884353741497,2.3031473050209867,4922.771746300575
bandcamp/lorn_drawn_out_like_an_ache.wav,bandcamp,candidate,low,checked,1873317,2,44100,1143870,ea3b7f2a0f0c6a546c9c3a15498c676ce2446ac5dda61f76fc8ee5ac4aebe4b7,89c76af1bcb58932,7,True,8.6288,8.70702,8.717364,42.47884353741497,2.3030805784605595,4922.91437249849
bandcamp/lorn_drawn_out_like_an_ache.wav,bandcamp,reference,default,qoa,1873317,2,44100,1513304,c40a6a92c8001faffc4ffacb1b7b6be6ac3436c69453a26ebc4fa9eddcf2f9a3,c4e4acbec5e7c5a1,7,True,10.8427,19.84059999999999,22.653879999999994,42.47884353741497,2.8939843069806126,3917.73668342894
bandcamp/nils_frahm_all_melody.wav,bandcamp,baseline,high,checked,4358017,2,44100,3520508,df52e8d18929be42c704b3c3e7d527b146e81ef211db6db5847343a12c2cf9a6,393b3c20e80a3ec6,7,True,19.969,20.51939,20.527238,98.82124716553288,2.2910649499531552,4948.732894262751
bandcamp/nils_frahm_all_melody.wav,bandcamp,candidate,high,checked,4358017,2,44100,3520508,df52e8d18929be42c704b3c3e7d527b146e81ef211db6db5847343a12c2cf9a6,393b3c20e80a3ec6,7,True,20.3402,20.60449,20.631058,98.82124716553288,2.3336531270988616,4858.420623471396
bandcamp/nils_frahm_all_melody.wav,bandcamp,baseline,medium,checked,4358017,2,44100,2669152,b470d7812d513120f7c30dc9e85c6b438aa07a77c3fb858cbd6aafd5e8a69361,969df272c5f93ed7,7,True,20.2586,20.61821,20.644202,98.82124716553288,2.324291070915969,4877.989948245825
bandcamp/nils_frahm_all_melody.wav,bandcamp,candidate,medium,checked,4358017,2,44100,2669152,b470d7812d513120f7c30dc9e85c6b438aa07a77c3fb858cbd6aafd5e8a69361,969df272c5f93ed7,7,True,20.1323,20.46119,20.510558,98.82124716553288,2.3098005354270073,4908.592022050778
bandcamp/nils_frahm_all_melody.wav,bandcamp,baseline,low,checked,4358017,2,44100,2652430,b5ede57cb9e2f068b497113f6f841afaafbd5b85770c4d60f86a973287392ac5,2fe8ecc79b050019,7,True,20.1466,20.41407,20.420814,98.82124716553288,2.311441189880627,4905.107917243251
bandcamp/nils_frahm_all_melody.wav,bandcamp,candidate,low,checked,4358017,2,44100,2652430,b5ede57cb9e2f068b497113f6f841afaafbd5b85770c4d60f86a973287392ac5,2fe8ecc79b050019,7,True,20.2526,20.51804,20.551208,98.82124716553288,2.323602684431933,4879.435093051405
bandcamp/nils_frahm_all_melody.wav,bandcamp,reference,default,qoa,4358017,2,44100,3520504,1c0931e2cf1c2386684b49ab358be297d53dd2f13e384e92ae44c59c9fbdaada,393b3c20e80a3ec6,7,True,25.0405,26.36673,26.419746,98.82124716553288,2.8729236255847557,3946.45662688576
bandcamp/planes_mistaken_for_stars_one_fucked_pony.wav,bandcamp,baseline,high,checked,2677638,2,44100,2163044,6cafffd690f64b9e360ed3f2905b59fdb52a5c1bad815749cb1ac551e87584ce,ad36de993f285dcd,7,True,12.3538,12.62324,12.638168,60.71741496598639,2.306846556554695,4914.877605755832
bandcamp/planes_mistaken_for_stars_one_fucked_pony.wav,bandcamp,candidate,high,checked,2677638,2,44100,2163044,6cafffd690f64b9e360ed3f2905b59fdb52a5c1bad815749cb1ac551e87584ce,ad36de993f285dcd,7,True,12.3096,12.465819999999999,12.497644,60.71741496598639,2.298593013693412,4932.52542454559
bandcamp/planes_mistaken_for_stars_one_fucked_pony.wav,bandcamp,baseline,medium,checked,2677638,2,44100,1843286,ac56ce73c6150ec81b75b2da8e7da3491c671a599f00a2d5f51c039f6520693f,4cdbd202ec98aaab,7,True,13.371,13.65981,13.715081999999999,60.71741496598639,2.496790081407569,4540.977859994495
bandcamp/planes_mistaken_for_stars_one_fucked_pony.wav,bandcamp,candidate,medium,checked,2677638,2,44100,1843286,ac56ce73c6150ec81b75b2da8e7da3491c671a599f00a2d5f51c039f6520693f,4cdbd202ec98aaab,7,True,13.493,13.59872,13.624064,60.71741496598639,2.5195713535586215,4499.919585413651
bandcamp/planes_mistaken_for_stars_one_fucked_pony.wav,bandcamp,baseline,low,checked,2677638,2,44100,1666388,8378707ccd880eaca9d8472a22b1f69de490c7214fd641b514f446d1ed10e12a,5358ed31cfb05344,7,True,12.6856,12.87554,12.916388,60.71741496598639,2.368804147536,4786.325831335245
bandcamp/planes_mistaken_for_stars_one_fucked_pony.wav,bandcamp,candidate,low,checked,2677638,2,44100,1666388,8378707ccd880eaca9d8472a22b1f69de490c7214fd641b514f446d1ed10e12a,5358ed31cfb05344,7,True,12.58,12.85046,12.856171999999999,60.71741496598639,2.3490852759036134,4826.503574402734
bandcamp/planes_mistaken_for_stars_one_fucked_pony.wav,bandcamp,reference,default,qoa,2677638,2,44100,2163040,675f7d11b4b411433d10f106b8f32d192afe9f73afc582254eb300c4bf25697f,1216e22eda4185a5,7,True,15.3227,16.31915,16.39799,60.71741496598639,2.8612344163027266,3962.5793734776767
bandcamp/whalerider_devil_got_me.wav,bandcamp,baseline,high,checked,4319545,2,44100,3489420,259627f22aafdbbf17fbeabad460daa48e234c1017bbd79cc03ce78f09db8a8a,82186a831b4f3b22,7,True,20.4327,20.608069999999998,20.633053999999998,97.94886621315193,2.3651449400341935,4793.730941733199
bandcamp/whalerider_devil_got_me.wav,bandcamp,candidate,high,checked,4319545,2,44100,3489420,259627f22aafdbbf17fbeabad460daa48e234c1017bbd79cc03ce78f09db8a8a,82186a831b4f3b22,7,True,20.2515,20.52018,20.567795999999998,97.94886621315193,2.3441705086994116,4836.622779209043
bandcamp/whalerider_devil_got_me.wav,bandcamp,baseline,medium,checked,4319545,2,44100,2905128,7bf6e0a0ba5bc5f6a36555d11ccac56a4783c0eee535eb1da556fbce2ec1e999,fe19c3054b81ed0c,7,True,22.1803,22.541729999999998,22.627146,97.94886621315193,2.5674347645411726,4416.029819846979
bandcamp/whalerider_devil_got_me.wav,bandcamp,candidate,medium,checked,4319545,2,44100,2905128,7bf6e0a0ba5bc5f6a36555d11ccac56a4783c0eee535eb1da556fbce2ec1e999,fe19c3054b81ed0c,7,True,22.355,22.59424,22.640848,97.94886621315193,2.587656801815932,4381.519401169848
bandcamp/whalerider_devil_got_me.wav,bandcamp,baseline,low,checked,4319545,2,44100,2680578,08bd53d588128b7500793dfd476253546cc645a68b7bc60772e184370e6d0452,938051478958386e,7,True,20.9963,21.22882,21.258964,97.94886621315193,2.4303832926847617,4665.05366246205
bandcamp/whalerider_devil_got_me.wav,bandcamp,candidate,low,checked,4319545,2,44100,2680578,08bd53d588128b7500793dfd476253546cc645a68b7bc60772e184370e6d0452,938051478958386e,7,True,20.956,22.53512,22.684784,97.94886621315193,2.4257184495126225,4674.0249195052465
bandcamp/whalerider_devil_got_me.wav,bandcamp,reference,default,qoa,4319545,2,44100,3489416,1c74877636f5749a09af0c02b844beb388d91df9998c26cf056920c8afb219f1,8511e4d0416fb70c,7,True,26.0104,26.65722,26.819124,97.94886621315193,3.0107800705861383,3765.757782008425
oculus_audio_pack/Indoor_drawer_close_02.wav,oculus_audio_pack,baseline,high,checked,61270,1,44100,24812,32a1d54241b78ea747a060b89e2ec037254852c04d9ece0ddc29c0d45ce249a8,daf941ebe4d96d12,7,True,0.127141772,0.1278540504,0.12804878447999998,1.389342403628118,2.0751064468744898,10927.505427784332
oculus_audio_pack/Indoor_drawer_close_02.wav,oculus_audio_pack,candidate,high,checked,61270,1,44100,24812,32a1d54241b78ea747a060b89e2ec037254852c04d9ece0ddc29c0d45ce249a8,daf941ebe4d96d12,7,True,0.12594,0.1275039242,0.12766281044,1.389342403628118,2.0554920842173985,11031.78024160805
oculus_audio_pack/Indoor_drawer_close_02.wav,oculus_audio_pack,baseline,medium,checked,61270,1,44100,19354,3cee515fe23f9894c5b8cae7207054bbc170635b6661d84898f3d25381102e54,b9ef8f3d467ae8a9,7,True,0.128661538,0.1313766904,0.13215639088,1.389342403628118,2.0999108535988245,10798.428382133268
oculus_audio_pack/Indoor_drawer_close_02.wav,oculus_audio_pack,candidate,medium,checked,61270,1,44100,19354,3cee515fe23f9894c5b8cae7207054bbc170635b6661d84898f3d25381102e54,b9ef8f3d467ae8a9,7,True,0.129469231,0.1322344023,0.13251424926,1.389342403628118,2.1130933735922963,10731.062453194905
oculus_audio_pack/Indoor_drawer_close_02.wav,oculus_audio_pack,baseline,low,checked,61270,1,44100,19744,5d12efbfb3dbc73ea2e0e7e4cf891a3c939206efdc8fd3e8ca96aa27bfd46ae3,391d384155b3a4e6,7,True,0.126993671,0.1337685034,0.13521748468,1.389342403628118,2.0726892606495837,10940.249169016603
oculus_audio_pack/Indoor_drawer_close_02.wav,oculus_audio_pack,candidate,low,checked,61270,1,44100,19744,5d12efbfb3dbc73ea2e0e7e4cf891a3c939206efdc8fd3e8ca96aa27bfd46ae3,391d384155b3a4e6,7,True,0.12588875,0.1267237974,0.12674324028,1.389342403628118,2.0546556226538275,11036.271339798972
oculus_audio_pack/Indoor_drawer_close_02.wav,oculus_audio_pack,reference,default,qoa,61270,1,44100,24808,da4d584078850c61d3324cb9a6b45578f108fc5a49eeffa5c85dda012aa22018,daf941ebe4d96d12,7,True,0.143064286,0.1448979234,0.14495059908,1.389342403628118,2.3349810021217565,9711.315398646157
oculus_audio_pack/Indoor_fan_off.wav,oculus_audio_pack,baseline,high,checked,337652,1,44100,136660,23afe34c086ee59f87dd63c737cab54afa9a77e446a1d99d5bc7fac359a96f9d,61d301a7dcd10bc1,7,True,0.688373333,0.7467920000999999,0.75800982882,7.6565079365079365,2.03870651736107,11122.609737277455
oculus_audio_pack/Indoor_fan_off.wav,oculus_audio_pack,candidate,high,checked,337652,1,44100,136660,23afe34c086ee59f87dd63c737cab54afa9a77e446a1d99d5bc7fac359a96f9d,61d301a7dcd10bc1,7,True,0.702,0.7787895603,0.79157945046,7.6565079365079365,2.0790636513333256,10906.706462262018
oculus_audio_pack/Indoor_fan_off.wav,oculus_audio_pack,baseline,medium,checked,337652,1,44100,102962,74183bfcba297ca062ce855bda0382fb4e60234cc2beef94fb489a280b4ee1ae,fafa7934a1c13ccc,7,True,0.673366667,0.684856,0.6852112,7.6565079365079365,1.994262338146968,11370.488489754625
oculus_audio_pack/Indoor_fan_off.wav,oculus_audio_pack,candidate,medium,checked,337652,1,44100,102962,74183bfcba297ca062ce855bda0382fb4e60234cc2beef94fb489a280b4ee1ae,fafa7934a1c13ccc,7,True,0.674873333,0.6843239999,0.68475279998,7.6565079365079365,1.9987245240661984,11345.103684083391
oculus_audio_pack/Indoor_fan_off.wav,oculus_audio_pack,baseline,low,checked,337652,1,44100,102894,6c2c6e670545399b73edb72fcc003bb3eff706e93257c20b4581465fc6888aed,e46066116e1dffd6,7,True,0.67678,0.6811446668,0.68135426696,7.6565079365079365,2.0043713646002392,11313.141547486533
oculus_audio_pack/Indoor_fan_off.wav,oculus_audio_pack,candidate,low,checked,337652,1,44100,102894,6c2c6e670545399b73edb72fcc003bb3eff706e93257c20b4581465fc6888aed,e46066116e1dffd6,7,True,0.679906667,0.7056260001,0.7087252000200001,7.6565079365079365,2.0136313926764835,11261.116132735224
oculus_audio_pack/Indoor_fan_off.wav,oculus_audio_pack,reference,default,qoa,337652,1,44100,136656,3bd1a1bf1f7ddd55036117cdc3d0851ea28d31bd4f905263eeac7b7c207701a6,61d301a7dcd10bc1,7,True,0.775115385,0.7981938462,0.79827876924,7.6565079365079365,2.2956043056164335,9877.894420206789
oculus_audio_pack/Indoor_switch_small_on_01.wav,oculus_audio_pack,baseline,high,checked,19764,1,44100,8020,ff82ed7d45cf3e6b200b792ceeed3cad39814daa0d6c29c6ffcf7ffffb0bc8dc,2324cf4d06810155,7,True,0.041114344,0.0411905765,0.0411908729,0.44816326530612244,2.0802643189637724,10900.411430767872
oculus_audio_pack/Indoor_switch_small_on_01.wav,oculus_audio_pack,candidate,high,checked,19764,1,44100,8020,ff82ed7d45cf3e6b200b792ceeed3cad39814daa0d6c29c6ffcf7ffffb0bc8dc,2324cf4d06810155,7,True,0.041056148,0.0422878133,0.04267974746,0.44816326530612244,2.0773197733252378,10915.862474631629
oculus_audio_pack/Indoor_switch_small_on_01.wav,oculus_audio_pack,baseline,medium,checked,19764,1,44100,6114,a99e214da2a17c6b209a3685f49e3693a4bcb658a78003849bf45d48ef246ad1,b762354fe6d1fc45,7,True,0.041010656,0.041260822999999995,0.0412977614,0.44816326530612244,2.0750180125480675,10927.97114257627
oculus_audio_pack/Indoor_switch_small_on_01.wav,oculus_audio_pack,candidate,medium,checked,19764,1,44100,6114,a99e214da2a17c6b209a3685f49e3693a4bcb658a78003849bf45d48ef246ad1,b762354fe6d1fc45,7,True,0.040844082,0.0414969302,0.04151897084,0.44816326530612244,2.0665898603521553,10972.538575016142
oculus_audio_pack/Indoor_switch_small_on_01.wav,oculus_audio_pack,baseline,low,checked,19764,1,44100,6554,a7b4271c4344d72dad04b62ef084070d2826a0ef0f13665aecea65c8adbb4a48,75ea9b786168742e,7,True,0.04035121,0.0415528331,0.041725233019999995,0.44816326530612244,2.041651993523578,11106.56323084543
oculus_audio_pack/Indoor_switch_small_on_01.wav,oculus_audio_pack,candidate,low,checked,19764,1,44100,6554,a7b4271c4344d72dad04b62ef084070d2826a0ef0f13665aecea65c8adbb4a48,75ea9b786168742e,7,True,0.040437903,0.0410968331,0.041297713820000005,0.44816326530612244,2.0460384031572554,11082.7523698774
oculus_audio_pack/Indoor_switch_small_on_01.wav,oculus_audio_pack,reference,default,qoa,19764,1,44100,8016,a2848d8d1e48d880888636f9dbfc07dd9b4da0b46939086090704bc50e8cf78a,2324cf4d06810155,7,True,0.045729224,0.0464493798,0.04656727116,0.44816326530612244,2.313763610605141,9800.368913019876
oculus_audio_pack/action_drop_coin_01.wav,oculus_audio_pack,baseline,high,checked,36227,1,44100,14700,e65392520e0c01525e006b303d7945179290746416cf19230bd110fd80e2f41c,64362c1d6e9fafbf,7,True,0.075616541,0.0802363212,0.08155555704,0.8214739229024943,2.0872978993568334,10863.680248247461
oculus_audio_pack/action_drop_coin_01.wav,oculus_audio_pack,candidate,high,checked,36227,1,44100,14700,e65392520e0c01525e006b303d7945179290746416cf19230bd110fd80e2f41c,64362c1d6e9fafbf,7,True,0.075502256,0.0784066664,0.07872385328,0.8214739229024943,2.084143208104453,10880.124203209163
oculus_audio_pack/action_drop_coin_01.wav,oculus_audio_pack,baseline,medium,checked,36227,1,44100,11704,5c7ceafad7f23318b2fb5524af4d66ffdc96307e20dc46f3593e62f3af327591,809d483ca63c7345,7,True,0.074888806,0.07682346550000001,0.0769806931,0.8214739229024943,2.067209705468297,10969.248500269778
oculus_audio_pack/action_drop_coin_01.wav,oculus_audio_pack,candidate,medium,checked,36227,1,44100,11704,5c7ceafad7f23318b2fb5524af4d66ffdc96307e20dc46f3593e62f3af327591,809d483ca63c7345,7,True,0.074810448,0.0757211736,0.07593696191999999,0.8214739229024943,2.065046733099622,10980.73791648052
oculus_audio_pack/action_drop_coin_01.wav,oculus_audio_pack,baseline,low,checked,36227,1,44100,11588,feb6039d293d48f1826776499dda14e63c040c9cd713f46815e27df18d4ceebf,533a842a6aa27c36,7,True,0.074237037,0.079462955,0.0810724286,0.8214739229024943,2.0492184558478486,11065.553746474206
oculus_audio_pack/action_drop_coin_01.wav,oculus_audio_pack,candidate,low,checked,36227,1,44100,11588,feb6039d293d48f1826776499dda14e63c040c9cd713f46815e27df18d4ceebf,533a842a6aa27c36,7,True,0.073972059,0.0747379107,0.07474220933999999,0.8214739229024943,2.041904077069589,11105.192068568678
oculus_audio_pack/action_drop_coin_01.wav,oculus_audio_pack,reference,default,qoa,36227,1,44100,14696,b6b62231e0bc3049c74e09450a6aaf22ae893c045946e975490fe4a7a720687a,8748ca452d0b55f1,7,True,0.084130252,0.0851736437,0.08529913514,0.8214739229024943,2.322308002318713,9764.310736909409
oculus_audio_pack/action_drop_paper_ball.wav,oculus_audio_pack,baseline,high,checked,52926,1,44100,21452,0e5367283495e57822f2d53aa92d1d86e4799af1e8ab0c2140d47fe658ac9197,d7c5042678478459,7,True,0.10991978,0.1138504099,0.11411462758,1.2001360544217687,2.076857877035861,10918.29017872642
oculus_audio_pack/action_drop_paper_ball.wav,oculus_audio_pack,candidate,high,checked,52926,1,44100,21452,0e5367283495e57822f2d53aa92d1d86e4799af1e8ab0c2140d47fe658ac9197,d7c5042678478459,7,True,0.108637634,0.1109474326,0.11150593132,1.2001360544217687,2.0526326191285946,11047.148306099603
oculus_audio_pack/action_drop_paper_ball.wav,oculus_audio_pack,baseline,medium,checked,52926,1,44100,16670,c41172c9849c7527396b5a0b629e4a2bd8f6183a2da9570baf7c74dc2ff4e18b,f94aaad927622343,7,True,0.108731522,0.1104932804,0.11099110088,1.2001360544217687,2.054406567660507,11037.609263133176
oculus_audio_pack/action_drop_paper_ball.wav,oculus_audio_pack,candidate,medium,checked,52926,1,44100,16670,c41172c9849c7527396b5a0b629e4a2bd8f6183a2da9570baf7c74dc2ff4e18b,f94aaad927622343,7,True,0.110734066,0.1170568421,0.11831678042,1.2001360544217687,2.092243245285871,10838.00223159663
oculus_audio_pack/action_drop_paper_ball.wav,oculus_audio_pack,baseline,low,checked,52926,1,44100,16670,c41172c9849c7527396b5a0b629e4a2bd8f6183a2da9570baf7c74dc2ff4e18b,f94aaad927622343,7,True,0.107594624,0.11362036489999999,0.11494660178,1.2001360544217687,2.032925669803121,11154.238100425619
oculus_audio_pack/action_drop_paper_ball.wav,oculus_audio_pack,candidate,low,checked,52926,1,44100,16670,c41172c9849c7527396b5a0b629e4a2bd8f6183a2da9570baf7c74dc2ff4e18b,f94aaad927622343,7,True,0.107937634,0.1092425143,0.10961285086,1.2001360544217687,2.0394066054491176,11118.791564597095
oculus_audio_pack/action_drop_paper_ball.wav,oculus_audio_pack,reference,default,qoa,52926,1,44100,21448,feaf0652c6a59c38ae43bc5de7ba280599ff8ef0bd253e1342a2636c414415a2,bead3389b7821bcd,7,True,0.1256875,0.1267955889,0.12696721938,1.2001360544217687,2.3747779919132377,9548.571293261211
oculus_audio_pack/action_shell_casing_on_grass_01.wav,oculus_audio_pack,baseline,high,checked,21386,1,44100,8692,36122a225eb97141bfe0b15e86a385afe77dc291f3edc7bc1aa0fd841d96146c,102a5dd5814c395c,7,True,0.043865789,0.0451790891,0.04538296742,0.4849433106575964,2.0511450949219117,11055.159880005724
oculus_audio_pack/action_shell_casing_on_grass_01.wav,oculus_audio_pack,candidate,high,checked,21386,1,44100,8692,36122a225eb97141bfe0b15e86a385afe77dc291f3edc7bc1aa0fd841d96146c,102a5dd5814c395c,7,True,0.044009649,0.045125784099999997,0.045290134419999996,0.4849433106575964,2.0578719255587767,11019.022457043373
oculus_audio_pack/action_shell_casing_on_grass_01.wav,oculus_audio_pack,baseline,medium,checked,21386,1,44100,7136,d61b40a7c7546865c347353a8adf1090166bb229f554154443e10744e348aa27,37bfa2ccdbb0f771,7,True,0.043369264,0.0445184001,0.04451968002,0.4849433106575964,2.0279278032357615,11181.727931965745
oculus_audio_pack/action_shell_casing_on_grass_01.wav,oculus_audio_pack,candidate,medium,checked,21386,1,44100,7136,d61b40a7c7546865c347353a8adf1090166bb229f554154443e10744e348aa27,37bfa2ccdbb0f771,7,True,0.044085463,0.044499555700000006,0.04450702234,0.4849433106575964,2.0614169550173007,11000.072986816456
oculus_audio_pack/action_shell_casing_on_grass_01.wav,oculus_audio_pack,baseline,low,checked,21386,1,44100,7064,8521be0ef7f9b60d7d97d13a7402f2f85053d5d8cd108bb7d836584ea04fd2f6,41169f4c3ee73b8e,7,True,0.043582174,0.0437849784,0.04379944128,0.4849433106575964,2.0378833816515476,11127.102348258175
oculus_audio_pack/action_shell_casing_on_grass_01.wav,oculus_audio_pack,candidate,low,checked,21386,1,44100,7064,8521be0ef7f9b60d7d97d13a7402f2f85053d5d8cd108bb7d836584ea04fd2f6,41169f4c3ee73b8e,7,True,0.043355844,0.0452173274,0.045499829480000004,0.4849433106575964,2.0273002899092862,11185.189029132876
oculus_audio_pack/action_shell_casing_on_grass_01.wav,oculus_audio_pack,reference,default,qoa,21386,1,44100,8688,4e05f4d0c70c3a5eb32b707c39518579e622459a2286cd0a7ffc5f6946815f5a,102a5dd5814c395c,7,True,0.050691919,0.053255055,0.054057281400000004,0.4849433106575964,2.370331946132984,9566.481605432937
oculus_audio_pack/action_sword_scrape_02.wav,oculus_audio_pack,baseline,high,checked,58904,1,44100,23868,19a3e1e3b3e081cb4f8f54072a83b44926d6a8dfd4ba83945e1fbccb63e5ed0a,8facb1e3046447f6,7,True,0.120314286,0.1238770527,0.12491841054,1.3356916099773242,2.0425486554393593,11101.687541721554
oculus_audio_pack/action_sword_scrape_02.wav,oculus_audio_pack,candidate,high,checked,58904,1,44100,23868,19a3e1e3b3e081cb4f8f54072a83b44926d6a8dfd4ba83945e1fbccb63e5ed0a,8facb1e3046447f6,7,True,0.121127711,0.1227943098,0.12328764276000001,1.3356916099773242,2.0563579892706776,11027.134905383658
oculus_audio_pack/action_sword_scrape_02.wav,oculus_audio_pack,baseline,medium,checked,58904,1,44100,18456,8801c233b51481318c57311ed12691e06c959a994885145863546324bbf56de2,74192c54c1f58680,7,True,0.119425,1.950290356999998,2.5778780713999985,1.3356916099773242,2.0274514464212956,11184.355118085192
oculus_audio_pack/action_sword_scrape_02.wav,oculus_audio_pack,candidate,medium,checked,58904,1,44100,18456,8801c233b51481318c57311ed12691e06c959a994885145863546324bbf56de2,74192c54c1f58680,7,True,0.118911765,0.1205116096,0.12067967151999999,1.3356916099773242,2.018738370908597,11232.627906728356
oculus_audio_pack/action_sword_scrape_02.wav,oculus_audio_pack,baseline,low,checked,58904,1,44100,19000,54cc299b928bab8b4c9dabee88686d811b85ec4650dade576515f7619d0aa63e,7245ed2d7fa76cdf,7,True,0.118447059,0.1203080955,0.1203349527,1.3356916099773242,2.0108491613472768,11276.697127425716
oculus_audio_pack/action_sword_scrape_02.wav,oculus_audio_pack,candidate,low,checked,58904,1,44100,19000,54cc299b928bab8b4c9dabee88686d811b85ec4650dade576515f7619d0aa63e,7245ed2d7fa76cdf,7,True,0.117855294,0.12071431299999999,0.1215009346,1.3356916099773242,2.0008028996333014,11333.318722002628
oculus_audio_pack/action_sword_scrape_02.wav,oculus_audio_pack,reference,default,qoa,58904,1,44100,23864,6a876c2a4f1156416ed34c897951b4843223d7ea094f697a210e9b207fcb80b1,8facb1e3046447f6,7,True,0.138067123,0.14323257739999998,0.14334708667999999,1.3356916099773242,2.3439345884829557,9674.219183790221
oculus_audio_pack/action_typing.wav,oculus_audio_pack,baseline,high,checked,812851,1,44100,328972,3f9bf0e841c6f7cb8c81afbeb63c402675afb1790466c472be3e8be25ac2a9de,2207f2284c886ee6,7,True,1.6727,1.8533800002999998,1.90521314326,18.43199546485261,2.057818714622975,11019.307386173616
oculus_audio_pack/action_typing.wav,oculus_audio_pack,candidate,high,checked,812851,1,44100,328972,3f9bf0e841c6f7cb8c81afbeb63c402675afb1790466c472be3e8be25ac2a9de,2207f2284c886ee6,7,True,1.663871429,1.7171766669,1.73372866698,18.43199546485261,2.046957473140834,11077.776289439853
oculus_audio_pack/action_typing.wav,oculus_audio_pack,baseline,medium,checked,812851,1,44100,248966,f3f636c071d033446429c1fcb7cbdee82f09bb363d594e1779ee530e7ae80982,696d07820f2192a7,7,True,1.657785714,1.7778016669999999,1.799293667,18.43199546485261,2.0394705967022246,11118.442696902506
oculus_audio_pack/action_typing.wav,oculus_audio_pack,candidate,medium,checked,812851,1,44100,248966,f3f636c071d033446429c1fcb7cbdee82f09bb363d594e1779ee530e7ae80982,696d07820f2192a7,7,True,1.644728571,1.8125116667999999,1.82719566696,18.43199546485261,2.02340720624075,11206.709599290234
oculus_audio_pack/action_typing.wav,oculus_audio_pack,baseline,low,checked,812851,1,44100,247898,61a8ed7e9b88f002b28eb36ec1d5ba1384c3878463db723697dbcff4c2fafa9a,ec122b8e3c660c78,7,True,1.635371429,1.6510542856,1.65195942832,18.43199546485261,2.0118956967513113,11270.831285173814
oculus_audio_pack/action_typing.wav,oculus_audio_pack,candidate,low,checked,812851,1,44100,247898,61a8ed7e9b88f002b28eb36ec1d5ba1384c3878463db723697dbcff4c2fafa9a,ec122b8e3c660c78,7,True,1.636914286,1.6780157144,1.68721457168,18.43199546485261,2.013793777703417,11260.208077170271
oculus_audio_pack/action_typing.wav,oculus_audio_pack,reference,default,qoa,812851,1,44100,328968,e3f92c5aed5bb9508517e7422cf4ec056e3785c0840c3d1d4c7f1e6d09305b76,2207f2284c886ee6,7,True,1.908733333,1.9525066669,1.96387466698,18.43199546485261,2.3481958353991077,9656.663477387183
oculus_audio_pack/ambience_forest_birds_02.wav,oculus_audio_pack,baseline,high,checked,321754,1,44100,130228,4ecfdd1aeee86e880cc0e9b9107f669e34564f427c405ebe96d46f9a2884d165,f74fb480c4f7553a,7,True,0.65260625,0.6804724999999999,0.6880145,7.296009070294785,2.0282770377369044,11179.802630291671
oculus_audio_pack/ambience_forest_birds_02.wav,oculus_audio_pack,candidate,high,checked,321754,1,44100,130228,4ecfdd1aeee86e880cc0e9b9107f669e34564f427c405ebe96d46f9a2884d165,f74fb480c4f7553a,7,True,0.65579375,0.668461,0.6700762,7.296009070294785,2.0381836744842334,11125.4629527878
oculus_audio_pack/ambience_forest_birds_02.wav,oculus_audio_pack,baseline,medium,checked,321754,1,44100,101688,7fc035d0e4dae4342733d65a8e81af69fb3d8d6d8bf197ea4a0e9ebd55ec61d3,fc982748baeb7674,7,True,0.65789375,0.661989375,0.662257875,7.296009070294785,2.044710399870709,11089.950421773705
oculus_audio_pack/ambience_forest_birds_02.wav,oculus_audio_pack,candidate,medium,checked,321754,1,44100,101688,7fc035d0e4dae4342733d65a8e81af69fb3d8d6d8bf197ea4a0e9ebd55ec61d3,fc982748baeb7674,7,True,0.6619,0.6845800001,0.6902280000200001,7.296009070294785,2.0571616825276453,11022.826817185049
oculus_audio_pack/ambience_forest_birds_02.wav,oculus_audio_pack,baseline,low,checked,321754,1,44100,100216,4e3230b89b9e19b20b22d75ffbd5ac7630162f63514d505c9f3aaf3876e9184d,7d7842d42d652485,7,True,0.64365625,0.64990125,0.65004525,7.296009070294785,2.0004607557326404,11335.25708838341
oculus_audio_pack/ambience_forest_birds_02.wav,oculus_audio_pack,candidate,low,checked,321754,1,44100,100216,4e3230b89b9e19b20b22d75ffbd5ac7630162f63514d505c9f3aaf3876e9184d,7d7842d42d652485,7,True,0.63400625,0.6646715,0.6729502999999999,7.296009070294785,1.970468898599551,11507.787297514473
oculus_audio_pack/ambience_forest_birds_02.wav,oculus_audio_pack,reference,default,qoa,321754,1,44100,130224,228560dc22cfb95c04b2b56591412cbc5cf31fbc02433992fcc479b028085303,f74fb480c4f7553a,7,True,0.741814286,0.7616035712,0.7635149998399999,7.296009070294785,2.3055324440411,9835.357997264
oculus_audio_pack/ambience_forest_birds_03.wav,oculus_audio_pack,baseline,high,checked,133123,1,44100,53916,c927b721880e0cde19fb3b71ee15a2ed30589422d96877b0f6129b0b5a9d5adf,4fba04b942d5e79f,7,True,0.274224324,0.2776313965,0.2786596129,3.0186621315192745,2.059931972686914,11008.002818594876
oculus_audio_pack/ambience_forest_birds_03.wav,oculus_audio_pack,candidate,high,checked,133123,1,44100,53916,c927b721880e0cde19fb3b71ee15a2ed30589422d96877b0f6129b0b5a9d5adf,4fba04b942d5e79f,7,True,0.272940541,0.2822341669,0.28270016698,3.0186621315192745,2.0502883874311726,11059.779248841141
oculus_audio_pack/ambience_forest_birds_03.wav,oculus_audio_pack,baseline,medium,checked,133123,1,44100,41250,18b963cc53ecdd55db2f5b53bccf09771d5b9e2e91aa046c78b12dd510378227,c2a8a7c54ff44dbf,7,True,0.273581081,0.2777568243,0.27833136486,3.0186621315192745,2.055100027793845,11033.884801117789
oculus_audio_pack/ambience_forest_birds_03.wav,oculus_audio_pack,candidate,medium,checked,133123,1,44100,41250,18b963cc53ecdd55db2f5b53bccf09771d5b9e2e91aa046c78b12dd510378227,c2a8a7c54ff44dbf,7,True,0.271916216,0.2765993243,0.27759986486,3.0186621315192745,2.042593811738017,11101.442113034092
oculus_audio_pack/ambience_forest_birds_03.wav,oculus_audio_pack,baseline,low,checked,133123,1,44100,41114,dc7597a90ef6308228e0a46d643316bea008e3cd264ce4a2909b0c6e852425a6,e07837440cdee080,7,True,0.268623684,0.2717297937,0.27222271554,3.0186621315192745,2.0178608054205505,11237.512964490781
oculus_audio_pack/ambience_forest_birds_03.wav,oculus_audio_pack,candidate,low,checked,133123,1,44100,41114,dc7597a90ef6308228e0a46d643316bea008e3cd264ce4a2909b0c6e852425a6,e07837440cdee080,7,True,0.268239474,0.2720327023,0.27253410765999997,3.0186621315192745,2.014974677553841,11253.608898440038
oculus_audio_pack/ambience_forest_birds_03.wav,oculus_audio_pack,reference,default,qoa,133123,1,44100,53912,d659e31e4b5448484296d5bb4dfe8b488f61aeab581b81ad6d08686e406cd358,ed4f81d73e7a6cc8,7,True,0.3143125,0.3266587097,0.32675625793999996,3.0186621315192745,2.361068335298934,9604.015530783137
oculus_audio_pack/ambient_city_rain_lp.wav,oculus_audio_pack,baseline,high,checked,1984500,2,44100,1603132,964d6afcbb3a8bf5359fefa899bdcec8454a755d15e6d02d084499aa9d28eb16,1bf09a7fac9c0a89,7,True,9.18965,9.511035,9.522327,45.0,2.3153565129755607,4896.813262746677
oculus_audio_pack/ambient_city_rain_lp.wav,oculus_audio_pack,candidate,high,checked,1984500,2,44100,1603132,964d6afcbb3a8bf5359fefa899bdcec8454a755d15e6d02d084499aa9d28eb16,1bf09a7fac9c0a89,7,True,9.2609,9.523685,9.555137,45.0,2.3333081380700427,4859.138960576186
oculus_audio_pack/ambient_city_rain_lp.wav,oculus_audio_pack,baseline,medium,checked,1984500,2,44100,1211978,9f38ff4d22f81994d27e07b71153408f8bee71dd0b922dc9e0f668a480a65539,b877feedbb4ef338,7,True,9.27005,9.313915,9.322783,45.0,2.3356135046611235,4854.342748960362
oculus_audio_pack/ambient_city_rain_lp.wav,oculus_audio_pack,candidate,medium,checked,1984500,2,44100,1211978,9f38ff4d22f81994d27e07b71153408f8bee71dd0b922dc9e0f668a480a65539,b877feedbb4ef338,7,True,9.1675,10.000865,10.161052999999999,45.0,2.3097757621567143,4908.644668666485
oculus_audio_pack/ambient_city_rain_lp.wav,oculus_audio_pack,baseline,low,checked,1984500,2,44100,1206700,c6e0c4b0a6ab95a477f0af432329b56752417eb7e5099d76bd2dce240a899828,f3412b418443e2c5,7,True,9.10765,11.39814,11.599067999999999,45.0,2.2946963970773493,4940.901330200436
oculus_audio_pack/ambient_city_rain_lp.wav,oculus_audio_pack,candidate,low,checked,1984500,2,44100,1206700,c6e0c4b0a6ab95a477f0af432329b56752417eb7e5099d76bd2dce240a899828,f3412b418443e2c5,7,True,9.1559,10.69688,10.814335999999999,45.0,2.306853111615016,4914.863639838792
oculus_audio_pack/ambient_city_rain_lp.wav,oculus_audio_pack,reference,default,qoa,1984500,2,44100,1603128,732e65a525f25eeb058502e65d401cfb2d9ef3249ea8ead5095b6486d56528b1,1bf09a7fac9c0a89,7,True,11.2142,12.72205,12.949209999999999,45.0,2.8254472159234063,4012.7695243530525
oculus_audio_pack/ambient_farm_generic_lp.wav,oculus_audio_pack,baseline,high,checked,3960886,2,44100,3199692,90da4195daf666e0087b0407a49e81000ae0196d0f482e892fb2ce219a4835d3,51d560d527975c0b,7,True,18.3354,19.750809999999998,20.102722,89.81600907029478,2.3145579044688485,4898.502845331696
oculus_audio_pack/ambient_farm_generic_lp.wav,oculus_audio_pack,candidate,high,checked,3960886,2,44100,3199692,90da4195daf666e0087b0407a49e81000ae0196d0f482e892fb2ce219a4835d3,51d560d527975c0b,7,True,18.3118,21.38167,22.324894,89.81600907029478,2.3115787730320942,4904.815969500255
oculus_audio_pack/ambient_farm_generic_lp.wav,oculus_audio_pack,baseline,medium,checked,3960886,2,44100,2408116,e16d58e705e0379d4a0cbb4aa051481311e025a4901b62a40e34d36fcb15d477,9e7168873d7b6784,7,True,18.127,19.0807,19.3675,89.81600907029478,2.288250659069713,4954.819278992375
oculus_audio_pack/ambient_farm_generic_lp.wav,oculus_audio_pack,candidate,medium,checked,3960886,2,44100,2408116,e16d58e705e0379d4a0cbb4aa051481311e025a4901b62a40e34d36fcb15d477,9e7168873d7b6784,7,True,18.2837,18.90834,19.040868,89.81600907029478,2.30803158687223,4912.354122540557
oculus_audio_pack/ambient_farm_generic_lp.wav,oculus_audio_pack,baseline,low,checked,3960886,2,44100,2407578,41c05dcc9ea3e722ad3002bd5fff854ea1ce072bfbeefbc0ed9578a4d1d99cdf,0bbf5c285271acec,7,True,18.367,19.38054,19.477068,89.81600907029478,2.3185469109689096,4890.075084134304
oculus_audio_pack/ambient_farm_generic_lp.wav,oculus_audio_pack,candidate,low,checked,3960886,2,44100,2407578,41c05dcc9ea3e722ad3002bd5fff854ea1ce072bfbeefbc0ed9578a4d1d99cdf,0bbf5c285271acec,7,True,18.0926,18.47585,18.48365,89.81600907029478,2.283908196297495,4964.240024667255
oculus_audio_pack/ambient_farm_generic_lp.wav,oculus_audio_pack,reference,default,qoa,3960886,2,44100,3199688,0e326c1162dda47bef4e30a1c2a7e7a39cb66a9af24ac4c0b3dfd4667887bf8c,51d560d527975c0b,7,True,22.8639,23.0494,23.0674,89.81600907029478,2.8862103074918086,3928.2890963612845
oculus_audio_pack/ambient_night_lp.wav,oculus_audio_pack,baseline,high,checked,1986800,2,44100,1605012,efcde5a81a6897819cd56361209719c87894ae930e5aca5585776af06d4d1dcc,a1fd5c899f13c15e,7,True,9.2121,9.47882,9.485924,45.05215419501134,2.3183259512784375,4890.541157283501
oculus_audio_pack/ambient_night_lp.wav,oculus_audio_pack,candidate,high,checked,1986800,2,44100,1605012,efcde5a81a6897819cd56361209719c87894ae930e5aca5585776af06d4d1dcc,a1fd5c899f13c15e,7,True,9.232,9.41022,9.450804,45.05215419501134,2.323334004429233,4879.999371210068
oculus_audio_pack/ambient_night_lp.wav,oculus_audio_pack,baseline,medium,checked,1986800,2,44100,1207652,49ad1f106056b42389f1dc23bccf39411b77b015d7397f36bfc2e1dcae6d6cf7,c9625898f910061c,7,True,9.2902,9.564515,9.604343,45.05215419501134,2.3379806724380914,4849.427805107676
oculus_audio_pack/ambient_night_lp.wav,oculus_audio_pack,candidate,medium,checked,1986800,2,44100,1207652,49ad1f106056b42389f1dc23bccf39411b77b015d7397f36bfc2e1dcae6d6cf7,c9625898f910061c,7,True,9.30235,9.458515,9.467743,45.05215419501134,2.341038353130662,4843.093862842328
oculus_audio_pack/ambient_night_lp.wav,oculus_audio_pack,baseline,low,checked,1986800,2,44100,1207652,49ad1f106056b42389f1dc23bccf39411b77b015d7397f36bfc2e1dcae6d6cf7,c9625898f910061c,7,True,9.3835,11.086894999999998,11.668738999999999,45.05215419501134,2.3614606402254883,4801.210017052415
oculus_audio_pack/ambient_night_lp.wav,oculus_audio_pack,candidate,low,checked,1986800,2,44100,1207652,49ad1f106056b42389f1dc23bccf39411b77b015d7397f36bfc2e1dcae6d6cf7,c9625898f910061c,7,True,9.37315,15.171264999999995,17.078892999999997,45.05215419501134,2.35885594926515,4806.511599090096
oculus_audio_pack/ambient_night_lp.wav,oculus_audio_pack,reference,default,qoa,1986800,2,44100,1605008,3683c62f06b2533240915f2cd62080e3739f1a082b3787820fc7219a6fd72ad1,a1fd5c899f13c15e,7,True,11.6578,11.71915,11.72479,45.05215419501134,2.93381316690155,3864.5502749242
oculus_audio_pack/ambient_water_lake_shore_01_lp.wav,oculus_audio_pack,baseline,high,checked,1984500,2,44100,1603132,6f70e81729c637818b1d9df896661d0843274f0d2bc6c3078f48237bf463d6ef,f1769afeb6c5e3af,7,True,9.2122,9.86364,9.986088,45.0,2.3210380448475685,4884.826642930028
oculus_audio_pack/ambient_water_lake_shore_01_lp.wav,oculus_audio_pack,candidate,high,checked,1984500,2,44100,1603132,6f70e81729c637818b1d9df896661d0843274f0d2bc6c3078f48237bf463d6ef,f1769afeb6c5e3af,7,True,9.228,9.857624999999999,9.981525,45.0,2.325018896447468,4876.462938881665
oculus_audio_pack/ambient_water_lake_shore_01_lp.wav,oculus_audio_pack,baseline,medium,checked,1984500,2,44100,1259744,d050272323b56ffe70e0de9bbcabb8b6f1747dd9008e1339f279333eede37bac,5aff2c7e5911f453,7,True,9.59435,9.806685,9.828777,45.0,2.4173217435122196,4690.260413680969
oculus_audio_pack/ambient_water_lake_shore_01_lp.wav,oculus_audio_pack,candidate,medium,checked,1984500,2,44100,1259744,d050272323b56ffe70e0de9bbcabb8b6f1747dd9008e1339f279333eede37bac,5aff2c7e5911f453,7,True,9.83775,10.205605,10.246561,45.0,2.4786470143613,4574.216665396051
oculus_audio_pack/ambient_water_lake_shore_01_lp.wav,oculus_audio_pack,baseline,low,checked,1984500,2,44100,1301798,9a1dc2df83040b9816d193e03bae4b79606586ca3617ab17448e763fe2312bc8,82ec07d04c37bfb1,7,True,9.21585,9.38564,9.402728,45.0,2.321957671957672,4882.891974153225
oculus_audio_pack/ambient_water_lake_shore_01_lp.wav,oculus_audio_pack,candidate,low,checked,1984500,2,44100,1301798,9a1dc2df83040b9816d193e03bae4b79606586ca3617ab17448e763fe2312bc8,82ec07d04c37bfb1,7,True,9.0324,9.367725,9.372584999999999,45.0,2.2757369614512473,4982.064567556795
oculus_audio_pack/ambient_water_lake_shore_01_lp.wav,oculus_audio_pack,reference,default,qoa,1984500,2,44100,1603128,027588db07443f548e5478fef916e42c1233ccd83dada69d977793d46564960d,f1769afeb6c5e3af,7,True,11.5874,12.20034,12.348468,45.0,2.9194759385235574,3883.5286604415137
oculus_audio_pack/ambient_wind_chimes_lp_01.wav,oculus_audio_pack,baseline,high,checked,1391844,1,44100,563284,1b2c097d342e2867e35aaa956e1b9294120caae4d9f8065321178931a202f595,f260fc68cbcf8883,7,True,2.82975,3.1348,3.19114,31.56108843537415,2.0330942260770604,11153.313344067195
oculus_audio_pack/ambient_wind_chimes_lp_01.wav,oculus_audio_pack,candidate,high,checked,1391844,1,44100,563284,1b2c097d342e2867e35aaa956e1b9294120caae4d9f8065321178931a202f595,f260fc68cbcf8883,7,True,2.8434,3.3671658330999996,3.50289983302,31.56108843537415,2.0429013596351315,11099.770850170271
oculus_audio_pack/ambient_wind_chimes_lp_01.wav,oculus_audio_pack,baseline,medium,checked,1391844,1,44100,431446,018648e2f7ef7e281643778e4319d18bb26ea8a3aafb0924cc33195e6c2422c1,7521184179f27fc0,7,True,3.150325,3.5808400000000002,3.584728,31.56108843537415,2.2634181704271454,10018.359513819732
oculus_audio_pack/ambient_wind_chimes_lp_01.wav,oculus_audio_pack,candidate,medium,checked,1391844,1,44100,431446,018648e2f7ef7e281643778e4319d18bb26ea8a3aafb0924cc33195e6c2422c1,7521184179f27fc0,7,True,2.8097,3.099345,3.1167089999999997,31.56108843537415,2.018688876052201,11232.903311874632
oculus_audio_pack/ambient_wind_chimes_lp_01.wav,oculus_audio_pack,baseline,low,checked,1391844,1,44100,436164,961a2b8cac0ebc82139a371f4ced22a23629493fca6500021700775e34cae92d,6a2a00c2a4c2d0cc,7,True,2.79675,3.3414966668999995,3.5101126669799996,31.56108843537415,2.009384672420185,11284.915861401323
oculus_audio_pack/ambient_wind_chimes_lp_01.wav,oculus_audio_pack,candidate,low,checked,1391844,1,44100,436164,961a2b8cac0ebc82139a371f4ced22a23629493fca6500021700775e34cae92d,6a2a00c2a4c2d0cc,7,True,2.7949,3.0041299999999995,3.0600259999999997,31.56108843537415,2.008055500472754,11292.385572068462
oculus_audio_pack/ambient_wind_chimes_lp_01.wav,oculus_audio_pack,reference,default,qoa,1391844,1,44100,563280,0a8d4a8f8fb17f32a949e6c9d10d44fafa143bc5d78818d4a90431beb9d3b5c4,56bc5275664209ec,7,True,3.25425,3.366066667,3.370386667,31.56108843537415,2.3380853026632296,9698.421582660874
oculus_audio_pack/ambient_wood_cut_axe.wav,oculus_audio_pack,baseline,high,checked,810197,1,44100,327908,42b067e63afc03906e81a105916cc0c4c83b34a9960bbab5ca7469215d2a58de,563a7594aa7fd9c8,7,True,1.683633333,1.8275207141999998,1.87042414284,18.371814058956915,2.078054267048631,10912.00423444985
oculus_audio_pack/ambient_wood_cut_axe.wav,oculus_audio_pack,candidate,high,checked,810197,1,44100,327908,42b067e63afc03906e81a105916cc0c4c83b34a9960bbab5ca7469215d2a58de,563a7594aa7fd9c8,7,True,1.664742857,1.8290516669999999,1.8817436669999998,18.371814058956915,2.054738362398281,11035.82693369497
oculus_audio_pack/ambient_wood_cut_axe.wav,oculus_audio_pack,baseline,medium,checked,810197,1,44100,249298,bf66c373fb58b83a888edae159d43338cf08c8507153908e92738653fb152ba8,2a845cd1f8ead913,7,True,1.625857143,1.9657300001,2.03394600002,18.371814058956915,2.006742981028071,11299.771408610723
oculus_audio_pack/ambient_wood_cut_axe.wav,oculus_audio_pack,candidate,medium,checked,810197,1,44100,249298,bf66c373fb58b83a888edae159d43338cf08c8507153908e92738653fb152ba8,2a845cd1f8ead913,7,True,1.634671429,1.716105,1.735821,18.371814058956915,2.0176221696698455,11238.842089627613
oculus_audio_pack/ambient_wood_cut_axe.wav,oculus_audio_pack,baseline,low,checked,810197,1,44100,247786,a93f089ea424bc9210c62ec4f15103ee2c08f839fdcc3d74bbdd8614af0e1e06,4c5fb4aac7895fc9,7,True,1.630857143,1.9477894286999997,2.0287098857399997,18.371814058956915,2.012914319603751,11265.127750651129
oculus_audio_pack/ambient_wood_cut_axe.wav,oculus_audio_pack,candidate,low,checked,810197,1,44100,247786,a93f089ea424bc9210c62ec4f15103ee2c08f839fdcc3d74bbdd8614af0e1e06,4c5fb4aac7895fc9,7,True,1.627242857,1.651777143,1.651921143,18.371814058956915,2.0084533230806825,11290.148842826917
oculus_audio_pack/ambient_wood_cut_axe.wav,oculus_audio_pack,reference,default,qoa,810197,1,44100,327904,917cf435d2ed65f289bf6813220871929f3d213edb3399361b47436305be3a45,563a7594aa7fd9c8,7,True,1.854316667,1.954575,1.964475,18.371814058956915,2.288723195716597,9907.592584323633
oculus_audio_pack/body_movement_clothing_generic_04.wav,oculus_audio_pack,baseline,high,checked,42297,1,44100,17148,9e18da1423bbae20173fda139ce2d8541f49a4eed5a03b544ccefeb51066436b,5e04e300df5d00ba,7,True,0.086634483,0.0875287288,0.08770434256,0.9591156462585034,2.048241790197886,11070.830148065908
oculus_audio_pack/body_movement_clothing_generic_04.wav,oculus_audio_pack,candidate,high,checked,42297,1,44100,17148,9e18da1423bbae20173fda139ce2d8541f49a4eed5a03b544ccefeb51066436b,5e04e300df5d00ba,7,True,0.087024348,0.0875638264,0.08765398288000001,0.9591156462585034,2.057459110575218,11021.233347918946
oculus_audio_pack/body_movement_clothing_generic_04.wav,oculus_audio_pack,baseline,medium,checked,42297,1,44100,13808,43ed523132c51ee5656a60f215b9ac553bd753e22675325f1a16a3c11fd2cd14,5feb58e2a7bfce5a,7,True,0.08767913,0.09968961039999999,0.10327846287999999,0.9591156462585034,2.072939688393976,10938.927499149495
oculus_audio_pack/body_movement_clothing_generic_04.wav,oculus_audio_pack,candidate,medium,checked,42297,1,44100,13808,43ed523132c51ee5656a60f215b9ac553bd753e22675325f1a16a3c11fd2cd14,5feb58e2a7bfce5a,7,True,0.087903509,0.10460046229999999,0.10821183566,0.9591156462585034,2.0782445327091756,10911.005227999525
oculus_audio_pack/body_movement_clothing_generic_04.wav,oculus_audio_pack,baseline,low,checked,42297,1,44100,13942,476515d429fb4e8f411f534ebc59b7345687835f01e5f94b19fc3327885e1706,cc95f44d1ac73879,7,True,0.084088235,0.09950117239999999,0.10286861527999999,0.9591156462585034,1.9880425325673217,11406.062289908969
oculus_audio_pack/body_movement_clothing_generic_04.wav,oculus_audio_pack,candidate,low,checked,42297,1,44100,13942,476515d429fb4e8f411f534ebc59b7345687835f01e5f94b19fc3327885e1706,cc95f44d1ac73879,7,True,0.085233898,0.10820340109999999,0.11402347621999999,0.9591156462585034,2.015128685249545,11252.748833081685
oculus_audio_pack/body_movement_clothing_generic_04.wav,oculus_audio_pack,reference,default,qoa,42297,1,44100,17144,ce36dbb4953e9fe4461e6b9e7977764ea1e4bbcf96782a1e8767ef48633aa3ce,5e04e300df5d00ba,7,True,0.096224038,0.1020611001,0.10273793442000001,0.9591156462585034,2.274961297491548,9967.5264746061
oculus_audio_pack/body_movement_withGear_03.wav,oculus_audio_pack,baseline,high,checked,42774,1,44100,17340,04fa34e42076a3588f8c37fc3d2a5eafc59e8498ccf37ce820800e7bc89ad9ae,3ab19414a102dc27,7,True,0.087800877,0.10523396479999998,0.11104139935999999,0.9699319727891157,2.0526693084584093,11046.950849808889
oculus_audio_pack/body_movement_withGear_03.wav,oculus_audio_pack,candidate,high,checked,42774,1,44100,17340,04fa34e42076a3588f8c37fc3d2a5eafc59e8498ccf37ce820800e7bc89ad9ae,3ab19414a102dc27,7,True,0.087127826,0.0882385091,0.08835156182,0.9699319727891157,2.0369342591293775,11132.287092634626
oculus_audio_pack/body_movement_withGear_03.wav,oculus_audio_pack,baseline,medium,checked,42774,1,44100,14356,266e192bda3289bf6fed9b4b80d9ebc6556b9fba2a784dfee7dec19b637c5590,0076584bc805a8ce,7,True,0.08696,0.0898354462,0.08986137484,0.9699319727891157,2.0330107074390984,11153.771536213382
oculus_audio_pack/body_movement_withGear_03.wav,oculus_audio_pack,candidate,medium,checked,42774,1,44100,14356,266e192bda3289bf6fed9b4b80d9ebc6556b9fba2a784dfee7dec19b637c5590,0076584bc805a8ce,7,True,0.086817241,0.0888014161,0.08883922162,0.9699319727891157,2.0296731893206155,11172.112377875676
oculus_audio_pack/body_movement_withGear_03.wav,oculus_audio_pack,baseline,low,checked,42774,1,44100,14598,92027a629d72d0bd43f88d8b84e623b270fd17b2f7e0d6de202bcf013463b80b,ab3eaed0badbe437,7,True,0.086494828,0.0931864055,0.0952117571,0.9699319727891157,2.0221355963903305,11213.756882540025
oculus_audio_pack/body_movement_withGear_03.wav,oculus_audio_pack,candidate,low,checked,42774,1,44100,14598,92027a629d72d0bd43f88d8b84e623b270fd17b2f7e0d6de202bcf013463b80b,ab3eaed0badbe437,7,True,0.085847863,0.0870153162,0.08717071524,0.9699319727891157,2.0070104035161545,11298.265779651565
oculus_audio_pack/body_movement_withGear_03.wav,oculus_audio_pack,reference,default,qoa,42774,1,44100,17336,734c5427459f5bb304f44f0bd2404e39fc5775b90f258a0b1e906e38a3bbb844,3ab19414a102dc27,7,True,0.096669231,0.09894183150000001,0.0991333167,0.9699319727891157,2.259999789591808,10033.512863975464
oculus_audio_pack/bounce_cartoony_03.wav,oculus_audio_pack,baseline,high,checked,64033,1,44100,25940,afa0a13414d4efc9cb59e5f1810df8af4f0c0386672cc72a425dccc216fc604b,0fcbd547f633c4c1,7,True,0.13004026,0.15486776189999998,0.15880593317999997,1.4519954648526077,2.0308319147939344,11165.73794033177
oculus_audio_pack/bounce_cartoony_03.wav,oculus_audio_pack,candidate,high,checked,64033,1,44100,25940,afa0a13414d4efc9cb59e5f1810df8af4f0c0386672cc72a425dccc216fc604b,0fcbd547f633c4c1,7,True,0.132248684,0.13479172439999998,0.13523185848,1.4519954648526077,2.0653207564849376,10979.281010105233
oculus_audio_pack/bounce_cartoony_03.wav,oculus_audio_pack,baseline,medium,checked,64033,1,44100,19536,0e640338a2e46c08156c77cb0a498185e0f1b34b60feda357a1dab1752adc165,b9062e94575c658b,7,True,0.128664103,0.14270537439999997,0.14664695728,1.4519954648526077,2.0093405431574345,11285.163701429665
oculus_audio_pack/bounce_cartoony_03.wav,oculus_audio_pack,candidate,medium,checked,64033,1,44100,19536,0e640338a2e46c08156c77cb0a498185e0f1b34b60feda357a1dab1752adc165,b9062e94575c658b,7,True,0.128024051,0.12975073439999998,0.13002703008,1.4519954648526077,1.9993448846688426,11341.583503341944
oculus_audio_pack/bounce_cartoony_03.wav,oculus_audio_pack,baseline,low,checked,64033,1,44100,19536,0e640338a2e46c08156c77cb0a498185e0f1b34b60feda357a1dab1752adc165,b9062e94575c658b,7,True,0.126694937,0.1299982868,0.13060121576,1.4519954648526077,1.9785881810941235,11460.564243799321
oculus_audio_pack/bounce_cartoony_03.wav,oculus_audio_pack,candidate,low,checked,64033,1,44100,19536,0e640338a2e46c08156c77cb0a498185e0f1b34b60feda357a1dab1752adc165,b9062e94575c658b,7,True,0.126653165,0.1283247028,0.12840955576,1.4519954648526077,1.9779358299626757,11464.344099514667
oculus_audio_pack/bounce_cartoony_03.wav,oculus_audio_pack,reference,default,qoa,64033,1,44100,25936,ddc3d951fdaac6b11b80449b16b04416e9834c4a110cf1d3af4a4000f4ca708e,0fcbd547f633c4c1,7,True,0.145692754,0.1486180882,0.14876597044,1.4519954648526077,2.275276092015055,9966.147423176637
oculus_audio_pack/car_engine_high_lp.wav,oculus_audio_pack,baseline,high,checked,174014,1,44100,70436,2b65d9c37f0cd7e326cac8b3f69f35564cd1ab7d4236124b2a6830d267fdcd7f,5aa9ee4c659a235f,7,True,0.358325,0.3815714288,0.38656000016000003,3.9458956916099774,2.059173399841392,11012.058024447017
oculus_audio_pack/car_engine_high_lp.wav,oculus_audio_pack,candidate,high,checked,174014,1,44100,70436,2b65d9c37f0cd7e326cac8b3f69f35564cd1ab7d4236124b2a6830d267fdcd7f,5aa9ee4c659a235f,7,True,0.353965517,0.3620578571,0.36207157141999996,3.9458956916099774,2.034120915558518,11147.683890377313
oculus_audio_pack/car_engine_high_lp.wav,oculus_audio_pack,baseline,medium,checked,174014,1,44100,63150,def8fa486474fd4596127a8ac0aea33b26c07b3b4822695ea5f646c2916055ba,b23edecf9f3cb925,7,True,0.406376,0.42018105,0.42342620999999997,3.9458956916099774,2.3353063546611192,9709.962427923838
oculus_audio_pack/car_engine_high_lp.wav,oculus_audio_pack,candidate,medium,checked,174014,1,44100,63150,def8fa486474fd4596127a8ac0aea33b26c07b3b4822695ea5f646c2916055ba,b23edecf9f3cb925,7,True,0.406004,0.4433658362999999,0.45486589446,3.9458956916099774,2.333168595630237,9718.859153136367
oculus_audio_pack/car_engine_high_lp.wav,oculus_audio_pack,baseline,low,checked,174014,1,44100,54204,a53c2931028d5562821f3968ee837c5054b091b4a10396bfb3cd288b54cfc364,ab65cdc48df86a9c,7,True,0.360232143,0.3818273624,0.38661470288,3.9458956916099774,2.0701331099796567,10953.757926065962
oculus_audio_pack/car_engine_high_lp.wav,oculus_audio_pack,candidate,low,checked,174014,1,44100,54204,a53c2931028d5562821f3968ee837c5054b091b4a10396bfb3cd288b54cfc364,ab65cdc48df86a9c,7,True,0.357617857,0.3744241401,0.37931445762,3.9458956916099774,2.055109686576942,11033.832943107138
oculus_audio_pack/car_engine_high_lp.wav,oculus_audio_pack,reference,default,qoa,174014,1,44100,70432,91855c0d807acd4b87e16bd44be175b95656424d608488116f40fd6f3a8f84f1,5aa9ee4c659a235f,7,True,0.394284615,0.41674336689999997,0.42222200698,3.9458956916099774,2.2658212270277103,10007.734366226736
oculus_audio_pack/car_start_run_stop_01.wav,oculus_audio_pack,baseline,high,checked,467397,1,44100,189180,5b8e96c78f0ea4199b408344859b2ac81ee355b97d0b331378712da4ed6efa72,06633ebcfeed18ff,7,True,0.974336364,1.0084009999999999,1.0093442,10.598571428571429,2.0846012362081914,10877.73362482387
oculus_audio_pack/car_start_run_stop_01.wav,oculus_audio_pack,candidate,high,checked,467397,1,44100,189180,5b8e96c78f0ea4199b408344859b2ac81ee355b97d0b331378712da4ed6efa72,06633ebcfeed18ff,7,True,0.973954545,1.0799553538,1.1122932931599998,10.598571428571429,2.0837843310932676,10881.998018266273
oculus_audio_pack/car_start_run_stop_01.wav,oculus_audio_pack,baseline,medium,checked,467397,1,44100,142650,f95ae9135f78f611c495c6a6c255594464bd1774448cdb6a57ef1844a4588c53,4253f9cc73115417,7,True,0.944554545,0.9995194545999999,1.0062398909199999,10.598571428571429,2.0208827720331968,11220.70872950109
oculus_audio_pack/car_start_run_stop_01.wav,oculus_audio_pack,candidate,medium,checked,467397,1,44100,142650,f95ae9135f78f611c495c6a6c255594464bd1774448cdb6a57ef1844a4588c53,4253f9cc73115417,7,True,0.943872727,1.00078,1.006396,10.598571428571429,2.0194240164143116,11228.814145587055
oculus_audio_pack/car_start_run_stop_01.wav,oculus_audio_pack,baseline,low,checked,467397,1,44100,142440,4716f4ba064abb480b3869573ddfa500e69e45051c70cb33503f8812537e98cf,77f6b9e732fb747a,7,True,0.956109091,0.9813236364,0.98291200008,10.598571428571429,2.0456038250138535,11085.10684433125
oculus_audio_pack/car_start_run_stop_01.wav,oculus_audio_pack,candidate,low,checked,467397,1,44100,142440,4716f4ba064abb480b3869573ddfa500e69e45051c70cb33503f8812537e98cf,77f6b9e732fb747a,7,True,0.955227273,1.0944481108,1.11356517736,10.598571428571429,2.043717167632655,11095.340060052315
oculus_audio_pack/car_start_run_stop_01.wav,oculus_audio_pack,reference,default,qoa,467397,1,44100,189176,a4852a162696f21ee5c5f99a7a9b171277a916e3c9408aa45a9caab564531783,06633ebcfeed18ff,7,True,1.08159,1.2119615,1.2518123,10.598571428571429,2.314071335502795,9799.065661268529
oculus_audio_pack/car_trunk_close.wav,oculus_audio_pack,baseline,high,checked,32643,1,44100,13244,18340246c8b58abfe7e27b4d802419bdc10d949e3497c4a10b285c2be1ca75ed,a7746a4c55280214,7,True,0.065578431,0.0670451369,0.06725224898,0.740204081632653,2.0089584597003953,11287.310024734397
oculus_audio_pack/car_trunk_close.wav,oculus_audio_pack,candidate,high,checked,32643,1,44100,13244,18340246c8b58abfe7e27b4d802419bdc10d949e3497c4a10b285c2be1ca75ed,a7746a4c55280214,7,True,0.066083553,0.067106204,0.0671705024,0.740204081632653,2.02443258891646,11201.033358975916
oculus_audio_pack/car_trunk_close.wav,oculus_audio_pack,baseline,medium,checked,32643,1,44100,10228,f4b2a5fa071b0a24448116aa822af36ae7a2375c681425712eb046769c167298,c3239bbceb16db1e,7,True,0.066518543,0.0692658162,0.06972482964,0.740204081632653,2.0377582636399842,11127.785550453998
oculus_audio_pack/car_trunk_close.wav,oculus_audio_pack,candidate,medium,checked,32643,1,44100,10228,f4b2a5fa071b0a24448116aa822af36ae7a2375c681425712eb046769c167298,c3239bbceb16db1e,7,True,0.067152349,0.0694413656,0.06985134992,0.740204081632653,2.05717455503477,11022.7578432536
oculus_audio_pack/car_trunk_close.wav,oculus_audio_pack,baseline,low,checked,32643,1,44100,10490,155ec88ae004088c539ab280497d5f121324a3b94d3781b78b4df4a84708808d,3abb86bdecedbd5e,7,True,0.065665359,0.0665527817,0.06662128514,0.740204081632653,2.0116214502343537,11272.367849731134
oculus_audio_pack/car_trunk_close.wav,oculus_audio_pack,candidate,low,checked,32643,1,44100,10490,155ec88ae004088c539ab280497d5f121324a3b94d3781b78b4df4a84708808d,3abb86bdecedbd5e,7,True,0.064691613,0.0708870167,0.07127470814,0.740204081632653,1.981791287565481,11442.040896903483
oculus_audio_pack/car_trunk_close.wav,oculus_audio_pack,reference,default,qoa,32643,1,44100,13240,d26017f77a6abfd99d0c1c396e4775f8f2be150d1d0e2ac0bb82e45ffab079eb,a7746a4c55280214,7,True,0.07519403,0.0766485699,0.07668668358,0.740204081632653,2.3035269429893086,9843.920875535638
oculus_audio_pack/creepy_blood_squish_slimy_03.wav,oculus_audio_pack,baseline,high,checked,134534,1,44100,54476,ec061812f5af5f7014fa86cb8fd878fd7a062cd48aff693112652dc4d108ebf7,0066130d33ffc860,7,True,0.278858333,0.2890004866,0.28933609732,3.0506575963718823,2.0727721839832314,10939.811493357389
oculus_audio_pack/creepy_blood_squish_slimy_03.wav,oculus_audio_pack,candidate,high,checked,134534,1,44100,54476,ec061812f5af5f7014fa86cb8fd878fd7a062cd48aff693112652dc4d108ebf7,0066130d33ffc860,7,True,0.281044444,0.2916120001,0.29228811441999997,3.0506575963718823,2.089021689684392,10854.715905260458
oculus_audio_pack/creepy_blood_squish_slimy_03.wav,oculus_audio_pack,baseline,medium,checked,134534,1,44100,41700,216e6365789b9f41568973ec8fc1e61f7bb669bdf800fba864561acbec7dc8ba,6380cd056a0bfd75,7,True,0.279325,0.29202171450000003,0.2923014861,3.0506575963718823,2.0762409502430614,10921.534400328945
oculus_audio_pack/creepy_blood_squish_slimy_03.wav,oculus_audio_pack,candidate,medium,checked,134534,1,44100,41700,216e6365789b9f41568973ec8fc1e61f7bb669bdf800fba864561acbec7dc8ba,6380cd056a0bfd75,7,True,0.281138889,0.311093118,0.3156517668,3.0506575963718823,2.0897237055316875,10851.069402824176
oculus_audio_pack/creepy_blood_squish_slimy_03.wav,oculus_audio_pack,baseline,low,checked,134534,1,44100,41570,725574745b3415cde711b1da47c69d524767470092570e28c504afd7e395b378,c4b4d86e72651c50,7,True,0.273889189,0.2868783333,0.28838138106,3.0506575963718823,2.035836212407272,11138.291392625513
oculus_audio_pack/creepy_blood_squish_slimy_03.wav,oculus_audio_pack,candidate,low,checked,134534,1,44100,41570,725574745b3415cde711b1da47c69d524767470092570e28c504afd7e395b378,c4b4d86e72651c50,7,True,0.273894595,0.31018599459999996,0.32104881172,3.0506575963718823,2.0358763955580006,11138.071550378285
oculus_audio_pack/creepy_blood_squish_slimy_03.wav,oculus_audio_pack,reference,default,qoa,134534,1,44100,54472,1da5114c1a19847b7a1df56c116c44d0da605726c573277b211f4470094906fb,0066130d33ffc860,7,True,0.311966667,0.3541229996,0.36004745672,3.0506575963718823,2.31886859083949,9778.793438761464
oculus_audio_pack/creepy_chains_02.wav,oculus_audio_pack,baseline,high,checked,183419,1,44100,74244,89a5f2ba41c6398aa2e61b5a15a884bab5bcfe5675aca07e76394746d56a4b45,bfc596c468ce0428,7,True,0.382622222,0.4861015787999999,0.5191192629599999,4.159160997732426,2.0860555449544487,10870.15013396798
oculus_audio_pack/creepy_chains_02.wav,oculus_audio_pack,candidate,high,checked,183419,1,44100,74244,89a5f2ba41c6398aa2e61b5a15a884bab5bcfe5675aca07e76394746d56a4b45,bfc596c468ce0428,7,True,0.386453846,0.44125967359999996,0.44386584751999997,4.159160997732426,2.106945550897126,10762.374448545212
oculus_audio_pack/creepy_chains_02.wav,oculus_audio_pack,baseline,medium,checked,183419,1,44100,57572,c6b83873bd13f7fb8e9afeaa6a48aab2d42c7969205bbfda8ea22f9304d9b4bd,495fe0df0cb8e341,7,True,0.383607407,0.47076782619999996,0.47763927963999997,4.159160997732426,2.0914267714904127,10842.233288087751
oculus_audio_pack/creepy_chains_02.wav,oculus_audio_pack,candidate,medium,checked,183419,1,44100,57572,c6b83873bd13f7fb8e9afeaa6a48aab2d42c7969205bbfda8ea22f9304d9b4bd,495fe0df0cb8e341,7,True,0.380859259,0.4470967089,0.46199752338,4.159160997732426,2.0764438744077767,10920.467073986578
oculus_audio_pack/creepy_chains_02.wav,oculus_audio_pack,baseline,low,checked,183419,1,44100,56722,0e2f8bbe257725eeedb7ba96f788cf12f1e5499b50a48dc831e4f417669648b3,568c747a65e5c074,7,True,0.375251852,0.44232702769999993,0.45978904153999994,4.159160997732426,2.0458723033055466,11083.652154053661
oculus_audio_pack/creepy_chains_02.wav,oculus_audio_pack,candidate,low,checked,183419,1,44100,56722,0e2f8bbe257725eeedb7ba96f788cf12f1e5499b50a48dc831e4f417669648b3,568c747a65e5c074,7,True,0.371248148,0.39292153879999997,0.39379661575999997,4.159160997732426,2.0240441175668824,11203.183154283173
oculus_audio_pack/creepy_chains_02.wav,oculus_audio_pack,reference,default,qoa,183419,1,44100,74240,c74e464227b7c43b5d18254d6ba82f57ffef8937b9f833fb01dc29f48d289c33,bfc596c468ce0428,7,True,0.4222,0.43973402170000003,0.44198854354,4.159160997732426,2.3018335068885993,9851.162950574197
oculus_audio_pack/creepy_creature_03.wav,oculus_audio_pack,baseline,high,checked,121835,1,44100,49324,98f1cae5dbfb09bbda6dfbf7fe5211125ca6c1ded17aed03bf43899c081850f5,afc6f8a276ae6437,7,True,0.248782927,0.2576349487,0.25874750253999995,2.7626984126984127,2.0419659949932285,11104.855329153726
oculus_audio_pack/creepy_creature_03.wav,oculus_audio_pack,candidate,high,checked,121835,1,44100,49324,98f1cae5dbfb09bbda6dfbf7fe5211125ca6c1ded17aed03bf43899c081850f5,afc6f8a276ae6437,7,True,0.25214,0.25653054480000004,0.25754816016,2.7626984126984127,2.069520252800919,10957.001716103803
oculus_audio_pack/creepy_creature_03.wav,oculus_audio_pack,baseline,medium,checked,121835,1,44100,39676,7b5bcd2cbffbbd3a7f689f51f9bf328e849fb0b619ba400fa157e84b1aa33c5c,27619990874c016e,7,True,0.260117949,0.2907910184,0.30078090607999997,2.7626984126984127,2.1350018385521405,10620.944934093774
oculus_audio_pack/creepy_creature_03.wav,oculus_audio_pack,candidate,medium,checked,121835,1,44100,39676,7b5bcd2cbffbbd3a7f689f51f9bf328e849fb0b619ba400fa157e84b1aa33c5c,27619990874c016e,7,True,0.2559225,0.2638587857,0.26428333634,2.7626984126984127,2.100566339721755,10795.058709954821
oculus_audio_pack/creepy_creature_03.wav,oculus_audio_pack,baseline,low,checked,121835,1,44100,37354,ef24a55a833fb3324643e506b9bb160b5f9ede01b37a6ca318aff42ebcd25775,c174a3f3f7a2e55d,7,True,0.243960976,0.2643587106,0.26828226852,2.7626984126984127,2.0023882792301064,11324.3456309931
oculus_audio_pack/creepy_creature_03.wav,oculus_audio_pack,candidate,low,checked,121835,1,44100,37354,ef24a55a833fb3324643e506b9bb160b5f9ede01b37a6ca318aff42ebcd25775,c174a3f3f7a2e55d,7,True,0.247170732,0.2522324389,0.25308648778000004,2.7626984126984127,2.0287333853162064,11177.287821838116
oculus_audio_pack/creepy_creature_03.wav,oculus_audio_pack,reference,default,qoa,121835,1,44100,49320,f4865a563107b4041b40c55a171993a0de1cd33cca5e03efaa2a09063381254f,afc6f8a276ae6437,7,True,0.280541667,0.2862778337,0.28728070994,2.7626984126984127,2.302636081585751,9847.72936669836
oculus_audio_pack/creepy_drone_02.wav,oculus_audio_pack,baseline,high,checked,2594751,2,44100,2096100,79f20f64db246fbc0d46116ba1def74a4a1984025449be3b1207893bb50e403a,3d965890a2fa9d33,7,True,12.1462,12.30878,12.328556,58.83789115646258,2.340532868086379,4844.139826156541
oculus_audio_pack/creepy_drone_02.wav,oculus_audio_pack,candidate,high,checked,2594751,2,44100,2096100,79f20f64db246fbc0d46116ba1def74a4a1984025449be3b1207893bb50e403a,3d965890a2fa9d33,7,True,12.0594,12.77897,12.978914,58.83789115646258,2.3238067930217583,4879.006514126953
oculus_audio_pack/creepy_drone_02.wav,oculus_audio_pack,baseline,medium,checked,2594751,2,44100,1590762,d9d57b2d10d5fcb95c341351ac525ec4be23d71e2be53faa8bdc30a5c861ee4e,0ebd299316853407,7,True,12.0963,12.42347,12.493574,58.83789115646258,2.3309173018913953,4864.123009222869
oculus_audio_pack/creepy_drone_02.wav,oculus_audio_pack,candidate,medium,checked,2594751,2,44100,1590762,d9d57b2d10d5fcb95c341351ac525ec4be23d71e2be53faa8bdc30a5c861ee4e,0ebd299316853407,7,True,12.0432,12.45589,12.500458,58.83789115646258,2.320685106200942,4885.569546006259
oculus_audio_pack/creepy_drone_02.wav,oculus_audio_pack,baseline,low,checked,2594751,2,44100,1577148,6fdf20cb3203af05e970d58ec64e89fdd653f41687423bf2b063947d71d0bd62,6d20cdd4bd34546e,7,True,12.142,12.59908,12.692776,58.83789115646258,2.3397235418735747,4845.815446916701
oculus_audio_pack/creepy_drone_02.wav,oculus_audio_pack,candidate,low,checked,2594751,2,44100,1577148,6fdf20cb3203af05e970d58ec64e89fdd653f41687423bf2b063947d71d0bd62,6d20cdd4bd34546e,7,True,12.0438,12.371220000000001,12.394164,58.83789115646258,2.3208007242313426,4885.326155902837
oculus_audio_pack/creepy_drone_02.wav,oculus_audio_pack,reference,default,qoa,2594751,2,44100,2096096,97107744a6a1ba4febef3f28d1b710f4ce6a2b97888ab198bd26553913c06816,3d965890a2fa9d33,7,True,14.9981,15.22649,15.283297999999998,58.83789115646258,2.8900846362521877,3923.022993343329
oculus_audio_pack/creepy_impacts_reverb_01.wav,oculus_audio_pack,baseline,high,checked,189101,1,44100,76548,4d661cb85a269411d2be7eb5cdb06f420bf775a804aa443aa916c178efd01888,af95728b494ccf30,7,True,0.383425926,0.387343077,0.387967077,4.288004535147392,2.02762505750895,11183.397481440501
oculus_audio_pack/creepy_impacts_reverb_01.wav,oculus_audio_pack,candidate,high,checked,189101,1,44100,76548,4d661cb85a269411d2be7eb5cdb06f420bf775a804aa443aa916c178efd01888,af95728b494ccf30,7,True,0.383274074,0.4615975641999999,0.48508903683999993,4.288004535147392,2.0268220369009153,11187.828308855014
oculus_audio_pack/creepy_impacts_reverb_01.wav,oculus_audio_pack,baseline,medium,checked,189101,1,44100,57770,599ca4516b6822e5a21e539f9f322d911067058f7ae33337e8dea3a0392cbab1,4c4948e7e3ac4061,7,True,0.376422222,0.3865440174,0.38816418828,4.288004535147392,1.9905882147635388,11391.475541386588
oculus_audio_pack/creepy_impacts_reverb_01.wav,oculus_audio_pack,candidate,medium,checked,189101,1,44100,57770,599ca4516b6822e5a21e539f9f322d911067058f7ae33337e8dea3a0392cbab1,4c4948e7e3ac4061,7,True,0.376111111,0.3987573231,0.40284906462,4.288004535147392,1.9889430040031517,11400.898324291706
oculus_audio_pack/creepy_impacts_reverb_01.wav,oculus_audio_pack,baseline,low,checked,189101,1,44100,57636,ff70815016e8c06340c3b09064f5f93892bd3d6758b65a5fb925cde87bf80c4a,84ff99c3da52fd65,7,True,0.372107407,0.3797029627,0.38010651814,4.288004535147392,1.9677706992559532,11523.566729612001
oculus_audio_pack/creepy_impacts_reverb_01.wav,oculus_audio_pack,candidate,low,checked,189101,1,44100,57636,ff70815016e8c06340c3b09064f5f93892bd3d6758b65a5fb925cde87bf80c4a,84ff99c3da52fd65,7,True,0.374355556,0.379708889,0.38129288899999997,4.288004535147392,1.9796593143346677,11454.363282235865
oculus_audio_pack/creepy_impacts_reverb_01.wav,oculus_audio_pack,reference,default,qoa,189101,1,44100,76544,1fc919068af7631019ee4f7a51c151de9b534c50e0ca63789e7bed08490adfe9,af95728b494ccf30,7,True,0.427895833,0.4392002719,0.44164179358,4.288004535147392,2.26278990063511,10021.141138683142
oculus_audio_pack/creepy_scratch_02.wav,oculus_audio_pack,baseline,high,checked,92777,1,44100,37580,9450e7eb4eb641abea114c9da1cdf4d868eb960406f3d4c4980b874c4703479c,b6af7172aac96047,7,True,0.190583019,0.21975666069999997,0.22834224093999997,2.1037868480725623,2.0542054496265236,11038.689905906898
oculus_audio_pack/creepy_scratch_02.wav,oculus_audio_pack,candidate,high,checked,92777,1,44100,37580,9450e7eb4eb641abea114c9da1cdf4d868eb960406f3d4c4980b874c4703479c,b6af7172aac96047,7,True,0.195134615,0.2100294853,0.21263228026,2.1037868480725623,2.103264979466894,10781.20787576598
oculus_audio_pack/creepy_scratch_02.wav,oculus_audio_pack,baseline,medium,checked,92777,1,44100,29682,7a21123d4948dd025a22f8c3c5a0f9db4af568341d6f42b5ee9dc1431babac06,caba1b3d1658c95b,7,True,0.197407843,0.2074152919,0.20901139198,2.1037868480725623,2.127767043556054,10657.058078855369
oculus_audio_pack/creepy_scratch_02.wav,oculus_audio_pack,candidate,medium,checked,92777,1,44100,29682,7a21123d4948dd025a22f8c3c5a0f9db4af568341d6f42b5ee9dc1431babac06,caba1b3d1658c95b,7,True,0.196503922,0.2129073017,0.21737972113999998,2.1037868480725623,2.118024100800845,10706.08070648362
oculus_audio_pack/creepy_scratch_02.wav,oculus_audio_pack,baseline,low,checked,92777,1,44100,28370,61ce4e429780e1cf44de4eb9fdfecac51f3c3c57bb0de4b4da70dc124e1b9a35,ed9998729dd0affe,7,True,0.189314815,0.19537496999999998,0.19615891559999998,2.1037868480725623,2.0405360703622666,11112.637159815318
oculus_audio_pack/creepy_scratch_02.wav,oculus_audio_pack,candidate,low,checked,92777,1,44100,28370,61ce4e429780e1cf44de4eb9fdfecac51f3c3c57bb0de4b4da70dc124e1b9a35,ed9998729dd0affe,7,True,0.188448148,0.1931032619,0.19352680598,2.1037868480725623,2.031194671093051,11163.743822372626
oculus_audio_pack/creepy_scratch_02.wav,oculus_audio_pack,reference,default,qoa,92777,1,44100,37576,798159b65d73d8772edf66756f9605e99e5acdcd92eb126cdfa70b94ce5c2df3,b6af7172aac96047,7,True,0.215091489,0.2197630432,0.21984652144,2.1037868480725623,2.3183708138870625,9780.893041623616
oculus_audio_pack/creepy_skull_cracking_02.wav,oculus_audio_pack,baseline,high,checked,84349,1,44100,34164,6a8c0795601db2ffd4bfe8b201727f066f717e2e8d2474bc5585d222d598f5af,9f68bf82666a09ed,7,True,0.171776271,0.1761210376,0.17673297952,1.9126757369614513,2.036494457551364,11134.691222639542
oculus_audio_pack/creepy_skull_cracking_02.wav,oculus_audio_pack,candidate,high,checked,84349,1,44100,34164,6a8c0795601db2ffd4bfe8b201727f066f717e2e8d2474bc5585d222d598f5af,9f68bf82666a09ed,7,True,0.170681356,0.1831677698,0.18407937236,1.9126757369614513,2.0235136871806425,11206.119882018345
oculus_audio_pack/creepy_skull_cracking_02.wav,oculus_audio_pack,baseline,medium,checked,84349,1,44100,26016,4c779291fbe290929a44a2d14776cacbc0a15f6719a64cde0d12a9f32b0ae8f2,6db6bff8646c8da0,7,True,0.173748276,0.1802746428,0.18064921416000002,1.9126757369614513,2.059873572893573,11008.31490818045
oculus_audio_pack/creepy_skull_cracking_02.wav,oculus_audio_pack,candidate,medium,checked,84349,1,44100,26016,4c779291fbe290929a44a2d14776cacbc0a15f6719a64cde0d12a9f32b0ae8f2,6db6bff8646c8da0,7,True,0.171761017,0.1848045858,0.18519202836,1.9126757369614513,2.0363136136765108,11135.680088348869
oculus_audio_pack/creepy_skull_cracking_02.wav,oculus_audio_pack,baseline,low,checked,84349,1,44100,26316,3efaaa2aae981f8043c7bbb12b22124726550e2137acaa1348eee7a1eebce998,fb44c4da25e213c3,7,True,0.172831034,0.1775248276,0.17873925112,1.9126757369614513,2.0489992056811577,11066.737799887556
oculus_audio_pack/creepy_skull_cracking_02.wav,oculus_audio_pack,candidate,low,checked,84349,1,44100,26316,3efaaa2aae981f8043c7bbb12b22124726550e2137acaa1348eee7a1eebce998,fb44c4da25e213c3,7,True,0.170828814,0.1729212072,0.17294975904,1.9126757369614513,2.0252618762522374,11196.446853289348
oculus_audio_pack/creepy_skull_cracking_02.wav,oculus_audio_pack,reference,default,qoa,84349,1,44100,34160,2abae530d64c19ef475cf48b11d43de628d4fa784bd6ffc57fa6354dec273031,9f68bf82666a09ed,7,True,0.193457692,0.2004177411,0.20181474822,1.9126757369614513,2.2935386548743906,9886.790838802375
oculus_audio_pack/creepy_whispers_01.wav,oculus_audio_pack,baseline,high,checked,237088,1,44100,95980,fd0f39c45abbeec5eadc307d1ff1720cb72bcc2e00621a198336d9435eee7e91,3de295b9d35f09d2,7,True,0.485652381,0.6114519328999999,0.6521962689799999,5.376145124716554,2.0484055751450936,11069.944954550841
oculus_audio_pack/creepy_whispers_01.wav,oculus_audio_pack,candidate,high,checked,237088,1,44100,95980,fd0f39c45abbeec5eadc307d1ff1720cb72bcc2e00621a198336d9435eee7e91,3de295b9d35f09d2,7,True,0.488666667,0.514662,0.5185763999999999,5.376145124716554,2.06111936074369,11001.66122997817
oculus_audio_pack/creepy_whispers_01.wav,oculus_audio_pack,baseline,medium,checked,237088,1,44100,73944,cce21ae6e51bbcfd774484e45750992ae430635f7cd4e89cab4d33c954f29417,565415be279d8b45,7,True,0.484566667,0.5065915,0.5086783,5.376145124716554,2.043826203772439,11094.748134453403
oculus_audio_pack/creepy_whispers_01.wav,oculus_audio_pack,candidate,medium,checked,237088,1,44100,73944,cce21ae6e51bbcfd774484e45750992ae430635f7cd4e89cab4d33c954f29417,565415be279d8b45,7,True,0.487642857,0.497101905,0.4972756194,5.376145124716554,2.056801090734242,11024.759303952142
oculus_audio_pack/creepy_whispers_01.wav,oculus_audio_pack,baseline,low,checked,237088,1,44100,72934,c64036b9d1a900fb0c59d6ac5ec03fbe83cafb65bdf2d68e739b3c90ac68ae01,d90b664a1c5b7cfc,7,True,0.476414286,0.5512918251999999,0.57425392024,5.376145124716554,2.00944073930355,11284.600992667447
oculus_audio_pack/creepy_whispers_01.wav,oculus_audio_pack,candidate,low,checked,237088,1,44100,72934,c64036b9d1a900fb0c59d6ac5ec03fbe83cafb65bdf2d68e739b3c90ac68ae01,d90b664a1c5b7cfc,7,True,0.473027273,0.5439688098,0.5646470955599999,5.376145124716554,1.9951548496760698,11365.402021368338
oculus_audio_pack/creepy_whispers_01.wav,oculus_audio_pack,reference,default,qoa,237088,1,44100,95976,cac0628b5a359fba59867579b91e4f15bb78c277fc7ee789cb5d66dd375e299a,3de295b9d35f09d2,7,True,0.555977778,0.5786238891,0.58228922262,5.376145124716554,2.345027070117425,9669.712239320028
oculus_audio_pack/door_lock_key_03.wav,oculus_audio_pack,baseline,high,checked,88906,1,44100,36012,1626cd0bf590165f39d2a37e86ff793b6316a03421a59d8263ac0d6965bab858,cfe8ce30d0a9bc82,7,True,0.1822,0.1858220978,0.18641627155999999,2.0160090702947846,2.0493554990664298,11064.81377768817
oculus_audio_pack/door_lock_key_03.wav,oculus_audio_pack,candidate,high,checked,88906,1,44100,36012,1626cd0bf590165f39d2a37e86ff793b6316a03421a59d8263ac0d6965bab858,cfe8ce30d0a9bc82,7,True,0.179608929,0.1856798448,0.18670337616,2.0160090702947846,2.020211560524599,11224.43678896824
oculus_audio_pack/door_lock_key_03.wav,oculus_audio_pack,baseline,medium,checked,88906,1,44100,28192,fd1394111f62f5bb6c8d10f3cca5082210f646d55c333b0b0d630c190861dc10,b37cd6b8eb2cd59a,7,True,0.18354,0.1869294444,0.18741700007999998,2.0160090702947846,2.064427597687445,10984.031111990762
oculus_audio_pack/door_lock_key_03.wav,oculus_audio_pack,candidate,medium,checked,88906,1,44100,28192,fd1394111f62f5bb6c8d10f3cca5082210f646d55c333b0b0d630c190861dc10,b37cd6b8eb2cd59a,7,True,0.182909091,0.1871631479,0.18779114798000002,2.0160090702947846,2.0573312374867836,11021.918370885045
oculus_audio_pack/door_lock_key_03.wav,oculus_audio_pack,baseline,low,checked,88906,1,44100,28726,0ffe59fbe9a187eb29b09ed31283cd8f93ca40878bd1785e0ef80bafdacddd76,582dce22c523a813,7,True,0.1803125,0.1899992244,0.19142626008,2.0160090702947846,2.0281252108969023,11180.639557960678
oculus_audio_pack/door_lock_key_03.wav,oculus_audio_pack,candidate,low,checked,88906,1,44100,28726,0ffe59fbe9a187eb29b09ed31283cd8f93ca40878bd1785e0ef80bafdacddd76,582dce22c523a813,7,True,0.181533929,0.1834230912,0.18363298224,2.0160090702947846,2.041863642498819,11105.411982212892
oculus_audio_pack/door_lock_key_03.wav,oculus_audio_pack,reference,default,qoa,88906,1,44100,36008,e65367868bb2158bf582cc3feb502060d48cb032d220ce2bd45935f68a7a2597,974d328e079c2678,7,True,0.206359184,0.2118159174,0.21299637468,2.0160090702947846,2.3210940094031898,9769.417726980277
oculus_audio_pack/doors_frontdoor_open_01.wav,oculus_audio_pack,baseline,high,checked,26057,1,44100,10580,02874326286bd22ccb3405c061e9289010f19553bd36f50caae5f128a0a0373f,303a634fd2cb5b11,7,True,0.053975806,0.0552252863,0.05531025086,0.5908616780045352,2.071451279886403,10946.78749224301
oculus_audio_pack/doors_frontdoor_open_01.wav,oculus_audio_pack,candidate,high,checked,26057,1,44100,10580,02874326286bd22ccb3405c061e9289010f19553bd36f50caae5f128a0a0373f,303a634fd2cb5b11,7,True,0.05334734,0.0575044032,0.05858665824,0.5908616780045352,2.0473323866907163,11075.747694346806
oculus_audio_pack/doors_frontdoor_open_01.wav,oculus_audio_pack,baseline,medium,checked,26057,1,44100,8202,2cf062311fdec35fafebccc1797c60109167756f92e7d108c7f46486c385956f,788b9ac47eba1a12,7,True,0.053345213,0.0563244131,0.05668454342,0.5908616780045352,2.047250757953717,11076.189310642272
oculus_audio_pack/doors_frontdoor_open_01.wav,oculus_audio_pack,candidate,medium,checked,26057,1,44100,8202,2cf062311fdec35fafebccc1797c60109167756f92e7d108c7f46486c385956f,788b9ac47eba1a12,7,True,0.054567391,0.0555407207,0.05565169934,0.5908616780045352,2.0941547760678514,10828.1093740497
oculus_audio_pack/doors_frontdoor_open_01.wav,oculus_audio_pack,baseline,low,checked,26057,1,44100,8084,374f48d9a231ddf81789bb9ef4aa8d93b207fa21f58e3d94b35bdb6d892aa071,ba910a891f12896a,7,True,0.054324865,0.058613009199999996,0.05986870983999999,0.5908616780045352,2.084847257934528,10876.450001385832
oculus_audio_pack/doors_frontdoor_open_01.wav,oculus_audio_pack,candidate,low,checked,26057,1,44100,8084,374f48d9a231ddf81789bb9ef4aa8d93b207fa21f58e3d94b35bdb6d892aa071,ba910a891f12896a,7,True,0.053925806,0.061618511,0.062123951000000004,0.5908616780045352,2.0695324097171586,10956.937352119228
oculus_audio_pack/doors_frontdoor_open_01.wav,oculus_audio_pack,reference,default,qoa,26057,1,44100,10576,5469197e48777208a23135738ea0afa3c1f734a1dd1f32e2065422847eca629a,303a634fd2cb5b11,7,True,0.061761728,0.0674202157,0.06913397914,0.5908616780045352,2.370254749203669,9566.79317658559
oculus_audio_pack/doors_office_doorknob_01.wav,oculus_audio_pack,baseline,high,checked,31063,1,44100,12612,b230f55297041f13c55e5d1689ddd50dc1dd2c20cccd05afa2652012781a8100,6be4cbe0a54480a7,7,True,0.065198701,0.0741434443,0.07621128406,0.70437641723356,2.0989183594630267,10803.5345249219
oculus_audio_pack/doors_office_doorknob_01.wav,oculus_audio_pack,candidate,high,checked,31063,1,44100,12612,b230f55297041f13c55e5d1689ddd50dc1dd2c20cccd05afa2652012781a8100,6be4cbe0a54480a7,7,True,0.064558065,0.0662325601,0.06654717442,0.70437641723356,2.078294594855616,10910.74240272784
oculus_audio_pack/doors_office_doorknob_01.wav,oculus_audio_pack,baseline,medium,checked,31063,1,44100,10846,8df47a81c5806cbbfe61cd8aa7300a4b105574be65495e583aa9462dc6c4d85d,fcbac91cdd0741e4,7,True,0.065698039,0.0752009083,0.07595775765999999,0.70437641723356,2.114993368316003,10721.42225178989
oculus_audio_pack/doors_office_doorknob_01.wav,oculus_audio_pack,candidate,medium,checked,31063,1,44100,10846,8df47a81c5806cbbfe61cd8aa7300a4b105574be65495e583aa9462dc6c4d85d,fcbac91cdd0741e4,7,True,0.06575098,0.0702179082,0.07082882964,0.70437641723356,2.116697678910601,10712.789638018476
oculus_audio_pack/doors_office_doorknob_01.wav,oculus_audio_pack,baseline,low,checked,31063,1,44100,11624,ea1831207dfac23bbbdd5ff83d99bf2185c22f8eb4b837e27354b216016a8526,ae30cabb80a6f8ba,7,True,0.065743791,0.06608013139999999,0.06611076308,0.70437641723356,2.1164662460161607,10713.961067951801
oculus_audio_pack/doors_office_doorknob_01.wav,oculus_audio_pack,candidate,low,checked,31063,1,44100,11624,ea1831207dfac23bbbdd5ff83d99bf2185c22f8eb4b837e27354b216016a8526,ae30cabb80a6f8ba,7,True,0.066151974,0.0723039472,0.07386784864,0.70437641723356,2.1296067347004475,10647.851827272154
oculus_audio_pack/doors_office_doorknob_01.wav,oculus_audio_pack,reference,default,qoa,31063,1,44100,12608,1cdd21f11b9ec9876c96aebff94d4ea842dcad700b2597f39861d20abfff5510,1a050bef550438ef,7,True,0.071430714,0.0743065199,0.07503393518,0.70437641723356,2.299543315198146,9860.97405149219
oculus_audio_pack/doors_sliding_lock_01.wav,oculus_audio_pack,baseline,high,checked,21187,1,44100,8612,0a0eb0c31e05a66e64d03dc4683f489f8a994bd9b0921ebf60d150d332f13836,f15b8efb5b7ef0e4,7,True,0.043169397,0.0442961192,0.04435746944,0.4804308390022676,2.037541747297871,11128.968028028457
oculus_audio_pack/doors_sliding_lock_01.wav,oculus_audio_pack,candidate,high,checked,21187,1,44100,8612,0a0eb0c31e05a66e64d03dc4683f489f8a994bd9b0921ebf60d150d332f13836,f15b8efb5b7ef0e4,7,True,0.043124569,0.0439343368,0.04413594256,0.4804308390022676,2.035425921555671,11140.536593009603
oculus_audio_pack/doors_sliding_lock_01.wav,oculus_audio_pack,baseline,medium,checked,21187,1,44100,6666,b3e20893e76943692fee39adbf7be0420e8bbd822dac64f0e5fe9e979f376270,00a882259c7fa358,7,True,0.043556957,0.044723702500000004,0.0450243805,0.4804308390022676,2.0558340963798556,11029.944975317436
oculus_audio_pack/doors_sliding_lock_01.wav,oculus_audio_pack,candidate,medium,checked,21187,1,44100,6666,b3e20893e76943692fee39adbf7be0420e8bbd822dac64f0e5fe9e979f376270,00a882259c7fa358,7,True,0.043846725,0.044704107,0.044710107,0.4804308390022676,2.0695107849152783,10957.05184371849
oculus_audio_pack/doors_sliding_lock_01.wav,oculus_audio_pack,baseline,low,checked,21187,1,44100,7040,ce450c800d07b67fa98a01cb4ccfe4ee655664eb9145f95e0bb496dd3f42a17b,31c443cd794068cb,7,True,0.043273276,0.043936396399999994,0.04405247767999999,0.4804308390022676,2.042444706659744,11102.25255426161
oculus_audio_pack/doors_sliding_lock_01.wav,oculus_audio_pack,candidate,low,checked,21187,1,44100,7040,ce450c800d07b67fa98a01cb4ccfe4ee655664eb9145f95e0bb496dd3f42a17b,31c443cd794068cb,7,True,0.042618298,0.0442593156,0.04429717272,0.4804308390022676,2.0115305611931844,11272.877180648265
oculus_audio_pack/doors_sliding_lock_01.wav,oculus_audio_pack,reference,default,qoa,21187,1,44100,8608,e9be206452b965275312bdcf35955fee2497b7d3ab8203cb1107489e66ea3e6c,f15b8efb5b7ef0e4,7,True,0.048916098,0.0500634496,0.05018228992,0.4804308390022676,2.3087788738377304,9821.528262582751
oculus_audio_pack/footsteps_shoe_concrete_run_04.wav,oculus_audio_pack,baseline,high,checked,6821,1,44100,2796,4f822c3b3eeb3e129d282bf773ae7266f04571ddaacbde903145b204cc150327,1d6255fb5eb800ef,7,True,0.013759697,0.0141312213,0.01419203946,0.15467120181405897,2.0172550945609147,11240.887194976676
oculus_audio_pack/footsteps_shoe_concrete_run_04.wav,oculus_audio_pack,candidate,high,checked,6821,1,44100,2796,4f822c3b3eeb3e129d282bf773ae7266f04571ddaacbde903145b204cc150327,1d6255fb5eb800ef,7,True,0.013983659,0.0140545066,0.01406011492,0.15467120181405897,2.0500892830963204,11060.853372787406
oculus_audio_pack/footsteps_shoe_concrete_run_04.wav,oculus_audio_pack,baseline,medium,checked,6821,1,44100,2152,f65dfd62dab5599cf1261ef8182a315fc11982820e825c0e81138d350f82247d,9d0edfa47328a7d4,7,True,0.014278031,0.0145219855,0.014542653099999999,0.15467120181405897,2.0932460049846067,10832.810337367875
oculus_audio_pack/footsteps_shoe_concrete_run_04.wav,oculus_audio_pack,candidate,medium,checked,6821,1,44100,2152,f65dfd62dab5599cf1261ef8182a315fc11982820e825c0e81138d350f82247d,9d0edfa47328a7d4,7,True,0.014213068,0.0144157409,0.01447839458,0.15467120181405897,2.0837220348922445,10882.323352991696
oculus_audio_pack/footsteps_shoe_concrete_run_04.wav,oculus_audio_pack,baseline,low,checked,6821,1,44100,2112,b02bbf4cbc311df90a8674667039df07ce05f02b8a64d131f0ae8f6d3eb2050a,155bcf8216d66ded,7,True,0.013563957,0.0138914257,0.013895618739999999,0.15467120181405897,1.9885584225186923,11403.103225265237
oculus_audio_pack/footsteps_shoe_concrete_run_04.wav,oculus_audio_pack,candidate,low,checked,6821,1,44100,2112,b02bbf4cbc311df90a8674667039df07ce05f02b8a64d131f0ae8f6d3eb2050a,155bcf8216d66ded,7,True,0.013559892,0.0139480265,0.013955909300000001,0.15467120181405897,1.9879624688462103,11406.521660648843
oculus_audio_pack/footsteps_shoe_concrete_run_04.wav,oculus_audio_pack,reference,default,qoa,6821,1,44100,2792,40cdbf0767aa78894ae5c92f2aa57fd40650240349d86f5c77112ea7be3627a5,1d6255fb5eb800ef,7,True,0.015873492,0.0162223543,0.01629398206,0.15467120181405897,2.3271502712212286,9743.993433458685
oculus_audio_pack/footsteps_shoe_dirt_run_03.wav,oculus_audio_pack,baseline,high,checked,15758,1,44100,6412,fd77e0638454a97976f6f28e00e61ee0e9ef400c0cb724a5595bd32f7686b95f,8c91da754406eee8,7,True,0.031781587,0.0329716313,0.033150087859999997,0.35732426303854875,2.0168541058509963,11243.122095776675
oculus_audio_pack/footsteps_shoe_dirt_run_03.wav,oculus_audio_pack,candidate,high,checked,15758,1,44100,6412,fd77e0638454a97976f6f28e00e61ee0e9ef400c0cb724a5595bd32f7686b95f,8c91da754406eee8,7,True,0.031540252,0.0331294909,0.03347905258,0.35732426303854875,2.0015390277954053,11329.15054193444
oculus_audio_pack/footsteps_shoe_dirt_run_03.wav,oculus_audio_pack,baseline,medium,checked,15758,1,44100,4992,48a662243aa367eb0069472b99789443745f5ca16314d5f754944fe38653e383,0594306aea80930b,7,True,0.032448544,0.0335124684,0.03355994328,0.35732426303854875,2.059179083640056,11012.027628683392
oculus_audio_pack/footsteps_shoe_dirt_run_03.wav,oculus_audio_pack,candidate,medium,checked,15758,1,44100,4992,48a662243aa367eb0069472b99789443745f5ca16314d5f754944fe38653e383,0594306aea80930b,7,True,0.032438188,0.0328930867,0.032983634139999995,0.35732426303854875,2.0585218936413248,11015.543255330684
oculus_audio_pack/footsteps_shoe_dirt_run_03.wav,oculus_audio_pack,baseline,low,checked,15758,1,44100,5348,f9357689d571d9478f4c28fbdaa2e337abc07f94f1241d38c7827fca1c4d1bd8,00eaaf1299beeea7,7,True,0.031352978,0.0318919938,0.031930500359999996,0.35732426303854875,1.9896546516055333,11396.820520160758
oculus_audio_pack/footsteps_shoe_dirt_run_03.wav,oculus_audio_pack,candidate,low,checked,15758,1,44100,5348,f9357689d571d9478f4c28fbdaa2e337abc07f94f1241d38c7827fca1c4d1bd8,00eaaf1299beeea7,7,True,0.03138652,0.032207390100000004,0.03225618762,0.35732426303854875,1.9917832212209672,11384.641019091914
oculus_audio_pack/footsteps_shoe_dirt_run_03.wav,oculus_audio_pack,reference,default,qoa,15758,1,44100,6408,c7e89cd913f8a14f25f5ce84fed8da1b37950c481fce56d13680a7535c9d31a3,8c91da754406eee8,7,True,0.035574823,0.0363481245,0.0364070793,0.35732426303854875,2.2575722172864574,10044.301922136021
oculus_audio_pack/footsteps_shoe_grass_run_02.wav,oculus_audio_pack,baseline,high,checked,16523,1,44100,6724,ade71879fa2e0d7176ccd6c920330f9de1e103ca884e714278472a6a75d6a554,3c5a321c6ae0056a,7,True,0.033190728,0.034226723099999995,0.034309454219999994,0.37467120181405894,2.0087591841675243,11288.429763097058
oculus_audio_pack/footsteps_shoe_grass_run_02.wav,oculus_audio_pack,candidate,high,checked,16523,1,44100,6724,ade71879fa2e0d7176ccd6c920330f9de1e103ca884e714278472a6a75d6a554,3c5a321c6ae0056a,7,True,0.033694276,0.0339511625,0.0339720629,0.37467120181405894,2.0392347636627735,11119.728520478046
oculus_audio_pack/footsteps_shoe_grass_run_02.wav,oculus_audio_pack,baseline,medium,checked,16523,1,44100,5620,316c5b4c1951ea638af2947dac76bdf20b63f786850776d791aaf699b16b9517,502d1c908a949308,7,True,0.033045215,0.0338912356,0.03393648472,0.37467120181405894,1.999952490467833,11338.137815537253
oculus_audio_pack/footsteps_shoe_grass_run_02.wav,oculus_audio_pack,candidate,medium,checked,16523,1,44100,5620,316c5b4c1951ea638af2947dac76bdf20b63f786850776d791aaf699b16b9517,502d1c908a949308,7,True,0.03376936,0.03991203339999999,0.041810592279999996,0.37467120181405894,2.043778974762452,11095.004519305636
oculus_audio_pack/footsteps_shoe_grass_run_02.wav,oculus_audio_pack,baseline,low,checked,16523,1,44100,5582,826b8c529d9034cf62d8f880f8d49736ea519cb48194683c27e1f03bfae1e42b,117cc2eb041b9d0e,7,True,0.033207285,0.034594883800000004,0.034639668760000006,0.37467120181405894,2.009761241905223,11282.801403790128
oculus_audio_pack/footsteps_shoe_grass_run_02.wav,oculus_audio_pack,candidate,low,checked,16523,1,44100,5582,826b8c529d9034cf62d8f880f8d49736ea519cb48194683c27e1f03bfae1e42b,117cc2eb041b9d0e,7,True,0.033716498,0.033940561200000004,0.03396072264,0.37467120181405894,2.0405796768141378,11112.39968676637
oculus_audio_pack/footsteps_shoe_grass_run_02.wav,oculus_audio_pack,reference,default,qoa,16523,1,44100,6720,1e1954a299acbc9a926c000bf44ecdb8cc654558c7b396b7cf615c451b78d62b,3c5a321c6ae0056a,7,True,0.036090288,0.0372775972,0.03758544424,0.37467120181405894,2.1842454760031473,10381.496590275448
oculus_audio_pack/footsteps_shoe_grass_walk_05.wav,oculus_audio_pack,baseline,high,checked,32810,1,44100,13308,2b139cebe21b655dcadc8ed5aba26d816ce905aafd55bbed291576d15994928d,8550314b5867bc75,7,True,0.066789333,0.0674075836,0.06744124792,0.7439909297052154,2.0356395306309056,11139.36756495555
oculus_audio_pack/footsteps_shoe_grass_walk_05.wav,oculus_audio_pack,candidate,high,checked,32810,1,44100,13308,2b139cebe21b655dcadc8ed5aba26d816ce905aafd55bbed291576d15994928d,8550314b5867bc75,7,True,0.066471523,0.0670540823,0.06722021246,0.7439909297052154,2.025953154526059,11192.626498195556
oculus_audio_pack/footsteps_shoe_grass_walk_05.wav,oculus_audio_pack,baseline,medium,checked,32810,1,44100,11120,56fd01ac30bbe0c2dd4989d31dc9d3a43c30a58d1c7263ea8c8d0e1b192e3422,41bdece595dd41f0,7,True,0.065829605,0.06707020009999999,0.06707484002,0.7439909297052154,2.006388448643706,11301.768098186452
oculus_audio_pack/footsteps_shoe_grass_walk_05.wav,oculus_audio_pack,candidate,medium,checked,32810,1,44100,11120,56fd01ac30bbe0c2dd4989d31dc9d3a43c30a58d1c7263ea8c8d0e1b192e3422,41bdece595dd41f0,7,True,0.065909211,0.0666973166,0.06675066332,0.7439909297052154,2.008814721121609,11288.117676074373
oculus_audio_pack/footsteps_shoe_grass_walk_05.wav,oculus_audio_pack,baseline,low,checked,32810,1,44100,11050,ed78f65589700a6be8fbb810245802024f3b544f53420002e61c35fa66fda15a,050a58387ec5de88,7,True,0.065278571,0.0664498013,0.06649843706,0.7439909297052154,1.989593751904907,11397.169366731627
oculus_audio_pack/footsteps_shoe_grass_walk_05.wav,oculus_audio_pack,candidate,low,checked,32810,1,44100,11050,ed78f65589700a6be8fbb810245802024f3b544f53420002e61c35fa66fda15a,050a58387ec5de88,7,True,0.065503268,0.0669141133,0.06705268906,0.7439909297052154,1.9964421822615057,11358.073458338222
oculus_audio_pack/footsteps_shoe_grass_walk_05.wav,oculus_audio_pack,reference,default,qoa,32810,1,44100,13304,1624890b700c6e2844bf076814c4e3603789f251c45b0a8ffcc06ad0d4b4ba78,228da50c67eedb4b,7,True,0.072307914,0.0740166174,0.07406567627999999,0.7439909297052154,2.203837671441634,10289.20471561682
oculus_audio_pack/footsteps_shoe_metal_run_04.wav,oculus_audio_pack,baseline,high,checked,11388,1,44100,4644,5d1c88378b7b2fb459026a485531f8756c048c5647bab105c6869603471bdd61,e605aa25f2ac79d5,7,True,0.023667612,0.0241585402,0.02421805204,0.2582312925170068,2.0782939936775553,10910.74555882557
oculus_audio_pack/footsteps_shoe_metal_run_04.wav,oculus_audio_pack,candidate,high,checked,11388,1,44100,4644,5d1c88378b7b2fb459026a485531f8756c048c5647bab105c6869603471bdd61,e605aa25f2ac79d5,7,True,0.023949522,0.0244040654,0.02453100908,0.2582312925170068,2.1030489989462593,10782.315092426763
oculus_audio_pack/footsteps_shoe_metal_run_04.wav,oculus_audio_pack,baseline,medium,checked,11388,1,44100,3546,38b9cf6d88277ebe774b8fb4e40857ead57474fc6720e1978430bff0977a4192,80e95f439db852e9,7,True,0.024014868,0.026297400699999997,0.02683331374,0.2582312925170068,2.108787144362487,10752.975719750231
oculus_audio_pack/footsteps_shoe_metal_run_04.wav,oculus_audio_pack,candidate,medium,checked,11388,1,44100,3546,38b9cf6d88277ebe774b8fb4e40857ead57474fc6720e1978430bff0977a4192,80e95f439db852e9,7,True,0.023924163,0.029037459199999997,0.03025578464,0.2582312925170068,2.100822181243414,10793.744070252607
oculus_audio_pack/footsteps_shoe_metal_run_04.wav,oculus_audio_pack,baseline,low,checked,11388,1,44100,3538,8b93ec926e81b33da822924214da9ab162a2f429c4e1aa7846710a734dceea75,b50c34eeb5cb51ac,7,True,0.023535294,0.0243465536,0.02442579872,0.2582312925170068,2.0666749209694415,10972.086965091952
oculus_audio_pack/footsteps_shoe_metal_run_04.wav,oculus_audio_pack,candidate,low,checked,11388,1,44100,3538,8b93ec926e81b33da822924214da9ab162a2f429c4e1aa7846710a734dceea75,b50c34eeb5cb51ac,7,True,0.023875179,0.0261126007,0.02681367934,0.2582312925170068,2.0965208113804006,10815.889276348747
oculus_audio_pack/footsteps_shoe_metal_run_04.wav,oculus_audio_pack,reference,default,qoa,11388,1,44100,4640,e0595fc118b5f27383634a2c1759cfb0b3b37b6b067eed0d2d1ac24f869f7077,e605aa25f2ac79d5,7,True,0.025778866,0.026197515,0.0262473774,0.2582312925170068,2.2636868633649456,10017.170364166011
oculus_audio_pack/footsteps_shoe_snow_walk_03.wav,oculus_audio_pack,baseline,high,checked,35783,1,44100,14500,c058fcef4d2373d8a0e40150345d6a680af0e416040a1e47ab1d36fb2b329aeb,9591d487f98cf747,7,True,0.073353285,0.0749877192,0.07526160384,0.8114058956916099,2.0499478802783444,11061.616336495494
oculus_audio_pack/footsteps_shoe_snow_walk_03.wav,oculus_audio_pack,candidate,high,checked,35783,1,44100,14500,c058fcef4d2373d8a0e40150345d6a680af0e416040a1e47ab1d36fb2b329aeb,9591d487f98cf747,7,True,0.073874265,0.075629575,0.0757356118,0.8114058956916099,2.0645073079395244,10983.60702054511
oculus_audio_pack/footsteps_shoe_snow_walk_03.wav,oculus_audio_pack,baseline,medium,checked,35783,1,44100,11068,68de0a36b8f844bdaed555ed5e69067e53251042b34c32ffb059862db27177d1,d1b85accea1cb96f,7,True,0.072649275,0.075911394,0.0764542212,0.8114058956916099,2.0302734538747447,11168.809264670706
oculus_audio_pack/footsteps_shoe_snow_walk_03.wav,oculus_audio_pack,candidate,medium,checked,35783,1,44100,11068,68de0a36b8f844bdaed555ed5e69067e53251042b34c32ffb059862db27177d1,d1b85accea1cb96f,7,True,0.07263913,0.0746734536,0.07516987872,0.8114058956916099,2.0299899393566774,11170.369134261518
oculus_audio_pack/footsteps_shoe_snow_walk_03.wav,oculus_audio_pack,baseline,low,checked,35783,1,44100,11432,f9b768ef408a57fba72c05b9ca75dd2767006c0161c9c2cc730b752d0a6817a0,3f2f881d1510d506,7,True,0.071778571,0.0735963747,0.07387339254,0.8114058956916099,2.005940558365704,11304.291578772303
oculus_audio_pack/footsteps_shoe_snow_walk_03.wav,oculus_audio_pack,candidate,low,checked,35783,1,44100,11432,f9b768ef408a57fba72c05b9ca75dd2767006c0161c9c2cc730b752d0a6817a0,3f2f881d1510d506,7,True,0.072123022,0.0746815991,0.07506169262,0.8114058956916099,2.0155666657351254,11250.303622768468
oculus_audio_pack/footsteps_shoe_snow_walk_03.wav,oculus_audio_pack,reference,default,qoa,35783,1,44100,14496,a7fe6df6988bb2985ebdd2b3835fa9e739a16496b3433250733abe97562822d7,9591d487f98cf747,7,True,0.07816875,0.0818510572,0.08193183784,0.8114058956916099,2.184521979711036,10380.182562617541
oculus_audio_pack/indoor_hydraulic_01.wav,oculus_audio_pack,baseline,high,checked,202979,1,44100,82164,916bf409fd2191f34bfb77e1589d7f85468497feeedc19fbfa853a08ed772d9b,9b7bde7dbaf25d78,7,True,0.40844,0.4162633,0.41723266,4.6026984126984125,2.0122278659368704,11268.970748943326
oculus_audio_pack/indoor_hydraulic_01.wav,oculus_audio_pack,candidate,high,checked,202979,1,44100,82164,916bf409fd2191f34bfb77e1589d7f85468497feeedc19fbfa853a08ed772d9b,9b7bde7dbaf25d78,7,True,0.408672,0.42371416679999996,0.42581616695999996,4.6026984126984125,2.0133708413185603,11262.573439576025
oculus_audio_pack/indoor_hydraulic_01.wav,oculus_audio_pack,baseline,medium,checked,202979,1,44100,62028,82f87d96fc6568d0c4e2e1912f9d2ab859e79eb3c1d5e2dbcd487b0ca767d026,67a28cf27eeaadbc,7,True,0.404736,0.4099752,0.41156304,4.6026984126984125,1.9939796727740309,11372.100363442869
oculus_audio_pack/indoor_hydraulic_01.wav,oculus_audio_pack,candidate,medium,checked,202979,1,44100,62028,82f87d96fc6568d0c4e2e1912f9d2ab859e79eb3c1d5e2dbcd487b0ca767d026,67a28cf27eeaadbc,7,True,0.402388,0.4042972,0.40458424000000004,4.6026984126984125,1.9824119736524468,11438.458434889739
oculus_audio_pack/indoor_hydraulic_01.wav,oculus_audio_pack,baseline,low,checked,202979,1,44100,61866,22e693031b36d9ea5ee5c9e24c37739432060d1df330643c9202913c3cb45a1d,4a1bb830e12aeb2d,7,True,0.406607692,0.40941,0.4100676,4.6026984126984125,2.0032007843175896,11319.752437684854
oculus_audio_pack/indoor_hydraulic_01.wav,oculus_audio_pack,candidate,low,checked,202979,1,44100,61866,22e693031b36d9ea5ee5c9e24c37739432060d1df330643c9202913c3cb45a1d,4a1bb830e12aeb2d,7,True,0.400408,0.406502,0.4076396,4.6026984126984125,1.9726572699638878,11495.021110213615
oculus_audio_pack/indoor_hydraulic_01.wav,oculus_audio_pack,reference,default,qoa,202979,1,44100,82160,fcebe6c91fcf54695bdc7a9f4f0f5a8d3bdd47dcd38f52e91036bab7ad2faca1,9b7bde7dbaf25d78,7,True,0.436665217,0.45506110699999996,0.4590413126,4.6026984126984125,2.1512827287551914,10540.565709172142
oculus_audio_pack/indoor_lever_pull_03.wav,oculus_audio_pack,baseline,high,checked,39381,1,44100,15964,9719c6c5a2155dffd39a73dba1ab4be04d4d9d2b79cf706a1c012817e1f15c53,1e37eec6dfaeb736,7,True,0.079248819,0.0799098094,0.08004596188,0.8929931972789116,2.012361773444047,11268.220883883601
oculus_audio_pack/indoor_lever_pull_03.wav,oculus_audio_pack,candidate,high,checked,39381,1,44100,15964,9719c6c5a2155dffd39a73dba1ab4be04d4d9d2b79cf706a1c012817e1f15c53,1e37eec6dfaeb736,7,True,0.078184375,0.0806495824,0.08065314208,0.8929931972789116,1.9853323937939615,11421.632484481861
oculus_audio_pack/indoor_lever_pull_03.wav,oculus_audio_pack,baseline,medium,checked,39381,1,44100,12718,3eff165559986f0b05496133b0b4aa859aa193197912ed6e16160cd0c232bed0,6a0993421c12aee6,7,True,0.079330709,0.0804428728,0.08071825216,0.8929931972789116,2.0144412026103957,11256.589138500092
oculus_audio_pack/indoor_lever_pull_03.wav,oculus_audio_pack,candidate,medium,checked,39381,1,44100,12718,3eff165559986f0b05496133b0b4aa859aa193197912ed6e16160cd0c232bed0,6a0993421c12aee6,7,True,0.078922047,0.0813009732,0.08151808104,0.8929931972789116,2.0040640664279725,11314.876276319996
oculus_audio_pack/indoor_lever_pull_03.wav,oculus_audio_pack,baseline,low,checked,39381,1,44100,12576,c1c5276105a5b65bc6c085f29c81e55b50c8b73d351fd58720a7eaad37846dfb,6e5dda3d5fa08230,7,True,0.07971746,0.0805415868,0.08057807736,0.8929931972789116,2.0242619537340345,11201.97755019931
oculus_audio_pack/indoor_lever_pull_03.wav,oculus_audio_pack,candidate,low,checked,39381,1,44100,12576,c1c5276105a5b65bc6c085f29c81e55b50c8b73d351fd58720a7eaad37846dfb,6e5dda3d5fa08230,7,True,0.079267717,0.0812049766,0.08160749932,0.8929931972789116,2.0128416495264214,11265.53445810621
oculus_audio_pack/indoor_lever_pull_03.wav,oculus_audio_pack,reference,default,qoa,39381,1,44100,15960,1cd54814421171b49d5a49dae1e77bad39d1879aa42b33efc7b68f640194afac,27d40b80b880e89d,7,True,0.088328947,0.0925763902,0.09368686684,0.8929931972789116,2.2429330641679996,10109.85897158846
oculus_audio_pack/interaction_book_page_turns.wav,oculus_audio_pack,baseline,high,checked,174972,1,44100,70844,18ffda549d3ac6ad52bf4c3c891332f1269e5cdc1d3566d22674c9ef8ee798f8,2f47340ae5163b08,7,True,0.354127586,0.36203706939999997,0.36410455708,3.967619047619048,2.023910031319297,11203.925377389402
oculus_audio_pack/interaction_book_page_turns.wav,oculus_audio_pack,candidate,high,checked,174972,1,44100,70844,18ffda549d3ac6ad52bf4c3c891332f1269e5cdc1d3566d22674c9ef8ee798f8,2f47340ae5163b08,7,True,0.357982143,0.360451429,0.360607429,3.967619047619048,2.0459395960496534,11083.287603032892
oculus_audio_pack/interaction_book_page_turns.wav,oculus_audio_pack,baseline,medium,checked,174972,1,44100,53632,8cd3c843c63ff2ce6a94de2215dcb6b8eff539ab777645ce1b2b91e25e0b5a37,12e34b806d786548,7,True,0.355265517,0.3607274998,0.36075407115999997,3.967619047619048,2.0304135347369865,11168.038714038908
oculus_audio_pack/interaction_book_page_turns.wav,oculus_audio_pack,candidate,medium,checked,174972,1,44100,53632,8cd3c843c63ff2ce6a94de2215dcb6b8eff539ab777645ce1b2b91e25e0b5a37,12e34b806d786548,7,True,0.355917241,0.3606960716,0.36127635752000004,3.967619047619048,2.0341382678371396,11147.58879471941
oculus_audio_pack/interaction_book_page_turns.wav,oculus_audio_pack,baseline,low,checked,174972,1,44100,53346,30284d3074f0a5b5f60e6f7646a1c2010602ffabf4678909cfa2ee56e8e5c387,042f9a4b83555cfe,7,True,0.3416,0.35437991339999997,0.35675883948,3.967619047619048,1.9523123699791967,11614.809858369577
oculus_audio_pack/interaction_book_page_turns.wav,oculus_audio_pack,candidate,low,checked,174972,1,44100,53346,30284d3074f0a5b5f60e6f7646a1c2010602ffabf4678909cfa2ee56e8e5c387,042f9a4b83555cfe,7,True,0.346141379,0.3527644824,0.35433772368,3.967619047619048,1.978267259904442,11462.423415199508
oculus_audio_pack/interaction_book_page_turns.wav,oculus_audio_pack,reference,default,qoa,174972,1,44100,70840,14a19966616b48c34a48bf4f73b07cf5b81c22aa63f5050b541a70477b69e472,2f47340ae5163b08,7,True,0.379851852,0.3851270368,0.38555281455999996,3.967619047619048,2.1709293601261916,10445.174945781357
oculus_audio_pack/interaction_faucet_on.wav,oculus_audio_pack,baseline,high,checked,48597,1,44100,19692,475115a7b3f9fa344f8c483247ee9cca3751a63a8f5f3877ce437579a2b0c4fd,047603461e2aed9f,7,True,0.101543434,0.1032780675,0.1035248919,1.1019727891156463,2.0895000514435047,10852.230870148102
oculus_audio_pack/interaction_faucet_on.wav,oculus_audio_pack,candidate,high,checked,48597,1,44100,19692,475115a7b3f9fa344f8c483247ee9cca3751a63a8f5f3877ce437579a2b0c4fd,047603461e2aed9f,7,True,0.100317,0.1038010484,0.10431604327999999,1.1019727891156463,2.0642632261250693,10984.905739960786
oculus_audio_pack/interaction_faucet_on.wav,oculus_audio_pack,baseline,medium,checked,48597,1,44100,15074,8bbf720acec7f48f6c30b6d42b9d4d58f1ab8c9674e8366bd82256794d264887,f5a7b0d657527547,7,True,0.101442424,0.101910303,0.1019117574,1.1019727891156463,2.087421528077865,10863.036840638255
oculus_audio_pack/interaction_faucet_on.wav,oculus_audio_pack,candidate,medium,checked,48597,1,44100,15074,8bbf720acec7f48f6c30b6d42b9d4d58f1ab8c9674e8366bd82256794d264887,f5a7b0d657527547,7,True,0.101270707,0.10375615029999999,0.10410706366,1.1019727891156463,2.0838880383562772,10881.456462189468
oculus_audio_pack/interaction_faucet_on.wav,oculus_audio_pack,baseline,low,checked,48597,1,44100,14832,d8d245f1b0a0bfc923a558503007cf9a623ecdd2743af9e77f86981b21fbc3b1,8af856d1006fa993,7,True,0.099486139,0.10441624549999999,0.1054541963,1.1019727891156463,2.0471662654073297,11076.64645740897
oculus_audio_pack/interaction_faucet_on.wav,oculus_audio_pack,candidate,low,checked,48597,1,44100,14832,d8d245f1b0a0bfc923a558503007cf9a623ecdd2743af9e77f86981b21fbc3b1,8af856d1006fa993,7,True,0.098845098,0.1020463573,0.10252682266,1.1019727891156463,2.0339753071177236,11148.481931958288
oculus_audio_pack/interaction_faucet_on.wav,oculus_audio_pack,reference,default,qoa,48597,1,44100,19688,d0e0444593c54b904ae141f762e7e1bad489f55f4c2365850571034d4b1ac033,047603461e2aed9f,7,True,0.108816304,0.1142136783,0.11456546286,1.1019727891156463,2.239156820379859,10126.908823475995
oculus_audio_pack/interaction_knapsack_nylon_close.wav,oculus_audio_pack,baseline,high,checked,57775,1,44100,23412,412d9b7ceeab27ef6621bdc4e726c1a0b1181b243bb295445c6b928790ca6044,f4e8e231057ec55b,7,True,0.119994048,0.1255751286,0.12658236732,1.310090702947846,2.076919913457378,10917.964055582539
oculus_audio_pack/interaction_knapsack_nylon_close.wav,oculus_audio_pack,candidate,high,checked,57775,1,44100,23412,412d9b7ceeab27ef6621bdc4e726c1a0b1181b243bb295445c6b928790ca6044,f4e8e231057ec55b,7,True,0.11975,0.1238512903,0.12434260366,1.310090702947846,2.0726958026828215,10940.214638395375
oculus_audio_pack/interaction_knapsack_nylon_close.wav,oculus_audio_pack,baseline,medium,checked,57775,1,44100,18370,c4fbe92e588d8ab57ebe9a69d0ccf92b879dd612efc190aa5c3743b48250628b,2dd88b8fdfed5169,7,True,0.120869048,0.1273897007,0.12864204254,1.310090702947846,2.0920648723496322,10838.926297722192
oculus_audio_pack/interaction_knapsack_nylon_close.wav,oculus_audio_pack,candidate,medium,checked,57775,1,44100,18370,c4fbe92e588d8ab57ebe9a69d0ccf92b879dd612efc190aa5c3743b48250628b,2dd88b8fdfed5169,7,True,0.120813253,0.1340846573,0.13584071545999998,1.310090702947846,2.09109914322804,10843.93202248967
oculus_audio_pack/interaction_knapsack_nylon_close.wav,oculus_audio_pack,baseline,low,checked,57775,1,44100,19682,778ffe7143c8b330d05aeb4689ae6afaf1c13e10debe53a75e4cd0f4a824abbf,c760d87b50897a40,7,True,0.118408235,0.12543091469999998,0.12618618293999997,1.310090702947846,2.0494718303764605,11064.185721101629
oculus_audio_pack/interaction_knapsack_nylon_close.wav,oculus_audio_pack,candidate,low,checked,57775,1,44100,19682,778ffe7143c8b330d05aeb4689ae6afaf1c13e10debe53a75e4cd0f4a824abbf,c760d87b50897a40,7,True,0.121443373,0.1246130335,0.12524760669999999,1.310090702947846,2.1020055906533965,10787.66729369289
oculus_audio_pack/interaction_knapsack_nylon_close.wav,oculus_audio_pack,reference,default,qoa,57775,1,44100,23408,18ebeee1cdb964ec581853f6e8f14ea3e8453384fdab9635e74fae11fba7ee44,f4e8e231057ec55b,7,True,0.129938462,0.1348528378,0.13521381076,1.310090702947846,2.249043046300303,10082.393486755645
oculus_audio_pack/interaction_magic_spell_01.wav,oculus_audio_pack,baseline,high,checked,104495,1,44100,42316,4c71af00c8e1f54af1ddf0c97295d20611f5c24c39e32c1ed36c3c6509a37b9d,03b2234d08e376f2,7,True,0.215408511,0.2244602224,0.22473915568,2.369501133786848,2.061424096846739,11000.034876926695
oculus_audio_pack/interaction_magic_spell_01.wav,oculus_audio_pack,candidate,high,checked,104495,1,44100,42316,4c71af00c8e1f54af1ddf0c97295d20611f5c24c39e32c1ed36c3c6509a37b9d,03b2234d08e376f2,7,True,0.223162222,0.2336912251,0.23621545462000001,2.369501133786848,2.1356258385568685,10617.841642510835
oculus_audio_pack/interaction_magic_spell_01.wav,oculus_audio_pack,baseline,medium,checked,104495,1,44100,32892,b4eda164f64e6a8c6c44f0e35065042ec877b08104edd01f35bfc369053534a4,b654cd0503195dce,7,True,0.222386667,0.23173518549999997,0.23398238589999998,2.369501133786848,2.1282039044930383,10654.8704819019
oculus_audio_pack/interaction_magic_spell_01.wav,oculus_audio_pack,candidate,medium,checked,104495,1,44100,32892,b4eda164f64e6a8c6c44f0e35065042ec877b08104edd01f35bfc369053534a4,b654cd0503195dce,7,True,0.220191304,0.23729912099999997,0.2425914906,2.369501133786848,2.1071946408919087,10761.102235839648
oculus_audio_pack/interaction_magic_spell_01.wav,oculus_audio_pack,baseline,low,checked,104495,1,44100,31996,0ee6c68b29049e77e6021de04d9aa4ac480f0a7a413fa4bf75a7d9476cfaf539,40b07047d0acdeee,7,True,0.214244681,0.2221086444,0.22363417368,2.369501133786848,2.050286434757644,11059.789782070939
oculus_audio_pack/interaction_magic_spell_01.wav,oculus_audio_pack,candidate,low,checked,104495,1,44100,31996,0ee6c68b29049e77e6021de04d9aa4ac480f0a7a413fa4bf75a7d9476cfaf539,40b07047d0acdeee,7,True,0.218280435,0.2262082273,0.22727619106000002,2.369501133786848,2.0889079381788602,10855.306998938535
oculus_audio_pack/interaction_magic_spell_01.wav,oculus_audio_pack,reference,default,qoa,104495,1,44100,42312,8fa50f9eb55913547d89c1aafe4c57e1abdc0620fbe0bfd6b57fb4a2c51f4ed9,03b2234d08e376f2,7,True,0.236174419,0.2524921036,0.25388842072,2.369501133786848,2.2601504282501557,10032.844131975393
oculus_audio_pack/interaction_valve_01_turn.wav,oculus_audio_pack,baseline,high,checked,40137,1,44100,16260,7624d4f9ff79a1cd95030276fadabfcbb05ed3820df9b85d970408ed34ee588f,6a49f9541e38a61c,7,True,0.082698347,0.0839321876,0.08419484072,0.9101360544217687,2.060401798838977,11005.49270255388
oculus_audio_pack/interaction_valve_01_turn.wav,oculus_audio_pack,candidate,high,checked,40137,1,44100,16260,7624d4f9ff79a1cd95030276fadabfcbb05ed3820df9b85d970408ed34ee588f,6a49f9541e38a61c,7,True,0.082058197,0.0828742149,0.08292856218000001,0.9101360544217687,2.044452674589531,11091.348429478272
oculus_audio_pack/interaction_valve_01_turn.wav,oculus_audio_pack,baseline,medium,checked,40137,1,44100,12744,0924139044160ee636774bb02767d0a37d4a9fb369684ff1656c427259a4d280,2952c58e8a339384,7,True,0.082963636,0.0912049722,0.09301034004,0.9101360544217687,2.0670113860029398,10970.300945124545
oculus_audio_pack/interaction_valve_01_turn.wav,oculus_audio_pack,candidate,medium,checked,40137,1,44100,12744,0924139044160ee636774bb02767d0a37d4a9fb369684ff1656c427259a4d280,2952c58e8a339384,7,True,0.083167769,0.0840400678,0.08428700476,0.9101360544217687,2.0720972917756684,10943.374643388217
oculus_audio_pack/interaction_valve_01_turn.wav,oculus_audio_pack,baseline,low,checked,40137,1,44100,12794,ec57540c4c05bdb9e4a480c57089e5c22ba3c7a954e0dbc1a30a11df91178cd5,eb962c1c3c37cb9f,7,True,0.081865854,0.0854394862,0.08556721324,0.9101360544217687,2.0396605127438523,11117.407440979834
oculus_audio_pack/interaction_valve_01_turn.wav,oculus_audio_pack,candidate,low,checked,40137,1,44100,12794,ec57540c4c05bdb9e4a480c57089e5c22ba3c7a954e0dbc1a30a11df91178cd5,eb962c1c3c37cb9f,7,True,0.082398361,0.0835978961,0.08390291282,0.9101360544217687,2.0529277474649326,11045.560171054478
oculus_audio_pack/interaction_valve_01_turn.wav,oculus_audio_pack,reference,default,qoa,40137,1,44100,16256,111550de76331c4e28f481b56de3249240df8ce835b4b941029fdd741a6aa8c6,6a49f9541e38a61c,7,True,0.090823423,0.09972074439999999,0.10244806647999999,0.9101360544217687,2.262835363878715,10020.939801198296
oculus_audio_pack/interaction_whoosh_medium_02.wav,oculus_audio_pack,baseline,high,checked,10878,1,44100,4436,abeaaee7623dd5bb76bb378863c7d841ff0408fc0fbc79a1a7d9ccd53256cda1,568dd5f2bbaeab10,7,True,0.022582619,0.0228469138,0.022860889960000002,0.24666666666666667,2.075989979775694,10922.85472586978
oculus_audio_pack/interaction_whoosh_medium_02.wav,oculus_audio_pack,candidate,high,checked,10878,1,44100,4436,abeaaee7623dd5bb76bb378863c7d841ff0408fc0fbc79a1a7d9ccd53256cda1,568dd5f2bbaeab10,7,True,0.022398658,0.0229833405,0.0230595249,0.24666666666666667,2.059078690935834,11012.564532512024
oculus_audio_pack/interaction_whoosh_medium_02.wav,oculus_audio_pack,baseline,medium,checked,10878,1,44100,3410,10de02c99d2c2ce2ff408b17c833e36f0cda0c1bd7ee1579dc61c86fffc84ad5,c6c141bab89b6574,7,True,0.022605869,0.022878473,0.0228839786,0.24666666666666667,2.07812732119875,10911.62063562638
oculus_audio_pack/interaction_whoosh_medium_02.wav,oculus_audio_pack,candidate,medium,checked,10878,1,44100,3410,10de02c99d2c2ce2ff408b17c833e36f0cda0c1bd7ee1579dc61c86fffc84ad5,c6c141bab89b6574,7,True,0.022592099,0.022994194,0.0230764372,0.24666666666666667,2.0768614635043208,10918.271324265474
oculus_audio_pack/interaction_whoosh_medium_02.wav,oculus_audio_pack,baseline,low,checked,10878,1,44100,3348,91a7824264c32e02b8e9559afd4fc7b8388c74c98e53293b38039f6dedf4a79d,4a1ca9fb1c3b6d6d,7,True,0.022298218,0.0225850503,0.02264443086,0.24666666666666667,2.0498453759882334,11062.169482183135
oculus_audio_pack/interaction_whoosh_medium_02.wav,oculus_audio_pack,candidate,low,checked,10878,1,44100,3348,91a7824264c32e02b8e9559afd4fc7b8388c74c98e53293b38039f6dedf4a79d,4a1ca9fb1c3b6d6d,7,True,0.022163274,0.022454636899999998,0.022518855379999998,0.24666666666666667,2.0374401544401546,11129.522951648149
oculus_audio_pack/interaction_whoosh_medium_02.wav,oculus_audio_pack,reference,default,qoa,10878,1,44100,4432,f879012096295f72d70ee44ee997d1cff1dd2ac48eeec85f1765c0c38e5310fb,568dd5f2bbaeab10,7,True,0.024353285,0.0246273196,0.02466635032,0.24666666666666667,2.2387649384077957,10128.6814763046
oculus_audio_pack/machine_power_tool_04.wav,oculus_audio_pack,baseline,high,checked,462874,1,44100,187348,e856570dea34f9c1fdfb14d1261e96af5c0609472ff0a51de5371c7fcacaa916,ceee08f460df3e7c,7,True,0.956118182,1.032515,1.032623,10.496009070294784,2.065612201160575,10977.731903747841
oculus_audio_pack/machine_power_tool_04.wav,oculus_audio_pack,candidate,high,checked,462874,1,44100,187348,e856570dea34f9c1fdfb14d1261e96af5c0609472ff0a51de5371c7fcacaa916,ceee08f460df3e7c,7,True,0.936036364,0.9887087272999999,1.00300574546,10.496009070294784,2.022227137406724,11213.249264635175
oculus_audio_pack/machine_power_tool_04.wav,oculus_audio_pack,baseline,medium,checked,462874,1,44100,183390,1d3373fa2814ea2c598e1579a0ed59b7f37ee78bea33fa63816b3a4851333c3c,565845bc31da0377,7,True,0.941909091,1.0089837273,1.02718074546,10.496009070294784,2.034914665762173,11143.335562407035
oculus_audio_pack/machine_power_tool_04.wav,oculus_audio_pack,candidate,medium,checked,462874,1,44100,183390,1d3373fa2814ea2c598e1579a0ed59b7f37ee78bea33fa63816b3a4851333c3c,565845bc31da0377,7,True,0.925609091,1.0108804546,1.02845609092,10.496009070294784,1.9996998988925712,11339.569989481428
oculus_audio_pack/machine_power_tool_04.wav,oculus_audio_pack,baseline,low,checked,462874,1,44100,184648,eb01422e1dc2a4024c5aaba445d0ba77309ca6e07806824b8cc79b2ae9ae304a,47fc356d0438f7a8,7,True,0.922690909,0.9403054550000001,0.9407374550000001,10.496009070294784,1.9933954143028123,11375.433493400535
oculus_audio_pack/machine_power_tool_04.wav,oculus_audio_pack,candidate,low,checked,462874,1,44100,184648,eb01422e1dc2a4024c5aaba445d0ba77309ca6e07806824b8cc79b2ae9ae304a,47fc356d0438f7a8,7,True,0.949109091,1.1967098864999997,1.2732919772999998,10.496009070294784,2.050469654808868,11058.801532746866
oculus_audio_pack/machine_power_tool_04.wav,oculus_audio_pack,reference,default,qoa,462874,1,44100,187344,114660c6d5179de7c88f04bb98ccf6d2967852f5757a009d79ac5e70ed46cc2f,4bf7e7d8fac7d758,7,True,1.03863,1.0423019999999998,1.0427004,10.496009070294784,2.2438719824401456,10105.628636082902
oculus_audio_pack/sting_acoustic_guit_pos_01.wav,oculus_audio_pack,baseline,high,checked,158152,2,44100,127780,3f1bda19be830d4f29c38090cbc9a18635d694e73607675b08032d70b27b8599,5aa5cd06da676ef0,7,True,0.7489,0.7697224726999999,0.77521834094,3.5862131519274376,2.367658960999545,4788.640875854503
oculus_audio_pack/sting_acoustic_guit_pos_01.wav,oculus_audio_pack,candidate,high,checked,158152,2,44100,127780,3f1bda19be830d4f29c38090cbc9a18635d694e73607675b08032d70b27b8599,5aa5cd06da676ef0,7,True,0.738921429,0.747495714,0.747927714,3.5862131519274376,2.336111554074561,4853.3078229721195
oculus_audio_pack/sting_acoustic_guit_pos_01.wav,oculus_audio_pack,baseline,medium,checked,158152,2,44100,96460,76fab26534da0fea45ad73e565963d187b199494a976518214bf3f3825da7ea3,a674d6221dac0493,7,True,0.734085714,0.757220714,0.758792714,3.5862131519274376,2.3208233661287876,4885.278494777297
oculus_audio_pack/sting_acoustic_guit_pos_01.wav,oculus_audio_pack,candidate,medium,checked,158152,2,44100,96460,76fab26534da0fea45ad73e565963d187b199494a976518214bf3f3825da7ea3,a674d6221dac0493,7,True,0.748778571,0.8159721154999999,0.8316944231,3.5862131519274376,2.367275061333401,4789.417447053834
oculus_audio_pack/sting_acoustic_guit_pos_01.wav,oculus_audio_pack,baseline,low,checked,158152,2,44100,96148,77fbd129ed8125776db39081c6d0c588204990e2bee39b4f8403fa2e6cb5172b,f13900d64d4a4d11,7,True,0.745892857,0.7563200003,0.7564811432599999,3.5862131519274376,2.358151831782083,4807.946769126169
oculus_audio_pack/sting_acoustic_guit_pos_01.wav,oculus_audio_pack,candidate,low,checked,158152,2,44100,96148,77fbd129ed8125776db39081c6d0c588204990e2bee39b4f8403fa2e6cb5172b,f13900d64d4a4d11,7,True,0.751092857,0.8011899997999999,0.81038569196,3.5862131519274376,2.3745917124032574,4774.6601748436515
oculus_audio_pack/sting_acoustic_guit_pos_01.wav,oculus_audio_pack,reference,default,qoa,158152,2,44100,127776,3e9b2008cd23a0d5b410d127620ad7bf9ca7bb8fc13a7e71774dfd4405c2305c,5aa5cd06da676ef0,7,True,0.936454545,1.0311538180999997,1.0598787636199998,3.5862131519274376,2.9606155628762205,3829.564575317895
oculus_audio_pack/sting_banjo_humorous_02.wav,oculus_audio_pack,baseline,high,checked,138382,2,44100,111852,f7a4e22773589f841d2fb950d69a3558b132047db786a5592445548c3050482b,ebffd1054c6ba4db,7,True,0.63551875,0.645073125,0.6451196250000001,3.1379138321995463,2.2962478862857885,4937.562947119257
oculus_audio_pack/sting_banjo_humorous_02.wav,oculus_audio_pack,candidate,high,checked,138382,2,44100,111852,f7a4e22773589f841d2fb950d69a3558b132047db786a5592445548c3050482b,ebffd1054c6ba4db,7,True,0.64393125,0.66159,0.6658229999999999,3.1379138321995463,2.3266438192828547,4873.05722808071
oculus_audio_pack/sting_banjo_humorous_02.wav,oculus_audio_pack,baseline,medium,checked,138382,2,44100,84916,beb64597698a03c06ae51a05b122781f35c194db5859c848048f22fadcea95a8,facdf694362559ff,7,True,0.64324375,0.7199493749,0.74102416058,3.1379138321995463,2.3241597534361405,4878.265559827898
oculus_audio_pack/sting_banjo_humorous_02.wav,oculus_audio_pack,candidate,medium,checked,138382,2,44100,84916,beb64597698a03c06ae51a05b122781f35c194db5859c848048f22fadcea95a8,facdf694362559ff,7,True,0.639775,0.652140625,0.652808125,3.1379138321995463,2.3116265121186284,4904.7146765652715
oculus_audio_pack/sting_banjo_humorous_02.wav,oculus_audio_pack,baseline,low,checked,138382,2,44100,84376,ae925b385294bb81162b3d35072c0c41bffca82e0a829392bffe703d80ae15e2,26d66cbf444bac81,7,True,0.6326125,0.639455625,0.6404861249999999,3.1379138321995463,2.285747062479224,4960.246331205195
oculus_audio_pack/sting_banjo_humorous_02.wav,oculus_audio_pack,candidate,low,checked,138382,2,44100,84376,ae925b385294bb81162b3d35072c0c41bffca82e0a829392bffe703d80ae15e2,26d66cbf444bac81,7,True,0.63520625,0.649418125,0.649443625,3.1379138321995463,2.295118765446373,4939.992061160523
oculus_audio_pack/sting_banjo_humorous_02.wav,oculus_audio_pack,reference,default,qoa,138382,2,44100,111848,2ba4d6a8d400a17c845000864d7f7db32db7ab5db5b854726653fcd75ae22df0,ebffd1054c6ba4db,7,True,0.809576923,0.8158192308,0.81734230776,3.1379138321995463,2.9251525595814485,3875.9921917877427
oculus_audio_pack/sting_loss_mallet.wav,oculus_audio_pack,baseline,high,checked,175503,2,44100,141828,650c38610a527074be54f8ee719edddfaf12ab1ee759d4b1e7ec81163d64f1a1,0601d5a57df401c1,7,True,0.805192308,0.8265492307,0.82802984614,3.979659863945578,2.293955966564674,4942.496127205401
oculus_audio_pack/sting_loss_mallet.wav,oculus_audio_pack,candidate,high,checked,175503,2,44100,141828,650c38610a527074be54f8ee719edddfaf12ab1ee759d4b1e7ec81163d64f1a1,0601d5a57df401c1,7,True,0.805530769,0.8562393593,0.86966120546,3.979659863945578,2.2949202264348756,4940.419431632633
oculus_audio_pack/sting_loss_mallet.wav,oculus_audio_pack,baseline,medium,checked,175503,2,44100,106868,2474d47028e79e3f67b0ddeb9d54adb0f30e9e3247fada5913958b619807e474,8f380227f81d16b1,7,True,0.813446154,0.9856027274999999,1.0362550911,3.979659863945578,2.3174707953710194,4892.345786351309
oculus_audio_pack/sting_loss_mallet.wav,oculus_audio_pack,candidate,medium,checked,175503,2,44100,106868,2474d47028e79e3f67b0ddeb9d54adb0f30e9e3247fada5913958b619807e474,8f380227f81d16b1,7,True,0.805015385,0.9929430768999998,1.0547486153799999,3.979659863945578,2.293451921049783,4943.582368858178
oculus_audio_pack/sting_loss_mallet.wav,oculus_audio_pack,baseline,low,checked,175503,2,44100,106724,43022592275d5c7954678969ff5dbbab56690942beb03017786e88c945eff3ed,6db5866b48337279,7,True,0.806553846,0.8158792304,0.81698507648,3.979659863945578,2.2978349258987025,4934.152733487279
oculus_audio_pack/sting_loss_mallet.wav,oculus_audio_pack,candidate,low,checked,175503,2,44100,106724,43022592275d5c7954678969ff5dbbab56690942beb03017786e88c945eff3ed,6db5866b48337279,7,True,0.808,0.8170276927,0.81735630814,3.979659863945578,2.301954952336997,4925.321613794032
oculus_audio_pack/sting_loss_mallet.wav,oculus_audio_pack,reference,default,qoa,175503,2,44100,141824,16d1d74d4de68d8a5d69fdfa87d60c3fdf2252133376bc088bac38ed2c30405e,0601d5a57df401c1,7,True,1.01888,1.073365,1.0877050000000001,3.979659863945578,2.902742403263762,3905.9161667179433
oculus_audio_pack/sting_loss_piano.wav,oculus_audio_pack,baseline,high,checked,176315,2,44100,142468,9284d8af8f39e5db0e8055983a9aab6ae66f5edee04acbecdbf77b2d4f7d7018,dbec14ba5c669ebd,7,True,0.820269231,0.8933958332,0.89442583304,3.9980725623582765,2.3261470408076454,4874.09793182682
oculus_audio_pack/sting_loss_piano.wav,oculus_audio_pack,candidate,high,checked,176315,2,44100,142468,9284d8af8f39e5db0e8055983a9aab6ae66f5edee04acbecdbf77b2d4f7d7018,dbec14ba5c669ebd,7,True,0.818353846,0.9157691669999999,0.9438071669999999,3.9980725623582765,2.320715327680572,4885.5059237520545
oculus_audio_pack/sting_loss_piano.wav,oculus_audio_pack,baseline,medium,checked,176315,2,44100,107204,314305824f209719a53e953f04c2e05aef578ffaeabb7054e0cca2df4e20a4b1,27b8951a41f7ba46,7,True,0.806815385,0.8212061539,0.82257969238,3.9980725623582765,2.287994172361966,4955.374719779638
oculus_audio_pack/sting_loss_piano.wav,oculus_audio_pack,candidate,medium,checked,176315,2,44100,107204,314305824f209719a53e953f04c2e05aef578ffaeabb7054e0cca2df4e20a4b1,27b8951a41f7ba46,7,True,0.820969231,0.8351141668,0.83529616696,3.9980725623582765,2.3281321243229445,4869.942028750986
oculus_audio_pack/sting_loss_piano.wav,oculus_audio_pack,baseline,low,checked,176315,2,44100,107204,314305824f209719a53e953f04c2e05aef578ffaeabb7054e0cca2df4e20a4b1,27b8951a41f7ba46,7,True,0.813169231,0.820655385,0.820703385,3.9980725623582765,2.3060126222953237,4916.654996207396
oculus_audio_pack/sting_loss_piano.wav,oculus_audio_pack,candidate,low,checked,176315,2,44100,107204,314305824f209719a53e953f04c2e05aef578ffaeabb7054e0cca2df4e20a4b1,27b8951a41f7ba46,7,True,0.803292308,0.8417931406999999,0.8527252945399999,3.9980725623582765,2.2780033122536367,4977.1079873931485
oculus_audio_pack/sting_loss_piano.wav,oculus_audio_pack,reference,default,qoa,176315,2,44100,142464,64bbabba54b30834313f55b385c4a0d755e7c384dcb1d45a5c0bfd4b2afc297d,dbec14ba5c669ebd,7,True,1.03312,1.129392,1.1501184,3.9980725623582765,2.9297564018943367,3869.901427092958
oculus_audio_pack/sting_victory_mallet.wav,oculus_audio_pack,baseline,high,checked,165375,2,44100,133636,9163eeaeafc4a0956639f0706f5e1aa36c8d9f6b96baa888d21da66dc8680003,58cf882f4dd5595c,7,True,0.7888,1.0288230769999998,1.1035184617999998,3.75,2.384882842025699,4754.056795131846
oculus_audio_pack/sting_victory_mallet.wav,oculus_audio_pack,candidate,high,checked,165375,2,44100,133636,9163eeaeafc4a0956639f0706f5e1aa36c8d9f6b96baa888d21da66dc8680003,58cf882f4dd5595c,7,True,0.813969231,1.1523444447,1.15981111134,3.75,2.4609802902494327,4607.053752379493
oculus_audio_pack/sting_victory_mallet.wav,oculus_audio_pack,baseline,medium,checked,165375,2,44100,100560,6af602995d3dc0618802f182ac8b388e85782bd7026ae25c12b76d97ca39b5fe,5bf7cce209fb37d3,7,True,0.768778571,1.4841989744999993,1.7228931284999995,3.75,2.3243494210128497,4877.867491964731
oculus_audio_pack/sting_victory_mallet.wav,oculus_audio_pack,candidate,medium,checked,165375,2,44100,100560,6af602995d3dc0618802f182ac8b388e85782bd7026ae25c12b76d97ca39b5fe,5bf7cce209fb37d3,7,True,0.843158333,1.0838702777999998,1.1228629443599998,3.75,2.549231543461829,4447.563231282208
oculus_audio_pack/sting_victory_mallet.wav,oculus_audio_pack,baseline,low,checked,165375,2,44100,100560,6af602995d3dc0618802f182ac8b388e85782bd7026ae25c12b76d97ca39b5fe,5bf7cce209fb37d3,7,True,0.787561538,1.0701128185,1.0705389277,3.75,2.3811384368858652,4761.532679113642
oculus_audio_pack/sting_victory_mallet.wav,oculus_audio_pack,candidate,low,checked,165375,2,44100,100560,6af602995d3dc0618802f182ac8b388e85782bd7026ae25c12b76d97ca39b5fe,5bf7cce209fb37d3,7,True,0.784069231,0.9816019999,1.01148839998,3.75,2.370579685563114,4782.740926100695
oculus_audio_pack/sting_victory_mallet.wav,oculus_audio_pack,reference,default,qoa,165375,2,44100,133632,7dc6d5583b9f43ba970f451c571dd949921046f09cdb5b9251670d65268715ad,58cf882f4dd5595c,7,True,0.991481818,1.1605384446,1.18112991132,3.75,2.997677454270597,3782.2176180340202
oculus_audio_pack/sting_victory_orch_03.wav,oculus_audio_pack,baseline,high,checked,260436,2,44100,210404,c56be865082002ea311d0d5fb9b3afde450a6f95e5b839b9116e60e5e8296727,36b01e99a92fcef9,7,True,1.250422222,1.5039075001,1.56194721442,5.905578231292517,2.4006324432874107,4722.867306250189
oculus_audio_pack/sting_victory_orch_03.wav,oculus_audio_pack,candidate,high,checked,260436,2,44100,210404,c56be865082002ea311d0d5fb9b3afde450a6f95e5b839b9116e60e5e8296727,36b01e99a92fcef9,7,True,1.234066667,1.502588571,1.511900571,5.905578231292517,2.369232108848239,4785.461263327775
oculus_audio_pack/sting_victory_orch_03.wav,oculus_audio_pack,baseline,medium,checked,260436,2,44100,162196,71dd4106bab56c8f3cd21968140556891c1a4b363bbdac81050012fc5b8aa875,34e5a6df65bdf62f,7,True,1.2527375,1.6467766664999997,1.7644296188999997,5.905578231292517,2.405077447050331,4714.138621453031
oculus_audio_pack/sting_victory_orch_03.wav,oculus_audio_pack,candidate,medium,checked,260436,2,44100,162196,71dd4106bab56c8f3cd21968140556891c1a4b363bbdac81050012fc5b8aa875,34e5a6df65bdf62f,7,True,1.244422222,1.3210849999999998,1.323767,5.905578231292517,2.389113298468722,4745.638680255355
oculus_audio_pack/sting_victory_orch_03.wav,oculus_audio_pack,baseline,low,checked,260436,2,44100,158386,9f98630e5e4747e6f5d8d1ced8ac3c39adc4ac90c7d82639259fbad18d794348,487f99991e4e52e8,7,True,1.214111111,1.2709663891999998,1.27543772264,5.905578231292517,2.330920285597997,4864.11678287698
oculus_audio_pack/sting_victory_orch_03.wav,oculus_audio_pack,candidate,low,checked,260436,2,44100,158386,9f98630e5e4747e6f5d8d1ced8ac3c39adc4ac90c7d82639259fbad18d794348,487f99991e4e52e8,7,True,1.218155556,1.2797425,1.2829285,5.905578231292517,2.338685043542367,4847.967242118392
oculus_audio_pack/sting_victory_orch_03.wav,oculus_audio_pack,reference,default,qoa,260436,2,44100,210400,6dcb4b46274f73a30773198f5ebd621068511ce29cca14c8c97b6a52474da472,36b01e99a92fcef9,7,True,1.502442857,1.5322528569,1.53355914258,5.905578231292517,2.8844761419312226,3930.6508089661857
oculus_audio_pack/sting_xp_level_up_orch_01.wav,oculus_audio_pack,baseline,high,checked,88173,2,44100,71276,5d3ffc64ecd6fccdd90aa832aff0c93b536dc133fefebcf8aed58329e13d3d0b,24fe95ad42b53972,7,True,0.411724,0.441483043,0.443427043,1.999387755102041,2.334751000873283,4856.136040410666
oculus_audio_pack/sting_xp_level_up_orch_01.wav,oculus_audio_pack,candidate,high,checked,88173,2,44100,71276,5d3ffc64ecd6fccdd90aa832aff0c93b536dc133fefebcf8aed58329e13d3d0b,24fe95ad42b53972,7,True,0.417554167,0.4516104344,0.45619339088,1.999387755102041,2.3678119549068306,4788.331462399323
oculus_audio_pack/sting_xp_level_up_orch_01.wav,oculus_audio_pack,baseline,medium,checked,88173,2,44100,53934,5d3d968b09edc540951365c7a185cd909929a0b1cd0c96ee9c5028dccc8469e8,9ed2fbd7f07c1868,7,True,0.436808696,0.46191000009999994,0.46794200001999997,1.999387755102041,2.4769980379481247,4577.26179311696
oculus_audio_pack/sting_xp_level_up_orch_01.wav,oculus_audio_pack,candidate,medium,checked,88173,2,44100,53934,5d3d968b09edc540951365c7a185cd909929a0b1cd0c96ee9c5028dccc8469e8,9ed2fbd7f07c1868,7,True,0.417016667,0.44081304369999996,0.44164782634,1.999387755102041,2.3647639696959386,4794.503225699708
oculus_audio_pack/sting_xp_level_up_orch_01.wav,oculus_audio_pack,baseline,low,checked,88173,2,44100,53640,22ae65fcf4bdc3c89f9a205f94369d353f8f7c22e82ebd1f233f93ef52695f49,04f009a8cc7a406c,7,True,0.409672,0.4375886956,0.43769513032,1.999387755102041,2.3231147857053744,4880.459868143395
oculus_audio_pack/sting_xp_level_up_orch_01.wav,oculus_audio_pack,candidate,low,checked,88173,2,44100,53640,22ae65fcf4bdc3c89f9a205f94369d353f8f7c22e82ebd1f233f93ef52695f49,04f009a8cc7a406c,7,True,0.406308,0.43152749549999997,0.4371611511,1.999387755102041,2.3040386512878093,4920.867310272111
oculus_audio_pack/sting_xp_level_up_orch_01.wav,oculus_audio_pack,reference,default,qoa,88173,2,44100,71272,d137c4a6722b17ec9b3ebf422baeed06c5a97f89cb9f0372387e260a7ebb58fc,24fe95ad42b53972,7,True,0.5162,0.559747719,0.560522175,1.999387755102041,2.927199936488494,3873.281199345294
oculus_audio_pack/swoosh_03.wav,oculus_audio_pack,baseline,high,checked,33827,1,44100,13716,e01864e2b1198462174393b8e9b7ddd055f6f60c3a3809cf7431908035ea731d,52393dd3dba35d76,7,True,0.070533099,0.0712808513,0.07131829826,0.7670521541950114,2.085112454548142,10875.066671819019
oculus_audio_pack/swoosh_03.wav,oculus_audio_pack,candidate,high,checked,33827,1,44100,13716,e01864e2b1198462174393b8e9b7ddd055f6f60c3a3809cf7431908035ea731d,52393dd3dba35d76,7,True,0.069772917,0.070553643,0.0706374894,0.7670521541950114,2.062639814349484,10993.551469189848
oculus_audio_pack/swoosh_03.wav,oculus_audio_pack,baseline,medium,checked,33827,1,44100,10566,66f75dd2498feec7341a60c03bffca7597ea1fad63d9bd19e307175d238b5f4d,2c7ed51eafdba6a9,7,True,0.068262585,0.07051013340000001,0.07086741708000001,0.7670521541950114,2.0179911017826,11236.787387922846
oculus_audio_pack/swoosh_03.wav,oculus_audio_pack,candidate,medium,checked,33827,1,44100,10566,66f75dd2498feec7341a60c03bffca7597ea1fad63d9bd19e307175d238b5f4d,2c7ed51eafdba6a9,7,True,0.069235862,0.0718174519,0.07237392478,0.7670521541950114,2.046763295592278,11078.827244109583
oculus_audio_pack/swoosh_03.wav,oculus_audio_pack,baseline,low,checked,33827,1,44100,10376,617e6f7ccf9ed32c67deb74236f1c3a6f347d30afa80c5a0c8514fa63cc87f4c,6dc1737d081992c4,7,True,0.06879589,0.0702461677,0.07040247274,0.7670521541950114,2.0337567623496025,11149.679932842084
oculus_audio_pack/swoosh_03.wav,oculus_audio_pack,candidate,low,checked,33827,1,44100,10376,617e6f7ccf9ed32c67deb74236f1c3a6f347d30afa80c5a0c8514fa63cc87f4c,6dc1737d081992c4,7,True,0.068805479,0.07000112509999999,0.07023630902,0.7670521541950114,2.034040234132498,11148.126069945843
oculus_audio_pack/swoosh_03.wav,oculus_audio_pack,reference,default,qoa,33827,1,44100,13712,6e8fc878526e4f5a683f81d4d20e0d0a0d504859b1b675f3816a6e128aacfa87,52393dd3dba35d76,7,True,0.075255639,0.0776742156,0.07808046792,0.7670521541950114,2.2247210512312647,10192.620305768865
oculus_audio_pack/ui_casual_musical_open.wav,oculus_audio_pack,baseline,high,checked,47569,1,44100,19284,2b54e958053b623d9847831ac6a11aa0586b941dae4d5391358a6317b285e0ac,f23b74df52f50b18,7,True,0.09845098,0.10172947639999999,0.10276109527999999,1.0786621315192744,2.069645777712376,10956.337169211261
oculus_audio_pack/ui_casual_musical_open.wav,oculus_audio_pack,candidate,high,checked,47569,1,44100,19284,2b54e958053b623d9847831ac6a11aa0586b941dae4d5391358a6317b285e0ac,f23b74df52f50b18,7,True,0.098596078,0.10718018809999999,0.10904560322,1.0786621315192744,2.0726960415396585,10940.213377648495
oculus_audio_pack/ui_casual_musical_open.wav,oculus_audio_pack,baseline,medium,checked,47569,1,44100,14598,1e440a901bb0eef28d3f0c137a477452de90d543b91c7ed0e5e5d41f23a7dc3b,d5172b7549a7181e,7,True,0.097192233,0.1023210825,0.1026095229,1.0786621315192744,2.043184279677942,11098.23386318611
oculus_audio_pack/ui_casual_musical_open.wav,oculus_audio_pack,candidate,medium,checked,47569,1,44100,14598,1e440a901bb0eef28d3f0c137a477452de90d543b91c7ed0e5e5d41f23a7dc3b,d5172b7549a7181e,7,True,0.098333333,0.0999105939,0.09992746518,1.0786621315192744,2.067172591393555,10969.445442465318
oculus_audio_pack/ui_casual_musical_open.wav,oculus_audio_pack,baseline,low,checked,47569,1,44100,14526,157dc56e1abcd7d554fa3d20c3cb5259710c220ca2d96cb14b36f96845613d21,e580dd8bcd39b24f,7,True,0.09474434,0.0961251623,0.09626734046,1.0786621315192744,1.9917244423889506,11384.976997246215
oculus_audio_pack/ui_casual_musical_open.wav,oculus_audio_pack,candidate,low,checked,47569,1,44100,14526,157dc56e1abcd7d554fa3d20c3cb5259710c220ca2d96cb14b36f96845613d21,e580dd8bcd39b24f,7,True,0.095371429,0.0971031594,0.09713325348,1.0786621315192744,2.0049071664319196,11310.118164626374
oculus_audio_pack/ui_casual_musical_open.wav,oculus_audio_pack,reference,default,qoa,47569,1,44100,19280,3bd179ea698b7e5eacb8d4d6409c9f681ba742f5c89844c5146963890c6dc40c,f23b74df52f50b18,7,True,0.104933333,0.1119289407,0.11374396973999999,1.0786621315192744,2.205918413252328,10279.499380042322
oculus_audio_pack/ui_laser_shoot_02.wav,oculus_audio_pack,baseline,high,checked,36574,1,44100,14836,fc1ba78325924bb025e48bfe8d55b94d4dd7d1ea34041593c799acbb42cb6a36,57962ebdc18b8388,7,True,0.073188321,0.0747967511,0.07490382782,0.829342403628118,2.0011024498277465,11331.622208249837
oculus_audio_pack/ui_laser_shoot_02.wav,oculus_audio_pack,candidate,high,checked,36574,1,44100,14836,fc1ba78325924bb025e48bfe8d55b94d4dd7d1ea34041593c799acbb42cb6a36,57962ebdc18b8388,7,True,0.073339416,0.07477813430000001,0.07478010446000001,0.829342403628118,2.005233663258052,11308.276624784112
oculus_audio_pack/ui_laser_shoot_02.wav,oculus_audio_pack,baseline,medium,checked,36574,1,44100,11994,1474c98adac00d6da8c93d7a8368447dcad0507cb0c6434bc35c5d2c24e0e194,d28ef08c63f5c732,7,True,0.074020588,0.0753195203,0.07559262566,0.829342403628118,2.023858150598786,11204.212585127234
oculus_audio_pack/ui_laser_shoot_02.wav,oculus_audio_pack,candidate,medium,checked,36574,1,44100,11994,1474c98adac00d6da8c93d7a8368447dcad0507cb0c6434bc35c5d2c24e0e194,d28ef08c63f5c732,7,True,0.074086667,0.08060886169999999,0.08171062513999999,0.829342403628118,2.0256648712199925,11194.219381310782
oculus_audio_pack/ui_laser_shoot_02.wav,oculus_audio_pack,baseline,low,checked,36574,1,44100,11834,253ce9050f35e439004c2e4849bd29d29e58f3687927c6ef047acec5dbf8928a,3ed04ee2c552d6f4,7,True,0.07277971,0.0752246548,0.07560974296,0.829342403628118,1.989930278339804,11395.241938008794
oculus_audio_pack/ui_laser_shoot_02.wav,oculus_audio_pack,candidate,low,checked,36574,1,44100,11834,253ce9050f35e439004c2e4849bd29d29e58f3687927c6ef047acec5dbf8928a,3ed04ee2c552d6f4,7,True,0.073132847,0.0747189501,0.07488468522,0.829342403628118,1.9995856892874717,11340.217667556659
oculus_audio_pack/ui_laser_shoot_02.wav,oculus_audio_pack,reference,default,qoa,36574,1,44100,14832,17a302c5077ceb7bf1c90274d899df60187ebc615d349f22e42bb27ef6e314fd,57962ebdc18b8388,7,True,0.080820161,0.0815769109,0.08163700858,0.829342403628118,2.2097709028271453,10261.578217199021
oculus_audio_pack/ui_magical_open.wav,oculus_audio_pack,baseline,high,checked,76595,1,44100,31012,8a339e230967b1d52799e348510e7de4fd0d5e998e13409ec6b8073c5316e3cb,155278b0dca9bdba,7,True,0.157109375,0.1621886172,0.16280675544,1.7368480725623583,2.05117011554279,11055.025026751957
oculus_audio_pack/ui_magical_open.wav,oculus_audio_pack,candidate,high,checked,76595,1,44100,31012,8a339e230967b1d52799e348510e7de4fd0d5e998e13409ec6b8073c5316e3cb,155278b0dca9bdba,7,True,0.1564,0.1609068255,0.16092168269999998,1.7368480725623583,2.0419087407794243,11105.166704362904
oculus_audio_pack/ui_magical_open.wav,oculus_audio_pack,baseline,medium,checked,76595,1,44100,25018,45cc2bb6dc2426a66f4ba0ef8f439eacf7d4a71466affd755331e7b5fca6842c,a89056c5c6accb6b,7,True,0.155409231,0.1639566821,0.16508904122,1.7368480725623583,2.028973575298649,11175.964654006673
oculus_audio_pack/ui_magical_open.wav,oculus_audio_pack,candidate,medium,checked,76595,1,44100,25018,45cc2bb6dc2426a66f4ba0ef8f439eacf7d4a71466affd755331e7b5fca6842c,a89056c5c6accb6b,7,True,0.155024615,0.3336301648999998,0.39328295617999987,1.7368480725623583,2.0239521509236895,11203.692217280193
oculus_audio_pack/ui_magical_open.wav,oculus_audio_pack,baseline,low,checked,76595,1,44100,24888,f786e58ac8c2f2f934e967237009149c222d8bcf172c61429aa3ea9e927a506a,601996e000540b89,7,True,0.155081538,0.1641992033,0.16581688946,1.7368480725623583,2.024695319537829,11199.579878827088
oculus_audio_pack/ui_magical_open.wav,oculus_audio_pack,candidate,low,checked,76595,1,44100,24888,f786e58ac8c2f2f934e967237009149c222d8bcf172c61429aa3ea9e927a506a,601996e000540b89,7,True,0.154787692,0.1632671875,0.1654534375,1.7368480725623583,2.020858959462106,11220.84094749832
oculus_audio_pack/ui_magical_open.wav,oculus_audio_pack,reference,default,qoa,76595,1,44100,31008,b15149f8db4efaa9951f2240a90804cc3ba2fcb71379341a468840b9ce149b3c,155278b0dca9bdba,7,True,0.172061017,0.1751555505,0.1757876013,1.7368480725623583,2.246374006136171,10094.372931448837
oculus_audio_pack/ui_metal_open.wav,oculus_audio_pack,baseline,high,checked,40740,1,44100,16500,a85bb99023d05691ed97ddd4b111f662790792a56bc53b65bcbb63fc01e45636,929b74c06d62fbb8,7,True,0.083050413,0.0905250125,0.09244574330000001,0.9238095238095239,2.038547201767305,11123.47898630587
oculus_audio_pack/ui_metal_open.wav,oculus_audio_pack,candidate,high,checked,40740,1,44100,16500,a85bb99023d05691ed97ddd4b111f662790792a56bc53b65bcbb63fc01e45636,929b74c06d62fbb8,7,True,0.084276471,0.08879318289999999,0.09015791578,0.9238095238095239,2.0686418998527247,10961.654099274325
oculus_audio_pack/ui_metal_open.wav,oculus_audio_pack,baseline,medium,checked,40740,1,44100,13094,8440b5ee386c9835e4b7328e9f874243b5e08bcf6933b11b6fdc2be61cacb467,0bb3c01eab7d9df8,7,True,0.083851667,0.10036357129999998,0.10399271425999998,0.9238095238095239,2.0582147029946,11017.187336413048
oculus_audio_pack/ui_metal_open.wav,oculus_audio_pack,candidate,medium,checked,40740,1,44100,13094,8440b5ee386c9835e4b7328e9f874243b5e08bcf6933b11b6fdc2be61cacb467,0bb3c01eab7d9df8,7,True,0.086712069,0.0909892359,0.09127639277999999,0.9238095238095239,2.128425846833579,10653.759441601189
oculus_audio_pack/ui_metal_open.wav,oculus_audio_pack,baseline,low,checked,40740,1,44100,13450,904f8f67decc76d733dccb57a6ded48982213e1598a0d93347740ad041654619,954d3b5fd950027e,7,True,0.082416393,0.0890693385,0.09060514049999999,0.9238095238095239,2.022984609720177,11209.0506534243
oculus_audio_pack/ui_metal_open.wav,oculus_audio_pack,candidate,low,checked,40740,1,44100,13450,904f8f67decc76d733dccb57a6ded48982213e1598a0d93347740ad041654619,954d3b5fd950027e,7,True,0.08195122,0.0892178768,0.09016568096,0.9238095238095239,2.0115665193912617,11272.67566986219
oculus_audio_pack/ui_metal_open.wav,oculus_audio_pack,reference,default,qoa,40740,1,44100,16496,9ab8f607299ddac8a59d33f3459771324a054a0962f0aaa0042193ce4d2c3a68,929b74c06d62fbb8,7,True,0.089859821,0.09535332399999999,0.0968446456,0.9238095238095239,2.2056902552773687,10280.562697866088
oculus_audio_pack/ui_notification_03.wav,oculus_audio_pack,baseline,high,checked,23608,1,44100,9580,3bb0f950d741551d936d456bd695b975802f346c6d55f2d2f064975d1e8023e4,d270669471806a44,7,True,0.049051471,0.0503439137,0.05048656034,0.535328798185941,2.0777478397153506,10913.613542516208
oculus_audio_pack/ui_notification_03.wav,oculus_audio_pack,candidate,high,checked,23608,1,44100,9580,3bb0f950d741551d936d456bd695b975802f346c6d55f2d2f064975d1e8023e4,d270669471806a44,7,True,0.048603398,0.051507329399999996,0.05224031388,0.535328798185941,2.0587681294476448,11014.225758164914
oculus_audio_pack/ui_notification_03.wav,oculus_audio_pack,baseline,medium,checked,23608,1,44100,7298,19b3a0c2118eb2718ab70150a5898c62ba48b389f4957bd61da7d26de88e9591,ed7cae68d4b72207,7,True,0.04833285,0.049503563,0.0496131878,0.535328798185941,2.0473081158929176,11075.878997119788
oculus_audio_pack/ui_notification_03.wav,oculus_audio_pack,candidate,medium,checked,23608,1,44100,7298,19b3a0c2118eb2718ab70150a5898c62ba48b389f4957bd61da7d26de88e9591,ed7cae68d4b72207,7,True,0.04898,0.052036137399999995,0.052613121879999995,0.535328798185941,2.0747204337512706,10929.538550141711
oculus_audio_pack/ui_notification_03.wav,oculus_audio_pack,baseline,low,checked,23608,1,44100,7252,408fd5d4f2426448d6d5f9f599b9d562c2bda78f198a89359c1c0832f89b5049,231b9b361aeabb4b,7,True,0.048524638,0.04983955,0.0499098004,0.535328798185941,2.0554319722128094,11032.102870833185
oculus_audio_pack/ui_notification_03.wav,oculus_audio_pack,candidate,low,checked,23608,1,44100,7252,408fd5d4f2426448d6d5f9f599b9d562c2bda78f198a89359c1c0832f89b5049,231b9b361aeabb4b,7,True,0.047937799,0.048612669799999994,0.048617679559999995,0.535328798185941,2.0305743392070488,11167.154298968566
oculus_audio_pack/ui_notification_03.wav,oculus_audio_pack,reference,default,qoa,23608,1,44100,9576,b25903213e609de3a70353c0b48cbad37d3f01f3ded1921010e3fe8d36346f69,d270669471806a44,7,True,0.05225625,0.0533754257,0.05340146834,0.535328798185941,2.213497543205693,10244.30184305114
oculus_audio_pack/ui_powerup_01.wav,oculus_audio_pack,baseline,high,checked,75323,1,44100,30508,380a866c6eb843e15e636ddd61db4a19eda1e726afccc1c12c438aae74b2f3a9,4c2211f95a640cf8,7,True,0.156923438,0.19478577369999997,0.20634715473999998,1.7080045351473923,2.0833402546366977,10884.317581337928
oculus_audio_pack/ui_powerup_01.wav,oculus_audio_pack,candidate,high,checked,75323,1,44100,30508,380a866c6eb843e15e636ddd61db4a19eda1e726afccc1c12c438aae74b2f3a9,4c2211f95a640cf8,7,True,0.150629851,0.1573155051,0.15899198981999998,1.7080045351473923,1.9997856033349706,11339.084011623912
oculus_audio_pack/ui_powerup_01.wav,oculus_audio_pack,baseline,medium,checked,75323,1,44100,23692,efe240324a1542d574178c93ea1788f1977a6fec7457d883b88ebdb4b89b5a6e,6769c25524f4dbb8,7,True,0.155647692,0.19089142839999998,0.20183706087999997,1.7080045351473923,2.066403250003319,10973.529470307803
oculus_audio_pack/ui_powerup_01.wav,oculus_audio_pack,candidate,medium,checked,75323,1,44100,23692,efe240324a1542d574178c93ea1788f1977a6fec7457d883b88ebdb4b89b5a6e,6769c25524f4dbb8,7,True,0.154895385,0.18712994379999998,0.19652089035999998,1.7080045351473923,2.0564155038965524,11026.826494200537
oculus_audio_pack/ui_powerup_01.wav,oculus_audio_pack,baseline,low,checked,75323,1,44100,23058,84de24b34cc6cb629816f21b77a3e4549909e1212284f8cb9344c9328dee4982,493596f473125343,7,True,0.151076119,0.1554136155,0.1559725695,1.7080045351473923,2.005710327522802,11305.589172219814
oculus_audio_pack/ui_powerup_01.wav,oculus_audio_pack,candidate,low,checked,75323,1,44100,23058,84de24b34cc6cb629816f21b77a3e4549909e1212284f8cb9344c9328dee4982,493596f473125343,7,True,0.151880303,0.15650967799999999,0.15704943559999998,1.7080045351473923,2.0163868008443635,11245.72773039169
oculus_audio_pack/ui_powerup_01.wav,oculus_audio_pack,reference,default,qoa,75323,1,44100,30504,f451b3a0fc447d2806a6f773789eecd5b781c56f19896d3e7fbc8b69f60b8805,4c2211f95a640cf8,7,True,0.163422581,0.1671389754,0.16728779508,1.7080045351473923,2.16962389973846,10451.459796412053
oculus_audio_pack/ui_scifi_traditional_confirm.wav,oculus_audio_pack,baseline,high,checked,28205,1,44100,11444,07c1d1ea0173597cab309c32c7b9ba6ca00dbea57587a243322ef7e435317d6a,fe7c15d37e9ed3d2,7,True,0.05758046,0.0580968487,0.05822030014,0.6395691609977324,2.041498315901436,11107.399298264245
oculus_audio_pack/ui_scifi_traditional_confirm.wav,oculus_audio_pack,candidate,high,checked,28205,1,44100,11444,07c1d1ea0173597cab309c32c7b9ba6ca00dbea57587a243322ef7e435317d6a,fe7c15d37e9ed3d2,7,True,0.057755747,0.0606654004,0.06150390328,0.6395691609977324,2.0477130650593867,11073.68866682189
oculus_audio_pack/ui_scifi_traditional_confirm.wav,oculus_audio_pack,baseline,medium,checked,28205,1,44100,8728,cbb12de9b611c6bbce0473b49ce175667c8da8137b894efcf7fc9372bbcde4d6,7c7688529fe44fe7,7,True,0.057260571,0.0634494264,0.06496788528,0.6395691609977324,2.030156745257933,11169.451331488335
oculus_audio_pack/ui_scifi_traditional_confirm.wav,oculus_audio_pack,candidate,medium,checked,28205,1,44100,8728,cbb12de9b611c6bbce0473b49ce175667c8da8137b894efcf7fc9372bbcde4d6,7c7688529fe44fe7,7,True,0.057845087,0.0591070965,0.0592462713,0.6395691609977324,2.05088058854813,11056.585687177416
oculus_audio_pack/ui_scifi_traditional_confirm.wav,oculus_audio_pack,baseline,low,checked,28205,1,44100,9134,c028e1fca57378c8f88a94c3067ea6359e553f4a09238bc65b0b0fc71a3952b0,7ecdfb462c7d5c89,7,True,0.056120112,0.0583320226,0.05867038132,0.6395691609977324,1.9897221060095729,11396.43415176599
oculus_audio_pack/ui_scifi_traditional_confirm.wav,oculus_audio_pack,candidate,low,checked,28205,1,44100,9134,c028e1fca57378c8f88a94c3067ea6359e553f4a09238bc65b0b0fc71a3952b0,7ecdfb462c7d5c89,7,True,0.058148256,0.0605459767,0.06074240734,0.6395691609977324,2.061629356497075,10998.939693010438
oculus_audio_pack/ui_scifi_traditional_confirm.wav,oculus_audio_pack,reference,default,qoa,28205,1,44100,11440,52557234a1631a8dec2e66c57088ff5c56b3e754227520ab5a625457b23c9e1a,fe7c15d37e9ed3d2,7,True,0.063317722,0.0706570208,0.07145254736000001,0.6395691609977324,2.24491125686935,10100.950267884438
oculus_audio_pack/ui_wood_error.wav,oculus_audio_pack,baseline,high,checked,17704,1,44100,7196,4cfc600768735b8099f5f3dbc0c54830d1686eec7e7fbbc7d467623276372d7c,24f22cdbae48cc42,7,True,0.036267391,0.0391289804,0.03992307608,0.4014512471655329,2.0485421938544963,11069.206692191696
oculus_audio_pack/ui_wood_error.wav,oculus_audio_pack,candidate,high,checked,17704,1,44100,7196,4cfc600768735b8099f5f3dbc0c54830d1686eec7e7fbbc7d467623276372d7c,24f22cdbae48cc42,7,True,0.037054074,0.04788162319999999,0.051522991039999994,0.4014512471655329,2.0929775192046995,10834.199963154737
oculus_audio_pack/ui_wood_error.wav,oculus_audio_pack,baseline,medium,checked,17704,1,44100,5466,7440148a783feda38b546633d4d7d1865ace55b6a465722dff84bda7c7901dcf,bb2da77ecb6820c3,7,True,0.036823897,0.038184531099999995,0.03853049662,0.4014512471655329,2.079976107094442,10901.92184617323
oculus_audio_pack/ui_wood_error.wav,oculus_audio_pack,candidate,medium,checked,17704,1,44100,5466,7440148a783feda38b546633d4d7d1865ace55b6a465722dff84bda7c7901dcf,bb2da77ecb6820c3,7,True,0.036753846,0.04168214889999999,0.04321608178,0.4014512471655329,2.0760193176683233,10922.700366256442
oculus_audio_pack/ui_wood_error.wav,oculus_audio_pack,baseline,low,checked,17704,1,44100,5458,7dbe545ffcfe97b0701a8b574129750bf6c5977840eb12e626b371bf2c9c4666,e9a57d8cab4eecd9,7,True,0.036153791,0.038024653199999994,0.038373053039999994,0.4014512471655329,2.042125564844103,11103.987605768172
oculus_audio_pack/ui_wood_error.wav,oculus_audio_pack,candidate,low,checked,17704,1,44100,5458,7dbe545ffcfe97b0701a8b574129750bf6c5977840eb12e626b371bf2c9c4666,e9a57d8cab4eecd9,7,True,0.036386909,0.0370202581,0.03702087802,0.4014512471655329,2.055293097605061,11032.848301721173
oculus_audio_pack/ui_wood_error.wav,oculus_audio_pack,reference,default,qoa,17704,1,44100,7192,363d72a5ca7d2888088d6d3fc9aba858e2350481fab78ed95228c69852358003,24f22cdbae48cc42,7,True,0.039692857,0.040937573,0.0412784234,0.4014512471655329,2.242027620876638,10113.941840103193
oculus_audio_pack/voice_animal_duck_01.wav,oculus_audio_pack,baseline,high,checked,107949,1,44100,43724,3577d7150cffca2fb5df76a4bfed2514e4166dea55c45dc5351337d9ba44417e,9196fcb79fc25962,7,True,0.219497826,0.22094500009999998,0.22100813041999998,2.4478231292517005,2.0333474696384406,11151.924253006955
oculus_audio_pack/voice_animal_duck_01.wav,oculus_audio_pack,candidate,high,checked,107949,1,44100,43724,3577d7150cffca2fb5df76a4bfed2514e4166dea55c45dc5351337d9ba44417e,9196fcb79fc25962,7,True,0.217771739,0.2233333337,0.22345600034,2.4478231292517005,2.0173576318446673,11240.315848567021
oculus_audio_pack/voice_animal_duck_01.wav,oculus_audio_pack,baseline,medium,checked,107949,1,44100,33274,c6867a198ff4fbcfbf929f2a9f80c375689b7f5fc3fa9ae50ffb608810df00b7,88fbec429fed5315,7,True,0.219684783,0.2275845607,0.22767145774,2.4478231292517005,2.0350793708139956,11142.433698977233
oculus_audio_pack/voice_animal_duck_01.wav,oculus_audio_pack,candidate,medium,checked,107949,1,44100,33274,c6867a198ff4fbcfbf929f2a9f80c375689b7f5fc3fa9ae50ffb608810df00b7,88fbec429fed5315,7,True,0.22188913,0.2260564443,0.22626017766,2.4478231292517005,2.0554996340864666,11031.739721777722
oculus_audio_pack/voice_animal_duck_01.wav,oculus_audio_pack,baseline,low,checked,107949,1,44100,32928,0b587ec8e162143b708fba973508d26965aad11abca1ffb76ed06c39fa35d868,9a8df9b654286be3,7,True,0.214914894,0.2272259244,0.22804700328,2.4478231292517005,1.9908928660756469,11389.73238984405
oculus_audio_pack/voice_animal_duck_01.wav,oculus_audio_pack,candidate,low,checked,107949,1,44100,32928,0b587ec8e162143b708fba973508d26965aad11abca1ffb76ed06c39fa35d868,9a8df9b654286be3,7,True,0.219671739,0.2281210756,0.22922239672,2.4478231292517005,2.0349585359753215,11143.09533121919
oculus_audio_pack/voice_animal_duck_01.wav,oculus_audio_pack,reference,default,qoa,107949,1,44100,43720,5934ec666f4e7ff5e86a64def2e6ea4bb3ab2eb6e9195afe570c6890af94f3b9,9196fcb79fc25962,7,True,0.243428571,0.2575410065,0.2601256373,2.4478231292517005,2.2550331267543005,10055.611464160058
oculus_audio_pack/voice_animal_sheep_01.wav,oculus_audio_pack,baseline,high,checked,42336,1,44100,17164,0614984c71adf493d40bc057f89dc7da81ceb0d8ff6bd3d3a78c781f97ae5304,c632dca57b826648,7,True,0.087026957,0.0876509562,0.08766723444,0.96,2.055625401549509,11031.064776859886
oculus_audio_pack/voice_animal_sheep_01.wav,oculus_audio_pack,candidate,high,checked,42336,1,44100,17164,0614984c71adf493d40bc057f89dc7da81ceb0d8ff6bd3d3a78c781f97ae5304,c632dca57b826648,7,True,0.087782456,0.0917903399,0.09274399358,0.96,2.0734707105064247,10936.126006772925
oculus_audio_pack/voice_animal_sheep_01.wav,oculus_audio_pack,baseline,medium,checked,42336,1,44100,13224,b33d31b649028bc4b155888200940a2e482683a946295eb99458e8506e82fc60,f0c50f17a17fab01,7,True,0.086893966,0.0888564604,0.08889766408000001,0.96,2.0524840797430084,11047.947794211625
oculus_audio_pack/voice_animal_sheep_01.wav,oculus_audio_pack,candidate,medium,checked,42336,1,44100,13224,b33d31b649028bc4b155888200940a2e482683a946295eb99458e8506e82fc60,f0c50f17a17fab01,7,True,0.086020513,0.08919555950000001,0.08951554070000001,0.96,2.03185263133031,11160.128747430277
oculus_audio_pack/voice_animal_sheep_01.wav,oculus_audio_pack,baseline,low,checked,42336,1,44100,13002,011b6123f52ac031015414834fdce5559a53e13439e1e83d0f11837148c2d643,b6349edfe8d21c6c,7,True,0.085483761,0.08655681059999999,0.08656860372,0.96,2.019174248866213,11230.203125948095
oculus_audio_pack/voice_animal_sheep_01.wav,oculus_audio_pack,candidate,low,checked,42336,1,44100,13002,011b6123f52ac031015414834fdce5559a53e13439e1e83d0f11837148c2d643,b6349edfe8d21c6c,7,True,0.085691453,0.08701333,0.08713553560000001,0.96,2.0240800500755856,11202.984269621382
oculus_audio_pack/voice_animal_sheep_01.wav,oculus_audio_pack,reference,default,qoa,42336,1,44100,17160,28933013b3bc421623c920178bf667b4852083efbe39ea8c0bd42a2b1155b3bf,c632dca57b826648,7,True,0.093000926,0.09481603770000001,0.09495415074,0.96,2.1967338907785336,10322.47786436019
oculus_audio_pack/voice_evil_laugh_02.wav,oculus_audio_pack,baseline,high,checked,113866,1,44100,46116,2695b4deb0207b227aa954fb8155e6f482c70a064bbf8c152e065f2a402616ac,223f706ab7b11e40,7,True,0.234548837,0.2358723256,0.23615306991999999,2.5819954648526076,2.05986718599055,11008.349040982914
oculus_audio_pack/voice_evil_laugh_02.wav,oculus_audio_pack,candidate,high,checked,113866,1,44100,46116,2695b4deb0207b227aa954fb8155e6f482c70a064bbf8c152e065f2a402616ac,223f706ab7b11e40,7,True,0.23632093,0.2417152328,0.24303447536,2.5819954648526076,2.075430154743295,10925.801048822072
oculus_audio_pack/voice_evil_laugh_02.wav,oculus_audio_pack,baseline,medium,checked,113866,1,44100,34998,3330c04b69e702169b633c64a97f3a8cd1c069b5a007e9a6d39269a4f3c61246,864807b25110a965,7,True,0.234039535,0.24116476769999998,0.24241009674,2.5819954648526076,2.0553943670630392,11032.304712332503
oculus_audio_pack/voice_evil_laugh_02.wav,oculus_audio_pack,candidate,medium,checked,113866,1,44100,34998,3330c04b69e702169b633c64a97f3a8cd1c069b5a007e9a6d39269a4f3c61246,864807b25110a965,7,True,0.234265116,0.2361006977,0.23618386034,2.5819954648526076,2.057375476437216,11021.681370830336
oculus_audio_pack/voice_evil_laugh_02.wav,oculus_audio_pack,baseline,low,checked,113866,1,44100,34728,30156b5d095c4954d9cbede7a9e1cb272881cd3bebf5e333b8dbfa003992b6d3,46c4d8d15c11931c,7,True,0.232669767,0.23905674389999998,0.24111420558,2.5819954648526076,2.0433647181775068,11097.253838108703
oculus_audio_pack/voice_evil_laugh_02.wav,oculus_audio_pack,candidate,low,checked,113866,1,44100,34728,30156b5d095c4954d9cbede7a9e1cb272881cd3bebf5e333b8dbfa003992b6d3,46c4d8d15c11931c,7,True,0.230413636,0.23922682180000002,0.24104917396,2.5819954648526076,2.023550805332584,11205.914327277955
oculus_audio_pack/voice_evil_laugh_02.wav,oculus_audio_pack,reference,default,qoa,113866,1,44100,46112,0b4cc6fab759be646ee84baba387ade19492ca44e87d03a907f4aa7135bedc9d,223f706ab7b11e40,7,True,0.2529575,0.2598058975,0.26015605150000004,2.5819954648526076,2.221536718599055,10207.23032466959
oculus_audio_pack/voice_horse_neigh_01.wav,oculus_audio_pack,baseline,high,checked,70974,1,44100,28740,05f94ccc14c0cf0832dadb6f2d8162a2d31f54ea125c07220c4af4ef6446458a,9d61b7ea265215db,7,True,0.14492,0.1485100003,0.14885729445999998,1.6093877551020408,2.0418744892495844,11105.352988559487
oculus_audio_pack/voice_horse_neigh_01.wav,oculus_audio_pack,candidate,high,checked,70974,1,44100,28740,05f94ccc14c0cf0832dadb6f2d8162a2d31f54ea125c07220c4af4ef6446458a,9d61b7ea265215db,7,True,0.144542857,0.1485302941,0.14856841161999998,1.6093877551020408,2.0365606701045453,11134.3292121453
oculus_audio_pack/voice_horse_neigh_01.wav,oculus_audio_pack,baseline,medium,checked,70974,1,44100,22408,043523b9f2a65057257fa0299cbdd1d8fae5208710ab8d29ed93e72cbe184ae4,6552dca69a5bd4f2,7,True,0.146534783,0.1534806774,0.15465921228,1.6093877551020408,2.064626243413081,10982.974295611717
oculus_audio_pack/voice_horse_neigh_01.wav,oculus_audio_pack,candidate,medium,checked,70974,1,44100,22408,043523b9f2a65057257fa0299cbdd1d8fae5208710ab8d29ed93e72cbe184ae4,6552dca69a5bd4f2,7,True,0.146462319,0.1504285074,0.15052629828,1.6093877551020408,2.0636052498097897,10988.408254699563
oculus_audio_pack/voice_horse_neigh_01.wav,oculus_audio_pack,baseline,low,checked,70974,1,44100,21676,4912c7f0b3256b09e3e0ea52de7552dfe768e8e264b3ac44ab3ece18e82edf0b,cf088aeb5a1ae439,7,True,0.142078873,0.1505670518,0.15277159195999998,1.6093877551020408,2.0018439569419786,11327.424838892413
oculus_audio_pack/voice_horse_neigh_01.wav,oculus_audio_pack,candidate,low,checked,70974,1,44100,21676,4912c7f0b3256b09e3e0ea52de7552dfe768e8e264b3ac44ab3ece18e82edf0b,cf088aeb5a1ae439,7,True,0.142377465,0.14642304379999999,0.14679069596,1.6093877551020408,2.0060510186828977,11303.669124197713
oculus_audio_pack/voice_horse_neigh_01.wav,oculus_audio_pack,reference,default,qoa,70974,1,44100,28736,76f890503aabc2d32c4796688f8ab9c75c3c1e8f9f78dbbc3a626db463de2c76,9d61b7ea265215db,7,True,0.155076923,0.1635272987,0.16472250854,1.6093877551020408,2.1849821483923693,10377.99644181772
oculus_audio_pack/voice_male_breathing_01.wav,oculus_audio_pack,baseline,high,checked,478758,1,44100,193772,19488a9ab8de2bdbd9146a55992b09e1c620531854b5ea488a04e227369979a9,187bc49cbe8b16b7,7,True,0.964727273,0.9901627273,0.99179254546,10.856190476190477,2.0150624595307023,11253.118658531463
oculus_audio_pack/voice_male_breathing_01.wav,oculus_audio_pack,candidate,high,checked,478758,1,44100,193772,19488a9ab8de2bdbd9146a55992b09e1c620531854b5ea488a04e227369979a9,187bc49cbe8b16b7,7,True,0.955145455,0.9916118185,0.9933987277,10.856190476190477,1.9950485527134796,11366.007574407058
oculus_audio_pack/voice_male_breathing_01.wav,oculus_audio_pack,baseline,medium,checked,478758,1,44100,149184,61a4adc822f58204dad883e82170ac4ab96902959fa23bd00ed4c2d8d0496fe3,d1140bf3891e62ce,7,True,0.963745455,0.9992834545999999,1.00540869092,10.856190476190477,2.0130116990212175,11264.582800227554
oculus_audio_pack/voice_male_breathing_01.wav,oculus_audio_pack,candidate,medium,checked,478758,1,44100,149184,61a4adc822f58204dad883e82170ac4ab96902959fa23bd00ed4c2d8d0496fe3,d1140bf3891e62ce,7,True,0.961336364,1.040885,1.048337,10.856190476190477,2.007979739241955,11292.811634649115
oculus_audio_pack/voice_male_breathing_01.wav,oculus_audio_pack,baseline,low,checked,478758,1,44100,150032,aedd62ccec2ee7099b26c60536045d52d6a26dac7a4a0abbe3c9d44db77ecd2a,00779162fc84097e,7,True,0.951518182,0.9790563634,0.9846767270800001,10.856190476190477,1.9874721299696299,11409.335818861397
oculus_audio_pack/voice_male_breathing_01.wav,oculus_audio_pack,candidate,low,checked,478758,1,44100,150032,aedd62ccec2ee7099b26c60536045d52d6a26dac7a4a0abbe3c9d44db77ecd2a,00779162fc84097e,7,True,0.953645455,1.0701436364999999,1.1049087272999998,10.856190476190477,1.991915445799339,11383.885299584925
oculus_audio_pack/voice_male_breathing_01.wav,oculus_audio_pack,reference,default,qoa,478758,1,44100,193768,b00c92503951df2256902d4da1c1d288a18bc29cabc1feb0e78d8e7f0e2c0f7d,187bc49cbe8b16b7,7,True,1.05456,1.1023037777,1.11230964434,10.856190476190477,2.2026994849172232,10294.521389195947
oculus_audio_pack/voice_male_scream_01.wav,oculus_audio_pack,baseline,high,checked,46245,1,44100,18756,478c56417f704756a22d77a8cb2f14582c919ade00960469380b882c18ad9274,bfb6973c6a6f5d75,7,True,0.094423585,0.0964852993,0.09687013666,1.0486394557823129,2.041811763433885,11105.694152391192
oculus_audio_pack/voice_male_scream_01.wav,oculus_audio_pack,candidate,high,checked,46245,1,44100,18756,478c56417f704756a22d77a8cb2f14582c919ade00960469380b882c18ad9274,bfb6973c6a6f5d75,7,True,0.094593396,0.09632140139999999,0.09659812668,1.0486394557823129,2.045483749594551,11085.75757003494
oculus_audio_pack/voice_male_scream_01.wav,oculus_audio_pack,baseline,medium,checked,46245,1,44100,14748,e42cf9a5dd1905b243549f02b5a405240c3c2c48deb16d93be89175efa0d0be5,c9bfa680c873cb96,7,True,0.096943269,0.0977909025,0.09799582770000001,1.0486394557823129,2.0962973078170615,10817.042447602142
oculus_audio_pack/voice_male_scream_01.wav,oculus_audio_pack,candidate,medium,checked,46245,1,44100,14748,e42cf9a5dd1905b243549f02b5a405240c3c2c48deb16d93be89175efa0d0be5,c9bfa680c873cb96,7,True,0.096267308,0.09899641499999999,0.0992899758,1.0486394557823129,2.081680354632933,10892.996569326659
oculus_audio_pack/voice_male_scream_01.wav,oculus_audio_pack,baseline,low,checked,46245,1,44100,14130,623d941cceb83722a080fb2df09d3d3c4399c8d38ef872bddf7fc307db8cb2a0,d2ac241fb6f8d588,7,True,0.093187037,0.0973620274,0.09783978388,1.0486394557823129,2.0150726997513244,11253.06147229805
oculus_audio_pack/voice_male_scream_01.wav,oculus_audio_pack,candidate,low,checked,46245,1,44100,14130,623d941cceb83722a080fb2df09d3d3c4399c8d38ef872bddf7fc307db8cb2a0,d2ac241fb6f8d588,7,True,0.093394444,0.09432310590000001,0.09434160198000001,1.0486394557823129,2.019557660287598,11228.07108078413
oculus_audio_pack/voice_male_scream_01.wav,oculus_audio_pack,reference,default,qoa,46245,1,44100,18752,889b70677e4117f6b570798b0ac7dc8f09c8ffe002505e0fa6fd96fdd549343c,bfb6973c6a6f5d75,7,True,0.100138,0.1049492711,0.10528781342,1.0486394557823129,2.165380041085523,10471.943276102107
sqam/01_sine_wave_1khz_20db_10db_0db_mono.wav,sqam,baseline,high,checked,4498200,2,44100,3633732,88c7bc4225f385bb2bb9c74e57f3183353ee2b05e570c6b779edb8cda994aacb,f5938e8ddbb80da3,7,True,22.7328,33.398469999999996,35.181934,102.0,2.5268774176337203,4486.908783783783
sqam/01_sine_wave_1khz_20db_10db_0db_mono.wav,sqam,candidate,high,checked,4498200,2,44100,3633732,88c7bc4225f385bb2bb9c74e57f3183353ee2b05e570c6b779edb8cda994aacb,f5938e8ddbb80da3,7,True,23.0201,31.092099999999995,33.155379999999994,102.0,2.558812413854431,4430.910378321554
sqam/01_sine_wave_1khz_20db_10db_0db_mono.wav,sqam,baseline,medium,checked,4498200,2,44100,2734936,4266aada5b02e41621913b87b6d19026706eb665ccbb471f67065bfe136d84aa,d0d9aac5c9ed9441,7,True,23.0386,29.061559999999993,30.968791999999993,102.0,2.5608687919612287,4427.352356479994
sqam/01_sine_wave_1khz_20db_10db_0db_mono.wav,sqam,candidate,medium,checked,4498200,2,44100,2734936,4266aada5b02e41621913b87b6d19026706eb665ccbb471f67065bfe136d84aa,d0d9aac5c9ed9441,7,True,22.9404,23.94664,24.064048,102.0,2.549953314659197,4446.304336454465
sqam/01_sine_wave_1khz_20db_10db_0db_mono.wav,sqam,baseline,low,checked,4498200,2,44100,2734248,0ec8c00b91acc5cf70ce1f5a1a0180ed885cbfdd494cb52a1983e85add2f0767,53ec3f6a15c09919,7,True,22.877,26.403699999999997,27.222579999999997,102.0,2.5429060513094126,4458.626568168904
sqam/01_sine_wave_1khz_20db_10db_0db_mono.wav,sqam,candidate,low,checked,4498200,2,44100,2734248,0ec8c00b91acc5cf70ce1f5a1a0180ed885cbfdd494cb52a1983e85add2f0767,53ec3f6a15c09919,7,True,23.5003,31.322269999999996,32.024533999999996,102.0,2.6121893201725133,4340.370122934601
sqam/01_sine_wave_1khz_20db_10db_0db_mono.wav,sqam,reference,default,qoa,4498200,2,44100,3633728,fa76eebf280a483d6555e5f00279cb3971a6c7a8170514039b868e9143a6af9a,f5938e8ddbb80da3,7,True,28.5015,31.79387,32.368934,102.0,3.1681005735627585,3578.759012683543
sqam/02_band_limited_pink_noise_stereo.wav,sqam,baseline,high,checked,2160900,2,44100,1745652,a2ff370304dd9569d55aafa83f9779769765bf2cd20efcc6387e759675d6cfa5,aaafc3cc42e40936,7,True,13.4296,16.248269999999998,16.510854,49.0,3.107408949974548,3648.656698635849
sqam/02_band_limited_pink_noise_stereo.wav,sqam,candidate,high,checked,2160900,2,44100,1745652,a2ff370304dd9569d55aafa83f9779769765bf2cd20efcc6387e759675d6cfa5,aaafc3cc42e40936,7,True,13.3854,17.38921,17.732962,49.0,3.0971817298347912,3660.704947181257
sqam/02_band_limited_pink_noise_stereo.wav,sqam,baseline,medium,checked,2160900,2,44100,1313472,bfd6ec6ef488c6b3bc407d5e8c91c244f31da4a2b93beb7c714b872dcbf066ba,33da03a04633e85b,7,True,12.0387,14.11526,14.648492,49.0,2.7855754546716645,4070.2069160291394
sqam/02_band_limited_pink_noise_stereo.wav,sqam,candidate,medium,checked,2160900,2,44100,1313472,bfd6ec6ef488c6b3bc407d5e8c91c244f31da4a2b93beb7c714b872dcbf066ba,33da03a04633e85b,7,True,12.3195,16.51494,16.617708,49.0,2.8505483826183533,3977.4341491131945
sqam/02_band_limited_pink_noise_stereo.wav,sqam,baseline,low,checked,2160900,2,44100,1313472,bfd6ec6ef488c6b3bc407d5e8c91c244f31da4a2b93beb7c714b872dcbf066ba,33da03a04633e85b,7,True,13.1148,17.00658,17.516195999999997,49.0,3.0345689296126612,3736.236923170769
sqam/02_band_limited_pink_noise_stereo.wav,sqam,candidate,low,checked,2160900,2,44100,1313472,bfd6ec6ef488c6b3bc407d5e8c91c244f31da4a2b93beb7c714b872dcbf066ba,33da03a04633e85b,7,True,11.4158,15.800689999999996,16.933897999999996,49.0,2.641445693923828,4292.296641496872
sqam/02_band_limited_pink_noise_stereo.wav,sqam,reference,default,qoa,2160900,2,44100,1745648,d5340fed99a26d1c67df2dbd3c97821293f62ea975d37826e45ab2635e14d965,aaafc3cc42e40936,7,True,14.0796,18.015639999999998,19.030167999999996,49.0,3.2578092461474384,3480.2125060371036
sqam/03_electronic_gong_100hz_mono.wav,sqam,baseline,high,checked,1190700,2,44100,961892,27bc7e9bb98080c795cc8ccfd757ee93792a6d7c93b9d62874d652798fda0b7c,67a029d1846c5321,7,True,6.78115,8.341595,8.355718999999999,27.0,2.8475476610397243,3981.6255354917676
sqam/03_electronic_gong_100hz_mono.wav,sqam,candidate,high,checked,1190700,2,44100,961892,27bc7e9bb98080c795cc8ccfd757ee93792a6d7c93b9d62874d652798fda0b7c,67a029d1846c5321,7,True,7.1214,10.98377,11.018594,27.0,2.9904257999496093,3791.389333558008
sqam/03_electronic_gong_100hz_mono.wav,sqam,baseline,medium,checked,1190700,2,44100,723752,c2d27d5ae9aa5c126c1e0e26376b9029316c5079d9d63d33cda372fbd4f50ad8,df0a4bea14da60e9,7,True,7.07515,9.390994999999998,9.918118999999997,27.0,2.9710044511631812,3816.1735086888616
sqam/03_electronic_gong_100hz_mono.wav,sqam,candidate,medium,checked,1190700,2,44100,723752,c2d27d5ae9aa5c126c1e0e26376b9029316c5079d9d63d33cda372fbd4f50ad8,df0a4bea14da60e9,7,True,6.7644,8.333045,8.397929,27.0,2.8405139833711264,3991.484832357637
sqam/03_electronic_gong_100hz_mono.wav,sqam,baseline,low,checked,1190700,2,44100,723752,c2d27d5ae9aa5c126c1e0e26376b9029316c5079d9d63d33cda372fbd4f50ad8,df0a4bea14da60e9,7,True,6.88935,7.410329999999999,7.540266,27.0,2.8929831191735955,3919.092512356028
sqam/03_electronic_gong_100hz_mono.wav,sqam,candidate,low,checked,1190700,2,44100,723752,c2d27d5ae9aa5c126c1e0e26376b9029316c5079d9d63d33cda372fbd4f50ad8,df0a4bea14da60e9,7,True,6.93675,10.08349,10.119058,27.0,2.9128873771730914,3892.312682452157
sqam/03_electronic_gong_100hz_mono.wav,sqam,reference,default,qoa,1190700,2,44100,961888,e5e31dc95fee8e013bf39b023417c2f74c545be85b720b270b5b2c2e7f7af3d5,67a029d1846c5321,7,True,8.649,12.4255,12.84646,27.0,3.631897203325775,3121.748178980229
sqam/04_electronic_gong_400hz_mono.wav,sqam,baseline,high,checked,1190700,2,44100,961892,d81117b27a07b098829a928c6026c1fbc3d1aeb0024e4c505e0e4dc9e3394e60,75acfa1648e917ae,7,True,6.28905,6.65072,6.657704,27.0,2.640904509952129,4293.176234884442
sqam/04_electronic_gong_400hz_mono.wav,sqam,candidate,high,checked,1190700,2,44100,961892,d81117b27a07b098829a928c6026c1fbc3d1aeb0024e4c505e0e4dc9e3394e60,75acfa1648e917ae,7,True,6.61035,8.888139999999998,9.107187999999999,27.0,2.7758251448727638,4084.5038462411217
sqam/04_electronic_gong_400hz_mono.wav,sqam,baseline,medium,checked,1190700,2,44100,723752,e4830f7336a79c2cc9d697e12933c477d04ec58206f03265ed136130ed3f617c,b0d5b0df656a6264,7,True,6.6584,8.026205,8.109041,27.0,2.7960023515579073,4055.028235011414
sqam/04_electronic_gong_400hz_mono.wav,sqam,candidate,medium,checked,1190700,2,44100,723752,e4830f7336a79c2cc9d697e12933c477d04ec58206f03265ed136130ed3f617c,b0d5b0df656a6264,7,True,6.2964,7.134109999999999,7.4116219999999995,27.0,2.6439909297052155,4288.164665523156
sqam/04_electronic_gong_400hz_mono.wav,sqam,baseline,low,checked,1190700,2,44100,723752,e4830f7336a79c2cc9d697e12933c477d04ec58206f03265ed136130ed3f617c,b0d5b0df656a6264,7,True,6.25325,6.959264999999999,7.092573,27.0,2.6258713361887964,4317.754767520889
sqam/04_electronic_gong_400hz_mono.wav,sqam,candidate,low,checked,1190700,2,44100,723752,e4830f7336a79c2cc9d697e12933c477d04ec58206f03265ed136130ed3f617c,b0d5b0df656a6264,7,True,6.38495,7.57982,7.870723999999999,27.0,2.681174939111447,4228.694038324497
sqam/04_electronic_gong_400hz_mono.wav,sqam,reference,default,qoa,1190700,2,44100,961888,a71edcc1b708fa305fc9c814de0037f69daf31bd1e5d18baaf9412eb71ada496,75acfa1648e917ae,7,True,7.82285,9.089955,9.251510999999999,27.0,3.2849794238683128,3451.427548783372
sqam/05_electronic_gong_5khz_mono.wav,sqam,baseline,high,checked,1234800,2,44100,997532,d8fccbc824c2b287f0acc648870f9f6b11affd0dccd1d2472fcacfe92d16aa5e,97646c0f3d332a93,7,True,6.25795,6.741935,6.874547,28.0,2.5339933592484614,4474.308679359854
sqam/05_electronic_gong_5khz_mono.wav,sqam,candidate,high,checked,1234800,2,44100,997532,d8fccbc824c2b287f0acc648870f9f6b11affd0dccd1d2472fcacfe92d16aa5e,97646c0f3d332a93,7,True,6.29135,6.677715,6.782343,28.0,2.5475178166504695,4450.5551272779285
sqam/05_electronic_gong_5khz_mono.wav,sqam,baseline,medium,checked,1234800,2,44100,752174,351e6335e300da701f4d3bcffc788b2d77b6dc5b73910bba02c235f1d28e847b,299fdbd0377d6817,7,True,6.37975,6.666755,6.756431,28.0,2.5833130871396177,4388.88671186175
sqam/05_electronic_gong_5khz_mono.wav,sqam,candidate,medium,checked,1234800,2,44100,752174,351e6335e300da701f4d3bcffc788b2d77b6dc5b73910bba02c235f1d28e847b,299fdbd0377d6817,7,True,6.3179,6.5781849999999995,6.582516999999999,28.0,2.5582685455134433,4431.852356004369
sqam/05_electronic_gong_5khz_mono.wav,sqam,baseline,low,checked,1234800,2,44100,751000,448e64f2d490bd29b2adf13a21d57f22f4fb2b88622e56c644aec5610f7c1792,89d6f7db9036eb4d,7,True,6.3706,6.56898,6.615876,28.0,2.5796080336896665,4395.190405927228
sqam/05_electronic_gong_5khz_mono.wav,sqam,candidate,low,checked,1234800,2,44100,751000,448e64f2d490bd29b2adf13a21d57f22f4fb2b88622e56c644aec5610f7c1792,89d6f7db9036eb4d,7,True,6.22995,6.397670000000001,6.402614000000001,28.0,2.5226554907677357,4494.4180932431245
sqam/05_electronic_gong_5khz_mono.wav,sqam,reference,default,qoa,1234800,2,44100,997528,3cfa1525e2e4e19b6f086d378db938f301644c9da8a45ff8f3b14f0cf6b713d4,97646c0f3d332a93,7,True,7.7647,8.715515,8.914823,28.0,3.144112406867509,3606.063337926771
sqam/06_electronic_gong_500hz_vibrato_mono.wav,sqam,baseline,high,checked,1014300,2,44100,819412,6426a7a9b7fae9f6896f317e712ddd47e3aba58924bb02ade88ff440a9141fb0,9d2fde9595a0cb5d,7,True,5.0838,5.460525,5.571585,23.0,2.5060632948831705,4524.174829851686
sqam/06_electronic_gong_500hz_vibrato_mono.wav,sqam,candidate,high,checked,1014300,2,44100,819412,6426a7a9b7fae9f6896f317e712ddd47e3aba58924bb02ade88ff440a9141fb0,9d2fde9595a0cb5d,7,True,5.0712,5.263145,5.266949,23.0,2.499852114758947,4535.415680706736
sqam/06_electronic_gong_500hz_vibrato_mono.wav,sqam,baseline,medium,checked,1014300,2,44100,616552,29035ad5e837c0ff17363a3cb8c2621a836e744b502c771079c97c02bd273574,bcc61a1240ad46d5,7,True,5.0732,5.240024999999999,5.283765,23.0,2.5008380163659667,4533.627690609477
sqam/06_electronic_gong_500hz_vibrato_mono.wav,sqam,candidate,medium,checked,1014300,2,44100,616552,29035ad5e837c0ff17363a3cb8c2621a836e744b502c771079c97c02bd273574,bcc61a1240ad46d5,7,True,5.1314,5.221395,5.2286790000000005,23.0,2.5295277531302376,4482.2075846747475
sqam/06_electronic_gong_500hz_vibrato_mono.wav,sqam,baseline,low,checked,1014300,2,44100,616552,29035ad5e837c0ff17363a3cb8c2621a836e744b502c771079c97c02bd273574,bcc61a1240ad46d5,7,True,4.9522,5.13154,5.150308,23.0,2.44119096914128,4644.400468478656
sqam/06_electronic_gong_500hz_vibrato_mono.wav,sqam,candidate,low,checked,1014300,2,44100,616552,29035ad5e837c0ff17363a3cb8c2621a836e744b502c771079c97c02bd273574,bcc61a1240ad46d5,7,True,5.025133333,5.23952,5.2699039999999995,23.0,2.4771435142462783,4576.992982247701
sqam/06_electronic_gong_500hz_vibrato_mono.wav,sqam,reference,default,qoa,1014300,2,44100,819408,9ee31c9b170ef33032c754632cdc45507c81bdd27abfc72464e3dde0aeb81509,9d2fde9595a0cb5d,7,True,6.38855,6.488295,6.493059,23.0,3.149240855762595,3600.1909666512743
sqam/07_electronic_tune_frere_jacques_mono.wav,sqam,baseline,high,checked,1543500,2,44100,1246892,0fdf8e60a8c0c9f82fa78a392427b12925a5bb4d429123d0fc4484b9b617b74d,30928a637715c8c6,7,True,7.3176,7.59083,7.636046,35.0,2.3704567541302235,4782.988958128349
sqam/07_electronic_tune_frere_jacques_mono.wav,sqam,candidate,high,checked,1543500,2,44100,1246892,0fdf8e60a8c0c9f82fa78a392427b12925a5bb4d429123d0fc4484b9b617b74d,30928a637715c8c6,7,True,7.41165,7.593215,7.610003,35.0,2.4009232264334304,4722.295305363853
sqam/07_electronic_tune_frere_jacques_mono.wav,sqam,baseline,medium,checked,1543500,2,44100,938192,257fb0a8e69464f2807afa45428ae3f4d56012bda2828878779bdd7d5926f6b7,4fdba8480ba0739a,7,True,7.32575,7.51958,7.530596,35.0,2.373096857790735,4777.667815582022
sqam/07_electronic_tune_frere_jacques_mono.wav,sqam,candidate,medium,checked,1543500,2,44100,938192,257fb0a8e69464f2807afa45428ae3f4d56012bda2828878779bdd7d5926f6b7,4fdba8480ba0739a,7,True,7.23055,7.7070099999999995,7.791802,35.0,2.3422578555231617,4840.57229394721
sqam/07_electronic_tune_frere_jacques_mono.wav,sqam,baseline,low,checked,1543500,2,44100,938192,257fb0a8e69464f2807afa45428ae3f4d56012bda2828878779bdd7d5926f6b7,4fdba8480ba0739a,7,True,7.28155,7.4532799999999995,7.477615999999999,35.0,2.3587787495950763,4806.668909778825
sqam/07_electronic_tune_frere_jacques_mono.wav,sqam,candidate,low,checked,1543500,2,44100,938192,257fb0a8e69464f2807afa45428ae3f4d56012bda2828878779bdd7d5926f6b7,4fdba8480ba0739a,7,True,7.28075,7.651025,7.746245,35.0,2.3585195983155165,4807.197060742368
sqam/07_electronic_tune_frere_jacques_mono.wav,sqam,reference,default,qoa,1543500,2,44100,1246888,3b667a85b331c29cf70d106717519d7e5cbe31aea17ec669fb66784fbee03633,30928a637715c8c6,7,True,9.40585,9.647734999999999,9.704027,35.0,3.0469225785552316,3721.0884715363313
sqam/08_violin_arpegio_melodious_phrase_stereo.wav,sqam,baseline,high,checked,3131100,2,44100,2529372,e76b506046b74e0189bbab276a16be24d1ab59b8899f67bd53267f24daa8a486,43a92cc0dad3181a,7,True,15.4929,15.68325,15.685049999999999,71.0,2.4740346842962535,4582.744353865319
sqam/08_violin_arpegio_melodious_phrase_stereo.wav,sqam,candidate,high,checked,3131100,2,44100,2529372,e76b506046b74e0189bbab276a16be24d1ab59b8899f67bd53267f24daa8a486,43a92cc0dad3181a,7,True,15.4481,15.98542,15.986284,71.0,2.4668806489732042,4596.03446378519
sqam/08_violin_arpegio_melodious_phrase_stereo.wav,sqam,baseline,medium,checked,3131100,2,44100,1905214,727c2faf89659c26aa62769b9e8f53c20f449cecbb559b91330e621671803ec6,e2af8a5da2621e6b,7,True,15.6947,15.91813,15.958186,71.0,2.5062597809076683,4523.820143105635
sqam/08_violin_arpegio_melodious_phrase_stereo.wav,sqam,candidate,medium,checked,3131100,2,44100,1905214,727c2faf89659c26aa62769b9e8f53c20f449cecbb559b91330e621671803ec6,e2af8a5da2621e6b,7,True,15.5042,17.47793,17.956466,71.0,2.475839161955862,4579.404290450329
sqam/08_violin_arpegio_melodious_phrase_stereo.wav,sqam,baseline,low,checked,3131100,2,44100,1903152,b3ca4e2ae255bfc0e442a49fde7113e1d8e3a9ab3d0b8033dd5756eea735c4f6,e9945ef734cb736a,7,True,15.3798,15.976619999999999,16.086924,71.0,2.455973938871323,4616.4449472684955
sqam/08_violin_arpegio_melodious_phrase_stereo.wav,sqam,candidate,low,checked,3131100,2,44100,1903152,b3ca4e2ae255bfc0e442a49fde7113e1d8e3a9ab3d0b8033dd5756eea735c4f6,e9945ef734cb736a,7,True,15.5398,16.07126,16.113212,71.0,2.481524065025071,4568.9133708284535
sqam/08_violin_arpegio_melodious_phrase_stereo.wav,sqam,reference,default,qoa,3131100,2,44100,2529368,5a875bc40ba39489ce789e0172120c62745e3603abbaf077ffc38883b86f0a9b,43a92cc0dad3181a,7,True,19.5001,20.75189,21.111577999999998,71.0,3.1139375938168694,3641.00696919503
sqam/09_viola_arpegio_melodious_phrase_stereo.wav,sqam,baseline,high,checked,2469600,2,44100,1995012,d4502a1c3c37eefe5ca2a78f9d723864bf13d6b4bce367b03e102434c0da67b4,9279add1f525de4b,7,True,11.3752,11.80878,11.856396,56.0,2.3030450275348233,4922.990365004572
sqam/09_viola_arpegio_melodious_phrase_stereo.wav,sqam,candidate,high,checked,2469600,2,44100,1995012,d4502a1c3c37eefe5ca2a78f9d723864bf13d6b4bce367b03e102434c0da67b4,9279add1f525de4b,7,True,11.3512,11.80296,11.830032000000001,56.0,2.298185941043084,4933.399111988159
sqam/09_viola_arpegio_melodious_phrase_stereo.wav,sqam,baseline,medium,checked,2469600,2,44100,1501092,e4dda2ad0aa6dbf039a40e5c33a9d975916b75b3c9f3df25e512926a9884998c,6f531842632eba39,7,True,11.5189,11.75452,11.771224,56.0,2.332138807904114,4861.575324032677
sqam/09_viola_arpegio_melodious_phrase_stereo.wav,sqam,candidate,medium,checked,2469600,2,44100,1501092,e4dda2ad0aa6dbf039a40e5c33a9d975916b75b3c9f3df25e512926a9884998c,6f531842632eba39,7,True,11.2702,11.94796,11.952712,56.0,2.2817865241334627,4968.855920924207
sqam/09_viola_arpegio_melodious_phrase_stereo.wav,sqam,baseline,low,checked,2469600,2,44100,1501092,e4dda2ad0aa6dbf039a40e5c33a9d975916b75b3c9f3df25e512926a9884998c,6f531842632eba39,7,True,11.3844,12.42075,12.579509999999999,56.0,2.304907677356657,4919.0119813077545
sqam/09_viola_arpegio_melodious_phrase_stereo.wav,sqam,candidate,low,checked,2469600,2,44100,1501092,e4dda2ad0aa6dbf039a40e5c33a9d975916b75b3c9f3df25e512926a9884998c,6f531842632eba39,7,True,11.359,12.76127,12.914894,56.0,2.2997651441528992,4930.011444669425
sqam/09_viola_arpegio_melodious_phrase_stereo.wav,sqam,reference,default,qoa,2469600,2,44100,1995008,ecb47610a3518217e4bc840a14db75595d344f0818a756ad7909ff26a83ed24f,9279add1f525de4b,7,True,14.306,15.664649999999998,15.778289999999998,56.0,2.8964204729510854,3914.441493079827
sqam/10_violoncello_arpegio_melodious_phrase_stereo.wav,sqam,baseline,high,checked,3263400,2,44100,2636252,64e4d38d989074fee1674d15ae644a9ebd0c23cc3f05a876c8034023851e115c,07cae3b5af0cf52d,7,True,15.0277,15.59183,15.611006,74.0,2.3024606238891954,4924.239903644603
sqam/10_violoncello_arpegio_melodious_phrase_stereo.wav,sqam,candidate,high,checked,3263400,2,44100,2636252,64e4d38d989074fee1674d15ae644a9ebd0c23cc3f05a876c8034023851e115c,07cae3b5af0cf52d,7,True,14.9816,15.7539,15.80142,74.0,2.295397438254581,4939.3923212473965
sqam/10_violoncello_arpegio_melodious_phrase_stereo.wav,sqam,baseline,medium,checked,3263400,2,44100,1983572,2a3d99cd337e3844b4c2b5ee20fe0d728b25d5f2848910d76cfdaefe3229505d,c378ceca8a06cef0,7,True,14.8074,15.68346,15.703092,74.0,2.2687074829931975,4997.501249375313
sqam/10_violoncello_arpegio_melodious_phrase_stereo.wav,sqam,candidate,medium,checked,3263400,2,44100,1983572,2a3d99cd337e3844b4c2b5ee20fe0d728b25d5f2848910d76cfdaefe3229505d,c378ceca8a06cef0,7,True,14.9345,15.7518,15.946919999999999,74.0,2.288181038181038,4954.970035823094
sqam/10_violoncello_arpegio_melodious_phrase_stereo.wav,sqam,baseline,low,checked,3263400,2,44100,1983572,2a3d99cd337e3844b4c2b5ee20fe0d728b25d5f2848910d76cfdaefe3229505d,c378ceca8a06cef0,7,True,14.8947,15.54177,15.555474,74.0,2.282083103511675,4968.210168717732
sqam/10_violoncello_arpegio_melodious_phrase_stereo.wav,sqam,candidate,low,checked,3263400,2,44100,1983572,2a3d99cd337e3844b4c2b5ee20fe0d728b25d5f2848910d76cfdaefe3229505d,c378ceca8a06cef0,7,True,15.193,15.434140000000001,15.487948,74.0,2.3277869706441137,4870.6641216349635
sqam/10_violoncello_arpegio_melodious_phrase_stereo.wav,sqam,reference,default,qoa,3263400,2,44100,2636248,b79ea0e692a7c34d751b452faef6e6389f345f5f4c73c1f276def6e5dfeefcc1,07cae3b5af0cf52d,7,True,19.0451,19.74758,19.780316,74.0,2.9179843108414536,3885.51385920788
sqam/11_double_bass_arpegio_melodious_phrase_stereo.wav,sqam,baseline,high,checked,2910600,2,44100,2351252,fab55cc226033d17007054c2d6b752f37555859347fa859d3928892a5ce473d1,306ecbe9df45bd63,7,True,13.2924,13.5639,13.58478,66.0,2.2834467120181405,4965.243296921549
sqam/11_double_bass_arpegio_melodious_phrase_stereo.wav,sqam,candidate,high,checked,2910600,2,44100,2351252,fab55cc226033d17007054c2d6b752f37555859347fa859d3928892a5ce473d1,306ecbe9df45bd63,7,True,13.2457,13.38502,13.390204,66.0,2.2754243111385968,4982.74911858188
sqam/11_double_bass_arpegio_melodious_phrase_stereo.wav,sqam,baseline,medium,checked,2910600,2,44100,1769132,ee5f06f908ba05b5e833da61d2bea43562c4133a1d00e29093b34ea0ce3e3599,c3be51e1542e4250,7,True,13.1834,14.817099999999998,15.330699999999998,66.0,2.2647220504363363,5006.29579622859
sqam/11_double_bass_arpegio_melodious_phrase_stereo.wav,sqam,candidate,medium,checked,2910600,2,44100,1769132,ee5f06f908ba05b5e833da61d2bea43562c4133a1d00e29093b34ea0ce3e3599,c3be51e1542e4250,7,True,13.0554,13.54056,13.690512,66.0,2.2427334570191713,5055.379383243715
sqam/11_double_bass_arpegio_melodious_phrase_stereo.wav,sqam,baseline,low,checked,2910600,2,44100,1769132,ee5f06f908ba05b5e833da61d2bea43562c4133a1d00e29093b34ea0ce3e3599,c3be51e1542e4250,7,True,13.4244,14.96243,15.370406,66.0,2.306122448979592,4916.420845624385
sqam/11_double_bass_arpegio_melodious_phrase_stereo.wav,sqam,candidate,low,checked,2910600,2,44100,1769132,ee5f06f908ba05b5e833da61d2bea43562c4133a1d00e29093b34ea0ce3e3599,c3be51e1542e4250,7,True,13.2074,13.43284,13.440088000000001,66.0,2.2688449117020544,4997.1985402123055
sqam/11_double_bass_arpegio_melodious_phrase_stereo.wav,sqam,reference,default,qoa,2910600,2,44100,2351248,3a96406ee5eab9afea688eea5812d6c41e42ae7532974d4273525f77d4634ad3,306ecbe9df45bd63,7,True,16.4827,17.24907,17.396454,66.0,2.8314952243523677,4004.198341291172
sqam/12_piccolo_melodious_phrase_stereo.wav,sqam,baseline,high,checked,1190700,2,44100,961892,2adfb7f5f05ccc3d9e4688a19b560d036a1f0b2f1beb6bbf2fd5edd38f9bb1c9,c2ab437cb5b90f88,7,True,5.4607,5.892424999999999,5.973364999999999,27.0,2.293062904174015,4944.42104492098
sqam/12_piccolo_melodious_phrase_stereo.wav,sqam,candidate,high,checked,1190700,2,44100,961892,2adfb7f5f05ccc3d9e4688a19b560d036a1f0b2f1beb6bbf2fd5edd38f9bb1c9,c2ab437cb5b90f88,7,True,5.46455,5.623825,5.657005,27.0,2.2946796002351557,4940.937497140661
sqam/12_piccolo_melodious_phrase_stereo.wav,sqam,baseline,medium,checked,1190700,2,44100,723752,7c3f5298a2fca4e8cab42be72d544d66dced6731053a8a1f60bf2dcfe47a9813,e1f87315167e267a,7,True,5.3924,5.493704999999999,5.514621,27.0,2.264382296128328,5007.046954973666
sqam/12_piccolo_melodious_phrase_stereo.wav,sqam,candidate,medium,checked,1190700,2,44100,723752,7c3f5298a2fca4e8cab42be72d544d66dced6731053a8a1f60bf2dcfe47a9813,e1f87315167e267a,7,True,5.44365,5.50523,5.508686,27.0,2.2859032501889645,4959.907415061585
sqam/12_piccolo_melodious_phrase_stereo.wav,sqam,baseline,low,checked,1190700,2,44100,723752,7c3f5298a2fca4e8cab42be72d544d66dced6731053a8a1f60bf2dcfe47a9813,e1f87315167e267a,7,True,5.4619,5.807605,5.869681,27.0,2.293566809439825,4943.334736996283
sqam/12_piccolo_melodious_phrase_stereo.wav,sqam,candidate,low,checked,1190700,2,44100,723752,7c3f5298a2fca4e8cab42be72d544d66dced6731053a8a1f60bf2dcfe47a9813,e1f87315167e267a,7,True,5.4878,5.79478,5.887516,27.0,2.3044427647602252,4920.00437333722
sqam/12_piccolo_melodious_phrase_stereo.wav,sqam,reference,default,qoa,1190700,2,44100,961888,6fc84eda6f5af84f7cf22a4c0b32e6d04d7b03f4c8d0a015acd94890f3482189,c2ab437cb5b90f88,7,True,6.8937,7.315595,7.382039,27.0,2.8948097757621567,3916.6195221724183
sqam/13_flute_arpegio_melodious_phrase_stereo.wav,sqam,baseline,high,checked,2028600,2,44100,1638772,995e4afaab2a98f75862acf18d489d524ac81434773b847104b9f4e31699bd4e,1739d90a928ec00f,7,True,9.32865,9.73395,9.79719,46.0,2.2992827565808933,4931.045756888725
sqam/13_flute_arpegio_melodious_phrase_stereo.wav,sqam,candidate,high,checked,2028600,2,44100,1638772,995e4afaab2a98f75862acf18d489d524ac81434773b847104b9f4e31699bd4e,1739d90a928ec00f,7,True,9.29745,9.82354,9.922588,46.0,2.29159272404614,4947.593157263551
sqam/13_flute_arpegio_melodious_phrase_stereo.wav,sqam,baseline,medium,checked,2028600,2,44100,1233118,b747c22b5ff1d10acc49e212167bf4ab3c8e8d17d78c08d8a2e3f878e114e680,702792a5b68faa67,7,True,9.17755,10.24454,10.262108000000001,46.0,2.262040323375727,5012.230933092165
sqam/13_flute_arpegio_melodious_phrase_stereo.wav,sqam,candidate,medium,checked,2028600,2,44100,1233118,b747c22b5ff1d10acc49e212167bf4ab3c8e8d17d78c08d8a2e3f878e114e680,702792a5b68faa67,7,True,9.24745,9.844524999999999,9.989545,46.0,2.279268953958395,4974.3442786930445
sqam/13_flute_arpegio_melodious_phrase_stereo.wav,sqam,baseline,low,checked,2028600,2,44100,1233052,d9aea2de44a8320bf7b060ed0e65419e1df66555940791424151172f997fc1ce,6388873cf5218d62,7,True,9.259,9.37338,9.391955999999999,46.0,2.282115744848664,4968.139107895021
sqam/13_flute_arpegio_melodious_phrase_stereo.wav,sqam,candidate,low,checked,2028600,2,44100,1233052,d9aea2de44a8320bf7b060ed0e65419e1df66555940791424151172f997fc1ce,6388873cf5218d62,7,True,9.3337,9.41459,9.437078,46.0,2.3005274573597556,4928.377813728746
sqam/13_flute_arpegio_melodious_phrase_stereo.wav,sqam,reference,default,qoa,2028600,2,44100,1638768,1ff4e136282f576246cede276d0fdfd1a1773b74a1cf8240c727fbce274c3535,1739d90a928ec00f,7,True,11.4623,11.79213,11.844186,46.0,2.825174997535246,4013.1561728448914
sqam/14_oboe_arpegio_melodious_phrase_stereo.wav,sqam,baseline,high,checked,2160900,2,44100,1745652,2fb3cc529e2fb7841c7a45045600bfddd0323a97374f80ff2083efe1ec08bb12,52100f8a4dcbe3bb,7,True,9.9309,10.098519999999999,10.100824,49.0,2.2978620019436344,4934.094593642067
sqam/14_oboe_arpegio_melodious_phrase_stereo.wav,sqam,candidate,high,checked,2160900,2,44100,1745652,2fb3cc529e2fb7841c7a45045600bfddd0323a97374f80ff2083efe1ec08bb12,52100f8a4dcbe3bb,7,True,9.983,11.368164999999998,11.746992999999998,49.0,2.3099171641445695,4908.3441851146945
sqam/14_oboe_arpegio_melodious_phrase_stereo.wav,sqam,baseline,medium,checked,2160900,2,44100,1313472,7e68839992786042cdae9fc43f3aae29539ef6a4576f0ef58a824003472e5798,9fcff5c73fedcee2,7,True,9.7754,10.27622,10.338524000000001,49.0,2.261881623397658,5012.582605315384
sqam/14_oboe_arpegio_melodious_phrase_stereo.wav,sqam,candidate,medium,checked,2160900,2,44100,1313472,7e68839992786042cdae9fc43f3aae29539ef6a4576f0ef58a824003472e5798,9fcff5c73fedcee2,7,True,9.9383,10.82991,11.098302,49.0,2.2995742514692954,4930.420695692423
sqam/14_oboe_arpegio_melodious_phrase_stereo.wav,sqam,baseline,low,checked,2160900,2,44100,1313472,7e68839992786042cdae9fc43f3aae29539ef6a4576f0ef58a824003472e5798,9fcff5c73fedcee2,7,True,9.73165,10.76774,10.836428,49.0,2.251758526539868,5035.117374751455
sqam/14_oboe_arpegio_melodious_phrase_stereo.wav,sqam,candidate,low,checked,2160900,2,44100,1313472,7e68839992786042cdae9fc43f3aae29539ef6a4576f0ef58a824003472e5798,9fcff5c73fedcee2,7,True,9.8848,10.004545,10.030909,49.0,2.287195150168911,4957.1058595014565
sqam/14_oboe_arpegio_melodious_phrase_stereo.wav,sqam,reference,default,qoa,2160900,2,44100,1745648,f92ccb4ce8c561bd0737e928e39ce0bb6340fb14e2dd1f1fe80f4c310d21c5d5,52100f8a4dcbe3bb,7,True,12.0729,12.81579,12.943878,49.0,2.793488824101069,4058.676871339943
sqam/15_cor_anglais_arpegio_stereo.wav,sqam,baseline,high,checked,1058400,2,44100,855012,fb13f868d42c20529a711b285d38f77bc95ed85268786e2f1da2850879d6c2f1,ce8041b852cc5e10,7,True,4.907233333,5.002765,5.0140329999999995,24.0,2.3182319222411185,4890.739520903886
sqam/15_cor_anglais_arpegio_stereo.wav,sqam,candidate,high,checked,1058400,2,44100,855012,fb13f868d42c20529a711b285d38f77bc95ed85268786e2f1da2850879d6c2f1,ce8041b852cc5e10,7,True,4.846,5.0330499999,5.05684999998,24.0,2.2893046107331823,4952.538175815105
sqam/15_cor_anglais_arpegio_stereo.wav,sqam,baseline,medium,checked,1058400,2,44100,643332,b1cb649bf7a79314f376ad7467dc63042cd57d4e398a05bfc64c6c846fbd6676,07f415da15827be5,7,True,4.898266667,5.200794999899999,5.28563899998,24.0,2.3139959689153438,4899.692407865388
sqam/15_cor_anglais_arpegio_stereo.wav,sqam,candidate,medium,checked,1058400,2,44100,643332,b1cb649bf7a79314f376ad7467dc63042cd57d4e398a05bfc64c6c846fbd6676,07f415da15827be5,7,True,4.846333333,5.0573666668,5.07304666696,24.0,2.289462080971277,4952.19753799795
sqam/15_cor_anglais_arpegio_stereo.wav,sqam,baseline,low,checked,1058400,2,44100,643332,b1cb649bf7a79314f376ad7467dc63042cd57d4e398a05bfc64c6c846fbd6676,07f415da15827be5,7,True,4.850233333,5.0277,5.05578,24.0,2.2913044845993955,4948.215550107432
sqam/15_cor_anglais_arpegio_stereo.wav,sqam,candidate,low,checked,1058400,2,44100,643332,b1cb649bf7a79314f376ad7467dc63042cd57d4e398a05bfc64c6c846fbd6676,07f415da15827be5,7,True,4.8481,5.23064,5.339888,24.0,2.2902966742252455,4950.392937439409
sqam/15_cor_anglais_arpegio_stereo.wav,sqam,reference,default,qoa,1058400,2,44100,855008,4ba754d025503f2d011401aa61d7cdbae992c4bbe0622eb2929d4d775dcecf40,ce8041b852cc5e10,7,True,6.09755,6.274515,6.286503000000001,24.0,2.8805508314436885,3936.0070848127525
sqam/16_clarinet_arpegio_melodious_phrase_stereo.wav,sqam,baseline,high,checked,1719900,2,44100,1389372,8da27e04f128462d54dcf9e78567423bfc71c516bda957782f193fa36f6f710a,a43ae5b0ecdc85be,7,True,8.03905,8.405389999999999,8.437958,39.0,2.337069015640444,4851.319496706701
sqam/16_clarinet_arpegio_melodious_phrase_stereo.wav,sqam,candidate,high,checked,1719900,2,44100,1389372,8da27e04f128462d54dcf9e78567423bfc71c516bda957782f193fa36f6f710a,a43ae5b0ecdc85be,7,True,7.86785,8.1843,8.23794,39.0,2.287298680155823,4956.88148604765
sqam/16_clarinet_arpegio_melodious_phrase_stereo.wav,sqam,baseline,medium,checked,1719900,2,44100,1045526,c8ac7745abcfbbb3f75e09a0f17e213b4f4961fc3370cdad64335983faee6e7e,56e2ed2c8f9a4a54,7,True,7.88285,8.25854,8.268068,39.0,2.2916593988022558,4947.449209359559
sqam/16_clarinet_arpegio_melodious_phrase_stereo.wav,sqam,candidate,medium,checked,1719900,2,44100,1045526,c8ac7745abcfbbb3f75e09a0f17e213b4f4961fc3370cdad64335983faee6e7e,56e2ed2c8f9a4a54,7,True,7.8995,8.0679,8.1075,39.0,2.2964997964997966,4937.021330463954
sqam/16_clarinet_arpegio_melodious_phrase_stereo.wav,sqam,baseline,low,checked,1719900,2,44100,1045392,f95d689906e0d00da4478c1fc20d31590822662c13a43e220b82a8bba622f489,2585d1f91013ff1b,7,True,7.77465,7.912394999999999,7.9520789999999995,39.0,2.260204081632653,5016.302984700275
sqam/16_clarinet_arpegio_melodious_phrase_stereo.wav,sqam,candidate,low,checked,1719900,2,44100,1045392,f95d689906e0d00da4478c1fc20d31590822662c13a43e220b82a8bba622f489,2585d1f91013ff1b,7,True,7.83025,7.94035,7.94167,39.0,2.2763678120820976,4980.68388621053
sqam/16_clarinet_arpegio_melodious_phrase_stereo.wav,sqam,reference,default,qoa,1719900,2,44100,1389368,8824ade17ac75428ae239ebad7ecd73b91f9e02557a05f1e45c7ae24aa2945d7,a43ae5b0ecdc85be,7,True,9.6346,10.16476,10.179592,39.0,2.8009186580615153,4047.9106553463557
sqam/17_bass_clarinet_arpegio_stereo.wav,sqam,baseline,high,checked,1014300,2,44100,819412,511cb99b69d2bab16a567994502bfe9811264c4c0a6889d7fddb5c4399db910b,3dc8d9932392a463,7,True,4.665433333,4.7799399999,4.80894799998,23.0,2.2998291102237998,4929.874324280693
sqam/17_bass_clarinet_arpegio_stereo.wav,sqam,candidate,high,checked,1014300,2,44100,819412,511cb99b69d2bab16a567994502bfe9811264c4c0a6889d7fddb5c4399db910b,3dc8d9932392a463,7,True,4.636166667,4.7802000001,4.79756000002,23.0,2.2854020837030466,4960.995074597477
sqam/17_bass_clarinet_arpegio_stereo.wav,sqam,baseline,medium,checked,1014300,2,44100,616552,80397cc9f5c06e1624834295d18d72ebcf92009a9762b24dd16b46feed40a400,c51d6b72022e3cf8,7,True,4.6689,4.7870566669,4.79098466698,23.0,2.3015380065069504,4926.213883355823
sqam/17_bass_clarinet_arpegio_stereo.wav,sqam,candidate,medium,checked,1014300,2,44100,616552,80397cc9f5c06e1624834295d18d72ebcf92009a9762b24dd16b46feed40a400,c51d6b72022e3cf8,7,True,4.570633333,4.7257066668,4.741194666959999,23.0,2.2530973740510696,5032.125380511244
sqam/17_bass_clarinet_arpegio_stereo.wav,sqam,baseline,low,checked,1014300,2,44100,616552,80397cc9f5c06e1624834295d18d72ebcf92009a9762b24dd16b46feed40a400,c51d6b72022e3cf8,7,True,4.620966667,4.775646667,4.824222667,23.0,2.2779092314896974,4977.313548754062
sqam/17_bass_clarinet_arpegio_stereo.wav,sqam,candidate,low,checked,1014300,2,44100,616552,80397cc9f5c06e1624834295d18d72ebcf92009a9762b24dd16b46feed40a400,c51d6b72022e3cf8,7,True,4.637133333,4.76128,4.780816000000001,23.0,2.2858786024844724,4959.960895737306
sqam/17_bass_clarinet_arpegio_stereo.wav,sqam,reference,default,qoa,1014300,2,44100,819408,122620e641eecbc7305db1bf4cead5a0140bbd50bb7f7282ea14bf4338bd4b89,3dc8d9932392a463,7,True,5.7433,5.877715,5.891623,23.0,2.83116434979789,4004.666306827086
sqam/18_bassoon_arpegio_melodious_phrase_stereo.wav,sqam,baseline,high,checked,1675800,2,44100,1353772,9bb93870d73c1b4d93ec065c76ca8189a3ffa5235fc53417ec70568552474a25,3c8aa7c171a63b59,7,True,7.71995,7.9230849999999995,7.9563369999999995,38.0,2.3033625730994154,4922.311673003063
sqam/18_bassoon_arpegio_melodious_phrase_stereo.wav,sqam,candidate,high,checked,1675800,2,44100,1353772,9bb93870d73c1b4d93ec065c76ca8189a3ffa5235fc53417ec70568552474a25,3c8aa7c171a63b59,7,True,7.7363,7.85854,7.876588,38.0,2.3082408401957273,4911.908793609348
sqam/18_bassoon_arpegio_melodious_phrase_stereo.wav,sqam,baseline,medium,checked,1675800,2,44100,1018612,9ae7ef9e49bdcdb8c100ff8c40ac06abf098524020b14d8d21538cf0162ca06f,31c3a71467ac4b6e,7,True,7.6932,7.7554549999999995,7.757891,38.0,2.2953813104189043,4939.42702646493
sqam/18_bassoon_arpegio_melodious_phrase_stereo.wav,sqam,candidate,medium,checked,1675800,2,44100,1018612,9ae7ef9e49bdcdb8c100ff8c40ac06abf098524020b14d8d21538cf0162ca06f,31c3a71467ac4b6e,7,True,7.6529,7.7949,7.83798,38.0,2.283357202530135,4965.437938559239
sqam/18_bassoon_arpegio_melodious_phrase_stereo.wav,sqam,baseline,low,checked,1675800,2,44100,1018612,9ae7ef9e49bdcdb8c100ff8c40ac06abf098524020b14d8d21538cf0162ca06f,31c3a71467ac4b6e,7,True,7.61775,7.70543,7.708046,38.0,2.2728696741854635,4988.3495782875525
sqam/18_bassoon_arpegio_melodious_phrase_stereo.wav,sqam,candidate,low,checked,1675800,2,44100,1018612,9ae7ef9e49bdcdb8c100ff8c40ac06abf098524020b14d8d21538cf0162ca06f,31c3a71467ac4b6e,7,True,7.4648,7.69059,7.711758000000001,38.0,2.227234753550543,5090.558353874183
sqam/18_bassoon_arpegio_melodious_phrase_stereo.wav,sqam,reference,default,qoa,1675800,2,44100,1353768,666628bf1faaad1eb80a4e079610ea7b63a1eeeff77e0f9799a6c9e9ba5e895d,3c8aa7c171a63b59,7,True,9.5815,10.232165,10.409633,38.0,2.858783864422962,3965.9760997756093
sqam/19_contra_bassoon_arpegio_stereo.wav,sqam,baseline,high,checked,970200,2,44100,783772,4ed85a20c65cdae0ebbb486342ae184bd0015c17ac36c370e61f834e8d4a52fc,f40ff0d7593df217,7,True,4.539233333,4.7639633331,4.77841933302,22.0,2.3393286605854464,4846.633425971098
sqam/19_contra_bassoon_arpegio_stereo.wav,sqam,candidate,high,checked,970200,2,44100,783772,4ed85a20c65cdae0ebbb486342ae184bd0015c17ac36c370e61f834e8d4a52fc,f40ff0d7593df217,7,True,4.5701,4.6990100001,4.71260200002,22.0,2.3552360338074623,4813.899039408328
sqam/19_contra_bassoon_arpegio_stereo.wav,sqam,baseline,medium,checked,970200,2,44100,589732,253b20c08aad1d018859612d9e6207b9e4d9235847772391ef6c484cb6e96dd1,b7a25d9215bda83c,7,True,4.461366667,4.6541733332,4.68966133304,22.0,2.2991994779426923,4931.224362868536
sqam/19_contra_bassoon_arpegio_stereo.wav,sqam,candidate,medium,checked,970200,2,44100,589732,253b20c08aad1d018859612d9e6207b9e4d9235847772391ef6c484cb6e96dd1,b7a25d9215bda83c,7,True,4.538733333,4.8655333332,4.89017333304,22.0,2.339070981756339,4847.167345136468
sqam/19_contra_bassoon_arpegio_stereo.wav,sqam,baseline,low,checked,970200,2,44100,589732,253b20c08aad1d018859612d9e6207b9e4d9235847772391ef6c484cb6e96dd1,b7a25d9215bda83c,7,True,4.448166667,4.5564900001,4.57017800002,22.0,2.2923967568542567,4945.857843684975
sqam/19_contra_bassoon_arpegio_stereo.wav,sqam,candidate,low,checked,970200,2,44100,589732,253b20c08aad1d018859612d9e6207b9e4d9235847772391ef6c484cb6e96dd1,b7a25d9215bda83c,7,True,4.4623,4.5388700001,4.553374000020001,22.0,2.299680478251907,4930.192949824082
sqam/19_contra_bassoon_arpegio_stereo.wav,sqam,reference,default,qoa,970200,2,44100,783768,cc9685ff282409f076804da404374b92d87ebaf524a8785fc42e0a2847d173d9,f40ff0d7593df217,7,True,5.5542,5.572685,5.576297,22.0,2.862399505256648,3960.9664758201
sqam/20_saxophone_arpegio_melodious_phrase_stereo.wav,sqam,baseline,high,checked,1719900,2,44100,1389372,3dbf282dfea31e524ccd9031d4b309dab4b7bade4ae692ba77245991d6dd0f8e,0835e2175e09e051,7,True,7.9686,8.273359999999998,8.358631999999998,39.0,2.3165881737310308,4894.20977336044
sqam/20_saxophone_arpegio_melodious_phrase_stereo.wav,sqam,candidate,high,checked,1719900,2,44100,1389372,3dbf282dfea31e524ccd9031d4b309dab4b7bade4ae692ba77245991d6dd0f8e,0835e2175e09e051,7,True,7.8827,8.230085,8.307497,39.0,2.2916157916157918,4947.543354434394
sqam/20_saxophone_arpegio_melodious_phrase_stereo.wav,sqam,baseline,medium,checked,1719900,2,44100,1045392,95f34f4e35199fdaf5ddf1ca246a24a1ea04f3d434ed29ba175fb0147708ca4b,0d912ec0eac9e0cf,7,True,7.9624,8.22449,8.294738,39.0,2.314785743357172,4898.020697277203
sqam/20_saxophone_arpegio_melodious_phrase_stereo.wav,sqam,candidate,medium,checked,1719900,2,44100,1045392,95f34f4e35199fdaf5ddf1ca246a24a1ea04f3d434ed29ba175fb0147708ca4b,0d912ec0eac9e0cf,7,True,8.0282,8.322865,8.335453,39.0,2.333914762486191,4857.875987145313
sqam/20_saxophone_arpegio_melodious_phrase_stereo.wav,sqam,baseline,low,checked,1719900,2,44100,1045392,95f34f4e35199fdaf5ddf1ca246a24a1ea04f3d434ed29ba175fb0147708ca4b,0d912ec0eac9e0cf,7,True,8.07405,8.282879999999999,8.344055999999998,39.0,2.3472440258154545,4830.289631597526
sqam/20_saxophone_arpegio_melodious_phrase_stereo.wav,sqam,candidate,low,checked,1719900,2,44100,1045392,95f34f4e35199fdaf5ddf1ca246a24a1ea04f3d434ed29ba175fb0147708ca4b,0d912ec0eac9e0cf,7,True,7.9995,8.27983,8.339326,39.0,2.3255712541426825,4875.304706544159
sqam/20_saxophone_arpegio_melodious_phrase_stereo.wav,sqam,reference,default,qoa,1719900,2,44100,1389368,aeea13d00f220b179f6ed19d4e13c0d24a0e075a362e9cea1067a718c4093080,0835e2175e09e051,7,True,10.1568,10.31603,10.335686,39.0,2.952729809872667,3839.792060491493
sqam/21_trumpet_arpegio_melodious_phrase_stereo.wav,sqam,baseline,high,checked,1587600,2,44100,1282532,53b3acfb26c57a0922930fabddd9cc041e03398e0a5f770095e9d6a2ba869de5,d811d71f74902c11,7,True,7.37195,7.878125,7.9156249999999995,36.0,2.321727765180146,4883.375497663441
sqam/21_trumpet_arpegio_melodious_phrase_stereo.wav,sqam,candidate,high,checked,1587600,2,44100,1282532,53b3acfb26c57a0922930fabddd9cc041e03398e0a5f770095e9d6a2ba869de5,d811d71f74902c11,7,True,7.38575,7.697675,7.765775,36.0,2.3260739480977577,4874.251091629151
sqam/21_trumpet_arpegio_melodious_phrase_stereo.wav,sqam,baseline,medium,checked,1587600,2,44100,965720,0110270fa56e21d974c50369c91e6c4ffbae87f8207a204eff0f454cf164b526,d15c11b643e8c42f,7,True,7.5034,7.779375,7.865355,36.0,2.363126732174351,4797.824986006343
sqam/21_trumpet_arpegio_melodious_phrase_stereo.wav,sqam,candidate,medium,checked,1587600,2,44100,965720,0110270fa56e21d974c50369c91e6c4ffbae87f8207a204eff0f454cf164b526,d15c11b643e8c42f,7,True,7.317,8.449219999999999,8.744083999999999,36.0,2.304421768707483,4920.049200492005
sqam/21_trumpet_arpegio_melodious_phrase_stereo.wav,sqam,baseline,low,checked,1587600,2,44100,965012,0e0b5bdf1559cc0d3d8ca844932a1ca2f3c5eefc2d3f4934fef6ed30e48bc0cb,7d0c66a67e67e4fc,7,True,7.3076,7.65375,7.711110000000001,36.0,2.301461325270849,4926.378017406536
sqam/21_trumpet_arpegio_melodious_phrase_stereo.wav,sqam,candidate,low,checked,1587600,2,44100,965012,0e0b5bdf1559cc0d3d8ca844932a1ca2f3c5eefc2d3f4934fef6ed30e48bc0cb,7d0c66a67e67e4fc,7,True,7.4554,7.64112,7.686984,36.0,2.3480095742000504,4828.714757088822
sqam/21_trumpet_arpegio_melodious_phrase_stereo.wav,sqam,reference,default,qoa,1587600,2,44100,1282528,379e827e9a339462e4f561fb4fc966dc2b3327fcf53f86054d5142bf0b23d424,d811d71f74902c11,7,True,9.07745,9.244095,9.251019000000001,36.0,2.8588592844545224,3965.8714727153547
sqam/22_trombone_arpegio_melodious_phrase_stereo.wav,sqam,baseline,high,checked,1764000,2,44100,1425012,7a463ab9d62e9513d45caccbe25c31553d14162f14f608abeaa27a9811b0bcfc,01bbc3f39ca5608e,7,True,8.33455,8.64884,8.681887999999999,40.0,2.3624007936507936,4799.2993023018635
sqam/22_trombone_arpegio_melodious_phrase_stereo.wav,sqam,candidate,high,checked,1764000,2,44100,1425012,7a463ab9d62e9513d45caccbe25c31553d14162f14f608abeaa27a9811b0bcfc,01bbc3f39ca5608e,7,True,8.3202,8.523185,8.528597,40.0,2.3583333333333334,4807.576740943728
sqam/22_trombone_arpegio_melodious_phrase_stereo.wav,sqam,baseline,medium,checked,1764000,2,44100,1072212,b7a42ce9ca4639734a5268b00394ac0212e14d60e5b29108b2c147e48036c43e,3dad7e0a96985710,7,True,8.19405,8.71364,8.721008,40.0,2.322576530612245,4881.590910477724
sqam/22_trombone_arpegio_melodious_phrase_stereo.wav,sqam,candidate,medium,checked,1764000,2,44100,1072212,b7a42ce9ca4639734a5268b00394ac0212e14d60e5b29108b2c147e48036c43e,3dad7e0a96985710,7,True,8.2675,8.993984999999999,9.227756999999999,40.0,2.3433956916099774,4838.221953432114
sqam/22_trombone_arpegio_melodious_phrase_stereo.wav,sqam,baseline,low,checked,1764000,2,44100,1072212,b7a42ce9ca4639734a5268b00394ac0212e14d60e5b29108b2c147e48036c43e,3dad7e0a96985710,7,True,8.38275,8.568715,8.611543,40.0,2.3760629251700682,4771.703796486833
sqam/22_trombone_arpegio_melodious_phrase_stereo.wav,sqam,candidate,low,checked,1764000,2,44100,1072212,b7a42ce9ca4639734a5268b00394ac0212e14d60e5b29108b2c147e48036c43e,3dad7e0a96985710,7,True,8.386,8.685279999999999,8.716576,40.0,2.3769841269841265,4769.854519437157
sqam/22_trombone_arpegio_melodious_phrase_stereo.wav,sqam,reference,default,qoa,1764000,2,44100,1425008,986bdc551a19293580f55e114771969b0eae301064994a3a897dbcc896083cfc,01bbc3f39ca5608e,7,True,10.1587,10.859539999999999,10.925588,40.0,2.879450113378685,3937.5116894878283
sqam/23_horn_arpegio_melodious_phrase_stereo.wav,sqam,baseline,high,checked,1940400,2,44100,1567492,86e03992b836e54c45970a87d5431e9c752ba1e121c52caac7eca5b9378d2701,bef7cf99b1b05404,7,True,8.965,9.142595,9.155159000000001,44.0,2.310090702947846,4907.9754601227
sqam/23_horn_arpegio_melodious_phrase_stereo.wav,sqam,candidate,high,checked,1940400,2,44100,1567492,86e03992b836e54c45970a87d5431e9c752ba1e121c52caac7eca5b9378d2701,bef7cf99b1b05404,7,True,8.9976,9.283375,9.292914999999999,44.0,2.318491032776747,4890.192940339646
sqam/23_horn_arpegio_melodious_phrase_stereo.wav,sqam,baseline,medium,checked,1940400,2,44100,1179412,3db107320eb4a60492ae2d4f28333849b40768164100620d2a7344eac14f8b03,20dc972a81b9d228,7,True,8.893,8.940585,8.949237,44.0,2.291537827252113,4947.7116833464515
sqam/23_horn_arpegio_melodious_phrase_stereo.wav,sqam,candidate,medium,checked,1940400,2,44100,1179412,3db107320eb4a60492ae2d4f28333849b40768164100620d2a7344eac14f8b03,20dc972a81b9d228,7,True,8.95855,9.346855,9.443611,44.0,2.308428674500103,4911.509116988798
sqam/23_horn_arpegio_melodious_phrase_stereo.wav,sqam,baseline,low,checked,1940400,2,44100,1179412,3db107320eb4a60492ae2d4f28333849b40768164100620d2a7344eac14f8b03,20dc972a81b9d228,7,True,8.9639,9.106315,9.127063000000001,44.0,2.309807256235828,4908.57773959995
sqam/23_horn_arpegio_melodious_phrase_stereo.wav,sqam,candidate,low,checked,1940400,2,44100,1179412,3db107320eb4a60492ae2d4f28333849b40768164100620d2a7344eac14f8b03,20dc972a81b9d228,7,True,8.8735,9.17243,9.197366,44.0,2.2865130900845188,4958.584549501325
sqam/23_horn_arpegio_melodious_phrase_stereo.wav,sqam,reference,default,qoa,1940400,2,44100,1567488,5b70ce445bf61723acce57e5b1d4d6b21cbfd1202979101cdfe45640cbfad2e8,bef7cf99b1b05404,7,True,11.3192,11.433,11.4366,44.0,2.916718202432488,3887.2005088698847
sqam/24_tuba_arpegio_melodious_phrase_stereo.wav,sqam,baseline,high,checked,2160900,2,44100,1745652,001a3cacb7207208a3b7e9a905e3520b9c69bf619d0d1fec2962d54fe1442654,34f4efa31037025f,7,True,10.2272,10.88518,10.904236000000001,49.0,2.366421398491369,4791.145181476846
sqam/24_tuba_arpegio_melodious_phrase_stereo.wav,sqam,candidate,high,checked,2160900,2,44100,1745652,001a3cacb7207208a3b7e9a905e3520b9c69bf619d0d1fec2962d54fe1442654,34f4efa31037025f,7,True,10.2284,11.141749999999998,11.439469999999998,49.0,2.3666990605766114,4790.583082398029
sqam/24_tuba_arpegio_melodious_phrase_stereo.wav,sqam,baseline,medium,checked,2160900,2,44100,1313472,725482cd0cada45faadf3bd1325ad5b7a461b0a49ada2a4f0d0763c25febd653,7389b4610f5b26a6,7,True,10.3121,10.77285,10.85937,49.0,2.3860659910222592,4751.699459857838
sqam/24_tuba_arpegio_melodious_phrase_stereo.wav,sqam,candidate,medium,checked,2160900,2,44100,1313472,725482cd0cada45faadf3bd1325ad5b7a461b0a49ada2a4f0d0763c25febd653,7389b4610f5b26a6,7,True,10.5742,10.66248,10.671695999999999,49.0,2.4467120181405897,4633.920296570899
sqam/24_tuba_arpegio_melodious_phrase_stereo.wav,sqam,baseline,low,checked,2160900,2,44100,1313472,725482cd0cada45faadf3bd1325ad5b7a461b0a49ada2a4f0d0763c25febd653,7389b4610f5b26a6,7,True,10.4873,10.64914,10.673907999999999,49.0,2.4266046554676293,4672.317946468586
sqam/24_tuba_arpegio_melodious_phrase_stereo.wav,sqam,candidate,low,checked,2160900,2,44100,1313472,725482cd0cada45faadf3bd1325ad5b7a461b0a49ada2a4f0d0763c25febd653,7389b4610f5b26a6,7,True,10.0372,10.65946,10.672851999999999,49.0,2.322458234994678,4881.839556848523
sqam/24_tuba_arpegio_melodious_phrase_stereo.wav,sqam,reference,default,qoa,2160900,2,44100,1745648,207b6506288817ee5833a7df87fc3568dc0aeb34eba0d931e8a9227043c27c2f,34f4efa31037025f,7,True,13.146,13.36986,13.419252,49.0,3.0417881438289602,3727.3695420660274
sqam/25_harp_arpegio_melodious_phrase_stereo.wav,sqam,baseline,high,checked,2998800,2,44100,2422492,bc7f8d2fbbe64af27e9348441331e802bdbd74694ba27814db8184eca3249723,40c09890c3d5ec73,7,True,13.8016,14.094,14.18904,68.0,2.301187141523276,4926.964989566427
sqam/25_harp_arpegio_melodious_phrase_stereo.wav,sqam,candidate,high,checked,2998800,2,44100,2422492,bc7f8d2fbbe64af27e9348441331e802bdbd74694ba27814db8184eca3249723,40c09890c3d5ec73,7,True,13.7079,13.84078,13.845916,68.0,2.285564225690276,4960.643132792039
sqam/25_harp_arpegio_melodious_phrase_stereo.wav,sqam,baseline,medium,checked,2998800,2,44100,1822732,c8bd689c419df4c3cd422bee353284f6ceaf2627e923d2a3caac13671da57549,79ab77aa295f8c60,7,True,13.5947,13.84432,13.872784,68.0,2.266690009337068,5001.949289061178
sqam/25_harp_arpegio_melodious_phrase_stereo.wav,sqam,candidate,medium,checked,2998800,2,44100,1822732,c8bd689c419df4c3cd422bee353284f6ceaf2627e923d2a3caac13671da57549,79ab77aa295f8c60,7,True,13.5878,13.720229999999999,13.720926,68.0,2.2655395491529946,5004.489321302934
sqam/25_harp_arpegio_melodious_phrase_stereo.wav,sqam,baseline,low,checked,2998800,2,44100,1822732,c8bd689c419df4c3cd422bee353284f6ceaf2627e923d2a3caac13671da57549,79ab77aa295f8c60,7,True,13.6638,14.3347,14.4247,68.0,2.2782112845138056,4976.653639543904
sqam/25_harp_arpegio_melodious_phrase_stereo.wav,sqam,candidate,low,checked,2998800,2,44100,1822732,c8bd689c419df4c3cd422bee353284f6ceaf2627e923d2a3caac13671da57549,79ab77aa295f8c60,7,True,13.7961,13.92457,13.955794,68.0,2.3002701080432173,4928.929190133444
sqam/25_harp_arpegio_melodious_phrase_stereo.wav,sqam,reference,default,qoa,2998800,2,44100,2422488,4c4e00c807ceb0f703614057a072e42fad4f68993684b6d57a536f87b94e6d31,40c09890c3d5ec73,7,True,17.0438,17.238879999999998,17.261536,68.0,2.841770041349873,3989.7206022131213
sqam/26_claves_single_tone_single_tone_rhythm_stereo.wav,sqam,baseline,high,checked,1719900,2,44100,1389372,5b88149f788fd5e2abc26f2c86ed88b86896666b70601fb6977eea270843eaa5,fedb1b9f209fe0d4,7,True,7.95975,8.072355,8.092191,39.0,2.3140153497296354,4899.651370960143
sqam/26_claves_single_tone_single_tone_rhythm_stereo.wav,sqam,candidate,high,checked,1719900,2,44100,1389372,5b88149f788fd5e2abc26f2c86ed88b86896666b70601fb6977eea270843eaa5,fedb1b9f209fe0d4,7,True,7.96505,8.147775,8.177715,39.0,2.3155561369847084,4896.391108655941
sqam/26_claves_single_tone_single_tone_rhythm_stereo.wav,sqam,baseline,medium,checked,1719900,2,44100,1046404,e05a4cfe72375e0c5e89bc2230f9d7da07879dc75cb9ad10884592d59a956d46,9dc87f73e1bf1268,7,True,7.9205,8.109675,8.121015,39.0,2.3026048026048027,4923.931569976643
sqam/26_claves_single_tone_single_tone_rhythm_stereo.wav,sqam,candidate,medium,checked,1719900,2,44100,1046404,e05a4cfe72375e0c5e89bc2230f9d7da07879dc75cb9ad10884592d59a956d46,9dc87f73e1bf1268,7,True,7.88825,7.9197049999999996,7.921181,39.0,2.2932292575149718,4944.062371248376
sqam/26_claves_single_tone_single_tone_rhythm_stereo.wav,sqam,baseline,low,checked,1719900,2,44100,1045392,032fca2e57b17acd28523b0557a8e2937acbfe284cc004c834fce38acbc58b78,290347487d1e4f70,7,True,7.92095,8.118495,8.138019,39.0,2.3027356241641956,4923.651834691545
sqam/26_claves_single_tone_single_tone_rhythm_stereo.wav,sqam,candidate,low,checked,1719900,2,44100,1045392,032fca2e57b17acd28523b0557a8e2937acbfe284cc004c834fce38acbc58b78,290347487d1e4f70,7,True,7.8985,8.0428,8.04496,39.0,2.296209081923368,4937.646388554788
sqam/26_claves_single_tone_single_tone_rhythm_stereo.wav,sqam,reference,default,qoa,1719900,2,44100,1389368,4b6c04c8de907deb290b4ff60ffd24df339e9d3886d0292dae7251af3d7a4f25,fedb1b9f209fe0d4,7,True,10.0691,10.31786,10.321412,39.0,2.9272341415198557,3873.23593965697
sqam/27_castanets_single_tone_rhythm_stereo.wav,sqam,baseline,high,checked,882000,2,44100,712532,3dbac15544ac768a49cefde2506193c54c7f3870149d6895348c84c5f919c0ba,6075e7bfadf7ebd8,7,True,4.176666667,4.2930400001,4.3130880000200005,20.0,2.3677248679138323,4788.507581421508
sqam/27_castanets_single_tone_rhythm_stereo.wav,sqam,candidate,high,checked,882000,2,44100,712532,3dbac15544ac768a49cefde2506193c54c7f3870149d6895348c84c5f919c0ba,6075e7bfadf7ebd8,7,True,4.0897,4.2226999999000006,4.22765999998,20.0,2.3184240362811788,4890.334254346285
sqam/27_castanets_single_tone_rhythm_stereo.wav,sqam,baseline,medium,checked,882000,2,44100,545890,d617d93b8e0556f71307e73ca8dd10a4f2cf166920b4eeea52ace8b82fc786a3,ee6d9e38b0e82707,7,True,4.145933333,4.28354,4.326788,20.0,2.3503023429705214,4824.004245511585
sqam/27_castanets_single_tone_rhythm_stereo.wav,sqam,candidate,medium,checked,882000,2,44100,545890,d617d93b8e0556f71307e73ca8dd10a4f2cf166920b4eeea52ace8b82fc786a3,ee6d9e38b0e82707,7,True,4.1295,4.2417900001,4.272278000019999,20.0,2.3409863945578233,4843.20135609638
sqam/27_castanets_single_tone_rhythm_stereo.wav,sqam,baseline,low,checked,882000,2,44100,547558,d75e8599cdaff7ffcbef8bfa39cf73530bb862233ddb8d035a39ce89db2d002b,825ffdeb88b62f76,7,True,4.139933333,4.21901,4.2219619999999995,20.0,2.346900982426304,4830.995668596192
sqam/27_castanets_single_tone_rhythm_stereo.wav,sqam,candidate,low,checked,882000,2,44100,547558,d75e8599cdaff7ffcbef8bfa39cf73530bb862233ddb8d035a39ce89db2d002b,825ffdeb88b62f76,7,True,4.117333333,4.2420833332,4.26348333304,20.0,2.334089191043084,4857.512953761133
sqam/27_castanets_single_tone_rhythm_stereo.wav,sqam,reference,default,qoa,882000,2,44100,712528,1551db265bdb31c97f614ed21cbe7c7746c6eb5d6f1ba181cc29c175133af347,6ce059b7b00cb684,7,True,5.1837,5.37409,5.416498,20.0,2.9386054421768706,3858.247969597006
sqam/28_side_drum_stereo.wav,sqam,baseline,high,checked,3351600,2,44100,2707492,24eb3415f5277bf1adf7abfe3fe0947892c73475df3580b3c25f4f5db6f31ab9,d0f840c06213a343,7,True,15.3658,16.08037,16.206394,76.0,2.2923081513307078,4946.049017948952
sqam/28_side_drum_stereo.wav,sqam,candidate,high,checked,3351600,2,44100,2707492,24eb3415f5277bf1adf7abfe3fe0947892c73475df3580b3c25f4f5db6f31ab9,d0f840c06213a343,7,True,15.4911,15.82389,15.907338,76.0,2.311000716075904,4906.042824589604
sqam/28_side_drum_stereo.wav,sqam,baseline,medium,checked,3351600,2,44100,2037374,76a75c433d65012a109fa86758fcfe8416bd0d30180c3345fead43d61fa7bd01,7f5757d5a2ec860b,7,True,15.4619,16.10571,16.289862,76.0,2.3066445876596253,4915.30795051061
sqam/28_side_drum_stereo.wav,sqam,candidate,medium,checked,3351600,2,44100,2037374,76a75c433d65012a109fa86758fcfe8416bd0d30180c3345fead43d61fa7bd01,7f5757d5a2ec860b,7,True,15.3862,15.742989999999999,15.798838,76.0,2.2953514739229024,4939.491232403062
sqam/28_side_drum_stereo.wav,sqam,baseline,low,checked,3351600,2,44100,2037172,d344a9a43efd136461facce0d6c2f2a49b83c6cd13f8dc965366cd91b7f31083,b065ac62d787fe28,7,True,15.3774,15.6998,15.71012,76.0,2.2940386680988185,4942.317947117198
sqam/28_side_drum_stereo.wav,sqam,candidate,low,checked,3351600,2,44100,2037172,d344a9a43efd136461facce0d6c2f2a49b83c6cd13f8dc965366cd91b7f31083,b065ac62d787fe28,7,True,15.2743,15.9125,16.05074,76.0,2.278657954409834,4975.6780998147215
sqam/28_side_drum_stereo.wav,sqam,reference,default,qoa,3351600,2,44100,2707488,ff00a6febb1d178929ba9487845d4a9406ace37856513e1cfdaba5918391ed4f,d0f840c06213a343,7,True,19.5113,19.85947,19.882294,76.0,2.9107441222102874,3895.1786913224646
sqam/29_bass_drum_single_tone_stereo.wav,sqam,baseline,high,checked,1058400,2,44100,855012,fd3542a9fc85ad7cdfbbaff26843d84fbdbe44502c6c701d8bfc9ecafeff96e3,623afafa3db18161,7,True,4.958666667,5.339175,5.454075,24.0,2.342529604591837,4840.010755254099
sqam/29_bass_drum_single_tone_stereo.wav,sqam,candidate,high,checked,1058400,2,44100,855012,fd3542a9fc85ad7cdfbbaff26843d84fbdbe44502c6c701d8bfc9ecafeff96e3,623afafa3db18161,7,True,4.992433333,5.129205,5.139801,24.0,2.358481355347695,4807.275009835369
sqam/29_bass_drum_single_tone_stereo.wav,sqam,baseline,medium,checked,1058400,2,44100,643332,ddef8a61d3c50cefc585b62de00d4d001b11da14b2d5b44e5cfa0f27fa3b4690,e2c411f11d692b88,7,True,4.843266667,5.1011499999,5.15998999998,24.0,2.2880133536470146,4955.333176991057
sqam/29_bass_drum_single_tone_stereo.wav,sqam,candidate,medium,checked,1058400,2,44100,643332,ddef8a61d3c50cefc585b62de00d4d001b11da14b2d5b44e5cfa0f27fa3b4690,e2c411f11d692b88,7,True,5.001333333,5.1906683331,5.21296033302,24.0,2.362685814909297,4798.720341562165
sqam/29_bass_drum_single_tone_stereo.wav,sqam,baseline,low,checked,1058400,2,44100,643332,ddef8a61d3c50cefc585b62de00d4d001b11da14b2d5b44e5cfa0f27fa3b4690,e2c411f11d692b88,7,True,5.00535,5.126405,5.146841,24.0,2.3645833333333335,4794.869489646078
sqam/29_bass_drum_single_tone_stereo.wav,sqam,candidate,low,checked,1058400,2,44100,643332,ddef8a61d3c50cefc585b62de00d4d001b11da14b2d5b44e5cfa0f27fa3b4690,e2c411f11d692b88,7,True,4.989066667,5.0920383331,5.11147433302,24.0,2.3568909046674227,4810.519001228652
sqam/29_bass_drum_single_tone_stereo.wav,sqam,reference,default,qoa,1058400,2,44100,855008,fc8cbcaccd665e1420f9a2cf72601c20168ce7c74efb7ed77754e313ab9be45e,623afafa3db18161,7,True,6.07265,6.637835,6.724367,24.0,2.8687877928949357,3952.1460976674102
sqam/30_kettle_drums_single_tone_stereo.wav,sqam,baseline,high,checked,1146600,2,44100,926252,c2ec0d2f9a9641002e29260e7fb92c8e12268ef476d6616eef62947ae0717299,55c6457f81f35882,7,True,5.29075,5.469895,5.4888189999999994,26.0,2.3071472178615036,4914.237111940651
sqam/30_kettle_drums_single_tone_stereo.wav,sqam,candidate,high,checked,1146600,2,44100,926252,c2ec0d2f9a9641002e29260e7fb92c8e12268ef476d6616eef62947ae0717299,55c6457f81f35882,7,True,5.36365,5.44029,5.447298,26.0,2.3389368567939997,4847.445303105162
sqam/30_kettle_drums_single_tone_stereo.wav,sqam,baseline,medium,checked,1146600,2,44100,696932,514043ad83fd3143a2c4a47512f3ff13f0738be47bb1e63d718baff970bf79ff,43c2aba6ae93fe13,7,True,5.2863,5.338635,5.352926999999999,26.0,2.305206698063841,4918.37390991809
sqam/30_kettle_drums_single_tone_stereo.wav,sqam,candidate,medium,checked,1146600,2,44100,696932,514043ad83fd3143a2c4a47512f3ff13f0738be47bb1e63d718baff970bf79ff,43c2aba6ae93fe13,7,True,5.24505,5.351215,5.3516829999999995,26.0,2.287218733647305,4957.05474685656
sqam/30_kettle_drums_single_tone_stereo.wav,sqam,baseline,low,checked,1146600,2,44100,696932,514043ad83fd3143a2c4a47512f3ff13f0738be47bb1e63d718baff970bf79ff,43c2aba6ae93fe13,7,True,5.3701,5.398525,5.407465,26.0,2.341749520320949,4841.623061023072
sqam/30_kettle_drums_single_tone_stereo.wav,sqam,candidate,low,checked,1146600,2,44100,696932,514043ad83fd3143a2c4a47512f3ff13f0738be47bb1e63d718baff970bf79ff,43c2aba6ae93fe13,7,True,5.2784,5.42933,5.440466,26.0,2.301761730333159,4925.735071233707
sqam/30_kettle_drums_single_tone_stereo.wav,sqam,reference,default,qoa,1146600,2,44100,926248,0b6251a45c7582440db4912b242e342d535f1cd8c417c3aa1d48211e704736fd,55c6457f81f35882,7,True,6.86375,7.3640099999999995,7.511322,26.0,2.9930882609454037,3788.0167546894922
sqam/31_cymbal.wav,sqam,baseline,high,checked,5468400,2,44100,4417492,4fc169f1652ab62bb6c9e121131151d0c6eed8894aea0faeb8e0ddc06bf91362,a549c2b03105d1c1,7,True,25.3045,27.05922,27.091524,124.0,2.3137023626654964,4900.314173368373
sqam/31_cymbal.wav,sqam,candidate,high,checked,5468400,2,44100,4417492,4fc169f1652ab62bb6c9e121131151d0c6eed8894aea0faeb8e0ddc06bf91362,a549c2b03105d1c1,7,True,26.0023,27.02876,27.295592,124.0,2.3775053031965476,4768.808913057691
sqam/31_cymbal.wav,sqam,baseline,medium,checked,5468400,2,44100,3349944,aafd755ff81ea0751dbf9cb4a7a7cde574b4986d7364b6419400d18dcaa18cec,ef6ad52b944ab522,7,True,25.2139,27.319119999999998,27.995344,124.0,2.305418403920708,4917.922257167674
sqam/31_cymbal.wav,sqam,candidate,medium,checked,5468400,2,44100,3349944,aafd755ff81ea0751dbf9cb4a7a7cde574b4986d7364b6419400d18dcaa18cec,ef6ad52b944ab522,7,True,25.1967,26.401139999999998,26.783748,124.0,2.3038457318411236,4921.279373886263
sqam/31_cymbal.wav,sqam,baseline,low,checked,5468400,2,44100,3363300,bb3fb0c6a0be80382492a1e0e05e2274f488da17cde054bd7d7835b6128fff1c,d6d55d3b0bf79d88,7,True,25.7045,25.938290000000002,25.991978000000003,124.0,2.3502761319581595,4824.058044311308
sqam/31_cymbal.wav,sqam,candidate,low,checked,5468400,2,44100,3363300,bb3fb0c6a0be80382492a1e0e05e2274f488da17cde054bd7d7835b6128fff1c,d6d55d3b0bf79d88,7,True,25.5594,26.20365,26.30457,124.0,2.337008997147246,4851.444087106896
sqam/31_cymbal.wav,sqam,reference,default,qoa,5468400,2,44100,4417488,796863dbe6bbf9ebcf9afff265b44ad89bd552c0840ed552aeef000ab23b3baa,fd48fb3ec4180c24,7,True,32.0867,34.04752,34.161184,124.0,2.933828907907249,3864.5295402768124
sqam/32_triangles-triangle_roll_stereo.wav,sqam,baseline,high,checked,3263400,2,44100,2636252,17d0a4d23b7364a25014868ec5c2eff3e2a19c2e79a277234c213deb7c0d7480,c71fefea2955db18,7,True,14.8346,15.29048,15.381056000000001,74.0,2.2728749157320585,4988.338074501503
sqam/32_triangles-triangle_roll_stereo.wav,sqam,candidate,high,checked,3263400,2,44100,2636252,17d0a4d23b7364a25014868ec5c2eff3e2a19c2e79a277234c213deb7c0d7480,c71fefea2955db18,7,True,15.173,16.300810000000002,16.332802,74.0,2.324722681865539,4877.084294470441
sqam/32_triangles-triangle_roll_stereo.wav,sqam,baseline,medium,checked,3263400,2,44100,1996546,ee6968874aa64989a5301df0b1d7b7d3f15fb4fb03d7ec679c7c52a924037a63,73fbf87dc361f0cc,7,True,15.1062,15.38803,15.457366,74.0,2.3144879573451003,4898.650885067059
sqam/32_triangles-triangle_roll_stereo.wav,sqam,candidate,medium,checked,3263400,2,44100,1996546,ee6968874aa64989a5301df0b1d7b7d3f15fb4fb03d7ec679c7c52a924037a63,73fbf87dc361f0cc,7,True,14.9217,16.989079999999998,17.156696,74.0,2.2862198933627504,4959.220464156229
sqam/32_triangles-triangle_roll_stereo.wav,sqam,baseline,low,checked,3263400,2,44100,2002556,2608160f0194cc4190314fa0c2252dec956783eb319afaf102551b95dcbe465b,fb7bb6a2f764cdfc,7,True,14.838,16.43623,16.921246,74.0,2.273395844824416,4987.195039762772
sqam/32_triangles-triangle_roll_stereo.wav,sqam,candidate,low,checked,3263400,2,44100,2002556,2608160f0194cc4190314fa0c2252dec956783eb319afaf102551b95dcbe465b,fb7bb6a2f764cdfc,7,True,14.9858,15.57769,15.633778,74.0,2.2960409388980816,4938.007980888575
sqam/32_triangles-triangle_roll_stereo.wav,sqam,reference,default,qoa,3263400,2,44100,2636248,e20637952a7f68e3437085b02887476d63d3d60c84190bd514dfb7ff3851b542,c71fefea2955db18,7,True,18.4451,18.72297,18.791393999999997,74.0,2.826055647484219,4011.9056009455085
sqam/33_gong_single_tone_forte_single_tone_piano_roll_stereo.wav,sqam,baseline,high,checked,11730600,2,44100,9476172,b5598657dbdd685d9258dbe601629bfcb3dae3b6abf6b73054e9113528a2bb4b,85413a342bd84033,7,True,54.5612,58.97445,59.05545,266.0,2.3255928937991235,4875.259341803333
sqam/33_gong_single_tone_forte_single_tone_piano_roll_stereo.wav,sqam,candidate,high,checked,11730600,2,44100,9476172,b5598657dbdd685d9258dbe601629bfcb3dae3b6abf6b73054e9113528a2bb4b,85413a342bd84033,7,True,54.4643,56.03015,56.23499,266.0,2.321462670281145,4883.933145197863
sqam/33_gong_single_tone_forte_single_tone_piano_roll_stereo.wav,sqam,baseline,medium,checked,11730600,2,44100,7131010,8f4fb9983005289baa2069c6afbfa8bc4f67b6755dff67747061fe698bae5dc1,667667009f01df4e,7,True,53.8384,57.26075,57.88559,266.0,2.2947845804988662,4940.711462450593
sqam/33_gong_single_tone_forte_single_tone_piano_roll_stereo.wav,sqam,candidate,medium,checked,11730600,2,44100,7131010,8f4fb9983005289baa2069c6afbfa8bc4f67b6755dff67747061fe698bae5dc1,667667009f01df4e,7,True,54.5095,55.2004,55.25584,266.0,2.323389255451554,4879.88332309047
sqam/33_gong_single_tone_forte_single_tone_piano_roll_stereo.wav,sqam,baseline,low,checked,11730600,2,44100,7130052,19e3109a6c5a86e5554045972e263c2e5fb35a8de908905036ac836b89db7a9a,f2978e41993063df,7,True,54.4768,55.871249999999996,56.26257,266.0,2.3219954648526078,4882.8125
sqam/33_gong_single_tone_forte_single_tone_piano_roll_stereo.wav,sqam,candidate,low,checked,11730600,2,44100,7130052,19e3109a6c5a86e5554045972e263c2e5fb35a8de908905036ac836b89db7a9a,f2978e41993063df,7,True,53.8121,54.88497,54.906114,266.0,2.2936635807205086,4943.126174224756
sqam/33_gong_single_tone_forte_single_tone_piano_roll_stereo.wav,sqam,reference,default,qoa,11730600,2,44100,9476168,8eb21a5dccdc2f8e69b6e8a15b105e95f4cfb0e96db2f0010e35198a21229587,85413a342bd84033,7,True,68.3325,71.17533,72.01170599999999,266.0,2.9125748043578334,3892.7303991512094
sqam/34_tubular_bells_melodious_phrase_stereo.wav,sqam,baseline,high,checked,1190700,2,44100,961892,eb29b99a822a909153fcf19194b085b3eb3a625f84b485dc4082d199f944fe62,5a046e70b7940d19,7,True,5.56235,5.965199999999999,6.09,27.0,2.335747879398673,4854.063480363515
sqam/34_tubular_bells_melodious_phrase_stereo.wav,sqam,candidate,high,checked,1190700,2,44100,961892,eb29b99a822a909153fcf19194b085b3eb3a625f84b485dc4082d199f944fe62,5a046e70b7940d19,7,True,5.5596,5.90454,5.9524680000000005,27.0,2.3345930964978585,4856.464493848479
sqam/34_tubular_bells_melodious_phrase_stereo.wav,sqam,baseline,medium,checked,1190700,2,44100,723818,348f8700549dfcc1f1b3220432f199345fcae3c890867b5c8875d8bc03194402,c101eafeb0c0c59e,7,True,5.5209,5.92103,5.933726,27.0,2.318342151675485,4890.506982557192
sqam/34_tubular_bells_melodious_phrase_stereo.wav,sqam,candidate,medium,checked,1190700,2,44100,723818,348f8700549dfcc1f1b3220432f199345fcae3c890867b5c8875d8bc03194402,c101eafeb0c0c59e,7,True,5.54745,5.800315,5.8367830000000005,27.0,2.329491055681532,4867.101100505637
sqam/34_tubular_bells_melodious_phrase_stereo.wav,sqam,baseline,low,checked,1190700,2,44100,723752,32341db25c6f9b4c98688d66d1c0e6211aeddbc071bf0e7f091ab51c8b25ce50,d4693886868d8a93,7,True,5.5251,5.6266,5.634040000000001,27.0,2.32010582010582,4886.789379377748
sqam/34_tubular_bells_melodious_phrase_stereo.wav,sqam,candidate,low,checked,1190700,2,44100,723752,32341db25c6f9b4c98688d66d1c0e6211aeddbc071bf0e7f091ab51c8b25ce50,d4693886868d8a93,7,True,5.5179,5.61898,5.637315999999999,27.0,2.31708238851096,4893.165878323275
sqam/34_tubular_bells_melodious_phrase_stereo.wav,sqam,reference,default,qoa,1190700,2,44100,961888,8399c437248fff63bc16b9e32199ad86b5a819b461369a7ac5efbab34b005642,5a046e70b7940d19,7,True,7.02045,7.240615,7.309003000000001,27.0,2.948034769463341,3845.907313633741
sqam/35_glockenspiel_arpegio_melodious_phrase_stereo.wav,sqam,baseline,high,checked,2601900,2,44100,2101892,e416ad1eda80f52b999401083f65474d24dbd1d369dba9f772be7b4bc2929dd8,3a9b14a17219db15,7,True,13.2056,18.804629999999996,20.276286,59.0,2.537684000153734,4467.80153874114
sqam/35_glockenspiel_arpegio_melodious_phrase_stereo.wav,sqam,candidate,high,checked,2601900,2,44100,2101892,e416ad1eda80f52b999401083f65474d24dbd1d369dba9f772be7b4bc2929dd8,3a9b14a17219db15,7,True,13.2516,21.022939999999995,23.310187999999997,59.0,2.546523694223452,4452.292553352048
sqam/35_glockenspiel_arpegio_melodious_phrase_stereo.wav,sqam,baseline,medium,checked,2601900,2,44100,1588612,a4b5c5b2b0b0be6ab94d266d8a453eda2042f6f0a9b8b36212a4b11529a490fa,82283d998dba3399,7,True,13.3241,13.48323,13.516805999999999,59.0,2.5604558207463777,4428.066436006935
sqam/35_glockenspiel_arpegio_melodious_phrase_stereo.wav,sqam,candidate,medium,checked,2601900,2,44100,1588612,a4b5c5b2b0b0be6ab94d266d8a453eda2042f6f0a9b8b36212a4b11529a490fa,82283d998dba3399,7,True,13.4276,17.705629999999996,18.980725999999997,59.0,2.580345132403244,4393.934880395603
sqam/35_glockenspiel_arpegio_melodious_phrase_stereo.wav,sqam,baseline,low,checked,2601900,2,44100,1590404,ab53c613766399e1e2f2b6a1b47d6fd7dc9a6228ed642d0208b11bf7cb281879,4490fbcad14d97c4,7,True,13.2531,14.50649,14.566658,59.0,2.54681194511703,4451.788638129947
sqam/35_glockenspiel_arpegio_melodious_phrase_stereo.wav,sqam,candidate,low,checked,2601900,2,44100,1590404,ab53c613766399e1e2f2b6a1b47d6fd7dc9a6228ed642d0208b11bf7cb281879,4490fbcad14d97c4,7,True,13.0511,17.327,17.49308,59.0,2.5079941581152236,4520.69174245849
sqam/35_glockenspiel_arpegio_melodious_phrase_stereo.wav,sqam,reference,default,qoa,2601900,2,44100,2101888,fdccb2d5355f166ff43aee11f9d99998f2568487c567c722a188b59d757fdbfc,3a9b14a17219db15,7,True,16.4539,39.602489999999975,47.32249799999998,59.0,3.1619009185595144,3585.7760166282765
sqam/36_xylophone_single_tone_melodious_phrase_stereo.wav,sqam,baseline,high,checked,2205000,2,44100,1781252,311059eef893e0804d1bcfd068be22692fa0af7c95d92745c8e50b84e0bca915,de049bbe90fac7d2,7,True,11.8563,13.8402,14.33076,50.0,2.688503401360544,4217.16724441858
sqam/36_xylophone_single_tone_melodious_phrase_stereo.wav,sqam,candidate,high,checked,2205000,2,44100,1781252,311059eef893e0804d1bcfd068be22692fa0af7c95d92745c8e50b84e0bca915,de049bbe90fac7d2,7,True,11.361,11.97402,12.074724,50.0,2.5761904761904764,4401.021036880556
sqam/36_xylophone_single_tone_melodious_phrase_stereo.wav,sqam,baseline,medium,checked,2205000,2,44100,1342442,f118b03c1b659835535c65aaef9305a83e376f46bfaf247942befbc485a9b498,075ea874498a4817,7,True,11.7663,12.58127,12.689294,50.0,2.6680952380952383,4249.424203020491
sqam/36_xylophone_single_tone_melodious_phrase_stereo.wav,sqam,candidate,medium,checked,2205000,2,44100,1342442,f118b03c1b659835535c65aaef9305a83e376f46bfaf247942befbc485a9b498,075ea874498a4817,7,True,11.1839,11.7164,11.834,50.0,2.536031746031746,4470.71236330797
sqam/36_xylophone_single_tone_melodious_phrase_stereo.wav,sqam,baseline,low,checked,2205000,2,44100,1340252,2ebb3e6b91d4f427d08cf65af67289c1b85c279095475a0222f1f1a268bf5cef,daccb29855dfb08d,7,True,11.1459,11.52581,11.534042,50.0,2.5274149659863947,4485.954476533972
sqam/36_xylophone_single_tone_melodious_phrase_stereo.wav,sqam,candidate,low,checked,2205000,2,44100,1340252,2ebb3e6b91d4f427d08cf65af67289c1b85c279095475a0222f1f1a268bf5cef,daccb29855dfb08d,7,True,11.1847,11.59737,11.643953999999999,50.0,2.536213151927438,4470.392589877243
sqam/36_xylophone_single_tone_melodious_phrase_stereo.wav,sqam,reference,default,qoa,2205000,2,44100,1781248,9edcae66aa816ee1f00dc00d7b38a677799c160d94b351c38ed89b699299c34c,de049bbe90fac7d2,7,True,13.6718,14.46079,14.519278,50.0,3.100181405895692,3657.162919293729
sqam/37_vibraphone_arpegio_stereo.wav,sqam,baseline,high,checked,661500,2,44100,534412,4b92df83fa0ae2a965b3e3649e8192a4e0820540f845fa21a33227093525a89f,cb7e7c96926457e3,7,True,3.444266667,3.6089266669,3.62919866698,15.0,2.6033761655328798,4355.063486726244
sqam/37_vibraphone_arpegio_stereo.wav,sqam,candidate,high,checked,661500,2,44100,534412,4b92df83fa0ae2a965b3e3649e8192a4e0820540f845fa21a33227093525a89f,cb7e7c96926457e3,7,True,3.427933333,3.8472933330999997,3.97980533302,15.0,2.591030486016629,4375.814388103212
sqam/37_vibraphone_arpegio_stereo.wav,sqam,baseline,medium,checked,661500,2,44100,402246,baf9bed37da72c788781cd5f020b48896566522904b6f2593e5bd48193895741,371f5e8b65ba9915,7,True,3.374275,3.7406833332,3.8153633330399996,15.0,2.5504724111866968,4445.399382089486
sqam/37_vibraphone_arpegio_stereo.wav,sqam,candidate,medium,checked,661500,2,44100,402246,baf9bed37da72c788781cd5f020b48896566522904b6f2593e5bd48193895741,371f5e8b65ba9915,7,True,3.432533333,3.5863933331,3.61882533302,15.0,2.5945074323507176,4369.950280101184
sqam/37_vibraphone_arpegio_stereo.wav,sqam,baseline,low,checked,661500,2,44100,402112,829754a32a427ce46ab2ce49195f78548fa389482691146acd0c49eb2337ee1c,3f84a64a3ce3ba9d,7,True,3.382766667,3.5402033331,3.57006733302,15.0,2.5568909047619046,4434.240217136443
sqam/37_vibraphone_arpegio_stereo.wav,sqam,candidate,low,checked,661500,2,44100,402112,829754a32a427ce46ab2ce49195f78548fa389482691146acd0c49eb2337ee1c,3f84a64a3ce3ba9d,7,True,3.434133333,5.017519999999998,5.502223999999999,15.0,2.5957168049886623,4367.914272826517
sqam/37_vibraphone_arpegio_stereo.wav,sqam,reference,default,qoa,661500,2,44100,534408,668c6ec8eb4846a184b32dde120326ecb8b31294638b47b2e29e43b8316b2292,cb7e7c96926457e3,7,True,4.232633333,6.761375,6.777635,15.0,3.1992693371126224,3543.893084962387
sqam/38_marimba_single_tone_stereo.wav,sqam,baseline,high,checked,926100,2,44100,748132,e406bc985e806a0c16678d7ae2598da91389683b480947a3f6de170b2a113655,10af4a5c4d4b40ff,7,True,4.5771,10.995850000099994,13.144770000019996,21.0,2.471169420149012,4588.057940617422
sqam/38_marimba_single_tone_stereo.wav,sqam,candidate,high,checked,926100,2,44100,748132,e406bc985e806a0c16678d7ae2598da91389683b480947a3f6de170b2a113655,10af4a5c4d4b40ff,7,True,4.6865,5.13677,5.263274,21.0,2.5302343159486016,4480.955937266617
sqam/38_marimba_single_tone_stereo.wav,sqam,baseline,medium,checked,926100,2,44100,562912,92cb06e0eeda03930664837cd2ffb86b5321834bf05633df6ba828719b3628dc,df361fed276c8ee4,7,True,4.668033333,4.938745,5.005548999999999,21.0,2.520264190152252,4498.6825290092675
sqam/38_marimba_single_tone_stereo.wav,sqam,candidate,medium,checked,926100,2,44100,562912,92cb06e0eeda03930664837cd2ffb86b5321834bf05633df6ba828719b3628dc,df361fed276c8ee4,7,True,4.6529,4.9889550001,5.07415100002,21.0,2.5120937263794407,4513.314277117497
sqam/38_marimba_single_tone_stereo.wav,sqam,baseline,low,checked,926100,2,44100,562912,92cb06e0eeda03930664837cd2ffb86b5321834bf05633df6ba828719b3628dc,df361fed276c8ee4,7,True,4.607533333,4.8248966668,4.85471266696,21.0,2.4876003309577803,4557.753245015971
sqam/38_marimba_single_tone_stereo.wav,sqam,candidate,low,checked,926100,2,44100,562912,92cb06e0eeda03930664837cd2ffb86b5321834bf05633df6ba828719b3628dc,df361fed276c8ee4,7,True,4.627066667,5.07109,5.1744580000000004,21.0,2.498146348666451,4538.512520204412
sqam/38_marimba_single_tone_stereo.wav,sqam,reference,default,qoa,926100,2,44100,748128,2b3c991230e497280fd1beae86971dcfdbcf2aeec575775ec09e0a55ab890201,10af4a5c4d4b40ff,7,True,5.9406,6.3730150000000005,6.433603000000001,21.0,3.2073210236475544,3534.996465003535
sqam/39_grand_piano_arpegio_stereo.wav,sqam,baseline,high,checked,6041700,2,44100,4880612,655b4f41f44b8b4627eab51263e6d69ae39861fbd264ad9a74385b7e5fdc6513,af985d4386d15fdb,7,True,31.5389,54.604909999999975,61.39530199999999,137.0,2.6101014615091778,4343.842049025172
sqam/39_grand_piano_arpegio_stereo.wav,sqam,candidate,high,checked,6041700,2,44100,4880612,655b4f41f44b8b4627eab51263e6d69ae39861fbd264ad9a74385b7e5fdc6513,af985d4386d15fdb,7,True,31.5851,40.048899999999996,41.89402,137.0,2.6139248886902693,4337.488246040063
sqam/39_grand_piano_arpegio_stereo.wav,sqam,baseline,medium,checked,6041700,2,44100,3672406,d5fe28d9586fecb83967be72949ce38857dba099e4768317afb542bfad9fb7a6,75683e8f7e880601,7,True,31.7167,39.21955,41.52823,137.0,2.6248158630848932,4319.490993703633
sqam/39_grand_piano_arpegio_stereo.wav,sqam,candidate,medium,checked,6041700,2,44100,3672406,d5fe28d9586fecb83967be72949ce38857dba099e4768317afb542bfad9fb7a6,75683e8f7e880601,7,True,34.0148,39.52003,40.810726,137.0,2.8150023999867586,4027.6585486317717
sqam/39_grand_piano_arpegio_stereo.wav,sqam,baseline,low,checked,6041700,2,44100,3672272,0df2764023e81cb2afc372fbc2959060af2fd0aaf590c74e297080e7cdc1ff4a,e42807f806faf529,7,True,32.5326,34.13406,34.147212,137.0,2.6923382491682806,4211.1604974702295
sqam/39_grand_piano_arpegio_stereo.wav,sqam,candidate,low,checked,6041700,2,44100,3672272,0df2764023e81cb2afc372fbc2959060af2fd0aaf590c74e297080e7cdc1ff4a,e42807f806faf529,7,True,31.7804,38.161469999999994,40.010693999999994,137.0,2.6300875581376104,4310.833092094498
sqam/39_grand_piano_arpegio_stereo.wav,sqam,reference,default,qoa,6041700,2,44100,4880608,ae49e8a7bb7f02d8d8cc51a6d8de37d1d4512cb15bd4d978796670c40e463977,af985d4386d15fdb,7,True,39.9435,46.01658,46.621956,137.0,3.3056507274442626,3429.844655576001
sqam/40_harpsichord_arpegio_melodious_phrase_stereo.wav,sqam,baseline,high,checked,2337300,2,44100,1888132,c775e4c4d2b6e660a598804203f05b64e07313132c887ca3719947d3f8b7f1f5,afc029e2499c0b83,7,True,12.4109,13.92156,14.014391999999999,53.0,2.6549651307063704,4270.439694139829
sqam/40_harpsichord_arpegio_melodious_phrase_stereo.wav,sqam,candidate,high,checked,2337300,2,44100,1888132,c775e4c4d2b6e660a598804203f05b64e07313132c887ca3719947d3f8b7f1f5,afc029e2499c0b83,7,True,12.0671,13.70566,13.947052,53.0,2.5814187310144185,4392.107465753992
sqam/40_harpsichord_arpegio_melodious_phrase_stereo.wav,sqam,baseline,medium,checked,2337300,2,44100,1423244,aee919c63d64073c53d99edc280201a864f8f38fcae937cdb3a0e1f2fc3d11b9,0a2def9751cc3e46,7,True,11.7793,12.35375,12.45683,53.0,2.51985196594361,4499.418471386246
sqam/40_harpsichord_arpegio_melodious_phrase_stereo.wav,sqam,candidate,medium,checked,2337300,2,44100,1423244,aee919c63d64073c53d99edc280201a864f8f38fcae937cdb3a0e1f2fc3d11b9,0a2def9751cc3e46,7,True,11.9391,12.929509999999999,13.179421999999999,53.0,2.554036709023232,4439.1955842567695
sqam/40_harpsichord_arpegio_melodious_phrase_stereo.wav,sqam,baseline,low,checked,2337300,2,44100,1420672,a841e2bd350638e828dddd782b105290acebd9c8839a3accad386481e197dcc0,11463353fbbb8a37,7,True,12.369,12.84046,12.893932,53.0,2.646001796945193,4284.905812919395
sqam/40_harpsichord_arpegio_melodious_phrase_stereo.wav,sqam,candidate,low,checked,2337300,2,44100,1420672,a841e2bd350638e828dddd782b105290acebd9c8839a3accad386481e197dcc0,11463353fbbb8a37,7,True,12.0545,14.49593,14.657905999999999,53.0,2.578723313224661,4396.698328425069
sqam/40_harpsichord_arpegio_melodious_phrase_stereo.wav,sqam,reference,default,qoa,2337300,2,44100,1888128,d02bf28cf50655aee929b332fc7cb1909aad7f0660acef4b37cd2d6293bddb7f,afc029e2499c0b83,7,True,14.9784,17.06534,17.341627999999996,53.0,3.204209985881145,3538.4286706190246
sqam/41_celesta_arpegio_single_tone_melodious_phrase_stereo.wav,sqam,baseline,high,checked,2910600,2,44100,2351252,9c82d0710fa29e738fb010e5e89f23d30ecc9edb4c03cdaabd15b95be04f2b41,f090be1e35f15ab3,7,True,15.272,15.96317,16.071914,66.0,2.6235140520854805,4321.634363541121
sqam/41_celesta_arpegio_single_tone_melodious_phrase_stereo.wav,sqam,candidate,high,checked,2910600,2,44100,2351252,9c82d0710fa29e738fb010e5e89f23d30ecc9edb4c03cdaabd15b95be04f2b41,f090be1e35f15ab3,7,True,14.8185,16.298659999999998,16.562132,66.0,2.54560915275201,4453.892094341532
sqam/41_celesta_arpegio_single_tone_melodious_phrase_stereo.wav,sqam,baseline,medium,checked,2910600,2,44100,1769132,ae76ca7ddcde5ac3c13b0f6ad6b9dbd9ec4fba5c3796b1db3709078f9a63cf0e,aff201b2e3100d49,7,True,15.1063,16.467,16.73124,66.0,2.5950491307634165,4369.038083448628
sqam/41_celesta_arpegio_single_tone_melodious_phrase_stereo.wav,sqam,candidate,medium,checked,2910600,2,44100,1769132,ae76ca7ddcde5ac3c13b0f6ad6b9dbd9ec4fba5c3796b1db3709078f9a63cf0e,aff201b2e3100d49,7,True,14.9092,16.471140000000002,16.603428,66.0,2.561190132618704,4426.7968770960215
sqam/41_celesta_arpegio_single_tone_melodious_phrase_stereo.wav,sqam,baseline,low,checked,2910600,2,44100,1769132,ae76ca7ddcde5ac3c13b0f6ad6b9dbd9ec4fba5c3796b1db3709078f9a63cf0e,aff201b2e3100d49,7,True,14.958,16.52875,16.58023,66.0,2.569573283858998,4412.354592860008
sqam/41_celesta_arpegio_single_tone_melodious_phrase_stereo.wav,sqam,candidate,low,checked,2910600,2,44100,1769132,ae76ca7ddcde5ac3c13b0f6ad6b9dbd9ec4fba5c3796b1db3709078f9a63cf0e,aff201b2e3100d49,7,True,14.8341,16.35278,16.703995999999997,66.0,2.548289012574727,4449.208243169454
sqam/41_celesta_arpegio_single_tone_melodious_phrase_stereo.wav,sqam,reference,default,qoa,2910600,2,44100,2351248,d787ab6e10790c74a8c9b6e25b9f9aa07041f3b0bf89cfa6038dc0d1f5a2ae0a,f090be1e35f15ab3,7,True,18.5189,20.42065,20.87437,66.0,3.18128564557136,3563.926583112388
sqam/42_accordion_melodious_phrase_stereo.wav,sqam,baseline,high,checked,970200,2,44100,783772,c413f980b3b6eb6e95219b35dfa15fe3317483a50ba28fcf0558b422b6509135,ba935a91530d30fc,7,True,4.869066667,4.994645000099999,5.02312900002,22.0,2.5093107951968667,4518.3197324252205
sqam/42_accordion_melodious_phrase_stereo.wav,sqam,candidate,high,checked,970200,2,44100,783772,c413f980b3b6eb6e95219b35dfa15fe3317483a50ba28fcf0558b422b6509135,ba935a91530d30fc,7,True,4.9271,6.262739999999999,6.690947999999999,22.0,2.5392187177901464,4465.101175133445
sqam/42_accordion_melodious_phrase_stereo.wav,sqam,baseline,medium,checked,970200,2,44100,589732,ebb76545aa6933d45a598a4993fadcc1c12aca27640fab910e392d67216ad38c,71ee9f5fef44fa25,7,True,4.8718,5.758030000099999,6.03240600002,22.0,2.510719439290868,4515.78472022661
sqam/42_accordion_melodious_phrase_stereo.wav,sqam,candidate,medium,checked,970200,2,44100,589732,ebb76545aa6933d45a598a4993fadcc1c12aca27640fab910e392d67216ad38c,71ee9f5fef44fa25,7,True,4.887666667,4.9143799999999995,4.919756,22.0,2.518896447639662,4501.125281013358
sqam/42_accordion_melodious_phrase_stereo.wav,sqam,baseline,low,checked,970200,2,44100,589732,ebb76545aa6933d45a598a4993fadcc1c12aca27640fab910e392d67216ad38c,71ee9f5fef44fa25,7,True,4.897766667,4.9308733332,4.93660133304,22.0,2.5241015599876317,4491.843220754232
sqam/42_accordion_melodious_phrase_stereo.wav,sqam,candidate,low,checked,970200,2,44100,589732,ebb76545aa6933d45a598a4993fadcc1c12aca27640fab910e392d67216ad38c,71ee9f5fef44fa25,7,True,4.876533333,5.996994999999999,6.346398999999999,22.0,2.513158798701299,4511.401542387447
sqam/42_accordion_melodious_phrase_stereo.wav,sqam,reference,default,qoa,970200,2,44100,783768,e540dcbbd4a03466abaa6e055ea97f788823c782431d3224750fe66b4583663c,ba935a91530d30fc,7,True,6.08925,6.355734999999999,6.4044669999999995,22.0,3.1381416202844776,3612.9244159789796
sqam/43_organ_arpegio_stereo.wav,sqam,baseline,high,checked,3880800,2,44100,3134972,d04bb8e478de90963622fbfa8d3d45336363b3f52c7bb2e6a3b1027cef25ab7d,2bba89f4942ba450,7,True,18.8053,19.45975,19.504749999999998,88.0,2.4228638425066995,4679.531834110597
sqam/43_organ_arpegio_stereo.wav,sqam,candidate,high,checked,3880800,2,44100,3134972,d04bb8e478de90963622fbfa8d3d45336363b3f52c7bb2e6a3b1027cef25ab7d,2bba89f4942ba450,7,True,19.1688,21.865329999999997,22.673626,88.0,2.4696969696969697,4590.7933725637495
sqam/43_organ_arpegio_stereo.wav,sqam,baseline,medium,checked,3880800,2,44100,2368640,895b5418544feb8b8e1d1e87a8fe589286c3715ca8e033356ce279acc7b5cfce,0a84f5609d7fde85,7,True,18.805,20.031859999999998,20.060132,88.0,2.4228251906823335,4679.606487636267
sqam/43_organ_arpegio_stereo.wav,sqam,candidate,medium,checked,3880800,2,44100,2368640,895b5418544feb8b8e1d1e87a8fe589286c3715ca8e033356ce279acc7b5cfce,0a84f5609d7fde85,7,True,18.9882,19.59031,19.712062,88.0,2.4464285714285716,4634.457189201715
sqam/43_organ_arpegio_stereo.wav,sqam,baseline,low,checked,3880800,2,44100,2358812,eca357ffefbf6593bdfd2126b6bdf91ab68b2f678858947020ca8deafb1a2df7,1832f1227e5a7a3a,7,True,18.924,19.57452,19.578264,88.0,2.4381570810142237,4650.179666032552
sqam/43_organ_arpegio_stereo.wav,sqam,candidate,low,checked,3880800,2,44100,2358812,eca357ffefbf6593bdfd2126b6bdf91ab68b2f678858947020ca8deafb1a2df7,1832f1227e5a7a3a,7,True,19.3039,19.72656,19.734431999999998,88.0,2.4871031746031744,4558.6643113567725
sqam/43_organ_arpegio_stereo.wav,sqam,reference,default,qoa,3880800,2,44100,3134968,e23f8b2d4fea96b4617fb400878f1dd15054c33c8fc4b1abb0710e9fc4797580,2bba89f4942ba450,7,True,23.9993,24.71808,24.877296,88.0,3.0920557616986186,3666.7736142304148
sqam/44_soprano_stereo.wav,sqam,baseline,high,checked,1234800,2,44100,997532,cca6f46d31c2332f2028418149b873ca09c9f594ab3cc3872336e5279d1981f3,5a3948f62ff45c77,7,True,6.14375,6.298175,6.302915,28.0,2.487751052802073,4557.4771108850455
sqam/44_soprano_stereo.wav,sqam,candidate,high,checked,1234800,2,44100,997532,cca6f46d31c2332f2028418149b873ca09c9f594ab3cc3872336e5279d1981f3,5a3948f62ff45c77,7,True,6.01325,6.34643,6.350486,28.0,2.434908487204406,4656.383819066228
sqam/44_soprano_stereo.wav,sqam,baseline,medium,checked,1234800,2,44100,750572,9e9e91a00a8ffdfb79fb46c7d08eb56d859a4a1cb733e0efd15c91b7e21fd035,2eaedee51a8d2399,7,True,6.17895,6.364495,6.393859,28.0,2.5020043731778427,4531.514254039926
sqam/44_soprano_stereo.wav,sqam,candidate,medium,checked,1234800,2,44100,750572,9e9e91a00a8ffdfb79fb46c7d08eb56d859a4a1cb733e0efd15c91b7e21fd035,2eaedee51a8d2399,7,True,6.1462,6.393685,6.399457,28.0,2.488743116294137,4555.6604080570105
sqam/44_soprano_stereo.wav,sqam,baseline,low,checked,1234800,2,44100,750572,9e9e91a00a8ffdfb79fb46c7d08eb56d859a4a1cb733e0efd15c91b7e21fd035,2eaedee51a8d2399,7,True,6.15885,6.35718,6.398916,28.0,2.493865403304179,4546.303287139644
sqam/44_soprano_stereo.wav,sqam,candidate,low,checked,1234800,2,44100,750572,9e9e91a00a8ffdfb79fb46c7d08eb56d859a4a1cb733e0efd15c91b7e21fd035,2eaedee51a8d2399,7,True,6.22565,6.458515,6.499063,28.0,2.5209143181081957,4497.522347064162
sqam/44_soprano_stereo.wav,sqam,reference,default,qoa,1234800,2,44100,997528,41763df5d602d4440af7b333da72f87c40cd7a16126fd87db19ba2f325fe7bab,5a3948f62ff45c77,7,True,7.6633,7.944305,7.981421,28.0,3.1030531260123095,3653.778398340141
sqam/45_alto_stereo.wav,sqam,baseline,high,checked,1323000,2,44100,1068772,df0be7fb849885d1df37a759c1ac2a36ca447419765bd17480da294f4433f0f0,9a3a249a93fc6f29,7,True,6.5152,6.92014,6.932308,30.0,2.4622826908541193,4604.616895874263
sqam/45_alto_stereo.wav,sqam,candidate,high,checked,1323000,2,44100,1068772,df0be7fb849885d1df37a759c1ac2a36ca447419765bd17480da294f4433f0f0,9a3a249a93fc6f29,7,True,6.26525,6.69178,6.785236,30.0,2.367819349962207,4788.316507721161
sqam/45_alto_stereo.wav,sqam,baseline,medium,checked,1323000,2,44100,804172,635bf2f8f7ec098269658b9e9e6872eea9672dfe68a15346e94161b89bd54540,6804bc84ab265667,7,True,6.49335,6.84161,6.892562,30.0,2.4540249433106576,4620.111344683407
sqam/45_alto_stereo.wav,sqam,candidate,medium,checked,1323000,2,44100,804172,635bf2f8f7ec098269658b9e9e6872eea9672dfe68a15346e94161b89bd54540,6804bc84ab265667,7,True,6.32515,8.051919999999999,8.531704,30.0,2.3904572940287228,4742.970522438203
sqam/45_alto_stereo.wav,sqam,baseline,low,checked,1323000,2,44100,804172,635bf2f8f7ec098269658b9e9e6872eea9672dfe68a15346e94161b89bd54540,6804bc84ab265667,7,True,6.28895,6.503064999999999,6.520213,30.0,2.3767762660619804,4770.271666971435
sqam/45_alto_stereo.wav,sqam,candidate,low,checked,1323000,2,44100,804172,635bf2f8f7ec098269658b9e9e6872eea9672dfe68a15346e94161b89bd54540,6804bc84ab265667,7,True,6.25745,6.67279,6.704038,30.0,2.3648715041572186,4794.285212027263
sqam/45_alto_stereo.wav,sqam,reference,default,qoa,1323000,2,44100,1068768,0f8ca23fb51118dff67078ce2cfec54b583d3d41e868d896947b6773eaa37cc4,9a3a249a93fc6f29,7,True,8.01115,8.309845,8.348089,30.0,3.027645502645503,3744.780711882813
sqam/46_tenor_stereo.wav,sqam,baseline,high,checked,1278900,2,44100,1033132,9653de19d2c96f2c5a4635fa77f9479c079c840af029b162d362e1f363c83e4b,7e7329e79bdbdbba,7,True,5.91525,6.03887,6.046574,29.0,2.3126319493314567,4902.582308440049
sqam/46_tenor_stereo.wav,sqam,candidate,high,checked,1278900,2,44100,1033132,9653de19d2c96f2c5a4635fa77f9479c079c840af029b162d362e1f363c83e4b,7e7329e79bdbdbba,7,True,6.01055,6.623829999999999,6.806925999999999,29.0,2.3498905309250135,4824.849639384082
sqam/46_tenor_stereo.wav,sqam,baseline,medium,checked,1278900,2,44100,777352,cb7409c38a0d5b5fa2090546b5c91fec08f9beb8e2f17241d2c9b408a016ee44,322bd18f7c063522,7,True,6.0414,6.761614999999999,6.972683,29.0,2.361951677222613,4800.211871420532
sqam/46_tenor_stereo.wav,sqam,candidate,medium,checked,1278900,2,44100,777352,cb7409c38a0d5b5fa2090546b5c91fec08f9beb8e2f17241d2c9b408a016ee44,322bd18f7c063522,7,True,5.98105,6.1208599999999995,6.164492,29.0,2.338357181953241,4848.646976701416
sqam/46_tenor_stereo.wav,sqam,baseline,low,checked,1278900,2,44100,777352,cb7409c38a0d5b5fa2090546b5c91fec08f9beb8e2f17241d2c9b408a016ee44,322bd18f7c063522,7,True,6.00005,6.56997,6.722633999999999,29.0,2.3457854406130267,4833.293055891201
sqam/46_tenor_stereo.wav,sqam,candidate,low,checked,1278900,2,44100,777352,cb7409c38a0d5b5fa2090546b5c91fec08f9beb8e2f17241d2c9b408a016ee44,322bd18f7c063522,7,True,5.9004,6.236475,6.248175,29.0,2.306826178747361,4914.9210223035725
sqam/46_tenor_stereo.wav,sqam,reference,default,qoa,1278900,2,44100,1033128,9b5ddfab4780591d29770585aac26ab42812e4e09c75d9e1448ec88fad48df01,7e7329e79bdbdbba,7,True,7.5742,7.87777,7.891234,29.0,2.9612166705762766,3828.787198648042
sqam/47_bass_stereo.wav,sqam,baseline,high,checked,1323000,2,44100,1068772,cf627337042639318b0172cad6a267c371c8f65678628c22ff5c214b613b68ff,6f133a76c9b60036,7,True,6.07025,6.14264,6.144368,30.0,2.2941232048374904,4942.135826366295
sqam/47_bass_stereo.wav,sqam,candidate,high,checked,1323000,2,44100,1068772,cf627337042639318b0172cad6a267c371c8f65678628c22ff5c214b613b68ff,6f133a76c9b60036,7,True,6.08995,7.0833699999999995,7.3526739999999995,30.0,2.3015684051398337,4926.14881895582
sqam/47_bass_stereo.wav,sqam,baseline,medium,checked,1323000,2,44100,804172,1cb9fcc8d5be7554dfd5ce354a3a665235cfe02182c8e0ba12fd84ca11a75a7b,635a0a2a43979c0b,7,True,6.04915,6.20533,6.236506,30.0,2.2861489040060468,4959.374457568419
sqam/47_bass_stereo.wav,sqam,candidate,medium,checked,1323000,2,44100,804172,1cb9fcc8d5be7554dfd5ce354a3a665235cfe02182c8e0ba12fd84ca11a75a7b,635a0a2a43979c0b,7,True,6.05705,6.16229,6.182498,30.0,2.2891345427059715,4952.906117664539
sqam/47_bass_stereo.wav,sqam,baseline,low,checked,1323000,2,44100,804172,1cb9fcc8d5be7554dfd5ce354a3a665235cfe02182c8e0ba12fd84ca11a75a7b,635a0a2a43979c0b,7,True,6.08455,6.31353,6.316986,30.0,2.299527588813303,4930.520745166035
sqam/47_bass_stereo.wav,sqam,candidate,low,checked,1323000,2,44100,804172,1cb9fcc8d5be7554dfd5ce354a3a665235cfe02182c8e0ba12fd84ca11a75a7b,635a0a2a43979c0b,7,True,6.05505,6.140995,6.145999,30.0,2.288378684807256,4954.542076448584
sqam/47_bass_stereo.wav,sqam,reference,default,qoa,1323000,2,44100,1068768,f2cfb4a226de4c98b4af328c6a24896a3625b6c1cdc0a0270a0f8b0c4e99fea4,6f133a76c9b60036,7,True,7.6225,7.76192,7.763984,30.0,2.880763416477702,3935.7166284027553
sqam/48_quartet_stereo.wav,sqam,baseline,high,checked,1234800,2,44100,997532,3832b1a92f22c37cc2b21fc171818b03b69bda21cfc67e0d7bfe603f4440c2ad,76789e1dbc96653e,7,True,5.62175,5.704845,5.7219690000000005,28.0,2.2763807904114026,4980.655489838574
sqam/48_quartet_stereo.wav,sqam,candidate,high,checked,1234800,2,44100,997532,3832b1a92f22c37cc2b21fc171818b03b69bda21cfc67e0d7bfe603f4440c2ad,76789e1dbc96653e,7,True,5.6936,5.70666,5.707092,28.0,2.305474570780693,4917.802444850358
sqam/48_quartet_stereo.wav,sqam,baseline,medium,checked,1234800,2,44100,750572,10fef357a055fbdbd42a6747e413aa323ee346bebbb7e852ab5cb3e8d413e9fb,d16a48375106462b,7,True,5.5987,5.70197,5.701994,28.0,2.2670472951085197,5001.16098379981
sqam/48_quartet_stereo.wav,sqam,candidate,medium,checked,1234800,2,44100,750572,10fef357a055fbdbd42a6747e413aa323ee346bebbb7e852ab5cb3e8d413e9fb,d16a48375106462b,7,True,5.65615,6.465739999999999,6.615428,28.0,2.2903101716877226,4950.363763337252
sqam/48_quartet_stereo.wav,sqam,baseline,low,checked,1234800,2,44100,750572,10fef357a055fbdbd42a6747e413aa323ee346bebbb7e852ab5cb3e8d413e9fb,d16a48375106462b,7,True,5.74475,5.81549,5.818058,28.0,2.326186426951733,4874.015405370121
sqam/48_quartet_stereo.wav,sqam,candidate,low,checked,1234800,2,44100,750572,10fef357a055fbdbd42a6747e413aa323ee346bebbb7e852ab5cb3e8d413e9fb,d16a48375106462b,7,True,5.6467,5.788799999999999,5.8292399999999995,28.0,2.2864836410754776,4958.648414117981
sqam/48_quartet_stereo.wav,sqam,reference,default,qoa,1234800,2,44100,997528,1daf54481bb8c0ddc19d2c5283ad6d2155de8d82c57151d64c5629315fbb9e03,76789e1dbc96653e,7,True,6.96795,7.533939999999999,7.647268,28.0,2.821489310009718,4018.3985246736843
sqam/49_female_speech_english_mono.wav,sqam,baseline,high,checked,1014300,2,44100,819412,0cd5ae6586c2df0a2a259320fb6ec602eba73dd3a4d755f2219239bc0cc0bedc,98ffad5d0868d68c,7,True,4.730433333,4.819953333,4.843137333,23.0,2.331870912451937,4862.13384290813
sqam/49_female_speech_english_mono.wav,sqam,candidate,high,checked,1014300,2,44100,819412,0cd5ae6586c2df0a2a259320fb6ec602eba73dd3a4d755f2219239bc0cc0bedc,98ffad5d0868d68c,7,True,4.747,5.595189999999999,5.868478,23.0,2.3400374642610666,4845.16536760059
sqam/49_female_speech_english_mono.wav,sqam,baseline,medium,checked,1014300,2,44100,618150,83490dabefac92337ae7e0316c36b57785ce00e3624dbc2b8ba9438b03d2d611,8192abdfd16fc52a,7,True,4.6755,4.7449966669,4.75593266698,23.0,2.304791481810115,4919.259972195487
sqam/49_female_speech_english_mono.wav,sqam,candidate,medium,checked,1014300,2,44100,618150,83490dabefac92337ae7e0316c36b57785ce00e3624dbc2b8ba9438b03d2d611,8192abdfd16fc52a,7,True,4.687233333,5.4690399999,5.68428799998,23.0,2.3105754377403134,4906.945817711013
sqam/49_female_speech_english_mono.wav,sqam,baseline,low,checked,1014300,2,44100,616552,993287b4587225c3c3204c18a75c90607eea6d7d4540d80805b72b9d1d9330e1,ebba52f405f07c7b,7,True,4.6858,4.761336667,4.771200667,23.0,2.3098688750862664,4908.446796704938
sqam/49_female_speech_english_mono.wav,sqam,candidate,low,checked,1014300,2,44100,616552,993287b4587225c3c3204c18a75c90607eea6d7d4540d80805b72b9d1d9330e1,ebba52f405f07c7b,7,True,4.658833333,4.778466667,4.802226667,23.0,2.2965756349206345,4936.8582982103435
sqam/49_female_speech_english_mono.wav,sqam,reference,default,qoa,1014300,2,44100,819408,0ee8c0f5fe25269e7d4e274f50041c51f63794c989a7dee98a18f4c49d356679,98ffad5d0868d68c,7,True,5.8415,5.956345,5.973349,23.0,2.8795721187025536,3937.3448600530687
sqam/50_male_speech_english_mono.wav,sqam,baseline,high,checked,970200,2,44100,783772,1d3ca4c1b1ab001cf1df50e65656c5759310b641bb1c2334eec2008b17331f8c,0675680092741c60,7,True,4.427033333,4.60564,4.6102479999999995,22.0,2.2815055313337456,4969.467890835057
sqam/50_male_speech_english_mono.wav,sqam,candidate,high,checked,970200,2,44100,783772,1d3ca4c1b1ab001cf1df50e65656c5759310b641bb1c2334eec2008b17331f8c,0675680092741c60,7,True,4.4353,4.5015199999,4.51166399998,22.0,2.285765821480107,4960.205623069465
sqam/50_male_speech_english_mono.wav,sqam,baseline,medium,checked,970200,2,44100,589934,bbc3f5606c2763fc447157b8953f4055d9d500ad0801323f7831208ea5c04d9c,969015aa11f45f8a,7,True,4.453666667,4.4817800000000005,4.4852360000000004,22.0,2.2952312239744384,4939.7500183414595
sqam/50_male_speech_english_mono.wav,sqam,candidate,medium,checked,970200,2,44100,589934,bbc3f5606c2763fc447157b8953f4055d9d500ad0801323f7831208ea5c04d9c,969015aa11f45f8a,7,True,4.466566667,4.5395266670000005,4.552918667,22.0,2.3018793377654094,4925.483405977337
sqam/50_male_speech_english_mono.wav,sqam,baseline,low,checked,970200,2,44100,589732,73ec7cb125af83a9d786537a03debfc4e1e83d464ec0ce3c79d3f8305f64fd4f,53281849272f9f3a,7,True,4.4349,4.567399999899999,4.60691999998,22.0,2.285559678416821,4960.653002322488
sqam/50_male_speech_english_mono.wav,sqam,candidate,low,checked,970200,2,44100,589732,73ec7cb125af83a9d786537a03debfc4e1e83d464ec0ce3c79d3f8305f64fd4f,53281849272f9f3a,7,True,4.450433333,4.5282566668,4.55370466696,22.0,2.2935649005359724,4943.338851268665
sqam/50_male_speech_english_mono.wav,sqam,reference,default,qoa,970200,2,44100,783768,b3abfcf14b5845dd0881d6d54cde03b6fdd5d9589037dec25bc2e057dae21e2b,0675680092741c60,7,True,5.58485,5.70159,5.726598,22.0,2.8781952174809318,3939.2284483916305
sqam/51_female_speech_french_mono.wav,sqam,baseline,high,checked,926100,2,44100,748132,dfd1e3d680beba4e7c392138ec6ea100b4e184e5c21744edc907cc81b44834c8,91f970a006f816f7,7,True,4.260333333,4.355356667,4.358404667,21.0,2.30014757207645,4929.191769417823
sqam/51_female_speech_french_mono.wav,sqam,candidate,high,checked,926100,2,44100,748132,dfd1e3d680beba4e7c392138ec6ea100b4e184e5c21744edc907cc81b44834c8,91f970a006f816f7,7,True,4.2472,4.3188799999,4.32297599998,21.0,2.2930569053018033,4944.433980033904
sqam/51_female_speech_french_mono.wav,sqam,baseline,medium,checked,926100,2,44100,563636,4fa38edc8ada484e0706a167357d8804772bd7465215e07f095ca2663fe0dce0,9a49d52b50c788e1,7,True,4.241133333,4.2827699999,4.28607399998,21.0,2.2897815208940715,4951.506673133872
sqam/51_female_speech_french_mono.wav,sqam,candidate,medium,checked,926100,2,44100,563636,4fa38edc8ada484e0706a167357d8804772bd7465215e07f095ca2663fe0dce0,9a49d52b50c788e1,7,True,4.2184,4.28014,4.2888280000000005,21.0,2.2775078285282366,4978.19078323535
sqam/51_female_speech_french_mono.wav,sqam,baseline,low,checked,926100,2,44100,562912,bd906bd31d139810d4c020d1a2feb164374f013a2bc200fe5c043582c828a81a,268050614a96b656,7,True,4.187133333,4.2500200001,4.25096400002,21.0,2.2606270019436345,5015.3645298307
sqam/51_female_speech_french_mono.wav,sqam,candidate,low,checked,926100,2,44100,562912,bd906bd31d139810d4c020d1a2feb164374f013a2bc200fe5c043582c828a81a,268050614a96b656,7,True,4.2058,4.294923333,4.304931333,21.0,2.2707051074398015,4993.104760093204
sqam/51_female_speech_french_mono.wav,sqam,reference,default,qoa,926100,2,44100,748128,cc7a6241381451794e50286ccf2aa9db704d20867e333237d7bc3644b11a9247,91f970a006f816f7,7,True,5.28055,5.582405,5.657561,21.0,2.8509610193283663,3976.8584711819794
sqam/52_male_speech_french_mono.wav,sqam,baseline,high,checked,1058400,2,44100,855012,b5de3f6b32baae72498cc4987d43131fc0cb8255ae971ab48b4fa001e0f01f39,e73d524003e54b3e,7,True,4.8672,4.9871349999,5.00338699998,24.0,2.2993197278911564,4930.966469428007
sqam/52_male_speech_french_mono.wav,sqam,candidate,high,checked,1058400,2,44100,855012,b5de3f6b32baae72498cc4987d43131fc0cb8255ae971ab48b4fa001e0f01f39,e73d524003e54b3e,7,True,4.951333333,5.0038549999,5.01809099998,24.0,2.339065255574452,4847.179211313261
sqam/52_male_speech_french_mono.wav,sqam,baseline,medium,checked,1058400,2,44100,644494,308ce269ddd5a03272a55aaa5a5c3690dfcc50ebd2b8bcc791f51a474b5b41ec,bdcf0c1b4ba12450,7,True,4.940266667,5.382135,5.499027,24.0,2.333837238756614,4858.037352581639
sqam/52_male_speech_french_mono.wav,sqam,candidate,medium,checked,1058400,2,44100,644494,308ce269ddd5a03272a55aaa5a5c3690dfcc50ebd2b8bcc791f51a474b5b41ec,bdcf0c1b4ba12450,7,True,5.011566667,5.169865000000001,5.174413,24.0,2.3675201563681028,4788.921627648778
sqam/52_male_speech_french_mono.wav,sqam,baseline,low,checked,1058400,2,44100,643332,be46507a2613039e3c9a0ca3591bdd459c2d85b482aff5c99556295212ca93ff,70c975ce50b187a4,7,True,4.926333333,4.991696666799999,4.99199266696,24.0,2.3272549759070293,4871.777522489464
sqam/52_male_speech_french_mono.wav,sqam,candidate,low,checked,1058400,2,44100,643332,be46507a2613039e3c9a0ca3591bdd459c2d85b482aff5c99556295212ca93ff,70c975ce50b187a4,7,True,4.848566667,5.1090666667999995,5.15306666696,24.0,2.290517132936508,4949.916469819265
sqam/52_male_speech_french_mono.wav,sqam,reference,default,qoa,1058400,2,44100,855008,bc31339428b3ade26ead5e52a5d02a4d3b3f36d5708452ef464ef821fbd440a7,e73d524003e54b3e,7,True,6.2023,7.609304999999999,8.017581,24.0,2.930035903250189,3869.532270286829
sqam/53_female_speech_german_mono.wav,sqam,baseline,high,checked,926100,2,44100,748132,bb775d19fb2d2b4076963bd3d2020556c8584493d150ba84dd211c94e7aebab5,34f17451f8cebb7d,7,True,4.2641,4.375360000100001,4.37923200002,21.0,2.302181189936292,4924.8375976173165
sqam/53_female_speech_german_mono.wav,sqam,candidate,high,checked,926100,2,44100,748132,bb775d19fb2d2b4076963bd3d2020556c8584493d150ba84dd211c94e7aebab5,34f17451f8cebb7d,7,True,4.260766667,4.4550266668,4.49393866696,21.0,2.300381528452651,4928.690454383898
sqam/53_female_speech_german_mono.wav,sqam,baseline,medium,checked,926100,2,44100,563888,6ebc15c1bea039fdecf748ea41fba36d2ae6756e3a0c5ac6aa405d8c3efdcc2c,e88844f4d9637135,7,True,4.189833333,4.276730000000001,4.2906260000000005,21.0,2.2620847278911564,5012.132543459336
sqam/53_female_speech_german_mono.wav,sqam,candidate,medium,checked,926100,2,44100,563888,6ebc15c1bea039fdecf748ea41fba36d2ae6756e3a0c5ac6aa405d8c3efdcc2c,e88844f4d9637135,7,True,4.234166667,4.2953966669,4.29769266698,21.0,2.2860202283770654,4959.653611103353
sqam/53_female_speech_german_mono.wav,sqam,baseline,low,checked,926100,2,44100,562912,d63517766ca1882f5afbec31ebc9573f9ba8a49818213d2a770d83964a1bc18f,c6ce7ab100ede224,7,True,4.243966667,4.311726666999999,4.318398666999999,21.0,2.29131123366807,4948.200975113833
sqam/53_female_speech_german_mono.wav,sqam,candidate,low,checked,926100,2,44100,562912,d63517766ca1882f5afbec31ebc9573f9ba8a49818213d2a770d83964a1bc18f,c6ce7ab100ede224,7,True,4.271133333,4.3088166668,4.315496666960001,21.0,2.305978475866537,4916.727800967482
sqam/53_female_speech_german_mono.wav,sqam,reference,default,qoa,926100,2,44100,748128,127ea6cd24b256a0ea6efb6e8568921de4787abba3c4718722f4d4c775d282b7,34f17451f8cebb7d,7,True,5.31125,5.4278699999999995,5.4642539999999995,21.0,2.867535903250189,3953.8714991762768
sqam/54_male_speech_german_mono.wav,sqam,baseline,high,checked,926100,2,44100,748132,d07bfd3b0c2e67e9c7f1b44251fc0960ec310dccfa39f41cc021d100ad9565b5,3af3fd251b9d0531,7,True,4.229,4.5015466668999995,4.53708266698,21.0,2.2832307526185076,4965.712934499882
sqam/54_male_speech_german_mono.wav,sqam,candidate,high,checked,926100,2,44100,748132,d07bfd3b0c2e67e9c7f1b44251fc0960ec310dccfa39f41cc021d100ad9565b5,3af3fd251b9d0531,7,True,4.277366667,4.3323600000999996,4.34127200002,21.0,2.309343843537415,4909.56273681552
sqam/54_male_speech_german_mono.wav,sqam,baseline,medium,checked,926100,2,44100,563870,2dc1545da5100c51a98c8abe96f2e2909609235451fca2cb933f81a4ddbc6812,73f8ba3206536dc6,7,True,4.262233333,4.3263933330999995,4.3264253330199995,21.0,2.301173379224706,4926.994455561403
sqam/54_male_speech_german_mono.wav,sqam,candidate,medium,checked,926100,2,44100,563870,2dc1545da5100c51a98c8abe96f2e2909609235451fca2cb933f81a4ddbc6812,73f8ba3206536dc6,7,True,4.207266667,4.304936667,4.327280667,21.0,2.2714969587517544,4991.364147348923
sqam/54_male_speech_german_mono.wav,sqam,baseline,low,checked,926100,2,44100,562912,088947494c46f6bdb83b45e5b59fd909c2e05ecd4762d29d1ba41115b6d76b4a,6c749a9b22451de3,7,True,4.194566667,4.2407099999,4.24838199998,21.0,2.264640247813411,5006.476632071133
sqam/54_male_speech_german_mono.wav,sqam,candidate,low,checked,926100,2,44100,562912,088947494c46f6bdb83b45e5b59fd909c2e05ecd4762d29d1ba41115b6d76b4a,6c749a9b22451de3,7,True,4.224833333,4.3901100001,4.41402200002,21.0,2.2809811753590328,4970.610280876611
sqam/54_male_speech_german_mono.wav,sqam,reference,default,qoa,926100,2,44100,748128,8e0e9a680efcf6e1fabdd757852089ffe02421348ea4b14badd46bc3a93361c7,3af3fd251b9d0531,7,True,5.28035,5.30471,5.311742000000001,21.0,2.8508530396285496,3977.009099775583
sqam/55_trumpet_haydn_stereo.wav,sqam,baseline,high,checked,1411200,2,44100,1140012,64d4ab62c631f5a18ff43f7fa77eca726b65430469ff4d68a6ce5dee82c25f95,b7ac45175904f760,7,True,6.4939,6.58601,6.6076820000000005,32.0,2.300843253968254,4927.701381296293
sqam/55_trumpet_haydn_stereo.wav,sqam,candidate,high,checked,1411200,2,44100,1140012,64d4ab62c631f5a18ff43f7fa77eca726b65430469ff4d68a6ce5dee82c25f95,b7ac45175904f760,7,True,6.428,6.63816,6.652992,32.0,2.2774943310657596,4978.220286247666
sqam/55_trumpet_haydn_stereo.wav,sqam,baseline,medium,checked,1411200,2,44100,857904,0b18dbafba193d8544aea89400a2302489106005b01b7ecfddc44ede49c8f66d,0584b43722519af6,7,True,6.34985,6.51601,6.526161999999999,32.0,2.2498051303854876,5039.489121790279
sqam/55_trumpet_haydn_stereo.wav,sqam,candidate,medium,checked,1411200,2,44100,857904,0b18dbafba193d8544aea89400a2302489106005b01b7ecfddc44ede49c8f66d,0584b43722519af6,7,True,6.47145,6.6122,6.64208,32.0,2.292889030612245,4944.795988534254
sqam/55_trumpet_haydn_stereo.wav,sqam,baseline,low,checked,1411200,2,44100,857772,29086c956b9611c0c953157c79701ae7d993d6f69545806ac30210fa6d1c35fd,91099cd935fb1dcb,7,True,6.42925,6.60092,6.620984,32.0,2.277937216553288,4977.252401135436
sqam/55_trumpet_haydn_stereo.wav,sqam,candidate,low,checked,1411200,2,44100,857772,29086c956b9611c0c953157c79701ae7d993d6f69545806ac30210fa6d1c35fd,91099cd935fb1dcb,7,True,6.43155,6.49536,6.5003519999999995,32.0,2.2787521258503403,4975.4724755307825
sqam/55_trumpet_haydn_stereo.wav,sqam,reference,default,qoa,1411200,2,44100,1140008,518a4732ea7b7e0de98251317ab871c34b4602ac87443df2deff1881a3802f66,b7ac45175904f760,7,True,8.12475,8.6326,8.74504,32.0,2.878667091836735,3938.5827256223265
sqam/56_organ_händel_stereo.wav,sqam,baseline,high,checked,1499400,2,44100,1211252,48eb4f9fda693e04b31ab83c198f3543b7e40a96c89ec6cb09f8a1588c3470bf,621ecb3f712e58a1,7,True,6.90495,7.395675,7.494495,34.0,2.3025710284113647,4924.003794379394
sqam/56_organ_händel_stereo.wav,sqam,candidate,high,checked,1499400,2,44100,1211252,48eb4f9fda693e04b31ab83c198f3543b7e40a96c89ec6cb09f8a1588c3470bf,621ecb3f712e58a1,7,True,6.8808,6.991944999999999,7.0046289999999996,34.0,2.294517807122849,4941.285896988722
sqam/56_organ_händel_stereo.wav,sqam,baseline,medium,checked,1499400,2,44100,913650,e48dc4ba22a13c09d610aa312c0469267110ce59fab9206939b2ec11d5db75b0,0bed7edd49de93fa,7,True,6.9191,7.05212,7.067624,34.0,2.3072895824996666,4913.93389313639
sqam/56_organ_händel_stereo.wav,sqam,candidate,medium,checked,1499400,2,44100,913650,e48dc4ba22a13c09d610aa312c0469267110ce59fab9206939b2ec11d5db75b0,0bed7edd49de93fa,7,True,6.9542,7.8716849999999985,8.173257,34.0,2.3189942643724155,4889.131747720801
sqam/56_organ_händel_stereo.wav,sqam,baseline,low,checked,1499400,2,44100,911372,57c40cd15d4111d19a891e720cf19dd7697cfcca3202380c99e347a4e1a45197,b67ee3e921b9c932,7,True,6.8691,7.7399749999999985,7.976314999999999,34.0,2.2906162464985993,4949.702289965207
sqam/56_organ_händel_stereo.wav,sqam,candidate,low,checked,1499400,2,44100,911372,57c40cd15d4111d19a891e720cf19dd7697cfcca3202380c99e347a4e1a45197,b67ee3e921b9c932,7,True,6.89345,7.091975,7.094195,34.0,2.298736161131119,4932.218265164758
sqam/56_organ_händel_stereo.wav,sqam,reference,default,qoa,1499400,2,44100,1211248,9e1247f9fc0241ac2b4dedc30027ca8c30669bb5c8a5812a57a089e8ea9ff4ee,621ecb3f712e58a1,7,True,8.81165,9.352575,9.453435,34.0,2.938392023476057,3858.5281984645326
sqam/57_organ_bach_stereo.wav,sqam,baseline,high,checked,882000,2,44100,712532,8d67d0314dc152cf84206bb91554dc2e77ba49020364d889c32e8a15d93bbab9,d3540823a12209d5,7,True,4.044133333,4.1906233332,4.23151133304,20.0,2.2925925924036283,4945.435363567425
sqam/57_organ_bach_stereo.wav,sqam,candidate,high,checked,882000,2,44100,712532,8d67d0314dc152cf84206bb91554dc2e77ba49020364d889c32e8a15d93bbab9,d3540823a12209d5,7,True,4.059866667,4.0716299999,4.07272599998,20.0,2.3015117159863943,4926.270156250923
sqam/57_organ_bach_stereo.wav,sqam,baseline,medium,checked,882000,2,44100,536132,b3085959725bf2adee0f3a866cf03af7c27a149ec402ed46b100082193c1afce,48168b0d21f0a2e9,7,True,4.004266667,4.068653332999999,4.068797333,20.0,2.269992441609977,4994.672349078094
sqam/57_organ_bach_stereo.wav,sqam,candidate,medium,checked,882000,2,44100,536132,b3085959725bf2adee0f3a866cf03af7c27a149ec402ed46b100082193c1afce,48168b0d21f0a2e9,7,True,4.035466667,4.1110533332,4.12695733304,20.0,2.2876795164399093,4956.0563003902025
sqam/57_organ_bach_stereo.wav,sqam,baseline,low,checked,882000,2,44100,536132,b3085959725bf2adee0f3a866cf03af7c27a149ec402ed46b100082193c1afce,48168b0d21f0a2e9,7,True,4.0664,4.1123566668,4.115244666960001,20.0,2.305215419501134,4918.355301987016
sqam/57_organ_bach_stereo.wav,sqam,candidate,low,checked,882000,2,44100,536132,b3085959725bf2adee0f3a866cf03af7c27a149ec402ed46b100082193c1afce,48168b0d21f0a2e9,7,True,4.0096,4.0319666668,4.035406666959999,20.0,2.273015873015873,4988.028731045491
sqam/57_organ_bach_stereo.wav,sqam,reference,default,qoa,882000,2,44100,712528,f71f436b7419657f14c87128f1b3425d02ba965efc44291d9c092cd936800f02,d3540823a12209d5,7,True,5.0971,5.17574,5.185988,20.0,2.889512471655329,3923.7998077338093
sqam/58_guitar_sarasate_stereo.wav,sqam,baseline,high,checked,705600,2,44100,570012,6039486ac38b624fd55e9d51f7a05ee6c516774f94eb1182f8dc766907fa7d5f,9c850bc763a9888d,7,True,3.20745,3.2671025,3.2779205,16.0,2.2728528911564627,4988.386412882508
sqam/58_guitar_sarasate_stereo.wav,sqam,candidate,high,checked,705600,2,44100,570012,6039486ac38b624fd55e9d51f7a05ee6c516774f94eb1182f8dc766907fa7d5f,9c850bc763a9888d,7,True,3.26635,3.3018175,3.3100435,16.0,2.3145904195011338,4898.434031870436
sqam/58_guitar_sarasate_stereo.wav,sqam,baseline,medium,checked,705600,2,44100,429424,990796c4d3c148b445d65ec37d5719364b1804c17d5106f5bc3c7ee9cec17440,f51d4764ee9c2be9,7,True,3.21825,3.268515,3.279783,16.0,2.2805059523809526,4971.6460809446135
sqam/58_guitar_sarasate_stereo.wav,sqam,candidate,medium,checked,705600,2,44100,429424,990796c4d3c148b445d65ec37d5719364b1804c17d5106f5bc3c7ee9cec17440,f51d4764ee9c2be9,7,True,3.214475,3.3962874999999997,3.4236774999999997,16.0,2.277830924036281,4977.484659236734
sqam/58_guitar_sarasate_stereo.wav,sqam,baseline,low,checked,705600,2,44100,428892,e1fa564e06a67905b5d2fde8ccc1b86d0e3baca64494bc5d7b9d037b58989834,cdd1d00cde2c157b,7,True,3.211425,3.26969,3.272678,16.0,2.275669642857143,4982.211946410082
sqam/58_guitar_sarasate_stereo.wav,sqam,candidate,low,checked,705600,2,44100,428892,e1fa564e06a67905b5d2fde8ccc1b86d0e3baca64494bc5d7b9d037b58989834,cdd1d00cde2c157b,7,True,3.22135,3.3216441669,3.35398216698,16.0,2.282702664399093,4966.861719465442
sqam/58_guitar_sarasate_stereo.wav,sqam,reference,default,qoa,705600,2,44100,570008,534c7dd35b5e41a58f5e8690c6461f4f406d2c0967a4ffb2053548cd965f6f95,9c850bc763a9888d,7,True,4.076133333,4.1330866669,4.14083066698,16.0,2.888416477465986,3925.288672592105
sqam/59_violin_ravel_stereo.wav,sqam,baseline,high,checked,1278900,2,44100,1033132,3747e85cd4287707ff7100230b8b9fb2e748586d1745a21354893a6176dd8b5b,158e2bcb34355312,7,True,5.91675,6.00572,6.010544,29.0,2.3132183908045976,4901.339417754679
sqam/59_violin_ravel_stereo.wav,sqam,candidate,high,checked,1278900,2,44100,1033132,3747e85cd4287707ff7100230b8b9fb2e748586d1745a21354893a6176dd8b5b,158e2bcb34355312,7,True,5.97045,6.19784,6.226928,29.0,2.334212995543045,4857.255315763468
sqam/59_violin_ravel_stereo.wav,sqam,baseline,medium,checked,1278900,2,44100,777352,aaab6ccfb43e54f7e4af5924695b126de04c597796280c3574742a14e62552a7,b8e39ac3fefa38f2,7,True,5.88495,5.9811700000000005,6.008314,29.0,2.300785831574009,4927.824365542613
sqam/59_violin_ravel_stereo.wav,sqam,candidate,medium,checked,1278900,2,44100,777352,aaab6ccfb43e54f7e4af5924695b126de04c597796280c3574742a14e62552a7,b8e39ac3fefa38f2,7,True,5.8825,6.48551,6.641222,29.0,2.2998279771678787,4929.876753081173
sqam/59_violin_ravel_stereo.wav,sqam,baseline,low,checked,1278900,2,44100,777352,aaab6ccfb43e54f7e4af5924695b126de04c597796280c3574742a14e62552a7,b8e39ac3fefa38f2,7,True,5.94855,6.06875,6.105589999999999,29.0,2.3256509500351865,4875.137638584193
sqam/59_violin_ravel_stereo.wav,sqam,candidate,low,checked,1278900,2,44100,777352,aaab6ccfb43e54f7e4af5924695b126de04c597796280c3574742a14e62552a7,b8e39ac3fefa38f2,7,True,5.94645,6.138265,6.143293,29.0,2.324829931972789,4876.85930260912
sqam/59_violin_ravel_stereo.wav,sqam,reference,default,qoa,1278900,2,44100,1033128,424bd5e5ef74e6d92258ecc8f1b23d2bdebb7c5ef8da7cf82924815634461d71,158e2bcb34355312,7,True,7.37135,7.667154999999999,7.758870999999999,29.0,2.8819102353585113,3934.1504609060758
sqam/60_piano_schubert_stereo.wav,sqam,baseline,high,checked,4057200,2,44100,3277492,7c4ba89280b756f07f9c2b587163da401d0afe37f51314a5aa892ff72b4768ab,f2792573751af3ca,7,True,19.0671,20.50781,20.569802,92.0,2.3497855664004734,4825.065164602903
sqam/60_piano_schubert_stereo.wav,sqam,candidate,high,checked,4057200,2,44100,3277492,7c4ba89280b756f07f9c2b587163da401d0afe37f51314a5aa892ff72b4768ab,f2792573751af3ca,7,True,19.0329,21.76918,22.137436,92.0,2.3455708370304644,4833.735268929065
sqam/60_piano_schubert_stereo.wav,sqam,baseline,medium,checked,4057200,2,44100,2466052,173f13bed3ad701c69fe04bc0aec4d90ffca8bcbab262547cc6cb1c8ffe25512,04209a4b68472889,7,True,18.8095,20.16192,20.536464,92.0,2.3180395346544413,4891.145431829661
sqam/60_piano_schubert_stereo.wav,sqam,candidate,medium,checked,4057200,2,44100,2466052,173f13bed3ad701c69fe04bc0aec4d90ffca8bcbab262547cc6cb1c8ffe25512,04209a4b68472889,7,True,18.5961,18.71513,18.715346,92.0,2.291740609287193,4947.273890762041
sqam/60_piano_schubert_stereo.wav,sqam,baseline,low,checked,4057200,2,44100,2466052,173f13bed3ad701c69fe04bc0aec4d90ffca8bcbab262547cc6cb1c8ffe25512,04209a4b68472889,7,True,18.5549,19.66223,19.916605999999998,92.0,2.2866632160110423,4958.259004360034
sqam/60_piano_schubert_stereo.wav,sqam,candidate,low,checked,4057200,2,44100,2466052,173f13bed3ad701c69fe04bc0aec4d90ffca8bcbab262547cc6cb1c8ffe25512,04209a4b68472889,7,True,18.3204,20.83318,21.553995999999998,92.0,2.2577639751552794,5021.724416497456
sqam/60_piano_schubert_stereo.wav,sqam,reference,default,qoa,4057200,2,44100,3277488,1b1982c952e8f9837017fc2db11b4d9cf77e1828ca30abec09ebf068f06fca5c,f2792573751af3ca,7,True,23.5342,24.676599999999997,25.01356,92.0,2.900300699990141,3909.204476888953
sqam/61_soprano_mozart_stereo.wav,sqam,baseline,high,checked,7893900,2,44100,6376812,dd1d8a47fe01f27d773925ebeca7fdbe731ba0f9cf2135ae6a4548b909be0838,ac9ec87228079f4a,7,True,37.0127,39.051390000000005,39.130038000000006,179.0,2.3443861716008563,4836.177852466855
sqam/61_soprano_mozart_stereo.wav,sqam,candidate,high,checked,7893900,2,44100,6376812,dd1d8a47fe01f27d773925ebeca7fdbe731ba0f9cf2135ae6a4548b909be0838,ac9ec87228079f4a,7,True,37.8581,41.02198,41.555116,179.0,2.3979338476545182,4728.182344069037
sqam/61_soprano_mozart_stereo.wav,sqam,baseline,medium,checked,7893900,2,44100,4798164,4184f0ac79b7e4ac748fcc3220e466088353fb416a05191a1cba76d892a27497,b0e49b1c34a15f26,7,True,38.06,38.8885,38.91682,179.0,2.410722203220208,4703.100367840252
sqam/61_soprano_mozart_stereo.wav,sqam,candidate,medium,checked,7893900,2,44100,4798164,4184f0ac79b7e4ac748fcc3220e466088353fb416a05191a1cba76d892a27497,b0e49b1c34a15f26,7,True,37.8557,38.947509999999994,38.999182,179.0,2.39778183154081,4728.482104412282
sqam/61_soprano_mozart_stereo.wav,sqam,baseline,low,checked,7893900,2,44100,4798032,869c36658f37f6fbe10f7697c29d7f8910b6043315e6b45096ff4f46404603e1,3d5ebc9e58e26970,7,True,37.3215,42.510619999999996,43.887884,179.0,2.3639455782312924,4796.163069544365
sqam/61_soprano_mozart_stereo.wav,sqam,candidate,low,checked,7893900,2,44100,4798032,869c36658f37f6fbe10f7697c29d7f8910b6043315e6b45096ff4f46404603e1,3d5ebc9e58e26970,7,True,36.9254,38.560159999999996,38.744671999999994,179.0,2.338856585464726,4847.611671099026
sqam/61_soprano_mozart_stereo.wav,sqam,reference,default,qoa,7893900,2,44100,6376808,c9439d2cff06a319a30261e072ee44175f70d5a529b80ca370dfec0bb0a9877b,ac9ec87228079f4a,7,True,47.9637,49.774879999999996,50.096335999999994,179.0,3.038023030441227,3731.9889833353136
sqam/62_soprano_spiritual_stereo.wav,sqam,baseline,high,checked,1367100,2,44100,1104412,95d1b3eb8b1aa81e81374a77743ddee996c604382281d40b52c98501af141134,3ded49f18f19414a,7,True,6.513,6.70411,6.714862,31.0,2.382049594031161,4759.711346537694
sqam/62_soprano_spiritual_stereo.wav,sqam,candidate,high,checked,1367100,2,44100,1104412,95d1b3eb8b1aa81e81374a77743ddee996c604382281d40b52c98501af141134,3ded49f18f19414a,7,True,6.5267,6.7124500000000005,6.74941,31.0,2.387060200424256,4749.720379364763
sqam/62_soprano_spiritual_stereo.wav,sqam,baseline,medium,checked,1367100,2,44100,830992,266ccf666a161e85fa510ec92c5c9c0a9a042e7aa61b0b68fc8212ad4c445ff4,501af254d5963e2f,7,True,6.59185,6.725125,6.749664999999999,31.0,2.4108880111184257,4702.7769139164275
sqam/62_soprano_spiritual_stereo.wav,sqam,candidate,medium,checked,1367100,2,44100,830992,266ccf666a161e85fa510ec92c5c9c0a9a042e7aa61b0b68fc8212ad4c445ff4,501af254d5963e2f,7,True,6.42705,6.57965,6.59681,31.0,2.350614439324117,4823.363751643445
sqam/62_soprano_spiritual_stereo.wav,sqam,baseline,low,checked,1367100,2,44100,830992,266ccf666a161e85fa510ec92c5c9c0a9a042e7aa61b0b68fc8212ad4c445ff4,501af254d5963e2f,7,True,6.43565,7.266545,7.520909,31.0,2.353759783483286,4816.918260004817
sqam/62_soprano_spiritual_stereo.wav,sqam,candidate,low,checked,1367100,2,44100,830992,266ccf666a161e85fa510ec92c5c9c0a9a042e7aa61b0b68fc8212ad4c445ff4,501af254d5963e2f,7,True,6.61875,7.640594999999999,7.795719,31.0,2.4207263550581524,4683.663833805476
sqam/62_soprano_spiritual_stereo.wav,sqam,reference,default,qoa,1367100,2,44100,1104408,af1e30a14b1049cfc25bf059569252a708f7237a0845d1f6ae4fc750b2e1b39b,3ded49f18f19414a,7,True,8.3097,10.184239999999999,10.227967999999999,31.0,3.039170506912442,3730.579924666354
sqam/63_soloists_verdi_stereo.wav,sqam,baseline,high,checked,2513700,2,44100,2030612,13037f1f35502ef34cb816864848e8b0842e46f345283b54ee7cc7fafcd4b8a3,13edaec836a4dce2,7,True,11.5748,12.161999999999999,12.28968,57.0,2.3023431594860164,4924.491135915955
sqam/63_soloists_verdi_stereo.wav,sqam,candidate,high,checked,2513700,2,44100,2030612,13037f1f35502ef34cb816864848e8b0842e46f345283b54ee7cc7fafcd4b8a3,13edaec836a4dce2,7,True,11.6023,13.727979999999999,14.361915999999999,57.0,2.3078131837530336,4912.819010023874
sqam/63_soloists_verdi_stereo.wav,sqam,baseline,medium,checked,2513700,2,44100,1528890,d28aa2ad8cc696fd6e91602cc045e6ec4d023df2a63d2cdab96d77c963078cdc,67767f72664715f8,7,True,11.411,12.92831,13.174382,57.0,2.2697617058519315,4995.180089387433
sqam/63_soloists_verdi_stereo.wav,sqam,candidate,medium,checked,2513700,2,44100,1528890,d28aa2ad8cc696fd6e91602cc045e6ec4d023df2a63d2cdab96d77c963078cdc,67767f72664715f8,7,True,11.5708,11.7159,11.73246,57.0,2.3015475195926323,4926.193521623397
sqam/63_soloists_verdi_stereo.wav,sqam,baseline,low,checked,2513700,2,44100,1527872,2b028d6ef289d374b30113c2295a398c565d5e273ea5e40cf75c1cc67e08d574,8b3191e0206f5b59,7,True,11.4366,15.644699999999997,16.687019999999997,57.0,2.2748538011695905,4983.998740884528
sqam/63_soloists_verdi_stereo.wav,sqam,candidate,low,checked,2513700,2,44100,1527872,2b028d6ef289d374b30113c2295a398c565d5e273ea5e40cf75c1cc67e08d574,8b3191e0206f5b59,7,True,11.4673,12.363059999999999,12.555731999999999,57.0,2.2809603373513148,4970.655690528721
sqam/63_soloists_verdi_stereo.wav,sqam,reference,default,qoa,2513700,2,44100,2030608,e0e9c4ce0b1a0f24b67b48eeabd8e7ba1fef9c44b12c2dcdf5ea1da8202aeb82,13edaec836a4dce2,7,True,14.5993,14.91625,14.95045,57.0,2.903946373871186,3904.2967813525306
sqam/64_choir_orff_stereo.wav,sqam,baseline,high,checked,1367100,2,44100,1104412,e53fcbf40b2e5e28031a742feb7925e1a46f3740bd351b0c81be1fb3348684da,1fff3bbf7e844fe0,7,True,6.35785,6.445655,6.445811,31.0,2.3253053909735937,4875.862123202026
sqam/64_choir_orff_stereo.wav,sqam,candidate,high,checked,1367100,2,44100,1104412,e53fcbf40b2e5e28031a742feb7925e1a46f3740bd351b0c81be1fb3348684da,1fff3bbf7e844fe0,7,True,6.4199,6.930005,7.022441000000001,31.0,2.347999414819691,4828.735650088008
sqam/64_choir_orff_stereo.wav,sqam,baseline,medium,checked,1367100,2,44100,840810,578c7643cd651570a54274f85729b03d50c994c9d36fa48f4cc36215ba64e444,921220969b8477de,7,True,6.36805,6.53603,6.572966,31.0,2.3290359154414455,4868.0522294894035
sqam/64_choir_orff_stereo.wav,sqam,candidate,medium,checked,1367100,2,44100,840810,578c7643cd651570a54274f85729b03d50c994c9d36fa48f4cc36215ba64e444,921220969b8477de,7,True,6.33155,6.52945,6.58681,31.0,2.3156864896496234,4896.115485149766
sqam/64_choir_orff_stereo.wav,sqam,baseline,low,checked,1367100,2,44100,833618,b1ce9ad28ab8925c34c7fd00e9f969d7e29dc1832c6cad7789440ebe51ec447d,71515111cacac5ba,7,True,6.22315,6.292815,6.297603,31.0,2.276040523736376,4981.400094807292
sqam/64_choir_orff_stereo.wav,sqam,candidate,low,checked,1367100,2,44100,833618,b1ce9ad28ab8925c34c7fd00e9f969d7e29dc1832c6cad7789440ebe51ec447d,71515111cacac5ba,7,True,6.23055,6.36249,6.368538,31.0,2.278746982664033,4975.483705290865
sqam/64_choir_orff_stereo.wav,sqam,reference,default,qoa,1367100,2,44100,1104408,a909d400d0e19f2cf37375a7518eeb895dc6226f8c5027014114ba6c10728759,1fff3bbf7e844fe0,7,True,7.857,7.983655,8.006371,31.0,2.8736010533245557,3945.5262822960417
sqam/65_orchestra_strauss_stereo.wav,sqam,baseline,high,checked,4939200,2,44100,3989972,c8e1c82b7575b96b0233d0202c2a3c61eb5166c7a4ed7f8bb4fdfd8992618cf9,9ff626724e05d8ec,7,True,23.1868,23.93979,24.030438,112.0,2.3472222222222223,4830.33450066417
sqam/65_orchestra_strauss_stereo.wav,sqam,candidate,high,checked,4939200,2,44100,3989972,c8e1c82b7575b96b0233d0202c2a3c61eb5166c7a4ed7f8bb4fdfd8992618cf9,9ff626724e05d8ec,7,True,22.6829,23.036739999999998,23.045188,112.0,2.2962119371558147,4937.6402488218
sqam/65_orchestra_strauss_stereo.wav,sqam,baseline,medium,checked,4939200,2,44100,3031144,e449362ef9ce3485edc79bbcdb0c83805b2651b9fdcbaa861085adb88330185b,9608cd565b98dbfb,7,True,22.7495,22.9963,23.0503,112.0,2.3029539196631035,4923.1851249478
sqam/65_orchestra_strauss_stereo.wav,sqam,candidate,medium,checked,4939200,2,44100,3031144,e449362ef9ce3485edc79bbcdb0c83805b2651b9fdcbaa861085adb88330185b,9608cd565b98dbfb,7,True,23.0174,28.285039999999995,29.628127999999997,112.0,2.3300736961451247,4865.884070312025
sqam/65_orchestra_strauss_stereo.wav,sqam,baseline,low,checked,4939200,2,44100,3012450,a3867292d2b801ddd7452992e71043090cd2f40cd927533c4b845338a064bec5,6d6aebdf5e5c7332,7,True,22.9519,26.024739999999998,26.307748,112.0,2.3234430677032716,4879.770302240773
sqam/65_orchestra_strauss_stereo.wav,sqam,candidate,low,checked,4939200,2,44100,3012450,a3867292d2b801ddd7452992e71043090cd2f40cd927533c4b845338a064bec5,6d6aebdf5e5c7332,7,True,22.8004,23.77513,23.932546000000002,112.0,2.308106575963719,4912.194522903107
sqam/65_orchestra_strauss_stereo.wav,sqam,reference,default,qoa,4939200,2,44100,3989968,b01fb69cab244fc0ab73e28e58575550d9a6db2e9c2f863a7751b32edee15b65,26d955fbe205a6b4,7,True,28.193,28.58194,28.596868,112.0,2.854004697116942,3972.6173163551234
sqam/66_wind_ensemble_stravinsky_stereo.wav,sqam,baseline,high,checked,793800,2,44100,641292,1a89b313ec99d2ff8f38c9d892966fceada0cabd853571cacdef24484182c8c3,f8465ecf9108d699,7,True,3.710333333,3.8838,3.9042,18.0,2.3370706305114637,4851.3161445378955
sqam/66_wind_ensemble_stravinsky_stereo.wav,sqam,candidate,high,checked,793800,2,44100,641292,1a89b313ec99d2ff8f38c9d892966fceada0cabd853571cacdef24484182c8c3,f8465ecf9108d699,7,True,3.806033333,4.3768733331,4.42260133302,18.0,2.397350297933988,4729.333252005968
sqam/66_wind_ensemble_stravinsky_stereo.wav,sqam,baseline,medium,checked,793800,2,44100,485892,b14660429b6ffda1ab8ffe623c9e7300be3b47dc9387132ac85c58557f2da645,09a317ca08b184a4,7,True,3.7634,3.826643333,3.839915333,18.0,2.370496346686823,4782.909071584206
sqam/66_wind_ensemble_stravinsky_stereo.wav,sqam,candidate,medium,checked,793800,2,44100,485892,b14660429b6ffda1ab8ffe623c9e7300be3b47dc9387132ac85c58557f2da645,09a317ca08b184a4,7,True,3.733166667,3.7790733331,3.78232133302,18.0,2.3514529270597126,4821.643822954449
sqam/66_wind_ensemble_stravinsky_stereo.wav,sqam,baseline,low,checked,793800,2,44100,482598,b873eb8b1916f73b33da73a68bc7614f7e6dfb1a5a44e2cc9e483b0c87fb0a0a,8dc617eacc3b83a6,7,True,3.6887,5.703719999999998,6.365783999999998,18.0,2.3234441924918117,4879.767939924634
sqam/66_wind_ensemble_stravinsky_stereo.wav,sqam,candidate,low,checked,793800,2,44100,482598,b873eb8b1916f73b33da73a68bc7614f7e6dfb1a5a44e2cc9e483b0c87fb0a0a,8dc617eacc3b83a6,7,True,3.696366667,3.7384033332,3.74170733304,18.0,2.328273284832451,4869.646769812731
sqam/66_wind_ensemble_stravinsky_stereo.wav,sqam,reference,default,qoa,793800,2,44100,641288,9151aca602cae0e9507b8368bdb7687fa4f67228d160eb67effe207c087acaa4,f8465ecf9108d699,7,True,4.670533333,4.7668900001,4.78921800002,18.0,2.9418829257999493,3853.9495849049326
sqam/67_wind_ensemble_mozart_stereo.wav,sqam,baseline,high,checked,3616200,2,44100,2921252,e8e7643a87cf0200d35185ffe6cf29d684eee083c5209da5ba7b2375a2ab6806,b297371346243953,7,True,17.4545,18.18345,18.38637,82.0,2.4133759194734803,4697.928900856513
sqam/67_wind_ensemble_mozart_stereo.wav,sqam,candidate,high,checked,3616200,2,44100,2921252,e8e7643a87cf0200d35185ffe6cf29d684eee083c5209da5ba7b2375a2ab6806,b297371346243953,7,True,17.3238,17.858249999999998,17.87445,82.0,2.395304463248714,4733.372585691362
sqam/67_wind_ensemble_mozart_stereo.wav,sqam,baseline,medium,checked,3616200,2,44100,2198012,0c907f302849aa84bd9912e0103c1b187e3a24f10e575706bc78a1c53743a345,660743e4341b4d11,7,True,17.1795,17.42182,17.427724,82.0,2.3753525800564126,4773.130766320323
sqam/67_wind_ensemble_mozart_stereo.wav,sqam,candidate,medium,checked,3616200,2,44100,2198012,0c907f302849aa84bd9912e0103c1b187e3a24f10e575706bc78a1c53743a345,660743e4341b4d11,7,True,17.0768,17.62827,17.706774000000003,82.0,2.361152591117748,4801.836409631782
sqam/67_wind_ensemble_mozart_stereo.wav,sqam,baseline,low,checked,3616200,2,44100,2198012,0c907f302849aa84bd9912e0103c1b187e3a24f10e575706bc78a1c53743a345,660743e4341b4d11,7,True,17.167,17.75275,17.90455,82.0,2.3736242464465462,4776.606279489718
sqam/67_wind_ensemble_mozart_stereo.wav,sqam,candidate,low,checked,3616200,2,44100,2198012,0c907f302849aa84bd9912e0103c1b187e3a24f10e575706bc78a1c53743a345,660743e4341b4d11,7,True,17.1891,18.34524,18.716568,82.0,2.3766799402687906,4770.465003985084
sqam/67_wind_ensemble_mozart_stereo.wav,sqam,reference,default,qoa,3616200,2,44100,2921248,803c273e5b76d75358b27454ba7a264ad13fd73dda92cd9fcff464da9baaed33,b297371346243953,7,True,21.3306,23.13957,23.323194,82.0,2.949311431889829,3844.2425435758955
sqam/68_orchestra_baird_stereo.wav,sqam,baseline,high,checked,7232400,2,44100,5842452,c5e7e22cac122c9ed5d264b674be2fa3dc7d520cf20a480022da4bfba021125b,7e8de3bab7d0e208,7,True,34.6955,35.06693,35.070746,164.0,2.398615950445219,4726.83777435114
sqam/68_orchestra_baird_stereo.wav,sqam,candidate,high,checked,7232400,2,44100,5842452,c5e7e22cac122c9ed5d264b674be2fa3dc7d520cf20a480022da4bfba021125b,7e8de3bab7d0e208,7,True,34.9592,36.16003,36.413926000000004,164.0,2.4168464133620926,4691.182864596443
sqam/68_orchestra_baird_stereo.wav,sqam,baseline,medium,checked,7232400,2,44100,4396104,e90f8de7db343330e1dc4fb71ce4dea982b5c645c5c2f8e3ae00253dc1ffbaba,4889c8b15c5f6f5d,7,True,34.722,35.93386,36.087172,164.0,2.4004479840716773,4723.230228673463
sqam/68_orchestra_baird_stereo.wav,sqam,candidate,medium,checked,7232400,2,44100,4396104,e90f8de7db343330e1dc4fb71ce4dea982b5c645c5c2f8e3ae00253dc1ffbaba,4889c8b15c5f6f5d,7,True,34.8751,35.71138,35.939236,164.0,2.411032299098501,4702.495476715479
sqam/68_orchestra_baird_stereo.wav,sqam,baseline,low,checked,7232400,2,44100,4395972,345c46c3d54be9eb3454a092abb846a8d077918d2ba17a710d978765c3f832ac,2b86e9fd32e3572d,7,True,34.3557,34.811719999999994,34.827704,164.0,2.3751244400199103,4773.58924428843
sqam/68_orchestra_baird_stereo.wav,sqam,candidate,low,checked,7232400,2,44100,4395972,345c46c3d54be9eb3454a092abb846a8d077918d2ba17a710d978765c3f832ac,2b86e9fd32e3572d,7,True,34.6014,35.990990000000004,36.136598,164.0,2.3921105027376806,4739.69261359367
sqam/68_orchestra_baird_stereo.wav,sqam,reference,default,qoa,7232400,2,44100,5842448,c8a67e8e69d682799ca1369a5584a7f9a7c3a9b8767f9bdb8a01304274186574,7e8de3bab7d0e208,7,True,43.786,44.36013,44.367546,164.0,3.027072617664952,3745.489425843877
sqam/69_abba_stereo.wav,sqam,baseline,high,checked,1455300,2,44100,1175652,8f702179bae7207a9197b1bbd02a80c404104a20b4e54ae5f83e3ad48a7ecaf5,8fcf117ddf6c8501,7,True,7.0336,7.282565,7.286393,33.0,2.4165464165464163,4691.765241128299
sqam/69_abba_stereo.wav,sqam,candidate,high,checked,1455300,2,44100,1175652,8f702179bae7207a9197b1bbd02a80c404104a20b4e54ae5f83e3ad48a7ecaf5,8fcf117ddf6c8501,7,True,6.92765,7.313829999999999,7.359766,33.0,2.3801449872878444,4763.520097002591
sqam/69_abba_stereo.wav,sqam,baseline,medium,checked,1455300,2,44100,886548,0bdb55d097eb4c6b7806780aa5bfe098c8fc16c9ed5943faeaa9a9286d2eb1b2,b955bd9f878a0f2f,7,True,7.07165,7.37128,7.438216,33.0,2.4296193224764653,4666.520543296119
sqam/69_abba_stereo.wav,sqam,candidate,medium,checked,1455300,2,44100,886548,0bdb55d097eb4c6b7806780aa5bfe098c8fc16c9ed5943faeaa9a9286d2eb1b2,b955bd9f878a0f2f,7,True,6.9558,7.19749,7.203418,33.0,2.3898165326736756,4744.24221512982
sqam/69_abba_stereo.wav,sqam,baseline,low,checked,1455300,2,44100,884592,c1f5109e82d91f905f10feca6b33204bca4c58619f92911e75349727b7f1a77a,31a1c19eccd7fcb2,7,True,7.0676,7.2737549999999995,7.301991,33.0,2.4282278567992854,4669.194634670893
sqam/69_abba_stereo.wav,sqam,candidate,low,checked,1455300,2,44100,884592,c1f5109e82d91f905f10feca6b33204bca4c58619f92911e75349727b7f1a77a,31a1c19eccd7fcb2,7,True,7.0803,7.2574700000000005,7.2687740000000005,33.0,2.432591218305504,4660.819456802677
sqam/69_abba_stereo.wav,sqam,reference,default,qoa,1455300,2,44100,1175648,64aa7df6843c95e7f3b3d34739a27f3787c3969f5baa6942ac205de90b925c38,8fcf117ddf6c8501,7,True,8.77035,8.94018,8.977596,33.0,3.01324469181612,3762.67765824625
sqam/70_eddie_rabbitt_stereo.wav,sqam,baseline,high,checked,926100,2,44100,748132,9de6383d80f1aa95125b6886985694031c63a0200a3b61d054bd0203cbe9e009,af0a35bc735e4d4f,7,True,4.289466667,4.4667066669,4.47939466698,21.0,2.3158766153763093,4895.713530439238
sqam/70_eddie_rabbitt_stereo.wav,sqam,candidate,high,checked,926100,2,44100,748132,9de6383d80f1aa95125b6886985694031c63a0200a3b61d054bd0203cbe9e009,af0a35bc735e4d4f,7,True,4.368966667,4.6411299999999995,4.667506,21.0,2.358798546053342,4806.628569317945
sqam/70_eddie_rabbitt_stereo.wav,sqam,baseline,medium,checked,926100,2,44100,567032,1d8ae879a6e647b514155b67dae65a1ee6f184d2abc82c45194d2d26f1c29afe,468e71f35521bc80,7,True,4.352833333,4.4822433329999996,4.4868753329999995,21.0,2.3500881832415508,4824.443849203541
sqam/70_eddie_rabbitt_stereo.wav,sqam,candidate,medium,checked,926100,2,44100,567032,1d8ae879a6e647b514155b67dae65a1ee6f184d2abc82c45194d2d26f1c29afe,468e71f35521bc80,7,True,4.3541,4.570483332999999,4.631323333,21.0,2.3507720548536875,4823.040352770951
sqam/70_eddie_rabbitt_stereo.wav,sqam,baseline,low,checked,926100,2,44100,562912,fc51e5a899d63284d7183d07ea868a16d7411fbedf01db77de3f26b2f053afd8,316c4b74c9eac75b,7,True,4.3397,4.4556033332,4.46490733304,21.0,2.3429975164669044,4839.0441735603845
sqam/70_eddie_rabbitt_stereo.wav,sqam,candidate,low,checked,926100,2,44100,562912,fc51e5a899d63284d7183d07ea868a16d7411fbedf01db77de3f26b2f053afd8,316c4b74c9eac75b,7,True,4.2632,4.4551933331,4.483065333020001,21.0,2.301695281287118,4925.87727528617
sqam/70_eddie_rabbitt_stereo.wav,sqam,reference,default,qoa,926100,2,44100,748128,98fd4f2b74637be77761e3c3f533e10848efcca2e81a9c786d6fe1cb8bae8a3d,af0a35bc735e4d4f,7,True,5.32315,5.578955,5.588351,21.0,2.873960695389267,3945.0325465185088
