asset,category,revision,quality,mode,frames,channels,rate,encoded_bytes,encoded_sha256,decoded_fnv64,trials,complete,median_ms,p95_ms,p99_ms,duration_seconds,ns_per_sample,realtime_factor
bandcamp/allegaeon-beasts-and-worms.wav,bandcamp,baseline,high,checked,6712438,2,44100,5422444,ce9ec7484b8706cbb55b4f978b51aa1c29bb0ec6b41a61ebedf74e267a6c7b76,8fe40e92b4227916,7,True,31.8731,32.646739999999994,32.828948,152.2094784580499,2.374182078106345,4775.483980474126
bandcamp/allegaeon-beasts-and-worms.wav,bandcamp,candidate,high,checked,6712438,2,44100,5422444,ce9ec7484b8706cbb55b4f978b51aa1c29bb0ec6b41a61ebedf74e267a6c7b76,8fe40e92b4227916,7,True,31.2982,31.53321,31.550802,152.2094784580499,2.331358591319577,4863.202307418634
bandcamp/allegaeon-beasts-and-worms.wav,bandcamp,baseline,medium,checked,6712438,2,44100,4746884,65df51254c14da5f74e2c749184cdc9ddbf8a9d6f91d3697793eea3d2034003d,1e62e874965fe3aa,7,True,33.1773,33.8057,33.83498,152.2094784580499,2.471330089007899,4587.759656694483
bandcamp/allegaeon-beasts-and-worms.wav,bandcamp,candidate,medium,checked,6712438,2,44100,4746884,65df51254c14da5f74e2c749184cdc9ddbf8a9d6f91d3697793eea3d2034003d,1e62e874965fe3aa,7,True,33.1731,33.3732,33.4032,152.2094784580499,2.4710172369562295,4588.340506556514
bandcamp/allegaeon-beasts-and-worms.wav,bandcamp,baseline,low,checked,6712438,2,44100,4218194,87e20ddce3ca0d1b5b36398f920d897ce25163e915b40db85979c005c82a4638,b7ed16a69b615471,7,True,32.4729,32.57174,32.604188,152.2094784580499,2.4188603306280076,4687.2770358683665
bandcamp/allegaeon-beasts-and-worms.wav,bandcamp,candidate,low,checked,6712438,2,44100,4218194,87e20ddce3ca0d1b5b36398f920d897ce25163e915b40db85979c005c82a4638,b7ed16a69b615471,7,True,32.6389,32.88414,32.917308000000006,152.2094784580499,2.4312254355273004,4663.437752438038
bandcamp/allegaeon-beasts-and-worms.wav,bandcamp,reference,default,qoa,6712438,2,44100,5422440,0133acf8629a64ab36a7b7276c5125519aa01ff28e286d5904d35ff6fbd1fff6,8fe40e92b4227916,7,True,39.0338,39.62592,39.679104,152.2094784580499,2.9075724796266273,3899.427635998798
bandcamp/darkside_narrow_road.wav,bandcamp,baseline,high,checked,6440706,2,44100,5202908,56321bc3486b7246b157ea0e1512adb83744e110a30e3863ee43bf6f56531644,e1a9da5274f6d1e0,7,True,30.3615,30.60743,30.619166,146.0477551020408,2.3570009250538684,4810.294455216007
bandcamp/darkside_narrow_road.wav,bandcamp,candidate,high,checked,6440706,2,44100,5202908,56321bc3486b7246b157ea0e1512adb83744e110a30e3863ee43bf6f56531644,e1a9da5274f6d1e0,7,True,29.9166,29.97897,29.986434,146.0477551020408,2.3224627859119793,4881.829990775716
bandcamp/darkside_narrow_road.wav,bandcamp,baseline,medium,checked,6440706,2,44100,3949156,b92b4d3dfe904387a96b47ad872342c8eb39ebf042799a64b8a331c698de1295,7916adf6e94a6559,7,True,30.0202,30.19728,30.234336,146.0477551020408,2.330505382484467,4864.982748350804
bandcamp/darkside_narrow_road.wav,bandcamp,candidate,medium,checked,6440706,2,44100,3949156,b92b4d3dfe904387a96b47ad872342c8eb39ebf042799a64b8a331c698de1295,7916adf6e94a6559,7,True,29.8025,29.949499999999997,29.96606,146.0477551020408,2.3136050613084964,4900.520261791487
bandcamp/darkside_narrow_road.wav,bandcamp,baseline,low,checked,6440706,2,44100,3925468,f553d730094da54de093e7e15e1c4db10687b3863dfd7a2b0d92a0d5b94dab5a,dced720a7d5d8a82,7,True,30.5104,31.68991,31.857262,146.0477551020408,2.368560216845793,4786.818760227358
bandcamp/darkside_narrow_road.wav,bandcamp,candidate,low,checked,6440706,2,44100,3925468,f553d730094da54de093e7e15e1c4db10687b3863dfd7a2b0d92a0d5b94dab5a,dced720a7d5d8a82,7,True,29.865,30.6808,30.87256,146.0477551020408,2.318457013873945,4890.264694526731
bandcamp/darkside_narrow_road.wav,bandcamp,reference,default,qoa,6440706,2,44100,5202904,1f0de8f9cc3f7da9c02ec1f41568012daa7adb3a9ee8e7c969984e2ffc7389bc,e1a9da5274f6d1e0,7,True,37.8653,38.49066,38.613252,146.0477551020408,2.939530231623676,3857.0341474130882
bandcamp/forest_swords_annekas_battle.wav,bandcamp,baseline,high,checked,6216862,2,44100,5022116,5efa5fb1a2de67edac2402eba72554fb5ee3ccbc9fd0974e9540901cfaa4098d,4a2ad59613467582,7,True,29.8618,30.69248,30.693535999999998,140.9719274376417,2.401677888297987,4720.81145268007
bandcamp/forest_swords_annekas_battle.wav,bandcamp,candidate,high,checked,6216862,2,44100,5022116,5efa5fb1a2de67edac2402eba72554fb5ee3ccbc9fd0974e9540901cfaa4098d,4a2ad59613467582,7,True,29.523,30.21985,30.39133,140.9719274376417,2.3744294147111518,4774.986533808953
bandcamp/forest_swords_annekas_battle.wav,bandcamp,baseline,medium,checked,6216862,2,44100,3790244,a9d04c5f5fefe43bd2742e052ef0adda3a54ebebd42adc0086a479b79713542c,adc627f372d0bcb8,7,True,29.8934,31.23735,31.35003,140.9719274376417,2.404219363402308,4715.82113234499
bandcamp/forest_swords_annekas_battle.wav,bandcamp,candidate,medium,checked,6216862,2,44100,3790244,a9d04c5f5fefe43bd2742e052ef0adda3a54ebebd42adc0086a479b79713542c,adc627f372d0bcb8,7,True,29.3813,29.89443,29.913126,140.9719274376417,2.3630329899553826,4798.015317145318
bandcamp/forest_swords_annekas_battle.wav,bandcamp,baseline,low,checked,6216862,2,44100,3778938,099f0f972b1e66d84d3e33a145c3fbcf4d68524f0e545505e239ba27a7a4825f,e5a1baa8bccb5e6d,7,True,30.3853,32.37171,32.801862,140.9719274376417,2.4437811230167243,4639.4778869269585
bandcamp/forest_swords_annekas_battle.wav,bandcamp,candidate,low,checked,6216862,2,44100,3778938,099f0f972b1e66d84d3e33a145c3fbcf4d68524f0e545505e239ba27a7a4825f,e5a1baa8bccb5e6d,7,True,29.32,29.81818,29.897476,140.9719274376417,2.358102849958709,4808.0466383916
bandcamp/forest_swords_annekas_battle.wav,bandcamp,reference,default,qoa,6216862,2,44100,5022112,bfa338d5c258f518bbb3a4afee942931d8129990dea8203767f96589a6d1fe79,4a2ad59613467582,7,True,37.9475,44.7529,46.990179999999995,140.9719274376417,3.051981851937521,3714.9200194384803
bandcamp/four_tet_baby.wav,bandcamp,baseline,high,checked,2978836,2,44100,2406364,59f375e6430fcb90207ddc9493a8f33b66909e7eeb58c807632a9dc5c625e42d,36946886a0516d1b,7,True,14.5197,15.21614,15.362828,67.54730158730159,2.4371432331286447,4652.114133714993
bandcamp/four_tet_baby.wav,bandcamp,candidate,high,checked,2978836,2,44100,2406364,59f375e6430fcb90207ddc9493a8f33b66909e7eeb58c807632a9dc5c625e42d,36946886a0516d1b,7,True,14.3291,14.55505,14.592369999999999,67.54730158730159,2.4051508710113616,4713.994709179333
bandcamp/four_tet_baby.wav,bandcamp,baseline,medium,checked,2978836,2,44100,1840032,901ac99e81194cb39c8186343a54798967cc82bbc8af7325925c3be0d8998af8,43fce40dd3e5f3ee,7,True,14.7417,15.17358,15.232476,67.54730158730159,2.474406110306173,4582.056451243858
bandcamp/four_tet_baby.wav,bandcamp,candidate,medium,checked,2978836,2,44100,1840032,901ac99e81194cb39c8186343a54798967cc82bbc8af7325925c3be0d8998af8,43fce40dd3e5f3ee,7,True,14.5136,14.638630000000001,14.656126,67.54730158730159,2.4361193432602533,4654.069396104453
bandcamp/four_tet_baby.wav,bandcamp,baseline,low,checked,2978836,2,44100,1816498,51ebe8421d24321719dc6728ab496d04706797d8ad5e19ee2267672db5fb30e8,2cfd0328c83c7d03,7,True,14.8647,15.29003,15.382406,67.54730158730159,2.4950517584721013,4544.141596352539
bandcamp/four_tet_baby.wav,bandcamp,candidate,low,checked,2978836,2,44100,1816498,51ebe8421d24321719dc6728ab496d04706797d8ad5e19ee2267672db5fb30e8,2cfd0328c83c7d03,7,True,14.5561,14.76397,14.798554,67.54730158730159,2.443253002179375,4640.480732291038
bandcamp/four_tet_baby.wav,bandcamp,reference,default,qoa,2978836,2,44100,2406360,2ed57b904b9f05cd881e77e739e4eb377bf078f317247744b91643c28d6b673a,36946886a0516d1b,7,True,18.1849,19.169439999999998,19.452688,67.54730158730159,3.0523499783136767,3714.4719843002486
bandcamp/inverse_phase_atarible_lie.wav,bandcamp,baseline,high,checked,2580303,2,44100,2084428,b49e27732157ca9e36af635d7877f9bbb508bd9bd73b75306c8c20294c1b9e76,958fde5f85d38adb,7,True,12.6499,12.99727,13.041454,58.51027210884354,2.4512431291983927,4625.354517335594
bandcamp/inverse_phase_atarible_lie.wav,bandcamp,candidate,high,checked,2580303,2,44100,2084428,b49e27732157ca9e36af635d7877f9bbb508bd9bd73b75306c8c20294c1b9e76,958fde5f85d38adb,7,True,12.5348,12.77308,12.792376,58.51027210884354,2.428939547022191,4667.826539621177
bandcamp/inverse_phase_atarible_lie.wav,bandcamp,baseline,medium,checked,2580303,2,44100,1680254,ed68e4dfe6ad3f09deba0804201f575116db9c4ecdee1751048aca3ed384f2f9,af4863820c9e38e4,7,True,13.4402,13.65075,13.66431,58.51027210884354,2.6043840587713922,4353.3780828293875
bandcamp/inverse_phase_atarible_lie.wav,bandcamp,candidate,medium,checked,2580303,2,44100,1680254,ed68e4dfe6ad3f09deba0804201f575116db9c4ecdee1751048aca3ed384f2f9,af4863820c9e38e4,7,True,13.3352,13.49605,13.52281,58.51027210884354,2.58403761108676,4387.656136304183
bandcamp/inverse_phase_atarible_lie.wav,bandcamp,baseline,low,checked,2580303,2,44100,1588280,f7bd1e64fb0af00cfbea4a67eb9b384fce02291342f289193f8ace221de15ba5,9883a49860ee90f4,7,True,12.8849,13.23348,13.245336,58.51027210884354,2.496780416873522,4540.995437205064
bandcamp/inverse_phase_atarible_lie.wav,bandcamp,candidate,low,checked,2580303,2,44100,1588280,f7bd1e64fb0af00cfbea4a67eb9b384fce02291342f289193f8ace221de15ba5,9883a49860ee90f4,7,True,12.6253,12.81188,12.857816000000001,58.51027210884354,2.4464762471694215,4634.3668751509695
bandcamp/inverse_phase_atarible_lie.wav,bandcamp,reference,default,qoa,2580303,2,44100,2084424,307036460a980752c66b4e95e83498108f9f90e005d274133116d06685e544fc,958fde5f85d38adb,7,True,15.9168,16.261599999999998,16.35016,58.51027210884354,3.084288938159588,3676.007244473986
bandcamp/julien_baker_sprained_ankle.wav,bandcamp,baseline,high,checked,2394122,2,44100,1934044,bbdf67f03c82c808b8f7f6edf3ebaaf99f3621d8aacfd7c1a28c3f7915c7a417,dc967c48991a36c1,7,True,11.6825,12.06833,12.151826,54.288480725623586,2.439829716280123,4646.991716295621
bandcamp/julien_baker_sprained_ankle.wav,bandcamp,candidate,high,checked,2394122,2,44100,1934044,bbdf67f03c82c808b8f7f6edf3ebaaf99f3621d8aacfd7c1a28c3f7915c7a417,dc967c48991a36c1,7,True,11.5568,11.74742,11.784524,54.288480725623586,2.4135779212588164,4697.535712794509
bandcamp/julien_baker_sprained_ankle.wav,bandcamp,baseline,medium,checked,2394122,2,44100,1471798,42ccc5a819adb5e315ac284680d1618bc3cc85b3da926d9fa986016dc3f4d728,a747acd871de0df5,7,True,12.2088,12.40213,12.427306,54.288480725623586,2.5497447498498405,4446.6680366312485
bandcamp/julien_baker_sprained_ankle.wav,bandcamp,candidate,medium,checked,2394122,2,44100,1471798,42ccc5a819adb5e315ac284680d1618bc3cc85b3da926d9fa986016dc3f4d728,a747acd871de0df5,7,True,11.6022,11.91752,11.969984,54.288480725623586,2.4230594765011975,4679.154016102428
bandcamp/julien_baker_sprained_ankle.wav,bandcamp,baseline,low,checked,2394122,2,44100,1455552,7592ddffc96710aa72311bdbb64885660bdc5bb50b14ce5c687dfc1ba763da53,9cfdd97897f541fb,7,True,11.727,12.29776,12.298912000000001,54.288480725623586,2.4491233111762893,4629.357953920319
bandcamp/julien_baker_sprained_ankle.wav,bandcamp,candidate,low,checked,2394122,2,44100,1455552,7592ddffc96710aa72311bdbb64885660bdc5bb50b14ce5c687dfc1ba763da53,9cfdd97897f541fb,7,True,11.5196,11.54476,11.545192,54.288480725623586,2.4058088936152795,4712.705365257785
bandcamp/julien_baker_sprained_ankle.wav,bandcamp,reference,default,qoa,2394122,2,44100,1934040,4a1be82415087342e8607a08fe4c93d3df7a898e10870953b60161d324b7be8a,dc967c48991a36c1,7,True,14.4944,14.755239999999999,14.798727999999999,54.288480725623586,3.0270804913032836,3745.479683575973
bandcamp/lorn_drawn_out_like_an_ache.wav,bandcamp,baseline,high,checked,1873317,2,44100,1513308,9b5a22da7ec9d432a93ac94701ceac0624ef9b8d41dc71fc46f38b1ef9f58c22,c4e4acbec5e7c5a1,7,True,9.2375,9.29535,9.29655,42.47884353741497,2.4655464077889646,4598.521627866302
bandcamp/lorn_drawn_out_like_an_ache.wav,bandcamp,candidate,high,checked,1873317,2,44100,1513308,9b5a22da7ec9d432a93ac94701ceac0624ef9b8d41dc71fc46f38b1ef9f58c22,c4e4acbec5e7c5a1,7,True,9.10005,9.209985,9.217437,42.47884353741497,2.428860144866032,4667.9791360943045
bandcamp/lorn_drawn_out_like_an_ache.wav,bandcamp,baseline,medium,checked,1873317,2,44100,1153632,991deef1ff5b50e82524296c38c8ef023e8378c86b9b98b5b7b2e0a51d52cfa7,d432d4d5015ae58d,7,True,9.4647,9.61869,9.626538,42.47884353741497,2.5261875059053005,4488.134176193114
bandcamp/lorn_drawn_out_like_an_ache.wav,bandcamp,candidate,medium,checked,1873317,2,44100,1153632,991deef1ff5b50e82524296c38c8ef023e8378c86b9b98b5b7b2e0a51d52cfa7,d432d4d5015ae58d,7,True,9.07245,9.27495,9.29883,42.47884353741497,2.421493532594857,4682.17995551532
bandcamp/lorn_drawn_out_like_an_ache.wav,bandcamp,baseline,low,checked,1873317,2,44100,1142508,09287bc2a6ca24d339a3bdde3266d31176fb0dc6518944bcb85176d2c00b5fec,c0f89743abc6fde0,7,True,9.2606,9.441329999999999,9.445865999999999,42.47884353741497,2.4717119419724476,4587.050897070921
bandcamp/lorn_drawn_out_like_an_ache.wav,bandcamp,candidate,low,checked,1873317,2,44100,1142508,09287bc2a6ca24d339a3bdde3266d31176fb0dc6518944bcb85176d2c00b5fec,c0f89743abc6fde0,7,True,9.11485,9.16581,9.177402,42.47884353741497,2.432810357243328,4660.399626698735
bandcamp/lorn_drawn_out_like_an_ache.wav,bandcamp,reference,default,qoa,1873317,2,44100,1513304,c40a6a92c8001faffc4ffacb1b7b6be6ac3436c69453a26ebc4fa9eddcf2f9a3,c4e4acbec5e7c5a1,7,True,11.2138,11.49039,11.514078,42.47884353741497,2.9930332132789057,3788.0864236400657
bandcamp/nils_frahm_all_melody.wav,bandcamp,baseline,high,checked,4358017,2,44100,3520508,df52e8d18929be42c704b3c3e7d527b146e81ef211db6db5847343a12c2cf9a6,393b3c20e80a3ec6,7,True,21.8849,22.68101,22.745402000000002,98.82124716553288,2.5108782274139823,4515.4991416699595
bandcamp/nils_frahm_all_melody.wav,bandcamp,candidate,high,checked,4358017,2,44100,3520508,df52e8d18929be42c704b3c3e7d527b146e81ef211db6db5847343a12c2cf9a6,393b3c20e80a3ec6,7,True,21.6111,22.24454,22.296668,98.82124716553288,2.4794648575257967,4572.7078753757505
bandcamp/nils_frahm_all_melody.wav,bandcamp,baseline,medium,checked,4358017,2,44100,2669152,b470d7812d513120f7c30dc9e85c6b438aa07a77c3fb858cbd6aafd5e8a69361,969df272c5f93ed7,7,True,21.5333,22.602140000000002,22.660268000000002,98.82124716553288,2.4705387794494604,4589.229108661138
bandcamp/nils_frahm_all_melody.wav,bandcamp,candidate,medium,checked,4358017,2,44100,2669152,b470d7812d513120f7c30dc9e85c6b438aa07a77c3fb858cbd6aafd5e8a69361,969df272c5f93ed7,7,True,21.5603,23.86298,24.620036,98.82124716553288,2.4736365186276235,4583.482009319577
bandcamp/nils_frahm_all_melody.wav,bandcamp,baseline,low,checked,4358017,2,44100,2651936,6b34e27c8c701e2f3d14196e7851c483c5b7f026ead128151303325060b5c284,23d10b758b7af24b,7,True,21.595,21.94635,22.04127,98.82124716553288,2.4776176871269664,4576.117025493535
bandcamp/nils_frahm_all_melody.wav,bandcamp,candidate,low,checked,4358017,2,44100,2651936,6b34e27c8c701e2f3d14196e7851c483c5b7f026ead128151303325060b5c284,23d10b758b7af24b,7,True,21.4529,21.50993,21.513265999999998,98.82124716553288,2.4613144005633756,4606.428369382828
bandcamp/nils_frahm_all_melody.wav,bandcamp,reference,default,qoa,4358017,2,44100,3520504,1c0931e2cf1c2386684b49ab358be297d53dd2f13e384e92ae44c59c9fbdaada,393b3c20e80a3ec6,7,True,27.0087,27.13978,27.145636,98.82124716553288,3.0987373385647645,3658.867222988625
bandcamp/planes_mistaken_for_stars_one_fucked_pony.wav,bandcamp,baseline,high,checked,2677638,2,44100,2163044,afe53b9f1bd7c2e6c84cc809c18f870044e76f28e9ee1e32c84bb6ad3d084bc5,1216e22eda4185a5,7,True,13.5598,13.92248,13.998175999999999,60.71741496598639,2.5320450337200175,4477.751513000663
bandcamp/planes_mistaken_for_stars_one_fucked_pony.wav,bandcamp,candidate,high,checked,2677638,2,44100,2163044,afe53b9f1bd7c2e6c84cc809c18f870044e76f28e9ee1e32c84bb6ad3d084bc5,1216e22eda4185a5,7,True,13.3086,14.19239,14.402557999999999,60.71741496598639,2.4851380208975224,4562.269131688261
bandcamp/planes_mistaken_for_stars_one_fucked_pony.wav,bandcamp,baseline,medium,checked,2677638,2,44100,1842974,f2b2bdc1c9765ad81f8c33b1341c0bc2a305495df6864b0814909d0b937c2e0a,920374fcc1b4aaa8,7,True,14.2647,14.53658,14.548196,60.71741496598639,2.6636722365009757,4256.48033018475
bandcamp/planes_mistaken_for_stars_one_fucked_pony.wav,bandcamp,candidate,medium,checked,2677638,2,44100,1842974,f2b2bdc1c9765ad81f8c33b1341c0bc2a305495df6864b0814909d0b937c2e0a,920374fcc1b4aaa8,7,True,14.2301,14.54327,14.587454,60.71741496598639,2.6572113183335464,4266.829816093098
bandcamp/planes_mistaken_for_stars_one_fucked_pony.wav,bandcamp,baseline,low,checked,2677638,2,44100,1661662,ed78afc23ae7266972d31f199d5073a8210d065ff8c240e94af7b0465eadb920,13e213e3f89752db,7,True,13.7518,13.966999999999999,14.019079999999999,60.71741496598639,2.5678975275970837,4415.234003256766
bandcamp/planes_mistaken_for_stars_one_fucked_pony.wav,bandcamp,candidate,low,checked,2677638,2,44100,1661662,ed78afc23ae7266972d31f199d5073a8210d065ff8c240e94af7b0465eadb920,13e213e3f89752db,7,True,13.7422,13.98967,14.042254,60.71741496598639,2.5661049029032306,4418.318389048798
bandcamp/planes_mistaken_for_stars_one_fucked_pony.wav,bandcamp,reference,default,qoa,2677638,2,44100,2163040,675f7d11b4b411433d10f106b8f32d192afe9f73afc582254eb300c4bf25697f,1216e22eda4185a5,7,True,16.3495,17.09576,17.150191999999997,60.71741496598639,3.0529705658494537,3713.716931159142
bandcamp/whalerider_devil_got_me.wav,bandcamp,baseline,high,checked,4319545,2,44100,3489420,483f7411e0ce6388e2c9fad9eca32c07481ad692dc1d864e671f069bd7463c4a,8511e4d0416fb70c,7,True,22.275,22.324849999999998,22.32833,97.94886621315193,2.578396567231039,4397.255497784599
bandcamp/whalerider_devil_got_me.wav,bandcamp,candidate,high,checked,4319545,2,44100,3489420,483f7411e0ce6388e2c9fad9eca32c07481ad692dc1d864e671f069bd7463c4a,8511e4d0416fb70c,7,True,21.9117,22.65324,22.843128,97.94886621315193,2.536343526922396,4470.162799470235
bandcamp/whalerider_devil_got_me.wav,bandcamp,baseline,medium,checked,4319545,2,44100,2900396,c2b44c70093d10c1db4c05e1fce21d5dfc0e523042a7537670718369a45987ee,f49f4dbe50966341,7,True,24.0984,24.38513,24.391346000000002,97.94886621315193,2.7894604640072043,4064.53815245626
bandcamp/whalerider_devil_got_me.wav,bandcamp,candidate,medium,checked,4319545,2,44100,2900396,c2b44c70093d10c1db4c05e1fce21d5dfc0e523042a7537670718369a45987ee,f49f4dbe50966341,7,True,23.9816,24.27966,24.305772,97.94886621315193,2.7759405215132613,4084.3340816772834
bandcamp/whalerider_devil_got_me.wav,bandcamp,baseline,low,checked,4319545,2,44100,2665980,423f26111a4f1cf5c3a499c19e05151433604d66bb699f145176866e78a94343,31ee95f6dca5f971,7,True,22.5761,25.470919999999996,26.271463999999998,97.94886621315193,2.613249775149929,4338.608803697359
bandcamp/whalerider_devil_got_me.wav,bandcamp,candidate,low,checked,4319545,2,44100,2665980,423f26111a4f1cf5c3a499c19e05151433604d66bb699f145176866e78a94343,31ee95f6dca5f971,7,True,22.4908,26.04882,26.321604,97.94886621315193,2.6033760500237872,4355.063679955891
bandcamp/whalerider_devil_got_me.wav,bandcamp,reference,default,qoa,4319545,2,44100,3489416,1c74877636f5749a09af0c02b844beb388d91df9998c26cf056920c8afb219f1,8511e4d0416fb70c,7,True,27.9509,29.86732,30.291304,97.94886621315193,3.23539863573594,3504.3188667682234
oculus_audio_pack/Indoor_drawer_close_02.wav,oculus_audio_pack,baseline,high,checked,61270,1,44100,24812,32a1d54241b78ea747a060b89e2ec037254852c04d9ece0ddc29c0d45ce249a8,daf941ebe4d96d12,7,True,0.155372308,0.1740217239,0.17454641358,1.389342403628118,2.5358627060551653,8942.020759761886
oculus_audio_pack/Indoor_drawer_close_02.wav,oculus_audio_pack,candidate,high,checked,61270,1,44100,24812,32a1d54241b78ea747a060b89e2ec037254852c04d9ece0ddc29c0d45ce249a8,daf941ebe4d96d12,7,True,0.135940541,0.1545930767,0.15465030734000001,1.389342403628118,2.2187129263913823,10220.221233547378
oculus_audio_pack/Indoor_drawer_close_02.wav,oculus_audio_pack,baseline,medium,checked,61270,1,44100,19354,3cee515fe23f9894c5b8cae7207054bbc170635b6661d84898f3d25381102e54,b9ef8f3d467ae8a9,7,True,0.159052381,0.1874390739,0.18767596278,1.389342403628118,2.59592591806757,8735.124836817866
oculus_audio_pack/Indoor_drawer_close_02.wav,oculus_audio_pack,candidate,medium,checked,61270,1,44100,19354,3cee515fe23f9894c5b8cae7207054bbc170635b6661d84898f3d25381102e54,b9ef8f3d467ae8a9,7,True,0.137357534,0.1550975382,0.15515366124,1.389342403628118,2.241839954300637,10114.788487889698
oculus_audio_pack/Indoor_drawer_close_02.wav,oculus_audio_pack,baseline,low,checked,61270,1,44100,18722,2f7ecfd74f6c25f3a60b425688ae7737f66e28699a0b664dc3951eef30ffb547,3fe6aecbacf75739,7,True,0.1581125,0.1762459742,0.17739375644,1.389342403628118,2.580585931124531,8787.049750197599
oculus_audio_pack/Indoor_drawer_close_02.wav,oculus_audio_pack,candidate,low,checked,61270,1,44100,18722,2f7ecfd74f6c25f3a60b425688ae7737f66e28699a0b664dc3951eef30ffb547,3fe6aecbacf75739,7,True,0.133642667,0.1508743213,0.15253607626000001,1.389342403628118,2.1812088624122734,10395.949398616222
oculus_audio_pack/Indoor_drawer_close_02.wav,oculus_audio_pack,reference,default,qoa,61270,1,44100,24808,da4d584078850c61d3324cb9a6b45578f108fc5a49eeffa5c85dda012aa22018,daf941ebe4d96d12,7,True,0.151557576,0.1634313197,0.16399118234,1.389342403628118,2.473601697404929,9167.093063220527
oculus_audio_pack/Indoor_fan_off.wav,oculus_audio_pack,baseline,high,checked,337652,1,44100,136660,23afe34c086ee59f87dd63c737cab54afa9a77e446a1d99d5bc7fac359a96f9d,61d301a7dcd10bc1,7,True,0.849616667,0.8590116669,0.85937566698,7.6565079365079365,2.5162494728300144,9011.720501603502
oculus_audio_pack/Indoor_fan_off.wav,oculus_audio_pack,candidate,high,checked,337652,1,44100,136660,23afe34c086ee59f87dd63c737cab54afa9a77e446a1d99d5bc7fac359a96f9d,61d301a7dcd10bc1,7,True,0.741578571,0.7472264284,0.74806814248,7.6565079365079365,2.196280700247592,10324.607851307419
oculus_audio_pack/Indoor_fan_off.wav,oculus_audio_pack,baseline,medium,checked,337652,1,44100,102962,74183bfcba297ca062ce855bda0382fb4e60234cc2beef94fb489a280b4ee1ae,fafa7934a1c13ccc,7,True,0.877258333,0.881415833,0.881469833,7.6565079365079365,2.5981138361389835,8727.768832157604
oculus_audio_pack/Indoor_fan_off.wav,oculus_audio_pack,candidate,medium,checked,337652,1,44100,102962,74183bfcba297ca062ce855bda0382fb4e60234cc2beef94fb489a280b4ee1ae,fafa7934a1c13ccc,7,True,0.7349,0.7557714284,0.7601771424799999,7.6565079365079365,2.1765012498074943,10418.435074850913
oculus_audio_pack/Indoor_fan_off.wav,oculus_audio_pack,baseline,low,checked,337652,1,44100,102894,6c2c6e670545399b73edb72fcc003bb3eff706e93257c20b4581465fc6888aed,e46066116e1dffd6,7,True,0.871616667,0.8960208332,0.89927083304,7.6565079365079365,2.58140531375499,8784.260588844312
oculus_audio_pack/Indoor_fan_off.wav,oculus_audio_pack,candidate,low,checked,337652,1,44100,102894,6c2c6e670545399b73edb72fcc003bb3eff706e93257c20b4581465fc6888aed,e46066116e1dffd6,7,True,0.735821429,0.7595564283999999,0.7633741424799999,7.6565079365079365,2.1792301807778425,10405.388637448796
oculus_audio_pack/Indoor_fan_off.wav,oculus_audio_pack,reference,default,qoa,337652,1,44100,136656,3bd1a1bf1f7ddd55036117cdc3d0851ea28d31bd4f905263eeac7b7c207701a6,61d301a7dcd10bc1,7,True,0.828676923,0.8345382055,0.8348809747,7.6565079365079365,2.454233716963027,9239.436653780132
oculus_audio_pack/Indoor_switch_small_on_01.wav,oculus_audio_pack,baseline,high,checked,19764,1,44100,8020,ff82ed7d45cf3e6b200b792ceeed3cad39814daa0d6c29c6ffcf7ffffb0bc8dc,2324cf4d06810155,7,True,0.050146,0.052188828,0.0524972424,0.44816326530612244,2.5372394252175674,8937.168773304398
oculus_audio_pack/Indoor_switch_small_on_01.wav,oculus_audio_pack,candidate,high,checked,19764,1,44100,8020,ff82ed7d45cf3e6b200b792ceeed3cad39814daa0d6c29c6ffcf7ffffb0bc8dc,2324cf4d06810155,7,True,0.043274138,0.0456305376,0.045999102720000004,0.44816326530612244,2.189543513458814,10356.37648764078
oculus_audio_pack/Indoor_switch_small_on_01.wav,oculus_audio_pack,baseline,medium,checked,19764,1,44100,6114,a99e214da2a17c6b209a3685f49e3693a4bcb658a78003849bf45d48ef246ad1,b762354fe6d1fc45,7,True,0.053110053,0.10438708339999996,0.12109941667999996,0.44816326530612244,2.68721174863388,8438.388591066223
oculus_audio_pack/Indoor_switch_small_on_01.wav,oculus_audio_pack,candidate,medium,checked,19764,1,44100,6114,a99e214da2a17c6b209a3685f49e3693a4bcb658a78003849bf45d48ef246ad1,b762354fe6d1fc45,7,True,0.04392193,0.0474891799,0.04793955838,0.44816326530612244,2.222319874519328,10203.633248951548
oculus_audio_pack/Indoor_switch_small_on_01.wav,oculus_audio_pack,baseline,low,checked,19764,1,44100,6082,d72e6a18fe2201fdad1cf45e334695e32466ea50248c0245c57d4965d153fb11,33c175a46cebad60,7,True,0.052083333,0.0536938633,0.05383382626,0.44816326530612244,2.635262750455374,8604.734748947852
oculus_audio_pack/Indoor_switch_small_on_01.wav,oculus_audio_pack,candidate,low,checked,19764,1,44100,6082,d72e6a18fe2201fdad1cf45e334695e32466ea50248c0245c57d4965d153fb11,33c175a46cebad60,7,True,0.043543478,0.0459854866,0.04612170532,0.44816326530612244,2.2031713215948185,10292.316688761573
oculus_audio_pack/Indoor_switch_small_on_01.wav,oculus_audio_pack,reference,default,qoa,19764,1,44100,8016,a2848d8d1e48d880888636f9dbfc07dd9b4da0b46939086090704bc50e8cf78a,2324cf4d06810155,7,True,0.049033824,0.0500554794,0.05023461348,0.44816326530612244,2.4809666059502122,9139.879959313848
oculus_audio_pack/action_drop_coin_01.wav,oculus_audio_pack,baseline,high,checked,36227,1,44100,14700,6ff8e257684fb8dce80b0f1185dc88146e14ae2739300672018116eea4be0dd4,8748ca452d0b55f1,7,True,0.093457944,0.0954878053,0.09610525306,0.8214739229024943,2.579787009688906,8789.770968024872
oculus_audio_pack/action_drop_coin_01.wav,oculus_audio_pack,candidate,high,checked,36227,1,44100,14700,6ff8e257684fb8dce80b0f1185dc88146e14ae2739300672018116eea4be0dd4,8748ca452d0b55f1,7,True,0.079974603,0.08048328,0.080572176,0.8214739229024943,2.2075966268252962,10271.684911052253
oculus_audio_pack/action_drop_coin_01.wav,oculus_audio_pack,baseline,medium,checked,36227,1,44100,11392,f0abe00da222338411bc40c367dbe725b1819a7bd79bf2e5d1e3ada23e9f3450,df9e7cb42e83a23a,7,True,0.094943396,0.0993778368,0.09990116736,0.8214739229024943,2.620791012228448,8652.249208596819
oculus_audio_pack/action_drop_coin_01.wav,oculus_audio_pack,candidate,medium,checked,36227,1,44100,11392,f0abe00da222338411bc40c367dbe725b1819a7bd79bf2e5d1e3ada23e9f3450,df9e7cb42e83a23a,7,True,0.080787097,0.0813628603,0.08143224646,0.8214739229024943,2.230024484500511,10168.380266250862
oculus_audio_pack/action_drop_coin_01.wav,oculus_audio_pack,baseline,low,checked,36227,1,44100,11158,7dfe0dcaffe6789d3bd2412ae60e116c688b2738b72925c466940b51d1684eaf,f5eea6ac9a26b40f,7,True,0.096057143,0.0969368384,0.09705727088,0.8214739229024943,2.651534573660529,8551.929583232497
oculus_audio_pack/action_drop_coin_01.wav,oculus_audio_pack,candidate,low,checked,36227,1,44100,11158,7dfe0dcaffe6789d3bd2412ae60e116c688b2738b72925c466940b51d1684eaf,f5eea6ac9a26b40f,7,True,0.0800184,0.0813424249,0.08142360658,0.8214739229024943,2.208805586993127,10266.06284182756
oculus_audio_pack/action_drop_coin_01.wav,oculus_audio_pack,reference,default,qoa,36227,1,44100,14696,b6b62231e0bc3049c74e09450a6aaf22ae893c045946e975490fe4a7a720687a,8748ca452d0b55f1,7,True,0.09034955,0.09344790709999999,0.09431524141999999,0.8214739229024943,2.493983769012063,9092.175034656999
oculus_audio_pack/action_drop_paper_ball.wav,oculus_audio_pack,baseline,high,checked,52926,1,44100,21452,12e5939e18bccb8ff2922a1c390f6bb2993370fecfc069451e521d27207d3fca,bead3389b7821bcd,7,True,0.137215068,0.14337470389999998,0.14423379758,1.2001360544217687,2.5925833805690965,8746.386762871907
oculus_audio_pack/action_drop_paper_ball.wav,oculus_audio_pack,candidate,high,checked,52926,1,44100,21452,12e5939e18bccb8ff2922a1c390f6bb2993370fecfc069451e521d27207d3fca,bead3389b7821bcd,7,True,0.118081176,0.1202293637,0.12064924634,1.2001360544217687,2.231061784378188,10163.652625053199
oculus_audio_pack/action_drop_paper_ball.wav,oculus_audio_pack,baseline,medium,checked,52926,1,44100,16242,e9fe9386ac2bf491b6b22619bbe36e2fb64396f9d3ddc64c5d63d358ea37b09f,383e6672a6575335,7,True,0.141529577,0.1445932861,0.14476780041999998,1.2001360544217687,2.6741030306465627,8479.754407955086
oculus_audio_pack/action_drop_paper_ball.wav,oculus_audio_pack,candidate,medium,checked,52926,1,44100,16242,e9fe9386ac2bf491b6b22619bbe36e2fb64396f9d3ddc64c5d63d358ea37b09f,383e6672a6575335,7,True,0.116510465,0.1196552159,0.12002628158,1.2001360544217687,2.2013842912746098,10300.671741562173
oculus_audio_pack/action_drop_paper_ball.wav,oculus_audio_pack,baseline,low,checked,52926,1,44100,16204,273c6701071b443565bdbe67c5c26dea0da36b9191d37232545eeaba23f2bdce,82c05b0d84271b34,7,True,0.139088889,0.1504713864,0.15334350768,1.2001360544217687,2.627987926538941,8628.554466502128
oculus_audio_pack/action_drop_paper_ball.wav,oculus_audio_pack,candidate,low,checked,52926,1,44100,16204,273c6701071b443565bdbe67c5c26dea0da36b9191d37232545eeaba23f2bdce,82c05b0d84271b34,7,True,0.117590698,0.12005272289999999,0.12063994218,1.2001360544217687,2.2217945433246418,10206.04584234859
oculus_audio_pack/action_drop_paper_ball.wav,oculus_audio_pack,reference,default,qoa,52926,1,44100,21448,feaf0652c6a59c38ae43bc5de7ba280599ff8ef0bd253e1342a2636c414415a2,bead3389b7821bcd,7,True,0.130987013,0.13267,0.1326782104,1.2001360544217687,2.474908608245475,9162.252248791783
oculus_audio_pack/action_shell_casing_on_grass_01.wav,oculus_audio_pack,baseline,high,checked,21386,1,44100,8692,36122a225eb97141bfe0b15e86a385afe77dc291f3edc7bc1aa0fd841d96146c,102a5dd5814c395c,7,True,0.05603352,0.059365263599999996,0.05981413032,0.4849433106575964,2.6201028710371275,8654.521626654838
oculus_audio_pack/action_shell_casing_on_grass_01.wav,oculus_audio_pack,candidate,high,checked,21386,1,44100,8692,36122a225eb97141bfe0b15e86a385afe77dc291f3edc7bc1aa0fd841d96146c,102a5dd5814c395c,7,True,0.048781068,0.058848745399999985,0.06194724907999999,0.4849433106575964,2.2809813896941926,9941.219627614475
oculus_audio_pack/action_shell_casing_on_grass_01.wav,oculus_audio_pack,baseline,medium,checked,21386,1,44100,6798,bc189a95193d515e4ddf794072439222cb29d1a3863fe446584525fb63e1cb01,5aaef24d982261af,7,True,0.056932955,0.0579704865,0.0580565253,0.4849433106575964,2.662160057981857,8517.796251004298
oculus_audio_pack/action_shell_casing_on_grass_01.wav,oculus_audio_pack,candidate,medium,checked,21386,1,44100,6798,bc189a95193d515e4ddf794072439222cb29d1a3863fe446584525fb63e1cb01,5aaef24d982261af,7,True,0.048035407,0.052251416499999995,0.05362662729999999,0.4849433106575964,2.246114607687272,10095.538706637717
oculus_audio_pack/action_shell_casing_on_grass_01.wav,oculus_audio_pack,baseline,low,checked,21386,1,44100,6628,27b20002b3b505c73689f88f0f7b6f6afd9de5fbe19e58ac293fde032cf6ac1a,07f0bedd9aada968,7,True,0.057933526,0.0600321318,0.060344257559999996,0.4849433106575964,2.7089463200224446,8370.68523427344
oculus_audio_pack/action_shell_casing_on_grass_01.wav,oculus_audio_pack,candidate,low,checked,21386,1,44100,6628,27b20002b3b505c73689f88f0f7b6f6afd9de5fbe19e58ac293fde032cf6ac1a,07f0bedd9aada968,7,True,0.048175,0.0493224189,0.049354138980000004,0.4849433106575964,2.2526419152716732,10066.285638974496
oculus_audio_pack/action_shell_casing_on_grass_01.wav,oculus_audio_pack,reference,default,qoa,21386,1,44100,8688,4e05f4d0c70c3a5eb32b707c39518579e622459a2286cd0a7ffc5f6946815f5a,102a5dd5814c395c,7,True,0.052432461,0.0544199447,0.05491168094,0.4849433106575964,2.4517189282708314,9248.913772283098
oculus_audio_pack/action_sword_scrape_02.wav,oculus_audio_pack,baseline,high,checked,58904,1,44100,23868,19a3e1e3b3e081cb4f8f54072a83b44926d6a8dfd4ba83945e1fbccb63e5ed0a,8facb1e3046447f6,7,True,0.161454839,0.1752478585,0.1761190453,1.3356916099773242,2.7409825988048344,8272.84966031476
oculus_audio_pack/action_sword_scrape_02.wav,oculus_audio_pack,candidate,high,checked,58904,1,44100,23868,19a3e1e3b3e081cb4f8f54072a83b44926d6a8dfd4ba83945e1fbccb63e5ed0a,8facb1e3046447f6,7,True,0.137664384,0.1519255054,0.15455686588,1.3356916099773242,2.337097378785821,9702.52124164028
oculus_audio_pack/action_sword_scrape_02.wav,oculus_audio_pack,baseline,medium,checked,58904,1,44100,18456,8801c233b51481318c57311ed12691e06c959a994885145863546324bbf56de2,74192c54c1f58680,7,True,0.161874194,0.1765734996,0.17917755672,1.3356916099773242,2.7481018946081757,8251.417826224508
oculus_audio_pack/action_sword_scrape_02.wav,oculus_audio_pack,candidate,medium,checked,58904,1,44100,18456,8801c233b51481318c57311ed12691e06c959a994885145863546324bbf56de2,74192c54c1f58680,7,True,0.136327027,0.17517035579999998,0.17637007116,1.3356916099773242,2.314393368871384,9797.702182541721
oculus_audio_pack/action_sword_scrape_02.wav,oculus_audio_pack,baseline,low,checked,58904,1,44100,18074,072f845dbc1cbe2801155a9c93bb9fba31bcd92b22143302626fed03b489213a,3a914befcf1469b2,7,True,0.160349206,0.17552289470000002,0.17571931574000002,1.3356916099773242,2.7222125152790984,8329.892260129584
oculus_audio_pack/action_sword_scrape_02.wav,oculus_audio_pack,candidate,low,checked,58904,1,44100,18074,072f845dbc1cbe2801155a9c93bb9fba31bcd92b22143302626fed03b489213a,3a914befcf1469b2,7,True,0.135682432,0.20352140309999994,0.22312973501999994,1.3356916099773242,2.30345022409344,9844.248737945118
oculus_audio_pack/action_sword_scrape_02.wav,oculus_audio_pack,reference,default,qoa,58904,1,44100,23864,6a876c2a4f1156416ed34c897951b4843223d7ea094f697a210e9b207fcb80b1,8facb1e3046447f6,7,True,0.149244118,0.1539319793,0.15444424226,1.3356916099773242,2.5336839263887003,8949.710232314308
oculus_audio_pack/action_typing.wav,oculus_audio_pack,baseline,high,checked,812851,1,44100,328972,3f9bf0e841c6f7cb8c81afbeb63c402675afb1790466c472be3e8be25ac2a9de,2207f2284c886ee6,7,True,2.09322,2.205264,2.2113408,18.43199546485261,2.5751583008448042,8805.570109617052
oculus_audio_pack/action_typing.wav,oculus_audio_pack,candidate,high,checked,812851,1,44100,328972,3f9bf0e841c6f7cb8c81afbeb63c402675afb1790466c472be3e8be25ac2a9de,2207f2284c886ee6,7,True,1.797583333,1.8815450001,1.88590900002,18.43199546485261,2.2114549074799683,10253.764110112945
oculus_audio_pack/action_typing.wav,oculus_audio_pack,baseline,medium,checked,812851,1,44100,248966,f3f636c071d033446429c1fcb7cbdee82f09bb363d594e1779ee530e7ae80982,696d07820f2192a7,7,True,2.09396,2.3442879999999997,2.3683455999999996,18.43199546485261,2.576068676793164,8802.458244117655
oculus_audio_pack/action_typing.wav,oculus_audio_pack,candidate,medium,checked,812851,1,44100,248966,f3f636c071d033446429c1fcb7cbdee82f09bb363d594e1779ee530e7ae80982,696d07820f2192a7,7,True,1.8207,1.8734850001,1.88449700002,18.43199546485261,2.239893904294883,10123.57635242083
oculus_audio_pack/action_typing.wav,oculus_audio_pack,baseline,low,checked,812851,1,44100,247898,61a8ed7e9b88f002b28eb36ec1d5ba1384c3878463db723697dbcff4c2fafa9a,ec122b8e3c660c78,7,True,2.18128,2.290038,2.2998156,18.43199546485261,2.6834930386995897,8450.082275018616
oculus_audio_pack/action_typing.wav,oculus_audio_pack,candidate,low,checked,812851,1,44100,247898,61a8ed7e9b88f002b28eb36ec1d5ba1384c3878463db723697dbcff4c2fafa9a,ec122b8e3c660c78,7,True,1.817983333,1.8526966669,1.8546326669800002,18.43199546485261,2.2365517579482583,10138.704316082203
oculus_audio_pack/action_typing.wav,oculus_audio_pack,reference,default,qoa,812851,1,44100,328968,e3f92c5aed5bb9508517e7422cf4ec056e3785c0840c3d1d4c7f1e6d09305b76,2207f2284c886ee6,7,True,2.03428,2.180634,2.2188948,18.43199546485261,2.502648086795735,9060.697379344343
oculus_audio_pack/ambience_forest_birds_02.wav,oculus_audio_pack,baseline,high,checked,321754,1,44100,130228,4ecfdd1aeee86e880cc0e9b9107f669e34564f427c405ebe96d46f9a2884d165,f74fb480c4f7553a,7,True,0.823392308,0.8784958331,0.88394583302,7.296009070294785,2.5590740379295984,8860.914778298833
oculus_audio_pack/ambience_forest_birds_02.wav,oculus_audio_pack,candidate,high,checked,321754,1,44100,130228,4ecfdd1aeee86e880cc0e9b9107f669e34564f427c405ebe96d46f9a2884d165,f74fb480c4f7553a,7,True,0.7255,0.7504300002,0.7540574288399999,7.296009070294785,2.254828222803757,10056.525251956973
oculus_audio_pack/ambience_forest_birds_02.wav,oculus_audio_pack,baseline,medium,checked,321754,1,44100,101688,7fc035d0e4dae4342733d65a8e81af69fb3d8d6d8bf197ea4a0e9ebd55ec61d3,fc982748baeb7674,7,True,0.856591667,1.0556541668999997,1.1199841669799997,7.296009070294785,2.662256466120079,8517.48779654517
oculus_audio_pack/ambience_forest_birds_02.wav,oculus_audio_pack,candidate,medium,checked,321754,1,44100,101688,7fc035d0e4dae4342733d65a8e81af69fb3d8d6d8bf197ea4a0e9ebd55ec61d3,fc982748baeb7674,7,True,0.745814286,0.8530446792999999,0.87073560226,7.296009070294785,2.3179643019201004,9782.608361426299
oculus_audio_pack/ambience_forest_birds_02.wav,oculus_audio_pack,baseline,low,checked,321754,1,44100,98314,afa8afffa43af854952d1b80330fc25282f4adae1e3796747e7eadc26abd57a7,22215f74c8a049b5,7,True,0.846883333,0.9264288636999999,0.9444130455399999,7.296009070294785,2.6320833089876117,8615.12889201562
oculus_audio_pack/ambience_forest_birds_02.wav,oculus_audio_pack,candidate,low,checked,321754,1,44100,98314,afa8afffa43af854952d1b80330fc25282f4adae1e3796747e7eadc26abd57a7,22215f74c8a049b5,7,True,0.720971429,0.7513350001,0.75371271442,7.296009070294785,2.240753585037016,10119.692371741383
oculus_audio_pack/ambience_forest_birds_02.wav,oculus_audio_pack,reference,default,qoa,321754,1,44100,130224,228560dc22cfb95c04b2b56591412cbc5cf31fbc02433992fcc479b028085303,f74fb480c4f7553a,7,True,0.795623077,0.8017323075,0.8028879999,7.296009070294785,2.472768254629313,9170.182817981264
oculus_audio_pack/ambience_forest_birds_03.wav,oculus_audio_pack,baseline,high,checked,133123,1,44100,53916,1cc93f44614e550b1d89fb5503709ece624a9b725c6f9e011a49ffb596d2043c,ed4f81d73e7a6cc8,7,True,0.350565517,0.3612885716,0.36169485751999997,3.0186621315192745,2.6333955589943137,8610.835878416628
oculus_audio_pack/ambience_forest_birds_03.wav,oculus_audio_pack,candidate,high,checked,133123,1,44100,53916,1cc93f44614e550b1d89fb5503709ece624a9b725c6f9e011a49ffb596d2043c,ed4f81d73e7a6cc8,7,True,0.299308824,0.3114106062,0.31147242444,3.0186621315192745,2.248362972589259,10085.44315926775
oculus_audio_pack/ambience_forest_birds_03.wav,oculus_audio_pack,baseline,medium,checked,133123,1,44100,41274,b960d8f8d9c23f54fc70f71fcf03ccae7c890ed940415ff2708440423bd8feb5,3c07ace1e6c8c4bb,7,True,0.358103571,0.3729143384,0.37671027488000003,3.0186621315192745,2.690020289506697,8429.57841244
oculus_audio_pack/ambience_forest_birds_03.wav,oculus_audio_pack,candidate,medium,checked,133123,1,44100,41274,b960d8f8d9c23f54fc70f71fcf03ccae7c890ed940415ff2708440423bd8feb5,3c07ace1e6c8c4bb,7,True,0.298714706,0.3218430642,0.32886925764,3.0186621315192745,2.243900047324655,10105.502243064238
oculus_audio_pack/ambience_forest_birds_03.wav,oculus_audio_pack,baseline,low,checked,133123,1,44100,40726,ca376f431716180ecf5d66121c7f009b7b4d5f6d6518dad601d37cef5d76fe64,62823348569a0582,7,True,0.356451724,0.3659199997,0.36748685674,3.0186621315192745,2.6776118627134307,8468.64225439761
oculus_audio_pack/ambience_forest_birds_03.wav,oculus_audio_pack,candidate,low,checked,133123,1,44100,40726,ca376f431716180ecf5d66121c7f009b7b4d5f6d6518dad601d37cef5d76fe64,62823348569a0582,7,True,0.309769697,0.33003554189999995,0.33422844197999996,3.0186621315192745,2.3269434808410265,9744.859360853734
oculus_audio_pack/ambience_forest_birds_03.wav,oculus_audio_pack,reference,default,qoa,133123,1,44100,53912,d659e31e4b5448484296d5bb4dfe8b488f61aeab581b81ad6d08686e406cd358,ed4f81d73e7a6cc8,7,True,0.330919355,0.34840448290000003,0.35137744858000003,3.0186621315192745,2.4858165380888355,9122.047670857071
oculus_audio_pack/ambient_city_rain_lp.wav,oculus_audio_pack,baseline,high,checked,1984500,2,44100,1603132,964d6afcbb3a8bf5359fefa899bdcec8454a755d15e6d02d084499aa9d28eb16,1bf09a7fac9c0a89,7,True,10.3077,10.614519999999999,10.684504,45.0,2.597052154195011,4365.668383829564
oculus_audio_pack/ambient_city_rain_lp.wav,oculus_audio_pack,candidate,high,checked,1984500,2,44100,1603132,964d6afcbb3a8bf5359fefa899bdcec8454a755d15e6d02d084499aa9d28eb16,1bf09a7fac9c0a89,7,True,10.2957,10.4941,10.51906,45.0,2.594028722600151,4370.75672368076
oculus_audio_pack/ambient_city_rain_lp.wav,oculus_audio_pack,baseline,medium,checked,1984500,2,44100,1211978,9f38ff4d22f81994d27e07b71153408f8bee71dd0b922dc9e0f668a480a65539,b877feedbb4ef338,7,True,10.6248,10.898190000000001,10.939158,45.0,2.676946334089191,4235.37384233115
oculus_audio_pack/ambient_city_rain_lp.wav,oculus_audio_pack,candidate,medium,checked,1984500,2,44100,1211978,9f38ff4d22f81994d27e07b71153408f8bee71dd0b922dc9e0f668a480a65539,b877feedbb4ef338,7,True,10.10335,10.17742,10.195324,45.0,2.5455656336608716,4453.9682382576075
oculus_audio_pack/ambient_city_rain_lp.wav,oculus_audio_pack,baseline,low,checked,1984500,2,44100,1206700,c6e0c4b0a6ab95a477f0af432329b56752417eb7e5099d76bd2dce240a899828,f3412b418443e2c5,7,True,10.1379,11.11107,11.150934,45.0,2.55427059712774,4438.789098333975
oculus_audio_pack/ambient_city_rain_lp.wav,oculus_audio_pack,candidate,low,checked,1984500,2,44100,1206700,c6e0c4b0a6ab95a477f0af432329b56752417eb7e5099d76bd2dce240a899828,f3412b418443e2c5,7,True,10.26,10.597800000000001,10.60476,45.0,2.5850340136054424,4385.964912280702
oculus_audio_pack/ambient_city_rain_lp.wav,oculus_audio_pack,reference,default,qoa,1984500,2,44100,1603128,732e65a525f25eeb058502e65d401cfb2d9ef3249ea8ead5095b6486d56528b1,1bf09a7fac9c0a89,7,True,12.8891,12.971680000000001,12.986896,45.0,3.247442680776014,3491.3221248962304
oculus_audio_pack/ambient_farm_generic_lp.wav,oculus_audio_pack,baseline,high,checked,3960886,2,44100,3199692,90da4195daf666e0087b0407a49e81000ae0196d0f482e892fb2ce219a4835d3,51d560d527975c0b,7,True,20.6788,21.40795,21.43543,89.81600907029478,2.610375557387918,4343.385934884751
oculus_audio_pack/ambient_farm_generic_lp.wav,oculus_audio_pack,candidate,high,checked,3960886,2,44100,3199692,90da4195daf666e0087b0407a49e81000ae0196d0f482e892fb2ce219a4835d3,51d560d527975c0b,7,True,20.4698,20.838839999999998,20.920727999999997,89.81600907029478,2.583992571359034,4387.732614402426
oculus_audio_pack/ambient_farm_generic_lp.wav,oculus_audio_pack,baseline,medium,checked,3960886,2,44100,2408116,e16d58e705e0379d4a0cbb4aa051481311e025a4901b62a40e34d36fcb15d477,9e7168873d7b6784,7,True,21.2075,21.530459999999998,21.616092,89.81600907029478,2.6771156756341887,4235.10593282069
oculus_audio_pack/ambient_farm_generic_lp.wav,oculus_audio_pack,candidate,medium,checked,3960886,2,44100,2408116,e16d58e705e0379d4a0cbb4aa051481311e025a4901b62a40e34d36fcb15d477,9e7168873d7b6784,7,True,20.1587,20.34029,20.365418000000002,89.81600907029478,2.5447210548347012,4455.446485651098
oculus_audio_pack/ambient_farm_generic_lp.wav,oculus_audio_pack,baseline,low,checked,3960886,2,44100,2407578,41c05dcc9ea3e722ad3002bd5fff854ea1ce072bfbeefbc0ed9578a4d1d99cdf,0bbf5c285271acec,7,True,20.5659,23.856759999999998,24.911271999999997,89.81600907029478,2.596123695557004,4367.229689451703
oculus_audio_pack/ambient_farm_generic_lp.wav,oculus_audio_pack,candidate,low,checked,3960886,2,44100,2407578,41c05dcc9ea3e722ad3002bd5fff854ea1ce072bfbeefbc0ed9578a4d1d99cdf,0bbf5c285271acec,7,True,20.4421,20.65989,20.679258,89.81600907029478,2.5804958789523353,4393.678196970702
oculus_audio_pack/ambient_farm_generic_lp.wav,oculus_audio_pack,reference,default,qoa,3960886,2,44100,3199688,0e326c1162dda47bef4e30a1c2a7e7a39cb66a9af24ac4c0b3dfd4667887bf8c,51d560d527975c0b,7,True,25.4178,25.98245,26.049770000000002,89.81600907029478,3.2086002980141313,3533.5870559330383
oculus_audio_pack/ambient_night_lp.wav,oculus_audio_pack,baseline,high,checked,1986800,2,44100,1605012,efcde5a81a6897819cd56361209719c87894ae930e5aca5585776af06d4d1dcc,a1fd5c899f13c15e,7,True,11.4041,12.18698,12.360596,45.05215419501134,2.8699667807529696,3950.5225484704047
oculus_audio_pack/ambient_night_lp.wav,oculus_audio_pack,candidate,high,checked,1986800,2,44100,1605012,efcde5a81a6897819cd56361209719c87894ae930e5aca5585776af06d4d1dcc,a1fd5c899f13c15e,7,True,10.7165,11.307640000000001,11.325928000000001,45.05215419501134,2.6969247030400645,4203.9988984287165
oculus_audio_pack/ambient_night_lp.wav,oculus_audio_pack,baseline,medium,checked,1986800,2,44100,1207652,49ad1f106056b42389f1dc23bccf39411b77b015d7397f36bfc2e1dcae6d6cf7,c9625898f910061c,7,True,11.2158,11.45163,11.488566,45.05215419501134,2.8225790215421784,4016.8471437624903
oculus_audio_pack/ambient_night_lp.wav,oculus_audio_pack,candidate,medium,checked,1986800,2,44100,1207652,49ad1f106056b42389f1dc23bccf39411b77b015d7397f36bfc2e1dcae6d6cf7,c9625898f910061c,7,True,10.8512,11.187759999999999,11.238351999999999,45.05215419501134,2.7308234346688143,4151.813089336786
oculus_audio_pack/ambient_night_lp.wav,oculus_audio_pack,baseline,low,checked,1986800,2,44100,1207652,49ad1f106056b42389f1dc23bccf39411b77b015d7397f36bfc2e1dcae6d6cf7,c9625898f910061c,7,True,11.1505,11.93079,11.945118,45.05215419501134,2.806145560700624,4040.3707631954926
oculus_audio_pack/ambient_night_lp.wav,oculus_audio_pack,candidate,low,checked,1986800,2,44100,1207652,49ad1f106056b42389f1dc23bccf39411b77b015d7397f36bfc2e1dcae6d6cf7,c9625898f910061c,7,True,10.8676,11.54822,11.736284,45.05215419501134,2.734950674451379,4145.547700965378
oculus_audio_pack/ambient_night_lp.wav,oculus_audio_pack,reference,default,qoa,1986800,2,44100,1605008,3683c62f06b2533240915f2cd62080e3739f1a082b3787820fc7219a6fd72ad1,a1fd5c899f13c15e,7,True,13.764,14.390839999999999,14.544728,45.05215419501134,3.463861485806322,3273.18760498484
oculus_audio_pack/ambient_water_lake_shore_01_lp.wav,oculus_audio_pack,baseline,high,checked,1984500,2,44100,1603132,6f70e81729c637818b1d9df896661d0843274f0d2bc6c3078f48237bf463d6ef,f1769afeb6c5e3af,7,True,10.8051,11.0925,11.09898,45.0,2.7223733938019654,4164.700002776467
oculus_audio_pack/ambient_water_lake_shore_01_lp.wav,oculus_audio_pack,candidate,high,checked,1984500,2,44100,1603132,6f70e81729c637818b1d9df896661d0843274f0d2bc6c3078f48237bf463d6ef,f1769afeb6c5e3af,7,True,10.813,11.236699999999999,11.25854,45.0,2.7243638196019146,4161.657264403958
oculus_audio_pack/ambient_water_lake_shore_01_lp.wav,oculus_audio_pack,baseline,medium,checked,1984500,2,44100,1258594,80c103a9db7975a556572c8962789a921976b30e6633fcc8aad2f0d0c4e1b7f0,d8c219f87c918af9,7,True,11.5441,11.714640000000001,11.732928000000001,45.0,2.9085663895187706,3898.09513084606
oculus_audio_pack/ambient_water_lake_shore_01_lp.wav,oculus_audio_pack,candidate,medium,checked,1984500,2,44100,1258594,80c103a9db7975a556572c8962789a921976b30e6633fcc8aad2f0d0c4e1b7f0,d8c219f87c918af9,7,True,11.1381,11.87567,11.933294,45.0,2.806273620559335,4040.1863872653325
oculus_audio_pack/ambient_water_lake_shore_01_lp.wav,oculus_audio_pack,baseline,low,checked,1984500,2,44100,1208528,51a78b6fef7127afd6b9ce28f2d0cd1b8416dde7f4410ed1ab49cf9ca4c5b5e1,a653b8deb4c56a02,7,True,10.6675,11.64646,11.687451999999999,45.0,2.687704711514235,4218.420435903445
oculus_audio_pack/ambient_water_lake_shore_01_lp.wav,oculus_audio_pack,candidate,low,checked,1984500,2,44100,1208528,51a78b6fef7127afd6b9ce28f2d0cd1b8416dde7f4410ed1ab49cf9ca4c5b5e1,a653b8deb4c56a02,7,True,10.8572,11.41512,11.514864,45.0,2.7355001259763165,4144.715027815643
oculus_audio_pack/ambient_water_lake_shore_01_lp.wav,oculus_audio_pack,reference,default,qoa,1984500,2,44100,1603128,027588db07443f548e5478fef916e42c1233ccd83dada69d977793d46564960d,f1769afeb6c5e3af,7,True,13.8101,14.1143,14.17334,45.0,3.4794910556815317,3258.4847321887605
oculus_audio_pack/ambient_wind_chimes_lp_01.wav,oculus_audio_pack,baseline,high,checked,1391844,1,44100,563284,6cfd0475f9bebccee8d19276cfad299f0323b04ee2c2f702ba19bc794e4f536c,56bc5275664209ec,7,True,3.633133333,3.8589233332000004,3.86693133304,31.56108843537415,2.610302112161995,8687.016286658849
oculus_audio_pack/ambient_wind_chimes_lp_01.wav,oculus_audio_pack,candidate,high,checked,1391844,1,44100,563284,6cfd0475f9bebccee8d19276cfad299f0323b04ee2c2f702ba19bc794e4f536c,56bc5275664209ec,7,True,3.353075,3.4729766668999997,3.48496866698,31.56108843537415,2.409088231152342,9412.580522467928
oculus_audio_pack/ambient_wind_chimes_lp_01.wav,oculus_audio_pack,baseline,medium,checked,1391844,1,44100,430682,c204a90cac69e0944d2741567eae5b7216d04c47a1b5ff2288976aeb477679d6,3b187c10049327f0,7,True,3.9754,4.15562,4.165844,31.56108843537415,2.8562108971982494,7939.097558830344
oculus_audio_pack/ambient_wind_chimes_lp_01.wav,oculus_audio_pack,candidate,medium,checked,1391844,1,44100,430682,c204a90cac69e0944d2741567eae5b7216d04c47a1b5ff2288976aeb477679d6,3b187c10049327f0,7,True,3.244425,3.5102633331,3.52543933302,31.56108843537415,2.3310263219153873,9727.791037047904
oculus_audio_pack/ambient_wind_chimes_lp_01.wav,oculus_audio_pack,baseline,low,checked,1391844,1,44100,424650,002023d68326199f2647d33c39955a9ce0caf0ad600839708cc60d9e5c19ba61,17c9ff2efd81b600,7,True,3.914333333,4.193036666799999,4.19746066696,31.56108843537415,2.8123362481714906,8062.9537012846295
oculus_audio_pack/ambient_wind_chimes_lp_01.wav,oculus_audio_pack,candidate,low,checked,1391844,1,44100,424650,002023d68326199f2647d33c39955a9ce0caf0ad600839708cc60d9e5c19ba61,17c9ff2efd81b600,7,True,3.315325,3.3731333330999997,3.38497333302,31.56108843537415,2.3819659387115224,9519.757017901456
oculus_audio_pack/ambient_wind_chimes_lp_01.wav,oculus_audio_pack,reference,default,qoa,1391844,1,44100,563280,0a8d4a8f8fb17f32a949e6c9d10d44fafa143bc5d78818d4a90431beb9d3b5c4,56bc5275664209ec,7,True,3.5329,3.6663366668,3.67820066696,31.56108843537415,2.538287336799239,8933.479134811103
oculus_audio_pack/ambient_wood_cut_axe.wav,oculus_audio_pack,baseline,high,checked,810197,1,44100,327908,42b067e63afc03906e81a105916cc0c4c83b34a9960bbab5ca7469215d2a58de,563a7594aa7fd9c8,7,True,2.17066,2.2284479999999998,2.2316735999999997,18.371814058956915,2.679175558536998,8463.699547122496
oculus_audio_pack/ambient_wood_cut_axe.wav,oculus_audio_pack,candidate,high,checked,810197,1,44100,327908,42b067e63afc03906e81a105916cc0c4c83b34a9960bbab5ca7469215d2a58de,563a7594aa7fd9c8,7,True,1.915766667,1.9813790001,1.99693180002,18.371814058956915,2.3645689468117013,9589.797325227664
oculus_audio_pack/ambient_wood_cut_axe.wav,oculus_audio_pack,baseline,medium,checked,810197,1,44100,249298,bf66c373fb58b83a888edae159d43338cf08c8507153908e92738653fb152ba8,2a845cd1f8ead913,7,True,2.2173,2.247116,2.2485272000000003,18.371814058956915,2.7367418047709386,8285.669083550678
oculus_audio_pack/ambient_wood_cut_axe.wav,oculus_audio_pack,candidate,medium,checked,810197,1,44100,249298,bf66c373fb58b83a888edae159d43338cf08c8507153908e92738653fb152ba8,2a845cd1f8ead913,7,True,1.8426,1.875708333,1.885968333,18.371814058956915,2.2742616919094987,9970.592672830195
oculus_audio_pack/ambient_wood_cut_axe.wav,oculus_audio_pack,baseline,low,checked,810197,1,44100,247328,2defd2ddfd71ea443fefc1d2bf04d1c30f56d70684882bdd6b9f89c1c9e61c64,015785b28ab13ce9,7,True,2.18096,2.258376,2.2650192,18.371814058956915,2.6918885160028982,8423.728110078551
oculus_audio_pack/ambient_wood_cut_axe.wav,oculus_audio_pack,candidate,low,checked,810197,1,44100,247328,2defd2ddfd71ea443fefc1d2bf04d1c30f56d70684882bdd6b9f89c1c9e61c64,015785b28ab13ce9,7,True,1.868416667,1.9464283329999998,1.946872333,18.371814058956915,2.306126370500014,9832.82497070388
oculus_audio_pack/ambient_wood_cut_axe.wav,oculus_audio_pack,reference,default,qoa,810197,1,44100,327904,917cf435d2ed65f289bf6813220871929f3d213edb3399361b47436305be3a45,563a7594aa7fd9c8,7,True,2.0907,2.123414,2.1292268,18.371814058956915,2.580483512034727,8787.398507177939
oculus_audio_pack/body_movement_clothing_generic_04.wav,oculus_audio_pack,baseline,high,checked,42297,1,44100,17148,9e18da1423bbae20173fda139ce2d8541f49a4eed5a03b544ccefeb51066436b,5e04e300df5d00ba,7,True,0.116201149,0.1203401745,0.1208593605,0.9591156462585034,2.7472669220039245,8253.92566693556
oculus_audio_pack/body_movement_clothing_generic_04.wav,oculus_audio_pack,candidate,high,checked,42297,1,44100,17148,9e18da1423bbae20173fda139ce2d8541f49a4eed5a03b544ccefeb51066436b,5e04e300df5d00ba,7,True,0.098335294,0.10123431399999999,0.1013684788,0.9591156462585034,2.3248763269262596,9753.523961178205
oculus_audio_pack/body_movement_clothing_generic_04.wav,oculus_audio_pack,baseline,medium,checked,42297,1,44100,13808,43ed523132c51ee5656a60f215b9ac553bd753e22675325f1a16a3c11fd2cd14,5feb58e2a7bfce5a,7,True,0.117290698,0.12396817539999999,0.12464548707999999,0.9591156462585034,2.773026408492328,8177.252438710045
oculus_audio_pack/body_movement_clothing_generic_04.wav,oculus_audio_pack,candidate,medium,checked,42297,1,44100,13808,43ed523132c51ee5656a60f215b9ac553bd753e22675325f1a16a3c11fd2cd14,5feb58e2a7bfce5a,7,True,0.098732353,0.1049744178,0.10522814676,0.9591156462585034,2.3342637302881997,9714.299488623587
oculus_audio_pack/body_movement_clothing_generic_04.wav,oculus_audio_pack,baseline,low,checked,42297,1,44100,13072,94b47633642eb2f042afb3298982dab31807bbac87bae5480846c7ea75c50cea,5b9f9a7e8d5247e1,7,True,0.115611494,0.1222335187,0.12282621574,0.9591156462585034,2.733326098777691,8296.023285180481
oculus_audio_pack/body_movement_clothing_generic_04.wav,oculus_audio_pack,candidate,low,checked,42297,1,44100,13072,94b47633642eb2f042afb3298982dab31807bbac87bae5480846c7ea75c50cea,5b9f9a7e8d5247e1,7,True,0.097359223,0.1019840287,0.10259843854,0.9591156462585034,2.301799725748871,9851.307525929038
oculus_audio_pack/body_movement_clothing_generic_04.wav,oculus_audio_pack,reference,default,qoa,42297,1,44100,17144,ce36dbb4953e9fe4461e6b9e7977764ea1e4bbcf96782a1e8767ef48633aa3ce,5e04e300df5d00ba,7,True,0.109056522,0.1102735706,0.11047581331999999,0.9591156462585034,2.578351230583729,8794.66563456428
oculus_audio_pack/body_movement_withGear_03.wav,oculus_audio_pack,baseline,high,checked,42774,1,44100,17340,04fa34e42076a3588f8c37fc3d2a5eafc59e8498ccf37ce820800e7bc89ad9ae,3ab19414a102dc27,7,True,0.118955294,0.1230468291,0.12328448742,0.9699319727891157,2.7810187029503908,8153.752054020527
oculus_audio_pack/body_movement_withGear_03.wav,oculus_audio_pack,candidate,high,checked,42774,1,44100,17340,04fa34e42076a3588f8c37fc3d2a5eafc59e8498ccf37ce820800e7bc89ad9ae,3ab19414a102dc27,7,True,0.102166327,0.10647597069999999,0.10691987493999999,0.9699319727891157,2.3885146818160568,9493.656092668532
oculus_audio_pack/body_movement_withGear_03.wav,oculus_audio_pack,baseline,medium,checked,42774,1,44100,13970,a10a72a0a6ddc411918121fa9444f9c7d9f81482fdb66dc10091b30a531bb4cb,7bf235d2c5c00c4c,7,True,0.118670588,0.1261011748,0.12742074136,0.9699319727891157,2.77436265020807,8173.313953657293
oculus_audio_pack/body_movement_withGear_03.wav,oculus_audio_pack,candidate,medium,checked,42774,1,44100,13970,a10a72a0a6ddc411918121fa9444f9c7d9f81482fdb66dc10091b30a531bb4cb,7bf235d2c5c00c4c,7,True,0.102366327,0.1047840625,0.1048268125,0.9699319727891157,2.393190419413662,9475.10769619697
oculus_audio_pack/body_movement_withGear_03.wav,oculus_audio_pack,baseline,low,checked,42774,1,44100,13194,e2ea3d0c0c8a2fa0879ae695ba17d48a58dffb511262b0b5f8732abd8cfa033b,81a882dc2402c2c5,7,True,0.1155,0.1236424376,0.12379120351999999,0.9699319727891157,2.700238462617478,8397.67941808758
oculus_audio_pack/body_movement_withGear_03.wav,oculus_audio_pack,candidate,low,checked,42774,1,44100,13194,e2ea3d0c0c8a2fa0879ae695ba17d48a58dffb511262b0b5f8732abd8cfa033b,81a882dc2402c2c5,7,True,0.10044,0.1034423714,0.10344558788,0.9699319727891157,2.3481554215177445,9656.829677310989
oculus_audio_pack/body_movement_withGear_03.wav,oculus_audio_pack,reference,default,qoa,42774,1,44100,17336,734c5427459f5bb304f44f0bd2404e39fc5775b90f258a0b1e906e38a3bbb844,3ab19414a102dc27,7,True,0.106630851,0.1098553843,0.11061723046,0.9699319727891157,2.4928893954271287,9096.166481772856
oculus_audio_pack/bounce_cartoony_03.wav,oculus_audio_pack,baseline,high,checked,64033,1,44100,25940,afa0a13414d4efc9cb59e5f1810df8af4f0c0386672cc72a425dccc216fc604b,0fcbd547f633c4c1,7,True,0.17199322,0.1748527587,0.17488089654,1.4519954648526077,2.6860090890634516,8442.166876418778
oculus_audio_pack/bounce_cartoony_03.wav,oculus_audio_pack,candidate,high,checked,64033,1,44100,25940,afa0a13414d4efc9cb59e5f1810df8af4f0c0386672cc72a425dccc216fc604b,0fcbd547f633c4c1,7,True,0.146811594,0.1533874139,0.15530763638,1.4519954648526077,2.292748957568753,9890.196171104904
oculus_audio_pack/bounce_cartoony_03.wav,oculus_audio_pack,baseline,medium,checked,64033,1,44100,19536,0e640338a2e46c08156c77cb0a498185e0f1b34b60feda357a1dab1752adc165,b9062e94575c658b,7,True,0.177007018,0.1806676787,0.18086353574,1.4519954648526077,2.764309309262411,8203.038960029302
oculus_audio_pack/bounce_cartoony_03.wav,oculus_audio_pack,candidate,medium,checked,64033,1,44100,19536,0e640338a2e46c08156c77cb0a498185e0f1b34b60feda357a1dab1752adc165,b9062e94575c658b,7,True,0.142661972,0.1464165968,0.14707861376,1.4519954648526077,2.2279445286024395,10177.873223654919
oculus_audio_pack/bounce_cartoony_03.wav,oculus_audio_pack,baseline,low,checked,64033,1,44100,19536,0e640338a2e46c08156c77cb0a498185e0f1b34b60feda357a1dab1752adc165,b9062e94575c658b,7,True,0.175324138,0.184264226,0.1853595116,1.4519954648526077,2.73802786063436,8281.777292141072
oculus_audio_pack/bounce_cartoony_03.wav,oculus_audio_pack,candidate,low,checked,64033,1,44100,19536,0e640338a2e46c08156c77cb0a498185e0f1b34b60feda357a1dab1752adc165,b9062e94575c658b,7,True,0.143801429,0.1491247741,0.15075988042000002,1.4519954648526077,2.245739368762982,10097.225562707083
oculus_audio_pack/bounce_cartoony_03.wav,oculus_audio_pack,reference,default,qoa,64033,1,44100,25936,ddc3d951fdaac6b11b80449b16b04416e9834c4a110cf1d3af4a4000f4ca708e,0fcbd547f633c4c1,7,True,0.15991746,0.1710502068,0.17253142056,1.4519954648526077,2.4974225789827122,9079.655622673145
oculus_audio_pack/car_engine_high_lp.wav,oculus_audio_pack,baseline,high,checked,174014,1,44100,70436,2b65d9c37f0cd7e326cac8b3f69f35564cd1ab7d4236124b2a6830d267fdcd7f,5aa9ee4c659a235f,7,True,0.463504545,0.4836861904,0.48565533328,3.9458956916099774,2.6636049110991067,8513.175834359892
oculus_audio_pack/car_engine_high_lp.wav,oculus_audio_pack,candidate,high,checked,174014,1,44100,70436,2b65d9c37f0cd7e326cac8b3f69f35564cd1ab7d4236124b2a6830d267fdcd7f,5aa9ee4c659a235f,7,True,0.394438462,0.41347439999999996,0.41465327999999996,3.9458956916099774,2.266705334053582,10003.830943874782
oculus_audio_pack/car_engine_high_lp.wav,oculus_audio_pack,baseline,medium,checked,174014,1,44100,63150,def8fa486474fd4596127a8ac0aea33b26c07b3b4822695ea5f646c2916055ba,b23edecf9f3cb925,7,True,0.526910526,0.5398078948999999,0.54045842138,3.9458956916099774,3.027977783396738,7488.739542868759
oculus_audio_pack/car_engine_high_lp.wav,oculus_audio_pack,candidate,medium,checked,174014,1,44100,63150,def8fa486474fd4596127a8ac0aea33b26c07b3b4822695ea5f646c2916055ba,b23edecf9f3cb925,7,True,0.467868182,0.4826283335,0.48529519070000005,3.9458956916099774,2.6886812670244926,8433.77652812898
oculus_audio_pack/car_engine_high_lp.wav,oculus_audio_pack,baseline,low,checked,174014,1,44100,54204,a53c2931028d5562821f3968ee837c5054b091b4a10396bfb3cd288b54cfc364,ab65cdc48df86a9c,7,True,0.46865,0.47878106049999997,0.4802285929,3.9458956916099774,2.6931741124277355,8419.70701293071
oculus_audio_pack/car_engine_high_lp.wav,oculus_audio_pack,candidate,low,checked,174014,1,44100,54204,a53c2931028d5562821f3968ee837c5054b091b4a10396bfb3cd288b54cfc364,ab65cdc48df86a9c,7,True,0.40754,0.41981250010000004,0.42073250002,3.9458956916099774,2.3419954716287195,9682.22920844574
oculus_audio_pack/car_engine_high_lp.wav,oculus_audio_pack,reference,default,qoa,174014,1,44100,70432,91855c0d807acd4b87e16bd44be175b95656424d608488116f40fd6f3a8f84f1,5aa9ee4c659a235f,7,True,0.443,0.4620247827,0.46608495654,3.9458956916099774,2.5457721792499455,8907.21375081259
oculus_audio_pack/car_start_run_stop_01.wav,oculus_audio_pack,baseline,high,checked,467397,1,44100,189180,5b8e96c78f0ea4199b408344859b2ac81ee355b97d0b331378712da4ed6efa72,06633ebcfeed18ff,7,True,1.2880375,1.31855875,1.31871175,10.598571428571429,2.755767580878782,8228.46495429786
oculus_audio_pack/car_start_run_stop_01.wav,oculus_audio_pack,candidate,high,checked,467397,1,44100,189180,5b8e96c78f0ea4199b408344859b2ac81ee355b97d0b331378712da4ed6efa72,06633ebcfeed18ff,7,True,1.08302,1.1416933331999999,1.1451386666399999,10.598571428571429,2.3171308331033362,9786.127152380777
oculus_audio_pack/car_start_run_stop_01.wav,oculus_audio_pack,baseline,medium,checked,467397,1,44100,142650,f95ae9135f78f611c495c6a6c255594464bd1774448cdb6a57ef1844a4588c53,4253f9cc73115417,7,True,1.258275,1.2723625,1.2734725,10.598571428571429,2.692090449874518,8423.09624571054
oculus_audio_pack/car_start_run_stop_01.wav,oculus_audio_pack,candidate,medium,checked,467397,1,44100,142650,f95ae9135f78f611c495c6a6c255594464bd1774448cdb6a57ef1844a4588c53,4253f9cc73115417,7,True,1.08506,1.1176285553999998,1.12658348868,10.598571428571429,2.321495431078933,9767.728446879832
oculus_audio_pack/car_start_run_stop_01.wav,oculus_audio_pack,baseline,low,checked,467397,1,44100,142440,4716f4ba064abb480b3869573ddfa500e69e45051c70cb33503f8812537e98cf,77f6b9e732fb747a,7,True,1.2966375,1.35504875,1.36133975,10.598571428571429,2.7741673566582583,8173.889331884531
oculus_audio_pack/car_start_run_stop_01.wav,oculus_audio_pack,candidate,low,checked,467397,1,44100,142440,4716f4ba064abb480b3869573ddfa500e69e45051c70cb33503f8812537e98cf,77f6b9e732fb747a,7,True,1.0843,1.1253215553999998,1.1332420886799999,10.598571428571429,2.3198694043821417,9774.574775035902
oculus_audio_pack/car_start_run_stop_01.wav,oculus_audio_pack,reference,default,qoa,467397,1,44100,189176,a4852a162696f21ee5c5f99a7a9b171277a916e3c9408aa45a9caab564531783,06633ebcfeed18ff,7,True,1.177211111,1.260247778,1.2665117780000001,10.598571428571429,2.5186535450591254,9003.118752054854
oculus_audio_pack/car_trunk_close.wav,oculus_audio_pack,baseline,high,checked,32643,1,44100,13244,18340246c8b58abfe7e27b4d802419bdc10d949e3497c4a10b285c2be1ca75ed,a7746a4c55280214,7,True,0.09206789,0.17835519139999992,0.20668039987999992,0.740204081632653,2.8204481818460314,8039.763718193748
oculus_audio_pack/car_trunk_close.wav,oculus_audio_pack,candidate,high,checked,32643,1,44100,13244,18340246c8b58abfe7e27b4d802419bdc10d949e3497c4a10b285c2be1ca75ed,a7746a4c55280214,7,True,0.0803384,0.0834639671,0.08374079342,0.740204081632653,2.461121833164844,9213.577587214246
oculus_audio_pack/car_trunk_close.wav,oculus_audio_pack,baseline,medium,checked,32643,1,44100,10228,f4b2a5fa071b0a24448116aa822af36ae7a2375c681425712eb046769c167298,c3239bbceb16db1e,7,True,0.096602885,0.11194638489999999,0.11611764897999999,0.740204081632653,2.9593752106117694,7662.339293828058
oculus_audio_pack/car_trunk_close.wav,oculus_audio_pack,candidate,medium,checked,32643,1,44100,10228,f4b2a5fa071b0a24448116aa822af36ae7a2375c681425712eb046769c167298,c3239bbceb16db1e,7,True,0.081445528,0.0821560153,0.08224825186,0.740204081632653,2.4950380786079713,9088.333022196786
oculus_audio_pack/car_trunk_close.wav,oculus_audio_pack,baseline,low,checked,32643,1,44100,10038,a68738c1e9e6eacb931c5a4a0ecf650ea133869ac1cf8235526a73d9121fb6af,b7e3597d26078187,7,True,0.095450943,0.0977670877,0.09780739834,0.740204081632653,2.924086113408694,7754.811617027744
oculus_audio_pack/car_trunk_close.wav,oculus_audio_pack,candidate,low,checked,32643,1,44100,10038,a68738c1e9e6eacb931c5a4a0ecf650ea133869ac1cf8235526a73d9121fb6af,b7e3597d26078187,7,True,0.079074803,0.0817753658,0.08181653636,0.740204081632653,2.422412247648807,9360.808418740582
oculus_audio_pack/car_trunk_close.wav,oculus_audio_pack,reference,default,qoa,32643,1,44100,13240,d26017f77a6abfd99d0c1c396e4775f8f2be150d1d0e2ac0bb82e45ffab079eb,a7746a4c55280214,7,True,0.087488696,0.0906853044,0.09131015208,0.740204081632653,2.6801671415004753,8460.56822738166
oculus_audio_pack/creepy_blood_squish_slimy_03.wav,oculus_audio_pack,baseline,high,checked,134534,1,44100,54476,ec061812f5af5f7014fa86cb8fd878fd7a062cd48aff693112652dc4d108ebf7,0066130d33ffc860,7,True,0.401724,0.5463396735999999,0.5852818475199999,3.0506575963718823,2.986040703465295,7593.914220638752
oculus_audio_pack/creepy_blood_squish_slimy_03.wav,oculus_audio_pack,candidate,high,checked,134534,1,44100,54476,ec061812f5af5f7014fa86cb8fd878fd7a062cd48aff693112652dc4d108ebf7,0066130d33ffc860,7,True,0.31954375,0.3388396669,0.34010126698,3.0506575963718823,2.3751895431638097,9546.916803636066
oculus_audio_pack/creepy_blood_squish_slimy_03.wav,oculus_audio_pack,baseline,medium,checked,134534,1,44100,41700,216e6365789b9f41568973ec8fc1e61f7bb669bdf800fba864561acbec7dc8ba,6380cd056a0bfd75,7,True,0.385538462,0.4834052,0.50896904,3.0506575963718823,2.865732543446266,7912.719214955737
oculus_audio_pack/creepy_blood_squish_slimy_03.wav,oculus_audio_pack,candidate,medium,checked,134534,1,44100,41700,216e6365789b9f41568973ec8fc1e61f7bb669bdf800fba864561acbec7dc8ba,6380cd056a0bfd75,7,True,0.323396774,0.3389599999,0.33967199998,3.0506575963718823,2.403829321955788,9433.172627664748
oculus_audio_pack/creepy_blood_squish_slimy_03.wav,oculus_audio_pack,baseline,low,checked,134534,1,44100,41090,c12b58512607a3719a2b3308a0755cecbedb3586fee6ae9bb0f27713238d8394,b383463fcca6a6ca,7,True,0.386646154,0.4146957693,0.42145915386,3.0506575963718823,2.8739660903563413,7890.050281922324
oculus_audio_pack/creepy_blood_squish_slimy_03.wav,oculus_audio_pack,candidate,low,checked,134534,1,44100,41090,c12b58512607a3719a2b3308a0755cecbedb3586fee6ae9bb0f27713238d8394,b383463fcca6a6ca,7,True,0.31666875,0.3269983872,0.32757516144,3.0506575963718823,2.3538194805774006,9633.592188594177
oculus_audio_pack/creepy_blood_squish_slimy_03.wav,oculus_audio_pack,reference,default,qoa,134534,1,44100,54472,1da5114c1a19847b7a1df56c116c44d0da605726c573277b211f4470094906fb,0066130d33ffc860,7,True,0.352824138,0.5990352474999997,0.6798624342999998,3.0506575963718823,2.6225648386281537,8646.397079476128
oculus_audio_pack/creepy_chains_02.wav,oculus_audio_pack,baseline,high,checked,183419,1,44100,74244,89a5f2ba41c6398aa2e61b5a15a884bab5bcfe5675aca07e76394746d56a4b45,bfc596c468ce0428,7,True,0.510755,0.5355294735999999,0.5362848419199999,4.159160997732426,2.78463517956155,8143.162568613966
oculus_audio_pack/creepy_chains_02.wav,oculus_audio_pack,candidate,high,checked,183419,1,44100,74244,89a5f2ba41c6398aa2e61b5a15a884bab5bcfe5675aca07e76394746d56a4b45,bfc596c468ce0428,7,True,0.445669565,0.46881347849999994,0.47561412449999996,4.159160997732426,2.429789525621664,9332.387320934573
oculus_audio_pack/creepy_chains_02.wav,oculus_audio_pack,baseline,medium,checked,183419,1,44100,57572,c6b83873bd13f7fb8e9afeaa6a48aab2d42c7969205bbfda8ea22f9304d9b4bd,495fe0df0cb8e341,7,True,0.517975,0.6506484564999998,0.6885670248999999,4.159160997732426,2.8239986042885414,8029.655867044599
oculus_audio_pack/creepy_chains_02.wav,oculus_audio_pack,candidate,medium,checked,183419,1,44100,57572,c6b83873bd13f7fb8e9afeaa6a48aab2d42c7969205bbfda8ea22f9304d9b4bd,495fe0df0cb8e341,7,True,0.440913043,0.4993070871,0.51628541742,4.159160997732426,2.4038569777394927,9433.064101332167
oculus_audio_pack/creepy_chains_02.wav,oculus_audio_pack,baseline,low,checked,183419,1,44100,56176,87b384184f50884280e44d416286fd4a2590fcbcd39433564ef719c9126edbad,3d182981da840e0c,7,True,0.519395,0.5466935554,0.55455648868,4.159160997732426,2.831740441284709,8007.703188772371
oculus_audio_pack/creepy_chains_02.wav,oculus_audio_pack,candidate,low,checked,183419,1,44100,56176,87b384184f50884280e44d416286fd4a2590fcbcd39433564ef719c9126edbad,3d182981da840e0c,7,True,0.436073913,0.4420656522,0.44223573924,4.159160997732426,2.377474051216068,9537.743198438991
oculus_audio_pack/creepy_chains_02.wav,oculus_audio_pack,reference,default,qoa,183419,1,44100,74240,c74e464227b7c43b5d18254d6ba82f57ffef8937b9f833fb01dc29f48d289c33,bfc596c468ce0428,7,True,0.484095238,0.5004020714,0.5035244142799999,4.159160997732426,2.6392862135329493,8591.617250596517
oculus_audio_pack/creepy_creature_03.wav,oculus_audio_pack,baseline,high,checked,121835,1,44100,49324,98f1cae5dbfb09bbda6dfbf7fe5211125ca6c1ded17aed03bf43899c081850f5,afc6f8a276ae6437,7,True,0.332367742,0.341825333,0.343255733,2.7626984126984127,2.7280152829646656,8312.173726830602
oculus_audio_pack/creepy_creature_03.wav,oculus_audio_pack,candidate,high,checked,121835,1,44100,49324,98f1cae5dbfb09bbda6dfbf7fe5211125ca6c1ded17aed03bf43899c081850f5,afc6f8a276ae6437,7,True,0.2845,0.2942714704,0.29727311728,2.7626984126984127,2.335125374481881,9710.714983122716
oculus_audio_pack/creepy_creature_03.wav,oculus_audio_pack,baseline,medium,checked,121835,1,44100,39676,7b5bcd2cbffbbd3a7f689f51f9bf328e849fb0b619ba400fa157e84b1aa33c5c,27619990874c016e,7,True,0.344026667,0.3590270688,0.36050827055999995,2.7626984126984127,2.8237096647104694,8030.477511495969
oculus_audio_pack/creepy_creature_03.wav,oculus_audio_pack,candidate,medium,checked,121835,1,44100,39676,7b5bcd2cbffbbd3a7f689f51f9bf328e849fb0b619ba400fa157e84b1aa33c5c,27619990874c016e,7,True,0.295726471,0.3064793938,0.30764012116,2.7626984126984127,2.427270250748964,9342.073448333316
oculus_audio_pack/creepy_creature_03.wav,oculus_audio_pack,baseline,low,checked,121835,1,44100,37354,ef24a55a833fb3324643e506b9bb160b5f9ede01b37a6ca318aff42ebcd25775,c174a3f3f7a2e55d,7,True,0.333132258,0.3550606894,0.35607696508,2.7626984126984127,2.734290294250421,8293.097850339105
oculus_audio_pack/creepy_creature_03.wav,oculus_audio_pack,candidate,low,checked,121835,1,44100,37354,ef24a55a833fb3324643e506b9bb160b5f9ede01b37a6ca318aff42ebcd25775,c174a3f3f7a2e55d,7,True,0.278616667,0.2897079997,0.28996445674,2.7626984126984127,2.2868360241309964,9915.76865248486
oculus_audio_pack/creepy_creature_03.wav,oculus_audio_pack,reference,default,qoa,121835,1,44100,49320,f4865a563107b4041b40c55a171993a0de1cd33cca5e03efaa2a09063381254f,afc6f8a276ae6437,7,True,0.310621212,0.3158659375,0.3159881875,2.7626984126984127,2.549523634423606,8894.107375701093
oculus_audio_pack/creepy_drone_02.wav,oculus_audio_pack,baseline,high,checked,2594751,2,44100,2096100,79f20f64db246fbc0d46116ba1def74a4a1984025449be3b1207893bb50e403a,3d965890a2fa9d33,7,True,13.8267,14.21533,14.237386,58.83789115646258,2.66435970156674,4255.382061986054
oculus_audio_pack/creepy_drone_02.wav,oculus_audio_pack,candidate,high,checked,2594751,2,44100,2096100,79f20f64db246fbc0d46116ba1def74a4a1984025449be3b1207893bb50e403a,3d965890a2fa9d33,7,True,13.5986,13.90269,13.933338000000001,58.83789115646258,2.620405580342777,4326.760928070727
oculus_audio_pack/creepy_drone_02.wav,oculus_audio_pack,baseline,medium,checked,2594751,2,44100,1590762,d9d57b2d10d5fcb95c341351ac525ec4be23d71e2be53faa8bdc30a5c861ee4e,0ebd299316853407,7,True,13.805,14.29256,14.334752,58.83789115646258,2.6601781828005846,4262.071072543468
oculus_audio_pack/creepy_drone_02.wav,oculus_audio_pack,candidate,medium,checked,2594751,2,44100,1590762,d9d57b2d10d5fcb95c341351ac525ec4be23d71e2be53faa8bdc30a5c861ee4e,0ebd299316853407,7,True,13.6199,13.7948,13.797680000000001,58.83789115646258,2.624510020421998,4319.994357995476
oculus_audio_pack/creepy_drone_02.wav,oculus_audio_pack,baseline,low,checked,2594751,2,44100,1577148,6fdf20cb3203af05e970d58ec64e89fdd653f41687423bf2b063947d71d0bd62,6d20cdd4bd34546e,7,True,14.0266,14.87928,14.964576000000001,58.83789115646258,2.702879775361875,4194.736511803472
oculus_audio_pack/creepy_drone_02.wav,oculus_audio_pack,candidate,low,checked,2594751,2,44100,1577148,6fdf20cb3203af05e970d58ec64e89fdd653f41687423bf2b063947d71d0bd62,6d20cdd4bd34546e,7,True,13.2926,14.054879999999999,14.162256,58.83789115646258,2.561440384838468,4426.364379915335
oculus_audio_pack/creepy_drone_02.wav,oculus_audio_pack,reference,default,qoa,2594751,2,44100,2096096,97107744a6a1ba4febef3f28d1b710f4ce6a2b97888ab198bd26553913c06816,3d965890a2fa9d33,7,True,17.3923,18.117729999999998,18.127066,58.83789115646258,3.3514391168940683,3382.985065601593
oculus_audio_pack/creepy_impacts_reverb_01.wav,oculus_audio_pack,baseline,high,checked,189101,1,44100,76548,4d661cb85a269411d2be7eb5cdb06f420bf775a804aa443aa916c178efd01888,af95728b494ccf30,7,True,0.514385,0.5331305787999999,0.53796506296,4.288004535147392,2.720160126070195,8336.177250789568
oculus_audio_pack/creepy_impacts_reverb_01.wav,oculus_audio_pack,candidate,high,checked,189101,1,44100,76548,4d661cb85a269411d2be7eb5cdb06f420bf775a804aa443aa916c178efd01888,af95728b494ccf30,7,True,0.438856522,0.4512347824,0.45290434768,4.288004535147392,2.320751989677474,9770.857490292447
oculus_audio_pack/creepy_impacts_reverb_01.wav,oculus_audio_pack,baseline,medium,checked,189101,1,44100,57770,599ca4516b6822e5a21e539f9f322d911067058f7ae33337e8dea3a0392cbab1,4c4948e7e3ac4061,7,True,0.534184211,0.5430226314,0.5434634734799999,4.288004535147392,2.824861904484905,8027.201940544423
oculus_audio_pack/creepy_impacts_reverb_01.wav,oculus_audio_pack,candidate,medium,checked,189101,1,44100,57770,599ca4516b6822e5a21e539f9f322d911067058f7ae33337e8dea3a0392cbab1,4c4948e7e3ac4061,7,True,0.443508696,0.5194459091999999,0.5373291818399999,4.288004535147392,2.3453535200765727,9668.366311237767
oculus_audio_pack/creepy_impacts_reverb_01.wav,oculus_audio_pack,baseline,low,checked,189101,1,44100,57636,ff70815016e8c06340c3b09064f5f93892bd3d6758b65a5fb925cde87bf80c4a,84ff99c3da52fd65,7,True,0.536010526,0.5605184211,0.56522368422,4.288004535147392,2.834519785722973,7999.851359537279
oculus_audio_pack/creepy_impacts_reverb_01.wav,oculus_audio_pack,candidate,low,checked,189101,1,44100,57636,ff70815016e8c06340c3b09064f5f93892bd3d6758b65a5fb925cde87bf80c4a,84ff99c3da52fd65,7,True,0.435908696,0.4436952173,0.44373382586000004,4.288004535147392,2.3051633571477677,9836.93276710266
oculus_audio_pack/creepy_impacts_reverb_01.wav,oculus_audio_pack,reference,default,qoa,189101,1,44100,76544,1fc919068af7631019ee4f7a51c151de9b534c50e0ca63789e7bed08490adfe9,af95728b494ccf30,7,True,0.478490476,0.5049490001,0.5117658000199999,4.288004535147392,2.530343446094944,8961.525359905789
oculus_audio_pack/creepy_scratch_02.wav,oculus_audio_pack,baseline,high,checked,92777,1,44100,37580,9450e7eb4eb641abea114c9da1cdf4d868eb960406f3d4c4980b874c4703479c,b6af7172aac96047,7,True,0.249065854,0.2561543396,0.25651497032000004,2.1037868480725623,2.6845646442545026,8446.709230854914
oculus_audio_pack/creepy_scratch_02.wav,oculus_audio_pack,candidate,high,checked,92777,1,44100,37580,9450e7eb4eb641abea114c9da1cdf4d868eb960406f3d4c4980b874c4703479c,b6af7172aac96047,7,True,0.213329787,0.2330054385,0.2349545757,2.1037868480725623,2.2993822499110768,9861.664785108338
oculus_audio_pack/creepy_scratch_02.wav,oculus_audio_pack,baseline,medium,checked,92777,1,44100,29682,7a21123d4948dd025a22f8c3c5a0f9db4af568341d6f42b5ee9dc1431babac06,caba1b3d1658c95b,7,True,0.260966667,0.2750591894,0.27534264908,2.1037868480725623,2.8128379555277707,8061.5155654057635
oculus_audio_pack/creepy_scratch_02.wav,oculus_audio_pack,candidate,medium,checked,92777,1,44100,29682,7a21123d4948dd025a22f8c3c5a0f9db4af568341d6f42b5ee9dc1431babac06,caba1b3d1658c95b,7,True,0.223686667,0.2260313331,0.22633693302,2.1037868480725623,2.411014227664184,9405.061447281354
oculus_audio_pack/creepy_scratch_02.wav,oculus_audio_pack,baseline,low,checked,92777,1,44100,28370,61ce4e429780e1cf44de4eb9fdfecac51f3c3c57bb0de4b4da70dc124e1b9a35,ed9998729dd0affe,7,True,0.263010256,0.26783131590000003,0.26808205278,2.1037868480725623,2.8348648479687855,7998.877610584746
oculus_audio_pack/creepy_scratch_02.wav,oculus_audio_pack,candidate,low,checked,92777,1,44100,28370,61ce4e429780e1cf44de4eb9fdfecac51f3c3c57bb0de4b4da70dc124e1b9a35,ed9998729dd0affe,7,True,0.215053191,0.22714399999999998,0.2274128,2.1037868480725623,2.3179580176121237,9782.63488344408
oculus_audio_pack/creepy_scratch_02.wav,oculus_audio_pack,reference,default,qoa,92777,1,44100,37576,798159b65d73d8772edf66756f9605e99e5acdcd92eb126cdfa70b94ce5c2df3,b6af7172aac96047,7,True,0.23937619,0.2453187802,0.24550082884,2.1037868480725623,2.5801242764909404,8788.621993158813
oculus_audio_pack/creepy_skull_cracking_02.wav,oculus_audio_pack,baseline,high,checked,84349,1,44100,34164,6a8c0795601db2ffd4bfe8b201727f066f717e2e8d2474bc5585d222d598f5af,9f68bf82666a09ed,7,True,0.225646667,0.2345893024,0.23466855808,1.9126757369614513,2.6751552122728186,8476.419183986667
oculus_audio_pack/creepy_skull_cracking_02.wav,oculus_audio_pack,candidate,high,checked,84349,1,44100,34164,6a8c0795601db2ffd4bfe8b201727f066f717e2e8d2474bc5585d222d598f5af,9f68bf82666a09ed,7,True,0.194813462,0.205281057,0.2062366194,1.9126757369614513,2.309611993028963,9817.985458117117
oculus_audio_pack/creepy_skull_cracking_02.wav,oculus_audio_pack,baseline,medium,checked,84349,1,44100,26016,4c779291fbe290929a44a2d14776cacbc0a15f6719a64cde0d12a9f32b0ae8f2,6db6bff8646c8da0,7,True,0.236637209,0.2524334389,0.25483068778,1.9126757369614513,2.8054536390472915,8082.734516030619
oculus_audio_pack/creepy_skull_cracking_02.wav,oculus_audio_pack,candidate,medium,checked,84349,1,44100,26016,4c779291fbe290929a44a2d14776cacbc0a15f6719a64cde0d12a9f32b0ae8f2,6db6bff8646c8da0,7,True,0.199323529,0.2034414,0.20424347999999998,1.9126757369614513,2.36308111536592,9595.83520599543
oculus_audio_pack/creepy_skull_cracking_02.wav,oculus_audio_pack,baseline,low,checked,84349,1,44100,25852,61a3fcb0cb42eef1c4a26aa2c570fa02c7aeb1511a07963824796715fb35f578,d131b77cb72ebd39,7,True,0.235772093,0.2427435716,0.24348014312,1.9126757369614513,2.7951972518939168,8112.392406685092
oculus_audio_pack/creepy_skull_cracking_02.wav,oculus_audio_pack,candidate,low,checked,84349,1,44100,25852,61a3fcb0cb42eef1c4a26aa2c570fa02c7aeb1511a07963824796715fb35f578,d131b77cb72ebd39,7,True,0.195684615,0.2033359661,0.20466392762,1.9126757369614513,2.3199399518666497,9774.277538177701
oculus_audio_pack/creepy_skull_cracking_02.wav,oculus_audio_pack,reference,default,qoa,84349,1,44100,34160,2abae530d64c19ef475cf48b11d43de628d4fa784bd6ffc57fa6354dec273031,9f68bf82666a09ed,7,True,0.212352083,0.21837023619999998,0.21916100404,1.9126757369614513,2.517541203807988,9007.09665730687
oculus_audio_pack/creepy_whispers_01.wav,oculus_audio_pack,baseline,high,checked,237088,1,44100,95980,fd0f39c45abbeec5eadc307d1ff1720cb72bcc2e00621a198336d9435eee7e91,3de295b9d35f09d2,7,True,0.6409125,0.64460125,0.64500025,5.376145124716554,2.7032684066675663,8388.266923669851
oculus_audio_pack/creepy_whispers_01.wav,oculus_audio_pack,candidate,high,checked,237088,1,44100,95980,fd0f39c45abbeec5eadc307d1ff1720cb72bcc2e00621a198336d9435eee7e91,3de295b9d35f09d2,7,True,0.557461111,0.5713027776,0.57265611072,5.376145124716554,2.3512835360709943,9643.982366900125
oculus_audio_pack/creepy_whispers_01.wav,oculus_audio_pack,baseline,medium,checked,237088,1,44100,73944,cce21ae6e51bbcfd774484e45750992ae430635f7cd4e89cab4d33c954f29417,565415be279d8b45,7,True,0.675386667,0.7206764289,0.72278671458,5.376145124716554,2.8486750362734514,7960.0995805807825
oculus_audio_pack/creepy_whispers_01.wav,oculus_audio_pack,candidate,medium,checked,237088,1,44100,73944,cce21ae6e51bbcfd774484e45750992ae430635f7cd4e89cab4d33c954f29417,565415be279d8b45,7,True,0.556005556,0.5765716664,0.57810099968,5.376145124716554,2.3451442333648265,9669.229141150081
oculus_audio_pack/creepy_whispers_01.wav,oculus_audio_pack,baseline,low,checked,237088,1,44100,72418,6c5950d72b3fc3b6c4b965a805de8e757516d5d2c35071b41e8aab9c14e89a45,61633911f5f411d7,7,True,0.674466667,0.6940833331,0.69529133302,5.376145124716554,2.844794620562829,7970.957480566721
oculus_audio_pack/creepy_whispers_01.wav,oculus_audio_pack,candidate,low,checked,237088,1,44100,72418,6c5950d72b3fc3b6c4b965a805de8e757516d5d2c35071b41e8aab9c14e89a45,61633911f5f411d7,7,True,0.549947368,0.5623844441,0.56407244402,5.376145124716554,2.3195917465244973,9775.744803121876
oculus_audio_pack/creepy_whispers_01.wav,oculus_audio_pack,reference,default,qoa,237088,1,44100,95976,cac0628b5a359fba59867579b91e4f15bb78c277fc7ee789cb5d66dd375e299a,3de295b9d35f09d2,7,True,0.596605882,0.6184094116,0.62145599992,5.376145124716554,2.5163900408287216,9011.217098118643
oculus_audio_pack/door_lock_key_03.wav,oculus_audio_pack,baseline,high,checked,88906,1,44100,36012,7fad6773c3db4bbca9d01f02703a9ab1305d96e4904211446814aee009c21a51,974d328e079c2678,7,True,0.240911905,0.30754171239999994,0.32409931047999996,2.0160090702947846,2.7097373068184374,8368.241786535142
oculus_audio_pack/door_lock_key_03.wav,oculus_audio_pack,candidate,high,checked,88906,1,44100,36012,7fad6773c3db4bbca9d01f02703a9ab1305d96e4904211446814aee009c21a51,974d328e079c2678,7,True,0.209725,0.3063287308999999,0.3378340221799999,2.0160090702947846,2.358952151710796,9612.631161257765
oculus_audio_pack/door_lock_key_03.wav,oculus_audio_pack,baseline,medium,checked,88906,1,44100,27800,05772e08b63fa54e6b54fd55a252714bb34aeb83efa7e146ec8191e864ad4a1f,af4dfcc2ed4fd58c,7,True,0.252845,0.2683713157,0.26909952634,2.0160090702947846,2.843958787933323,7973.300125748125
oculus_audio_pack/door_lock_key_03.wav,oculus_audio_pack,candidate,medium,checked,88906,1,44100,27800,05772e08b63fa54e6b54fd55a252714bb34aeb83efa7e146ec8191e864ad4a1f,af4dfcc2ed4fd58c,7,True,0.212940426,0.2264940453,0.22768971786,2.0160090702947846,2.395118732144062,9467.479276550263
oculus_audio_pack/door_lock_key_03.wav,oculus_audio_pack,baseline,low,checked,88906,1,44100,27348,af1f7a8a7d900c9406d413829802f3d75476e71562a0bf2953e36f81492ffb5a,5805767d611d36f3,7,True,0.252355,0.2632131576,0.26620052592,2.0160090702947846,2.8384473488853397,7988.781955161517
oculus_audio_pack/door_lock_key_03.wav,oculus_audio_pack,candidate,low,checked,88906,1,44100,27348,af1f7a8a7d900c9406d413829802f3d75476e71562a0bf2953e36f81492ffb5a,5805767d611d36f3,7,True,0.213968085,0.2214744724,0.22290644968,2.0160090702947846,2.4066776707983712,9422.008288267778
oculus_audio_pack/door_lock_key_03.wav,oculus_audio_pack,reference,default,qoa,88906,1,44100,36008,e65367868bb2158bf582cc3feb502060d48cb032d220ce2bd45935f68a7a2597,974d328e079c2678,7,True,0.235686047,0.4764732536999997,0.5571702059399998,2.0160090702947846,2.6509577193890177,8553.790502052014
oculus_audio_pack/doors_frontdoor_open_01.wav,oculus_audio_pack,baseline,high,checked,26057,1,44100,10580,02874326286bd22ccb3405c061e9289010f19553bd36f50caae5f128a0a0373f,303a634fd2cb5b11,7,True,0.073416788,0.0774716886,0.07767790332,0.5908616780045352,2.8175456882987295,8048.045877525114
oculus_audio_pack/doors_frontdoor_open_01.wav,oculus_audio_pack,candidate,high,checked,26057,1,44100,10580,02874326286bd22ccb3405c061e9289010f19553bd36f50caae5f128a0a0373f,303a634fd2cb5b11,7,True,0.062789375,0.0662407598,0.06704090396,0.5908616780045352,2.4096931726599378,9410.21754085839
oculus_audio_pack/doors_frontdoor_open_01.wav,oculus_audio_pack,baseline,medium,checked,26057,1,44100,8202,2cf062311fdec35fafebccc1797c60109167756f92e7d108c7f46486c385956f,788b9ac47eba1a12,7,True,0.074093333,0.0776487431,0.07833724862000001,0.5908616780045352,2.843509728671758,7974.559303527825
oculus_audio_pack/doors_frontdoor_open_01.wav,oculus_audio_pack,candidate,medium,checked,26057,1,44100,8202,2cf062311fdec35fafebccc1797c60109167756f92e7d108c7f46486c385956f,788b9ac47eba1a12,7,True,0.063991083,0.0678806682,0.06802729044,0.5908616780045352,2.455811605326784,9233.500205091625
oculus_audio_pack/doors_frontdoor_open_01.wav,oculus_audio_pack,baseline,low,checked,26057,1,44100,8084,374f48d9a231ddf81789bb9ef4aa8d93b207fa21f58e3d94b35bdb6d892aa071,ba910a891f12896a,7,True,0.075315789,0.0772501761,0.07750894962,0.5908616780045352,2.890424415704033,7845.123656668262
oculus_audio_pack/doors_frontdoor_open_01.wav,oculus_audio_pack,candidate,low,checked,26057,1,44100,8084,374f48d9a231ddf81789bb9ef4aa8d93b207fa21f58e3d94b35bdb6d892aa071,ba910a891f12896a,7,True,0.063040252,0.0659821708,0.06602906536,0.5908616780045352,2.4193211804889283,9372.768338624901
oculus_audio_pack/doors_frontdoor_open_01.wav,oculus_audio_pack,reference,default,qoa,26057,1,44100,10576,5469197e48777208a23135738ea0afa3c1f734a1dd1f32e2065422847eca629a,303a634fd2cb5b11,7,True,0.068361905,0.07239654400000001,0.072924856,0.5908616780045352,2.623552404344322,8643.142375926112
oculus_audio_pack/doors_office_doorknob_01.wav,oculus_audio_pack,baseline,high,checked,31063,1,44100,12612,42297404f4785cd00f1cf3a98ab7479828456c0bcdc9b30467362f5dba3d8002,1a050bef550438ef,7,True,0.084613445,0.09183076709999999,0.09257356062,0.70437641723356,2.7239302385474677,8324.639390744107
oculus_audio_pack/doors_office_doorknob_01.wav,oculus_audio_pack,candidate,high,checked,31063,1,44100,12612,42297404f4785cd00f1cf3a98ab7479828456c0bcdc9b30467362f5dba3d8002,1a050bef550438ef,7,True,0.075024627,0.08025657189999999,0.08102679837999999,0.70437641723356,2.4152408653381836,9388.602721524494
oculus_audio_pack/doors_office_doorknob_01.wav,oculus_audio_pack,baseline,medium,checked,31063,1,44100,10024,0fdf80bf80e30c2fed797260ebd7e75cfcfe3d7bffbd529f8c3a7b51666222ac,065c4166ae640cec,7,True,0.088123684,0.0903670273,0.09043881106,0.70437641723356,2.8369341016643594,7993.043246280535
oculus_audio_pack/doors_office_doorknob_01.wav,oculus_audio_pack,candidate,medium,checked,31063,1,44100,10024,0fdf80bf80e30c2fed797260ebd7e75cfcfe3d7bffbd529f8c3a7b51666222ac,065c4166ae640cec,7,True,0.078044961,0.090839675,0.0937951046,0.70437641723356,2.5124733927824097,9025.264516866888
oculus_audio_pack/doors_office_doorknob_01.wav,oculus_audio_pack,baseline,low,checked,31063,1,44100,9758,5279c94646fcb6bd5c77b942e6738e0d4c9c6d31b2304439b900c5aabbed51da,7cb9dd68e53e615b,7,True,0.08812193,0.0902334558,0.09072128556,0.70437641723356,2.8368776357724625,7993.20234172765
oculus_audio_pack/doors_office_doorknob_01.wav,oculus_audio_pack,candidate,low,checked,31063,1,44100,9758,5279c94646fcb6bd5c77b942e6738e0d4c9c6d31b2304439b900c5aabbed51da,7cb9dd68e53e615b,7,True,0.076568702,0.0827273881,0.08404665441999999,0.70437641723356,2.464948717123266,9199.27331709972
oculus_audio_pack/doors_office_doorknob_01.wav,oculus_audio_pack,reference,default,qoa,31063,1,44100,12608,1cdd21f11b9ec9876c96aebff94d4ea842dcad700b2597f39861d20abfff5510,1a050bef550438ef,7,True,0.0805768,0.0906176935,0.0910159027,0.70437641723356,2.593979976177446,8741.677719065041
oculus_audio_pack/doors_sliding_lock_01.wav,oculus_audio_pack,baseline,high,checked,21187,1,44100,8612,0a0eb0c31e05a66e64d03dc4683f489f8a994bd9b0921ebf60d150d332f13836,f15b8efb5b7ef0e4,7,True,0.056462921,0.0577344422,0.05806295804,0.4804308390022676,2.6649795157407845,8508.784712046116
oculus_audio_pack/doors_sliding_lock_01.wav,oculus_audio_pack,candidate,high,checked,21187,1,44100,8612,0a0eb0c31e05a66e64d03dc4683f489f8a994bd9b0921ebf60d150d332f13836,f15b8efb5b7ef0e4,7,True,0.049563861,0.058588518699999995,0.061310296539999996,0.4804308390022676,2.33935248029452,9693.16815335003
oculus_audio_pack/doors_sliding_lock_01.wav,oculus_audio_pack,baseline,medium,checked,21187,1,44100,6666,b3e20893e76943692fee39adbf7be0420e8bbd822dac64f0e5fe9e979f376270,00a882259c7fa358,7,True,0.057895376,0.0590923791,0.05923954062,0.4804308390022676,2.7325896068343796,8298.259242711674
oculus_audio_pack/doors_sliding_lock_01.wav,oculus_audio_pack,candidate,medium,checked,21187,1,44100,6666,b3e20893e76943692fee39adbf7be0420e8bbd822dac64f0e5fe9e979f376270,00a882259c7fa358,7,True,0.049107843,0.0507346251,0.05094123942,0.4804308390022676,2.3178289989144285,9783.179420083012
oculus_audio_pack/doors_sliding_lock_01.wav,oculus_audio_pack,baseline,low,checked,21187,1,44100,6568,e760da0fd7d2ce3d37c6307df8e4fc843235e13cecb60340cfae889eccb26686,38a00f9efb2574e6,7,True,0.05809422,0.059836618700000004,0.059989359740000005,0.4804308390022676,2.741974795865389,8269.856088992461
oculus_audio_pack/doors_sliding_lock_01.wav,oculus_audio_pack,candidate,low,checked,21187,1,44100,6568,e760da0fd7d2ce3d37c6307df8e4fc843235e13cecb60340cfae889eccb26686,38a00f9efb2574e6,7,True,0.049177451,0.0527943981,0.05292459402,0.4804308390022676,2.3211144097795815,9769.331863139218
oculus_audio_pack/doors_sliding_lock_01.wav,oculus_audio_pack,reference,default,qoa,21187,1,44100,8608,e9be206452b965275312bdcf35955fee2497b7d3ab8203cb1107489e66ea3e6c,f15b8efb5b7ef0e4,7,True,0.05410973,0.0565974165,0.056789028899999996,0.4804308390022676,2.553911832727616,8878.825287102109
oculus_audio_pack/footsteps_shoe_concrete_run_04.wav,oculus_audio_pack,baseline,high,checked,6821,1,44100,2796,4f822c3b3eeb3e129d282bf773ae7266f04571ddaacbde903145b204cc150327,1d6255fb5eb800ef,7,True,0.020266599,0.023740444099999997,0.024538706419999997,0.15467120181405897,2.9712064213458436,7631.828202356941
oculus_audio_pack/footsteps_shoe_concrete_run_04.wav,oculus_audio_pack,candidate,high,checked,6821,1,44100,2796,4f822c3b3eeb3e129d282bf773ae7266f04571ddaacbde903145b204cc150327,1d6255fb5eb800ef,7,True,0.017404348,0.019307666299999998,0.01955061326,0.15467120181405897,2.551583052338367,8886.928818824985
oculus_audio_pack/footsteps_shoe_concrete_run_04.wav,oculus_audio_pack,baseline,medium,checked,6821,1,44100,2152,f65dfd62dab5599cf1261ef8182a315fc11982820e825c0e81138d350f82247d,9d0edfa47328a7d4,7,True,0.020926151,0.0223045898,0.022421276360000002,0.15467120181405897,3.0679007476909548,7391.2876674768795
oculus_audio_pack/footsteps_shoe_concrete_run_04.wav,oculus_audio_pack,candidate,medium,checked,6821,1,44100,2152,f65dfd62dab5599cf1261ef8182a315fc11982820e825c0e81138d350f82247d,9d0edfa47328a7d4,7,True,0.018243716,0.0187262868,0.018787362959999998,0.15467120181405897,2.674639495675121,8478.05358371392
oculus_audio_pack/footsteps_shoe_concrete_run_04.wav,oculus_audio_pack,baseline,low,checked,6821,1,44100,2112,b02bbf4cbc311df90a8674667039df07ce05f02b8a64d131f0ae8f6d3eb2050a,155bcf8216d66ded,7,True,0.021310851,0.0221459972,0.02225227304,0.15467120181405897,3.1243001026242485,7257.861350260437
oculus_audio_pack/footsteps_shoe_concrete_run_04.wav,oculus_audio_pack,candidate,low,checked,6821,1,44100,2112,b02bbf4cbc311df90a8674667039df07ce05f02b8a64d131f0ae8f6d3eb2050a,155bcf8216d66ded,7,True,0.017329585,0.018443941,0.0186708106,0.15467120181405897,2.540622342764991,8925.26865554247
oculus_audio_pack/footsteps_shoe_concrete_run_04.wav,oculus_audio_pack,reference,default,qoa,6821,1,44100,2792,40cdbf0767aa78894ae5c92f2aa57fd40650240349d86f5c77112ea7be3627a5,1d6255fb5eb800ef,7,True,0.019593933,0.0204517766,0.02064837212,0.15467120181405897,2.8725895030054245,7893.83131064391
oculus_audio_pack/footsteps_shoe_dirt_run_03.wav,oculus_audio_pack,baseline,high,checked,15758,1,44100,6412,fd77e0638454a97976f6f28e00e61ee0e9ef400c0cb724a5595bd32f7686b95f,8c91da754406eee8,7,True,0.045842466,0.049212504299999994,0.04972389366,0.35732426303854875,2.9091550958243433,7794.61259868849
oculus_audio_pack/footsteps_shoe_dirt_run_03.wav,oculus_audio_pack,candidate,high,checked,15758,1,44100,6412,fd77e0638454a97976f6f28e00e61ee0e9ef400c0cb724a5595bd32f7686b95f,8c91da754406eee8,7,True,0.03984502,0.041600978,0.0420680948,0.35732426303854875,2.528558192664044,8967.852520554607
oculus_audio_pack/footsteps_shoe_dirt_run_03.wav,oculus_audio_pack,baseline,medium,checked,15758,1,44100,4992,48a662243aa367eb0069472b99789443745f5ca16314d5f754944fe38653e383,0594306aea80930b,7,True,0.046433333,0.048119378399999996,0.04814964528,0.35732426303854875,2.946651415154207,7695.4256770356915
oculus_audio_pack/footsteps_shoe_dirt_run_03.wav,oculus_audio_pack,candidate,medium,checked,15758,1,44100,4992,48a662243aa367eb0069472b99789443745f5ca16314d5f754944fe38653e383,0594306aea80930b,7,True,0.040186747,0.0416565126,0.04186937772,0.35732426303854875,2.5502441299657317,8891.594610495562
oculus_audio_pack/footsteps_shoe_dirt_run_03.wav,oculus_audio_pack,baseline,low,checked,15758,1,44100,4890,8350c82194b8f04cde0b305b56f031e0a7a675b524e25699897b613f8a9a68f6,f6e6708a83dcbb69,7,True,0.047268396,0.0498242804,0.05014485608,0.35732426303854875,2.9996443711130856,7559.475109723392
oculus_audio_pack/footsteps_shoe_dirt_run_03.wav,oculus_audio_pack,candidate,low,checked,15758,1,44100,4890,8350c82194b8f04cde0b305b56f031e0a7a675b524e25699897b613f8a9a68f6,f6e6708a83dcbb69,7,True,0.039605138,0.058923315599999984,0.06531740232,0.35732426303854875,2.5133353217413377,9022.169372028164
oculus_audio_pack/footsteps_shoe_dirt_run_03.wav,oculus_audio_pack,reference,default,qoa,15758,1,44100,6408,c7e89cd913f8a14f25f5ce84fed8da1b37950c481fce56d13680a7535c9d31a3,8c91da754406eee8,7,True,0.041897908,0.044429354799999994,0.044922656559999996,0.35732426303854875,2.6588341160045688,8528.451182778595
oculus_audio_pack/footsteps_shoe_grass_run_02.wav,oculus_audio_pack,baseline,high,checked,16523,1,44100,6724,ade71879fa2e0d7176ccd6c920330f9de1e103ca884e714278472a6a75d6a554,3c5a321c6ae0056a,7,True,0.047723333,0.0580257952,0.05907432544,0.37467120181405894,2.8882971010107124,7850.901818069977
oculus_audio_pack/footsteps_shoe_grass_run_02.wav,oculus_audio_pack,candidate,high,checked,16523,1,44100,6724,ade71879fa2e0d7176ccd6c920330f9de1e103ca884e714278472a6a75d6a554,3c5a321c6ae0056a,7,True,0.041556846,0.0477701772,0.048399084239999994,0.37467120181405894,2.51509084306724,9015.871941149213
oculus_audio_pack/footsteps_shoe_grass_run_02.wav,oculus_audio_pack,baseline,medium,checked,16523,1,44100,5458,2d1ac955e77dbe728c53fca5acd34f9c18f8f09ee9bf51dca2fc54a9f9c643aa,0ee7871b400e3978,7,True,0.050400503,0.0533092683,0.05395525926,0.37467120181405894,3.050323972644193,7433.878225660941
oculus_audio_pack/footsteps_shoe_grass_run_02.wav,oculus_audio_pack,candidate,medium,checked,16523,1,44100,5458,2d1ac955e77dbe728c53fca5acd34f9c18f8f09ee9bf51dca2fc54a9f9c643aa,0ee7871b400e3978,7,True,0.041798333,0.0433888406,0.04366396892,0.37467120181405894,2.529706046117533,8963.783359830617
oculus_audio_pack/footsteps_shoe_grass_run_02.wav,oculus_audio_pack,baseline,low,checked,16523,1,44100,5156,040e799828ad21ecf13cf2bb7e0ad69421eb50f47af17bd4689c9525b81a4fac,e148b2d4843a7cfc,7,True,0.049156373,0.0494771502,0.04951998444,0.37467120181405894,2.9750271137202686,7622.026991577652
oculus_audio_pack/footsteps_shoe_grass_run_02.wav,oculus_audio_pack,candidate,low,checked,16523,1,44100,5156,040e799828ad21ecf13cf2bb7e0ad69421eb50f47af17bd4689c9525b81a4fac,e148b2d4843a7cfc,7,True,0.041647718,0.0433507547,0.04377295814,0.37467120181405894,2.520590570719603,8996.200027431489
oculus_audio_pack/footsteps_shoe_grass_run_02.wav,oculus_audio_pack,reference,default,qoa,16523,1,44100,6720,1e1954a299acbc9a926c000bf44ecdb8cc654558c7b396b7cf615c451b78d62b,3c5a321c6ae0056a,7,True,0.043064378,0.0459884895,0.046190877899999996,0.37467120181405894,2.6063292380318344,8700.258060480031
oculus_audio_pack/footsteps_shoe_grass_walk_05.wav,oculus_audio_pack,baseline,high,checked,32810,1,44100,13308,4d9e312efcb89263fdadd97f7ce36baec419c5324252c2ea25da1787745fccea,228da50c67eedb4b,7,True,0.094734906,0.0963298241,0.09641058002,0.7439909297052154,2.8873790307832974,7853.398088611768
oculus_audio_pack/footsteps_shoe_grass_walk_05.wav,oculus_audio_pack,candidate,high,checked,32810,1,44100,13308,4d9e312efcb89263fdadd97f7ce36baec419c5324252c2ea25da1787745fccea,228da50c67eedb4b,7,True,0.081036,0.0831271898,0.08329810436,0.7439909297052154,2.4698567509905516,9180.992765008335
oculus_audio_pack/footsteps_shoe_grass_walk_05.wav,oculus_audio_pack,baseline,medium,checked,32810,1,44100,10810,7e5f24b719ede9ebe7b3354ec35b72c259eddfc09952a1ea4952298777bdb0b8,949da4f6c2ac379e,7,True,0.094777358,0.1014083843,0.10142996006,0.7439909297052154,2.8886729046022555,7849.880450404783
oculus_audio_pack/footsteps_shoe_grass_walk_05.wav,oculus_audio_pack,candidate,medium,checked,32810,1,44100,10810,7e5f24b719ede9ebe7b3354ec35b72c259eddfc09952a1ea4952298777bdb0b8,949da4f6c2ac379e,7,True,0.081313821,0.0857893644,0.08589496728,0.7439909297052154,2.4783243218530933,9149.62451100675
oculus_audio_pack/footsteps_shoe_grass_walk_05.wav,oculus_audio_pack,baseline,low,checked,32810,1,44100,10178,be6a1198640af168e545c231ac7a21332f7e33846462c633b09ec6f7123aecb9,b7e9a924d20265d7,7,True,0.095172642,0.10122752139999999,0.10228468828,0.7439909297052154,2.900720572996038,7817.277256054481
oculus_audio_pack/footsteps_shoe_grass_walk_05.wav,oculus_audio_pack,candidate,low,checked,32810,1,44100,10178,be6a1198640af168e545c231ac7a21332f7e33846462c633b09ec6f7123aecb9,b7e9a924d20265d7,7,True,0.080931452,0.0880975087,0.09027031293999999,0.7439909297052154,2.466670283450168,9192.852856578125
oculus_audio_pack/footsteps_shoe_grass_walk_05.wav,oculus_audio_pack,reference,default,qoa,32810,1,44100,13304,1624890b700c6e2844bf076814c4e3603789f251c45b0a8ffcc06ad0d4b4ba78,228da50c67eedb4b,7,True,0.089079646,0.15534523159999994,0.17082208951999997,0.7439909297052154,2.7150151173422734,8351.974475799056
oculus_audio_pack/footsteps_shoe_metal_run_04.wav,oculus_audio_pack,baseline,high,checked,11388,1,44100,4644,5d1c88378b7b2fb459026a485531f8756c048c5647bab105c6869603471bdd61,e605aa25f2ac79d5,7,True,0.033156291,0.0343916044,0.03457382248,0.2582312925170068,2.911511327713382,7788.304563891264
oculus_audio_pack/footsteps_shoe_metal_run_04.wav,oculus_audio_pack,candidate,high,checked,11388,1,44100,4644,5d1c88378b7b2fb459026a485531f8756c048c5647bab105c6869603471bdd61,e605aa25f2ac79d5,7,True,0.027940278,0.0293859834,0.029570687879999998,0.2582312925170068,2.453484193888303,9242.259240119472
oculus_audio_pack/footsteps_shoe_metal_run_04.wav,oculus_audio_pack,baseline,medium,checked,11388,1,44100,3546,38b9cf6d88277ebe774b8fb4e40857ead57474fc6720e1978430bff0977a4192,80e95f439db852e9,7,True,0.033139735,0.0344998656,0.03489913392,0.2582312925170068,2.9100575166842284,7792.195457115358
oculus_audio_pack/footsteps_shoe_metal_run_04.wav,oculus_audio_pack,candidate,medium,checked,11388,1,44100,3546,38b9cf6d88277ebe774b8fb4e40857ead57474fc6720e1978430bff0977a4192,80e95f439db852e9,7,True,0.027799444,0.028447557300000002,0.028464057060000002,0.2582312925170068,2.441117316473481,9289.081195904739
oculus_audio_pack/footsteps_shoe_metal_run_04.wav,oculus_audio_pack,baseline,low,checked,11388,1,44100,3538,8b93ec926e81b33da822924214da9ab162a2f429c4e1aa7846710a734dceea75,b50c34eeb5cb51ac,7,True,0.032020128,0.0335600097,0.033667153139999996,0.2582312925170068,2.8117428872497365,8064.655223021182
oculus_audio_pack/footsteps_shoe_metal_run_04.wav,oculus_audio_pack,candidate,low,checked,11388,1,44100,3538,8b93ec926e81b33da822924214da9ab162a2f429c4e1aa7846710a734dceea75,b50c34eeb5cb51ac,7,True,0.027233967,0.0282149501,0.02835188522,0.2582312925170068,2.3914618018967335,9481.956577130566
oculus_audio_pack/footsteps_shoe_metal_run_04.wav,oculus_audio_pack,reference,default,qoa,11388,1,44100,4640,e0595fc118b5f27383634a2c1759cfb0b3b37b6b067eed0d2d1ac24f869f7077,e605aa25f2ac79d5,7,True,0.029134593,0.0302214533,0.03037350266,0.2582312925170068,2.558359062170706,8863.391107506008
oculus_audio_pack/footsteps_shoe_snow_walk_03.wav,oculus_audio_pack,baseline,high,checked,35783,1,44100,14500,c058fcef4d2373d8a0e40150345d6a680af0e416040a1e47ab1d36fb2b329aeb,9591d487f98cf747,7,True,0.101084848,0.10482677060000001,0.10503952052000001,0.8114058956916099,2.824940558365704,8026.97844182948
oculus_audio_pack/footsteps_shoe_snow_walk_03.wav,oculus_audio_pack,candidate,high,checked,35783,1,44100,14500,c058fcef4d2373d8a0e40150345d6a680af0e416040a1e47ab1d36fb2b329aeb,9591d487f98cf747,7,True,0.086147863,0.0908546499,0.09175037958,0.8114058956916099,2.4075081183802367,9418.758253952392
oculus_audio_pack/footsteps_shoe_snow_walk_03.wav,oculus_audio_pack,baseline,medium,checked,35783,1,44100,11068,68de0a36b8f844bdaed555ed5e69067e53251042b34c32ffb059862db27177d1,d1b85accea1cb96f,7,True,0.100829,0.1096391317,0.11020738714,0.8114058956916099,2.8177905709415088,8047.346454805759
oculus_audio_pack/footsteps_shoe_snow_walk_03.wav,oculus_audio_pack,candidate,medium,checked,35783,1,44100,11068,68de0a36b8f844bdaed555ed5e69067e53251042b34c32ffb059862db27177d1,d1b85accea1cb96f,7,True,0.086737931,0.08855387890000001,0.08891997898000001,0.8114058956916099,2.423998295279882,9354.683543138812
oculus_audio_pack/footsteps_shoe_snow_walk_03.wav,oculus_audio_pack,baseline,low,checked,35783,1,44100,10958,987fd9fc95fe1f5112ef177d531967d14741974d0ac39fd9296d36d61eb42db6,013a523d8e637a2d,7,True,0.103407216,0.1072373421,0.10793693082,0.8114058956916099,2.8898419920073777,7846.704776305069
oculus_audio_pack/footsteps_shoe_snow_walk_03.wav,oculus_audio_pack,candidate,low,checked,35783,1,44100,10958,987fd9fc95fe1f5112ef177d531967d14741974d0ac39fd9296d36d61eb42db6,013a523d8e637a2d,7,True,0.083307438,0.0869563636,0.08726814232,0.8114058956916099,2.3281289439119135,9739.897362965476
oculus_audio_pack/footsteps_shoe_snow_walk_03.wav,oculus_audio_pack,reference,default,qoa,35783,1,44100,14496,a7fe6df6988bb2985ebdd2b3835fa9e739a16496b3433250733abe97562822d7,9591d487f98cf747,7,True,0.095530476,0.0982313992,0.09824941744,0.8114058956916099,2.669716792890479,8493.68630479356
oculus_audio_pack/indoor_hydraulic_01.wav,oculus_audio_pack,baseline,high,checked,202979,1,44100,82164,916bf409fd2191f34bfb77e1589d7f85468497feeedc19fbfa853a08ed772d9b,9b7bde7dbaf25d78,7,True,0.559133333,0.5806544443,0.58117977766,4.6026984126984125,2.7546363564703737,8231.844071972744
oculus_audio_pack/indoor_hydraulic_01.wav,oculus_audio_pack,candidate,high,checked,202979,1,44100,82164,916bf409fd2191f34bfb77e1589d7f85468497feeedc19fbfa853a08ed772d9b,9b7bde7dbaf25d78,7,True,0.488752381,0.5001123806,0.50128723772,4.6026984126984125,2.4078962897639657,9417.2398777499
oculus_audio_pack/indoor_hydraulic_01.wav,oculus_audio_pack,baseline,medium,checked,202979,1,44100,62028,82f87d96fc6568d0c4e2e1912f9d2ab859e79eb3c1d5e2dbcd487b0ca767d026,67a28cf27eeaadbc,7,True,0.570605556,0.604824608,0.6111625688,4.6026984126984125,2.8111556170835406,8066.339986178496
oculus_audio_pack/indoor_hydraulic_01.wav,oculus_audio_pack,candidate,medium,checked,202979,1,44100,62028,82f87d96fc6568d0c4e2e1912f9d2ab859e79eb3c1d5e2dbcd487b0ca767d026,67a28cf27eeaadbc,7,True,0.471568182,0.5379453966,0.55482463452,4.6026984126984125,2.3232363052335465,9760.409180232631
oculus_audio_pack/indoor_hydraulic_01.wav,oculus_audio_pack,baseline,low,checked,202979,1,44100,61866,22e693031b36d9ea5ee5c9e24c37739432060d1df330643c9202913c3cb45a1d,4a1bb830e12aeb2d,7,True,0.583811111,0.6167270590999999,0.61871482382,4.6026984126984125,2.876214342370393,7883.882862069085
oculus_audio_pack/indoor_hydraulic_01.wav,oculus_audio_pack,candidate,low,checked,202979,1,44100,61866,22e693031b36d9ea5ee5c9e24c37739432060d1df330643c9202913c3cb45a1d,4a1bb830e12aeb2d,7,True,0.4822,0.5364761902999999,0.55112761886,4.6026984126984125,2.3756152114258127,9545.206164866056
oculus_audio_pack/indoor_hydraulic_01.wav,oculus_audio_pack,reference,default,qoa,202979,1,44100,82160,fcebe6c91fcf54695bdc7a9f4f0f5a8d3bdd47dcd38f52e91036bab7ad2faca1,9b7bde7dbaf25d78,7,True,0.529431579,0.5394621052,0.53997242104,4.6026984126984125,2.6083071598539753,8693.660513020535
oculus_audio_pack/indoor_lever_pull_03.wav,oculus_audio_pack,baseline,high,checked,39381,1,44100,15964,d6275fe1682880d5c3f7f2e4647c2246e399c7349102a5bee841034958ae0633,27d40b80b880e89d,7,True,0.108351613,0.12034384509999999,0.12356704101999999,0.8929931972789116,2.751367740788705,8241.623475221468
oculus_audio_pack/indoor_lever_pull_03.wav,oculus_audio_pack,candidate,high,checked,39381,1,44100,15964,d6275fe1682880d5c3f7f2e4647c2246e399c7349102a5bee841034958ae0633,27d40b80b880e89d,7,True,0.094124299,0.0970042883,0.09758959526,0.8929931972789116,2.390094182473782,9487.382182563842
oculus_audio_pack/indoor_lever_pull_03.wav,oculus_audio_pack,baseline,medium,checked,39381,1,44100,12288,7e3d81503ef51b4877ef594f8e88956f9fb3b5d22d122dd9df202526087005df,be8b29babc77e2bf,7,True,0.114043182,0.1157565517,0.11598165514,0.8929931972789116,2.8958935019425613,7830.307622238316
oculus_audio_pack/indoor_lever_pull_03.wav,oculus_audio_pack,candidate,medium,checked,39381,1,44100,12288,7e3d81503ef51b4877ef594f8e88956f9fb3b5d22d122dd9df202526087005df,be8b29babc77e2bf,7,True,0.096085714,0.10000869209999999,0.10015933842,0.8929931972789116,2.4399003072547676,9293.714539904564
oculus_audio_pack/indoor_lever_pull_03.wav,oculus_audio_pack,baseline,low,checked,39381,1,44100,12096,c733fb27a6a413cd9c1f263ceaf936196ea556548e576c54f3992be8273e417b,c7c593d90d8c6cfe,7,True,0.112973034,0.1173861737,0.11825182274,0.8929931972789116,2.868719280871486,7904.480969139163
oculus_audio_pack/indoor_lever_pull_03.wav,oculus_audio_pack,candidate,low,checked,39381,1,44100,12096,c733fb27a6a413cd9c1f263ceaf936196ea556548e576c54f3992be8273e417b,c7c593d90d8c6cfe,7,True,0.095106604,0.0970201449,0.09730694178,0.8929931972789116,2.4150378101114747,9389.392110761431
oculus_audio_pack/indoor_lever_pull_03.wav,oculus_audio_pack,reference,default,qoa,39381,1,44100,15960,1cd54814421171b49d5a49dae1e77bad39d1879aa42b33efc7b68f640194afac,27d40b80b880e89d,7,True,0.100944,0.10875553539999999,0.11045528308,0.8929931972789116,2.563266549859069,8846.421751455377
oculus_audio_pack/interaction_book_page_turns.wav,oculus_audio_pack,baseline,high,checked,174972,1,44100,70844,18ffda549d3ac6ad52bf4c3c891332f1269e5cdc1d3566d22674c9ef8ee798f8,2f47340ae5163b08,7,True,0.49697619,0.502363,0.5026246,3.967619047619048,2.840318393800151,7983.519386751804
oculus_audio_pack/interaction_book_page_turns.wav,oculus_audio_pack,candidate,high,checked,174972,1,44100,70844,18ffda549d3ac6ad52bf4c3c891332f1269e5cdc1d3566d22674c9ef8ee798f8,2f47340ae5163b08,7,True,0.407236,0.4274074999,0.43041149998,3.967619047619048,2.3274352467823425,9742.800360525709
oculus_audio_pack/interaction_book_page_turns.wav,oculus_audio_pack,baseline,medium,checked,174972,1,44100,53632,8cd3c843c63ff2ce6a94de2215dcb6b8eff539ab777645ce1b2b91e25e0b5a37,12e34b806d786548,7,True,0.486838095,0.5164177143,0.52213154286,3.967619047619048,2.782377151772855,8149.771121791625
oculus_audio_pack/interaction_book_page_turns.wav,oculus_audio_pack,candidate,medium,checked,174972,1,44100,53632,8cd3c843c63ff2ce6a94de2215dcb6b8eff539ab777645ce1b2b91e25e0b5a37,12e34b806d786548,7,True,0.408884,0.426752917,0.428303917,3.967619047619048,2.3368538966234595,9703.532169561655
oculus_audio_pack/interaction_book_page_turns.wav,oculus_audio_pack,baseline,low,checked,174972,1,44100,53346,30284d3074f0a5b5f60e6f7646a1c2010602ffabf4678909cfa2ee56e8e5c387,042f9a4b83555cfe,7,True,0.508495,0.5326305266,0.53291347412,3.967619047619048,2.9061506983974583,7802.670719710219
oculus_audio_pack/interaction_book_page_turns.wav,oculus_audio_pack,candidate,low,checked,174972,1,44100,53346,30284d3074f0a5b5f60e6f7646a1c2010602ffabf4678909cfa2ee56e8e5c387,042f9a4b83555cfe,7,True,0.405556,0.4350340217,0.43752854354,3.967619047619048,2.317833710536543,9783.15953313241
oculus_audio_pack/interaction_book_page_turns.wav,oculus_audio_pack,reference,default,qoa,174972,1,44100,70840,14a19966616b48c34a48bf4f73b07cf5b81c22aa63f5050b541a70477b69e472,2f47340ae5163b08,7,True,0.445817391,0.4531054147,0.45459199174,3.967619047619048,2.5479356182703516,8899.650681458157
oculus_audio_pack/interaction_faucet_on.wav,oculus_audio_pack,baseline,high,checked,48597,1,44100,19692,475115a7b3f9fa344f8c483247ee9cca3751a63a8f5f3877ce437579a2b0c4fd,047603461e2aed9f,7,True,0.129385897,0.1381579453,0.13845021946,1.1019727891156463,2.6624256024034403,8516.946704907463
oculus_audio_pack/interaction_faucet_on.wav,oculus_audio_pack,candidate,high,checked,48597,1,44100,19692,475115a7b3f9fa344f8c483247ee9cca3751a63a8f5f3877ce437579a2b0c4fd,047603461e2aed9f,7,True,0.113847727,0.11797271699999999,0.1181244258,1.1019727891156463,2.342690433565858,9679.356963496042
oculus_audio_pack/interaction_faucet_on.wav,oculus_audio_pack,baseline,medium,checked,48597,1,44100,15074,8bbf720acec7f48f6c30b6d42b9d4d58f1ab8c9674e8366bd82256794d264887,f5a7b0d657527547,7,True,0.132284211,0.1365224839,0.13698887998,1.1019727891156463,2.722065374405828,8330.342531321792
oculus_audio_pack/interaction_faucet_on.wav,oculus_audio_pack,candidate,medium,checked,48597,1,44100,15074,8bbf720acec7f48f6c30b6d42b9d4d58f1ab8c9674e8366bd82256794d264887,f5a7b0d657527547,7,True,0.112567416,0.1160760076,0.11698078312,1.1019727891156463,2.3163449595654053,9789.447322088714
oculus_audio_pack/interaction_faucet_on.wav,oculus_audio_pack,baseline,low,checked,48597,1,44100,14832,d8d245f1b0a0bfc923a558503007cf9a623ecdd2743af9e77f86981b21fbc3b1,8af856d1006fa993,7,True,0.136345946,0.1407163303,0.14149875886,1.1019727891156463,2.805645327900899,8082.182282967521
oculus_audio_pack/interaction_faucet_on.wav,oculus_audio_pack,candidate,low,checked,48597,1,44100,14832,d8d245f1b0a0bfc923a558503007cf9a623ecdd2743af9e77f86981b21fbc3b1,8af856d1006fa993,7,True,0.112093333,0.11769549259999999,0.11896290811999999,1.1019727891156463,2.306589563141758,9830.850413874716
oculus_audio_pack/interaction_faucet_on.wav,oculus_audio_pack,reference,default,qoa,48597,1,44100,19688,d0e0444593c54b904ae141f762e7e1bad489f55f4c2365850571034d4b1ac033,047603461e2aed9f,7,True,0.122659756,0.1277549935,0.12869356269999999,1.1019727891156463,2.5240190958289603,8983.979954400418
oculus_audio_pack/interaction_knapsack_nylon_close.wav,oculus_audio_pack,baseline,high,checked,57775,1,44100,23412,412d9b7ceeab27ef6621bdc4e726c1a0b1181b243bb295445c6b928790ca6044,f4e8e231057ec55b,7,True,0.158539062,0.1626134643,0.16311495126,1.310090702947846,2.7440772306360883,8263.519957925864
oculus_audio_pack/interaction_knapsack_nylon_close.wav,oculus_audio_pack,candidate,high,checked,57775,1,44100,23412,412d9b7ceeab27ef6621bdc4e726c1a0b1181b243bb295445c6b928790ca6044,f4e8e231057ec55b,7,True,0.132068421,0.1394768054,0.13956313868,1.310090702947846,2.28590949372566,9919.787735993648
oculus_audio_pack/interaction_knapsack_nylon_close.wav,oculus_audio_pack,baseline,medium,checked,57775,1,44100,18370,c4fbe92e588d8ab57ebe9a69d0ccf92b879dd612efc190aa5c3743b48250628b,2dd88b8fdfed5169,7,True,0.159831746,0.169173123,0.1703892006,1.310090702947846,2.7664516832540023,8196.686426411472
oculus_audio_pack/interaction_knapsack_nylon_close.wav,oculus_audio_pack,candidate,medium,checked,57775,1,44100,18370,c4fbe92e588d8ab57ebe9a69d0ccf92b879dd612efc190aa5c3743b48250628b,2dd88b8fdfed5169,7,True,0.139181944,0.1449910452,0.14596632504,1.310090702947846,2.4090340804846386,9412.792100014396
oculus_audio_pack/interaction_knapsack_nylon_close.wav,oculus_audio_pack,baseline,low,checked,57775,1,44100,17738,c880cf2ad08b49470f789a5eaa09dd8a8a395d4ff1915fa2f9fd832ae9d91024,34a279e958e28da8,7,True,0.162175806,0.17003996700000001,0.1713896886,1.310090702947846,2.8070239030722632,8078.2129915719115
oculus_audio_pack/interaction_knapsack_nylon_close.wav,oculus_audio_pack,candidate,low,checked,57775,1,44100,17738,c880cf2ad08b49470f789a5eaa09dd8a8a395d4ff1915fa2f9fd832ae9d91024,34a279e958e28da8,7,True,0.139148611,0.1425942252,0.14286170184,1.310090702947846,2.4084571354392037,9415.046930995566
oculus_audio_pack/interaction_knapsack_nylon_close.wav,oculus_audio_pack,reference,default,qoa,57775,1,44100,23408,18ebeee1cdb964ec581853f6e8f14ea3e8453384fdab9635e74fae11fba7ee44,f4e8e231057ec55b,7,True,0.14707971,0.1529441815,0.1535718667,1.310090702947846,2.545732756382518,8907.351686699994
oculus_audio_pack/interaction_magic_spell_01.wav,oculus_audio_pack,baseline,high,checked,104495,1,44100,42316,4c71af00c8e1f54af1ddf0c97295d20611f5c24c39e32c1ed36c3c6509a37b9d,03b2234d08e376f2,7,True,0.281166667,0.2867346664,0.28728750448,2.369501133786848,2.690718857361596,8427.389914562127
oculus_audio_pack/interaction_magic_spell_01.wav,oculus_audio_pack,candidate,high,checked,104495,1,44100,42316,4c71af00c8e1f54af1ddf0c97295d20611f5c24c39e32c1ed36c3c6509a37b9d,03b2234d08e376f2,7,True,0.245646341,0.250093183,0.2505106366,2.369501133786848,2.350795167232882,9645.985867897978
oculus_audio_pack/interaction_magic_spell_01.wav,oculus_audio_pack,baseline,medium,checked,104495,1,44100,32892,b4eda164f64e6a8c6c44f0e35065042ec877b08104edd01f35bfc369053534a4,b654cd0503195dce,7,True,0.296223529,0.3031925044,0.30494153128,2.369501133786848,2.8348105555289727,7999.030805506499
oculus_audio_pack/interaction_magic_spell_01.wav,oculus_audio_pack,candidate,medium,checked,104495,1,44100,32892,b4eda164f64e6a8c6c44f0e35065042ec877b08104edd01f35bfc369053534a4,b654cd0503195dce,7,True,0.244765854,0.2520801768,0.25399003536000003,2.369501133786848,2.3423690511507727,9680.685010037583
oculus_audio_pack/interaction_magic_spell_01.wav,oculus_audio_pack,baseline,low,checked,104495,1,44100,31996,0ee6c68b29049e77e6021de04d9aa4ac480f0a7a413fa4bf75a7d9476cfaf539,40b07047d0acdeee,7,True,0.29585,0.3042738145,0.30496870210000004,2.369501133786848,2.8312359443035553,8009.130078711671
oculus_audio_pack/interaction_magic_spell_01.wav,oculus_audio_pack,candidate,low,checked,104495,1,44100,31996,0ee6c68b29049e77e6021de04d9aa4ac480f0a7a413fa4bf75a7d9476cfaf539,40b07047d0acdeee,7,True,0.242116667,0.25282299999999996,0.2533486,2.369501133786848,2.3170167663524572,9786.608923485832
oculus_audio_pack/interaction_magic_spell_01.wav,oculus_audio_pack,reference,default,qoa,104495,1,44100,42312,8fa50f9eb55913547d89c1aafe4c57e1abdc0620fbe0bfd6b57fb4a2c51f4ed9,03b2234d08e376f2,7,True,0.267094737,0.2765192686,0.27941940892,2.369501133786848,2.5560527967845355,8871.388333596582
oculus_audio_pack/interaction_valve_01_turn.wav,oculus_audio_pack,baseline,high,checked,40137,1,44100,16260,7624d4f9ff79a1cd95030276fadabfcbb05ed3820df9b85d970408ed34ee588f,6a49f9541e38a61c,7,True,0.110396703,0.1129293934,0.11318632828,0.9101360544217687,2.750497122355931,8244.232207023146
oculus_audio_pack/interaction_valve_01_turn.wav,oculus_audio_pack,candidate,high,checked,40137,1,44100,16260,7624d4f9ff79a1cd95030276fadabfcbb05ed3820df9b85d970408ed34ee588f,6a49f9541e38a61c,7,True,0.094773585,0.0987879041,0.09911995682000001,0.9101360544217687,2.3612523357500557,9603.2671384307
oculus_audio_pack/interaction_valve_01_turn.wav,oculus_audio_pack,baseline,medium,checked,40137,1,44100,12744,0924139044160ee636774bb02767d0a37d4a9fb369684ff1656c427259a4d280,2952c58e8a339384,7,True,0.114276404,0.1163866838,0.11676477836,0.9101360544217687,2.847158581857139,7964.339291090825
oculus_audio_pack/interaction_valve_01_turn.wav,oculus_audio_pack,candidate,medium,checked,40137,1,44100,12744,0924139044160ee636774bb02767d0a37d4a9fb369684ff1656c427259a4d280,2952c58e8a339384,7,True,0.097243689,0.0988459804,0.09904527448,0.9101360544217687,2.4227941550190595,9359.332865516535
oculus_audio_pack/interaction_valve_01_turn.wav,oculus_audio_pack,baseline,low,checked,40137,1,44100,12322,3e58ec148c1290a1edcbd74bd2c34b0de06e8655e910860cc47f926a107e1f8f,6ce29d3187a88921,7,True,0.114401136,0.1178083395,0.1180727271,0.9101360544217687,2.8502662381343895,7955.655741231177
oculus_audio_pack/interaction_valve_01_turn.wav,oculus_audio_pack,candidate,low,checked,40137,1,44100,12322,3e58ec148c1290a1edcbd74bd2c34b0de06e8655e910860cc47f926a107e1f8f,6ce29d3187a88921,7,True,0.094163551,0.0983650474,0.09912251428,0.9101360544217687,2.3460535416199515,9665.48143900997
oculus_audio_pack/interaction_valve_01_turn.wav,oculus_audio_pack,reference,default,qoa,40137,1,44100,16256,111550de76331c4e28f481b56de3249240df8ce835b4b941029fdd741a6aa8c6,6a49f9541e38a61c,7,True,0.104197917,0.1058173684,0.10585400008,0.9101360544217687,2.5960564317213546,8734.685688791347
oculus_audio_pack/interaction_whoosh_medium_02.wav,oculus_audio_pack,baseline,high,checked,10878,1,44100,4436,abeaaee7623dd5bb76bb378863c7d841ff0408fc0fbc79a1a7d9ccd53256cda1,568dd5f2bbaeab10,7,True,0.029861194,0.0303808063,0.03042290926,0.24666666666666667,2.7450996506710794,8260.442186828386
oculus_audio_pack/interaction_whoosh_medium_02.wav,oculus_audio_pack,candidate,high,checked,10878,1,44100,4436,abeaaee7623dd5bb76bb378863c7d841ff0408fc0fbc79a1a7d9ccd53256cda1,568dd5f2bbaeab10,7,True,0.025671026,0.026425478000000002,0.026476418,0.24666666666666667,2.3599031071888215,9608.75761906309
oculus_audio_pack/interaction_whoosh_medium_02.wav,oculus_audio_pack,baseline,medium,checked,10878,1,44100,3410,10de02c99d2c2ce2ff408b17c833e36f0cda0c1bd7ee1579dc61c86fffc84ad5,c6c141bab89b6574,7,True,0.030637003,0.0318024287,0.03192444734,0.24666666666666667,2.816418735061592,8051.2661981547835
oculus_audio_pack/interaction_whoosh_medium_02.wav,oculus_audio_pack,candidate,medium,checked,10878,1,44100,3410,10de02c99d2c2ce2ff408b17c833e36f0cda0c1bd7ee1579dc61c86fffc84ad5,c6c141bab89b6574,7,True,0.025863824,0.026263102899999998,0.02636734378,0.24666666666666667,2.3776267696267697,9537.13057538076
oculus_audio_pack/interaction_whoosh_medium_02.wav,oculus_audio_pack,baseline,low,checked,10878,1,44100,3348,91a7824264c32e02b8e9559afd4fc7b8388c74c98e53293b38039f6dedf4a79d,4a1ca9fb1c3b6d6d,7,True,0.030432523,0.0323228164,0.03241459528,0.24666666666666667,2.797621161978305,8105.363681698907
oculus_audio_pack/interaction_whoosh_medium_02.wav,oculus_audio_pack,candidate,low,checked,10878,1,44100,3348,91a7824264c32e02b8e9559afd4fc7b8388c74c98e53293b38039f6dedf4a79d,4a1ca9fb1c3b6d6d,7,True,0.02537038,0.025956818,0.026094549199999997,0.24666666666666667,2.3322651222651225,9722.624046887224
oculus_audio_pack/interaction_whoosh_medium_02.wav,oculus_audio_pack,reference,default,qoa,10878,1,44100,4432,f879012096295f72d70ee44ee997d1cff1dd2ac48eeec85f1765c0c38e5310fb,568dd5f2bbaeab10,7,True,0.027125203,0.0284871091,0.02853708022,0.24666666666666667,2.4935836550836554,9093.633941344759
oculus_audio_pack/machine_power_tool_04.wav,oculus_audio_pack,baseline,high,checked,462874,1,44100,187348,6c49a0f795d628e454d7c4acf8bf8976161f2419e131312e5b177d2e48183e47,4bf7e7d8fac7d758,7,True,1.229388889,1.2914975,1.2980495,10.496009070294784,2.655990375350527,8537.582504777936
oculus_audio_pack/machine_power_tool_04.wav,oculus_audio_pack,candidate,high,checked,462874,1,44100,187348,6c49a0f795d628e454d7c4acf8bf8976161f2419e131312e5b177d2e48183e47,4bf7e7d8fac7d758,7,True,1.05828,1.099259,1.1065718,10.496009070294784,2.2863241400467516,9917.988689472335
oculus_audio_pack/machine_power_tool_04.wav,oculus_audio_pack,baseline,medium,checked,462874,1,44100,176784,a07f4e3490318fe08d459690f46e2d5116e7f13800f55cda2e20df00693e594c,739b7d85d2c6f7fa,7,True,1.3275,1.37939375,1.3794087499999999,10.496009070294784,2.8679511054844298,7906.598169713585
oculus_audio_pack/machine_power_tool_04.wav,oculus_audio_pack,candidate,medium,checked,462874,1,44100,176784,a07f4e3490318fe08d459690f46e2d5116e7f13800f55cda2e20df00693e594c,739b7d85d2c6f7fa,7,True,1.152355556,1.1740455557,1.1742402223400001,10.496009070294784,2.489566396038663,9108.307775013482
oculus_audio_pack/machine_power_tool_04.wav,oculus_audio_pack,baseline,low,checked,462874,1,44100,146316,170943aeef667f1396425e5283b10e78a554a45a52ef83cf5185b402e8fc9e55,d0003922c2af3416,7,True,1.2565375,1.3180975,1.3287895,10.496009070294784,2.7146426457308035,8353.120436353696
oculus_audio_pack/machine_power_tool_04.wav,oculus_audio_pack,candidate,low,checked,462874,1,44100,146316,170943aeef667f1396425e5283b10e78a554a45a52ef83cf5185b402e8fc9e55,d0003922c2af3416,7,True,1.09633,1.121188889,1.1228688889999998,10.496009070294784,2.368527936328245,9573.767998955409
oculus_audio_pack/machine_power_tool_04.wav,oculus_audio_pack,reference,default,qoa,462874,1,44100,187344,114660c6d5179de7c88f04bb98ccf6d2967852f5757a009d79ac5e70ed46cc2f,4bf7e7d8fac7d758,7,True,1.160233333,1.1922377779,1.19546977798,10.496009070294784,2.5065856647813445,9046.463992855119
oculus_audio_pack/sting_acoustic_guit_pos_01.wav,oculus_audio_pack,baseline,high,checked,158152,2,44100,127780,3f1bda19be830d4f29c38090cbc9a18635d694e73607675b08032d70b27b8599,5aa5cd06da676ef0,7,True,0.83795,0.8527724999999999,0.8528745,3.5862131519274376,2.649191916637159,4279.745989530924
oculus_audio_pack/sting_acoustic_guit_pos_01.wav,oculus_audio_pack,candidate,high,checked,158152,2,44100,127780,3f1bda19be830d4f29c38090cbc9a18635d694e73607675b08032d70b27b8599,5aa5cd06da676ef0,7,True,0.840325,0.8550500001,0.85681000002,3.5862131519274376,2.65670051595933,4267.650197158763
oculus_audio_pack/sting_acoustic_guit_pos_01.wav,oculus_audio_pack,baseline,medium,checked,158152,2,44100,96460,76fab26534da0fea45ad73e565963d187b199494a976518214bf3f3825da7ea3,a674d6221dac0493,7,True,0.866958333,0.8872225001,0.88890450002,3.5862131519274376,2.7409022111639434,4136.546146938572
oculus_audio_pack/sting_acoustic_guit_pos_01.wav,oculus_audio_pack,candidate,medium,checked,158152,2,44100,96460,76fab26534da0fea45ad73e565963d187b199494a976518214bf3f3825da7ea3,a674d6221dac0493,7,True,0.848383333,0.870625,0.8754850000000001,3.5862131519274376,2.6821770606758055,4227.114103298205
oculus_audio_pack/sting_acoustic_guit_pos_01.wav,oculus_audio_pack,baseline,low,checked,158152,2,44100,96148,77fbd129ed8125776db39081c6d0c588204990e2bee39b4f8403fa2e6cb5172b,f13900d64d4a4d11,7,True,0.854425,0.9084229548,0.9093136821600001,3.5862131519274376,2.701277884566746,4197.2240418145975
oculus_audio_pack/sting_acoustic_guit_pos_01.wav,oculus_audio_pack,candidate,low,checked,158152,2,44100,96148,77fbd129ed8125776db39081c6d0c588204990e2bee39b4f8403fa2e6cb5172b,f13900d64d4a4d11,7,True,0.826061538,0.8672016669,0.86773366698,3.5862131519274376,2.611606359704588,4341.3389765248185
oculus_audio_pack/sting_acoustic_guit_pos_01.wav,oculus_audio_pack,reference,default,qoa,158152,2,44100,127776,3e9b2008cd23a0d5b410d127620ad7bf9ca7bb8fc13a7e71774dfd4405c2305c,5aa5cd06da676ef0,7,True,1.03255,1.0949959999999999,1.0974872,3.5862131519274376,3.264422833729577,3473.161737375853
oculus_audio_pack/sting_banjo_humorous_02.wav,oculus_audio_pack,baseline,high,checked,138382,2,44100,111852,f7a4e22773589f841d2fb950d69a3558b132047db786a5592445548c3050482b,ebffd1054c6ba4db,7,True,0.751557143,0.7735176376,0.7764942971200001,3.1379138321995463,2.7155162629532743,4175.2165639380355
oculus_audio_pack/sting_banjo_humorous_02.wav,oculus_audio_pack,candidate,high,checked,138382,2,44100,111852,f7a4e22773589f841d2fb950d69a3558b132047db786a5592445548c3050482b,ebffd1054c6ba4db,7,True,0.744978571,0.7730389014,0.77452162668,3.1379138321995463,2.691746654189129,4212.08603086054
oculus_audio_pack/sting_banjo_humorous_02.wav,oculus_audio_pack,baseline,medium,checked,138382,2,44100,84916,beb64597698a03c06ae51a05b122781f35c194db5859c848048f22fadcea95a8,facdf694362559ff,7,True,0.771246154,0.8041238465,0.8066955389,3.1379138321995463,2.7866563353615352,4068.6281752265913
oculus_audio_pack/sting_banjo_humorous_02.wav,oculus_audio_pack,candidate,medium,checked,138382,2,44100,84916,beb64597698a03c06ae51a05b122781f35c194db5859c848048f22fadcea95a8,facdf694362559ff,7,True,0.737192857,0.761724286,0.765876286,3.1379138321995463,2.6636154160223153,4256.571129798055
oculus_audio_pack/sting_banjo_humorous_02.wav,oculus_audio_pack,baseline,low,checked,138382,2,44100,84376,ae925b385294bb81162b3d35072c0c41bffca82e0a829392bffe703d80ae15e2,26d66cbf444bac81,7,True,0.764785714,0.7814423079,0.78231923118,3.1379138321995463,2.7633135595669955,4102.997447203292
oculus_audio_pack/sting_banjo_humorous_02.wav,oculus_audio_pack,candidate,low,checked,138382,2,44100,84376,ae925b385294bb81162b3d35072c0c41bffca82e0a829392bffe703d80ae15e2,26d66cbf444bac81,7,True,0.715414286,0.734188571,0.734740571,3.1379138321995463,2.5849253732421844,4386.149247513834
oculus_audio_pack/sting_banjo_humorous_02.wav,oculus_audio_pack,reference,default,qoa,138382,2,44100,111848,2ba4d6a8d400a17c845000864d7f7db32db7ab5db5b854726653fcd75ae22df0,ebffd1054c6ba4db,7,True,0.9004,0.9139390907,0.91509327254,3.1379138321995463,3.253313292191181,3485.022025987946
oculus_audio_pack/sting_loss_mallet.wav,oculus_audio_pack,baseline,high,checked,175503,2,44100,141828,650c38610a527074be54f8ee719edddfaf12ab1ee759d4b1e7ec81163d64f1a1,0601d5a57df401c1,7,True,0.928254545,0.9653972722999999,0.96856309046,3.979659863945578,2.6445546372426683,4287.250609632703
oculus_audio_pack/sting_loss_mallet.wav,oculus_audio_pack,candidate,high,checked,175503,2,44100,141828,650c38610a527074be54f8ee719edddfaf12ab1ee759d4b1e7ec81163d64f1a1,0601d5a57df401c1,7,True,0.931918182,0.9673663636000001,0.9745859999200001,3.979659863945578,2.654992171073999,4270.396200881912
oculus_audio_pack/sting_loss_mallet.wav,oculus_audio_pack,baseline,medium,checked,175503,2,44100,106868,2474d47028e79e3f67b0ddeb9d54adb0f30e9e3247fada5913958b619807e474,8f380227f81d16b1,7,True,0.953727273,1.0185434545999998,1.0318206909199998,3.979659863945578,2.7171252713628826,4172.744113133459
oculus_audio_pack/sting_loss_mallet.wav,oculus_audio_pack,candidate,medium,checked,175503,2,44100,106868,2474d47028e79e3f67b0ddeb9d54adb0f30e9e3247fada5913958b619807e474,8f380227f81d16b1,7,True,0.926390909,0.9546709092,0.95967600024,3.979659863945578,2.6392452237283694,4295.875342992575
oculus_audio_pack/sting_loss_mallet.wav,oculus_audio_pack,baseline,low,checked,175503,2,44100,106724,43022592275d5c7954678969ff5dbbab56690942beb03017786e88c945eff3ed,6db5866b48337279,7,True,0.974272727,1.0040667273000001,1.00778934546,3.979659863945578,2.775658327777873,4084.7493249655317
oculus_audio_pack/sting_loss_mallet.wav,oculus_audio_pack,candidate,low,checked,175503,2,44100,106724,43022592275d5c7954678969ff5dbbab56690942beb03017786e88c945eff3ed,6db5866b48337279,7,True,0.9107,0.935584545,0.940600545,3.979659863945578,2.594542543432306,4369.891143016996
oculus_audio_pack/sting_loss_mallet.wav,oculus_audio_pack,reference,default,qoa,175503,2,44100,141824,16d1d74d4de68d8a5d69fdfa87d60c3fdf2252133376bc088bac38ed2c30405e,0601d5a57df401c1,7,True,1.139577778,1.1713566663,1.17293799966,3.979659863945578,3.2466048386637265,3492.2231205052312
oculus_audio_pack/sting_loss_piano.wav,oculus_audio_pack,baseline,high,checked,176315,2,44100,142468,9284d8af8f39e5db0e8055983a9aab6ae66f5edee04acbecdbf77b2d4f7d7018,dbec14ba5c669ebd,7,True,0.953972727,0.9646209094,0.96575327308,3.9980725623582765,2.7053079063040584,4190.971554219575
oculus_audio_pack/sting_loss_piano.wav,oculus_audio_pack,candidate,high,checked,176315,2,44100,142468,9284d8af8f39e5db0e8055983a9aab6ae66f5edee04acbecdbf77b2d4f7d7018,dbec14ba5c669ebd,7,True,0.931545455,0.9567009091,0.96340563622,3.9980725623582765,2.6417078949607236,4291.870612323772
oculus_audio_pack/sting_loss_piano.wav,oculus_audio_pack,baseline,medium,checked,176315,2,44100,107204,314305824f209719a53e953f04c2e05aef578ffaeabb7054e0cca2df4e20a4b1,27b8951a41f7ba46,7,True,0.983218182,0.9944518182,0.9953049092399999,3.9980725623582765,2.7882431500439555,4066.312681713891
oculus_audio_pack/sting_loss_piano.wav,oculus_audio_pack,candidate,medium,checked,176315,2,44100,107204,314305824f209719a53e953f04c2e05aef578ffaeabb7054e0cca2df4e20a4b1,27b8951a41f7ba46,7,True,0.919381818,0.943634545,0.950210545,3.9980725623582765,2.6072138445396025,4348.653066748245
oculus_audio_pack/sting_loss_piano.wav,oculus_audio_pack,baseline,low,checked,176315,2,44100,107204,314305824f209719a53e953f04c2e05aef578ffaeabb7054e0cca2df4e20a4b1,27b8951a41f7ba46,7,True,0.980518182,1.0134485454,1.0223857090800001,3.9980725623582765,2.7805863993420865,4077.5098674899195
oculus_audio_pack/sting_loss_piano.wav,oculus_audio_pack,candidate,low,checked,176315,2,44100,107204,314305824f209719a53e953f04c2e05aef578ffaeabb7054e0cca2df4e20a4b1,27b8951a41f7ba46,7,True,0.932145455,0.9546181821,0.96151272762,3.9980725623582765,2.6434093951166946,4289.108036640351
oculus_audio_pack/sting_loss_piano.wav,oculus_audio_pack,reference,default,qoa,176315,2,44100,142464,64bbabba54b30834313f55b385c4a0d755e7c384dcb1d45a5c0bfd4b2afc297d,dbec14ba5c669ebd,7,True,1.1447,1.2026255553,1.20598288866,3.9980725623582765,3.2461787142330487,3492.681543075283
oculus_audio_pack/sting_victory_mallet.wav,oculus_audio_pack,baseline,high,checked,165375,2,44100,133636,9163eeaeafc4a0956639f0706f5e1aa36c8d9f6b96baa888d21da66dc8680003,58cf882f4dd5595c,7,True,0.876933333,0.9100970453,0.91159031786,3.75,2.651347945578231,4276.265776294765
oculus_audio_pack/sting_victory_mallet.wav,oculus_audio_pack,candidate,high,checked,165375,2,44100,133636,9163eeaeafc4a0956639f0706f5e1aa36c8d9f6b96baa888d21da66dc8680003,58cf882f4dd5595c,7,True,0.875333333,0.8918908332000001,0.89462483304,3.75,2.6465104550264553,4284.0822560106935
oculus_audio_pack/sting_victory_mallet.wav,oculus_audio_pack,baseline,medium,checked,165375,2,44100,100560,6af602995d3dc0618802f182ac8b388e85782bd7026ae25c12b76d97ca39b5fe,5bf7cce209fb37d3,7,True,0.919181818,0.9467636365,0.9488145457,3.75,2.779083349962207,4079.715162512059
oculus_audio_pack/sting_victory_mallet.wav,oculus_audio_pack,candidate,medium,checked,165375,2,44100,100560,6af602995d3dc0618802f182ac8b388e85782bd7026ae25c12b76d97ca39b5fe,5bf7cce209fb37d3,7,True,0.865616667,0.869571667,0.869727667,3.75,2.617132780045351,4332.17166785445
oculus_audio_pack/sting_victory_mallet.wav,oculus_audio_pack,baseline,low,checked,165375,2,44100,100560,6af602995d3dc0618802f182ac8b388e85782bd7026ae25c12b76d97ca39b5fe,5bf7cce209fb37d3,7,True,0.920154545,0.9490990908,0.95421981816,3.75,2.782024323507181,4075.402355372814
oculus_audio_pack/sting_victory_mallet.wav,oculus_audio_pack,candidate,low,checked,165375,2,44100,100560,6af602995d3dc0618802f182ac8b388e85782bd7026ae25c12b76d97ca39b5fe,5bf7cce209fb37d3,7,True,0.850525,0.8702699999,0.87297399998,3.75,2.5715041572184427,4409.041474383469
oculus_audio_pack/sting_victory_mallet.wav,oculus_audio_pack,reference,default,qoa,165375,2,44100,133632,7dc6d5583b9f43ba970f451c571dd949921046f09cdb5b9251670d65268715ad,58cf882f4dd5595c,7,True,1.07239,1.1110343330999999,1.11695353302,3.75,3.242297808012094,3496.8621490316023
oculus_audio_pack/sting_victory_orch_03.wav,oculus_audio_pack,baseline,high,checked,260436,2,44100,210404,c56be865082002ea311d0d5fb9b3afde450a6f95e5b839b9116e60e5e8296727,36b01e99a92fcef9,7,True,1.3910625,1.4637271428,1.46381971416,5.905578231292517,2.6706417315578492,4245.372318851609
oculus_audio_pack/sting_victory_orch_03.wav,oculus_audio_pack,candidate,high,checked,260436,2,44100,210404,c56be865082002ea311d0d5fb9b3afde450a6f95e5b839b9116e60e5e8296727,36b01e99a92fcef9,7,True,1.391375,1.47974,1.484588,5.905578231292517,2.671241687017156,4244.418816848453
oculus_audio_pack/sting_victory_orch_03.wav,oculus_audio_pack,baseline,medium,checked,260436,2,44100,162196,71dd4106bab56c8f3cd21968140556891c1a4b363bbdac81050012fc5b8aa875,34e5a6df65bdf62f,7,True,1.455157143,1.5196900001,1.53302371442,5.905578231292517,2.7936943106943746,4058.378340580716
oculus_audio_pack/sting_victory_orch_03.wav,oculus_audio_pack,candidate,medium,checked,260436,2,44100,162196,71dd4106bab56c8f3cd21968140556891c1a4b363bbdac81050012fc5b8aa875,34e5a6df65bdf62f,7,True,1.442314286,1.4571342859,1.46139257158,5.905578231292517,2.7690378557495894,4094.515521766465
oculus_audio_pack/sting_victory_orch_03.wav,oculus_audio_pack,baseline,low,checked,260436,2,44100,158386,9f98630e5e4747e6f5d8d1ced8ac3c39adc4ac90c7d82639259fbad18d794348,487f99991e4e52e8,7,True,1.441242857,1.5152600001,1.52405771442,5.905578231292517,2.766980864780599,4097.559410344759
oculus_audio_pack/sting_victory_orch_03.wav,oculus_audio_pack,candidate,low,checked,260436,2,44100,158386,9f98630e5e4747e6f5d8d1ced8ac3c39adc4ac90c7d82639259fbad18d794348,487f99991e4e52e8,7,True,1.3542125,1.40167375,1.40388475,5.905578231292517,2.599894983796403,4360.894786669386
oculus_audio_pack/sting_victory_orch_03.wav,oculus_audio_pack,reference,default,qoa,260436,2,44100,210400,6dcb4b46274f73a30773198f5ebd621068511ce29cca14c8c97b6a52474da472,36b01e99a92fcef9,7,True,1.702133333,1.747345,1.749829,5.905578231292517,3.267853393924035,3469.5156465116456
oculus_audio_pack/sting_xp_level_up_orch_01.wav,oculus_audio_pack,baseline,high,checked,88173,2,44100,71276,5d3ffc64ecd6fccdd90aa832aff0c93b536dc133fefebcf8aed58329e13d3d0b,24fe95ad42b53972,7,True,0.483685714,0.490379048,0.49153104799999997,1.999387755102041,2.742822145101108,4133.650627320452
oculus_audio_pack/sting_xp_level_up_orch_01.wav,oculus_audio_pack,candidate,high,checked,88173,2,44100,71276,5d3ffc64ecd6fccdd90aa832aff0c93b536dc133fefebcf8aed58329e13d3d0b,24fe95ad42b53972,7,True,0.4788,0.4943995239,0.49784752398,1.999387755102041,2.7151168725119934,4175.830733295825
oculus_audio_pack/sting_xp_level_up_orch_01.wav,oculus_audio_pack,baseline,medium,checked,88173,2,44100,53934,5d3d968b09edc540951365c7a185cd909929a0b1cd0c96ee9c5028dccc8469e8,9ed2fbd7f07c1868,7,True,0.497585714,0.5195955,0.5217951,1.999387755102041,2.821644460322321,4018.177569909173
oculus_audio_pack/sting_xp_level_up_orch_01.wav,oculus_audio_pack,candidate,medium,checked,88173,2,44100,53934,5d3d968b09edc540951365c7a185cd909929a0b1cd0c96ee9c5028dccc8469e8,9ed2fbd7f07c1868,7,True,0.478061905,0.5016937142,0.50485074284,1.999387755102041,2.7109313792203964,4182.27793135293
oculus_audio_pack/sting_xp_level_up_orch_01.wav,oculus_audio_pack,baseline,low,checked,88173,2,44100,53640,22ae65fcf4bdc3c89f9a205f94369d353f8f7c22e82ebd1f233f93ef52695f49,04f009a8cc7a406c,7,True,0.497509524,0.511589,0.5141978,1.999387755102041,2.8212124119628457,4018.792924860753
oculus_audio_pack/sting_xp_level_up_orch_01.wav,oculus_audio_pack,candidate,low,checked,88173,2,44100,53640,22ae65fcf4bdc3c89f9a205f94369d353f8f7c22e82ebd1f233f93ef52695f49,04f009a8cc7a406c,7,True,0.466254545,0.4861406061,0.49075193081999996,1.999387755102041,2.6439757352023863,4288.189308915028
oculus_audio_pack/sting_xp_level_up_orch_01.wav,oculus_audio_pack,reference,default,qoa,88173,2,44100,71272,d137c4a6722b17ec9b3ebf422baeed06c5a97f89cb9f0372387e260a7ebb58fc,24fe95ad42b53972,7,True,0.586577778,0.6037017648999999,0.6067780001799999,1.999387755102041,3.326289102106087,3408.563757596083
oculus_audio_pack/swoosh_03.wav,oculus_audio_pack,baseline,high,checked,33827,1,44100,13716,e01864e2b1198462174393b8e9b7ddd055f6f60c3a3809cf7431908035ea731d,52393dd3dba35d76,7,True,0.092284404,0.09621009430000001,0.09672201886000001,0.7670521541950114,2.7281285363762673,8311.828661699015
oculus_audio_pack/swoosh_03.wav,oculus_audio_pack,candidate,high,checked,33827,1,44100,13716,e01864e2b1198462174393b8e9b7ddd055f6f60c3a3809cf7431908035ea731d,52393dd3dba35d76,7,True,0.079684921,0.0820265496,0.08220596592,0.7670521541950114,2.355660300943034,9626.06406041378
oculus_audio_pack/swoosh_03.wav,oculus_audio_pack,baseline,medium,checked,33827,1,44100,10566,66f75dd2498feec7341a60c03bffca7597ea1fad63d9bd19e307175d238b5f4d,2c7ed51eafdba6a9,7,True,0.095918095,0.1015844003,0.10209402326,0.7670521541950114,2.8355483785142046,7996.949420179908
oculus_audio_pack/swoosh_03.wav,oculus_audio_pack,candidate,medium,checked,33827,1,44100,10566,66f75dd2498feec7341a60c03bffca7597ea1fad63d9bd19e307175d238b5f4d,2c7ed51eafdba6a9,7,True,0.079894444,0.0834615353,0.08404625666,0.7670521541950114,2.3618542584326128,9600.81972902911
oculus_audio_pack/swoosh_03.wav,oculus_audio_pack,baseline,low,checked,33827,1,44100,10376,617e6f7ccf9ed32c67deb74236f1c3a6f347d30afa80c5a0c8514fa63cc87f4c,6dc1737d081992c4,7,True,0.093557009,0.098832938,0.0995820332,0.7670521541950114,2.7657495196145088,8198.767386792062
oculus_audio_pack/swoosh_03.wav,oculus_audio_pack,candidate,low,checked,33827,1,44100,10376,617e6f7ccf9ed32c67deb74236f1c3a6f347d30afa80c5a0c8514fa63cc87f4c,6dc1737d081992c4,7,True,0.0803664,0.0830507799,0.08333882238,0.7670521541950114,2.3758063085700774,9544.438399567622
oculus_audio_pack/swoosh_03.wav,oculus_audio_pack,reference,default,qoa,33827,1,44100,13712,6e8fc878526e4f5a683f81d4d20e0d0a0d504859b1b675f3816a6e128aacfa87,52393dd3dba35d76,7,True,0.087666087,0.0897814265,0.09011124050000001,0.7670521541950114,2.591600999201821,8749.702198924555
oculus_audio_pack/ui_casual_musical_open.wav,oculus_audio_pack,baseline,high,checked,47569,1,44100,19284,2b54e958053b623d9847831ac6a11aa0586b941dae4d5391358a6317b285e0ac,f23b74df52f50b18,7,True,0.129266667,0.1353101924,0.13631609288,1.0786621315192744,2.717456053312031,8344.472372907043
oculus_audio_pack/ui_casual_musical_open.wav,oculus_audio_pack,candidate,high,checked,47569,1,44100,19284,2b54e958053b623d9847831ac6a11aa0586b941dae4d5391358a6317b285e0ac,f23b74df52f50b18,7,True,0.112042222,0.1166309092,0.11724618184,1.0786621315192744,2.3553621476171456,9627.282574949955
oculus_audio_pack/ui_casual_musical_open.wav,oculus_audio_pack,baseline,medium,checked,47569,1,44100,14598,1e440a901bb0eef28d3f0c137a477452de90d543b91c7ed0e5e5d41f23a7dc3b,d5172b7549a7181e,7,True,0.135967568,0.1457476472,0.14751541184,1.0786621315192744,2.8583230254998004,7933.231044621423
oculus_audio_pack/ui_casual_musical_open.wav,oculus_audio_pack,candidate,medium,checked,47569,1,44100,14598,1e440a901bb0eef28d3f0c137a477452de90d543b91c7ed0e5e5d41f23a7dc3b,d5172b7549a7181e,7,True,0.107220213,0.1240732304,0.12509964608,1.0786621315192744,2.2539934200845084,10060.249847846082
oculus_audio_pack/ui_casual_musical_open.wav,oculus_audio_pack,baseline,low,checked,47569,1,44100,14526,157dc56e1abcd7d554fa3d20c3cb5259710c220ca2d96cb14b36f96845613d21,e580dd8bcd39b24f,7,True,0.132936842,0.15323234269999997,0.15882551654,1.0786621315192744,2.7946108179696862,8114.094748235966
oculus_audio_pack/ui_casual_musical_open.wav,oculus_audio_pack,candidate,low,checked,47569,1,44100,14526,157dc56e1abcd7d554fa3d20c3cb5259710c220ca2d96cb14b36f96845613d21,e580dd8bcd39b24f,7,True,0.107359574,0.1129523781,0.11320081242,1.0786621315192744,2.2569230801572453,10047.190868317664
oculus_audio_pack/ui_casual_musical_open.wav,oculus_audio_pack,reference,default,qoa,47569,1,44100,19280,3bd179ea698b7e5eacb8d4d6409c9f681ba742f5c89844c5146963890c6dc40c,f23b74df52f50b18,7,True,0.124359259,0.134668512,0.1369639728,1.0786621315192744,2.614292059955013,8673.75811172431
oculus_audio_pack/ui_laser_shoot_02.wav,oculus_audio_pack,baseline,high,checked,36574,1,44100,14836,fc1ba78325924bb025e48bfe8d55b94d4dd7d1ea34041593c799acbb42cb6a36,57962ebdc18b8388,7,True,0.093451852,0.0970546521,0.09744432882,0.829342403628118,2.5551444195330015,8874.54219342938
oculus_audio_pack/ui_laser_shoot_02.wav,oculus_audio_pack,candidate,high,checked,36574,1,44100,14836,fc1ba78325924bb025e48bfe8d55b94d4dd7d1ea34041593c799acbb42cb6a36,57962ebdc18b8388,7,True,0.080827419,0.08241613839999999,0.08284388368,0.829342403628118,2.2099693498113413,10260.656765844744
oculus_audio_pack/ui_laser_shoot_02.wav,oculus_audio_pack,baseline,medium,checked,36574,1,44100,11994,1474c98adac00d6da8c93d7a8368447dcad0507cb0c6434bc35c5d2c24e0e194,d28ef08c63f5c732,7,True,0.0971,0.09868947069999999,0.09894416854,0.829342403628118,2.6548914529447147,8541.116412236024
oculus_audio_pack/ui_laser_shoot_02.wav,oculus_audio_pack,candidate,medium,checked,36574,1,44100,11994,1474c98adac00d6da8c93d7a8368447dcad0507cb0c6434bc35c5d2c24e0e194,d28ef08c63f5c732,7,True,0.081208065,0.083565833,0.083571833,0.829342403628118,2.22037690709247,10212.562060530785
oculus_audio_pack/ui_laser_shoot_02.wav,oculus_audio_pack,baseline,low,checked,36574,1,44100,11362,5d8ad4988aca3adfeb9d1c9fc0ae581605a3e604c67528f4e1981b0ab2dc4663,35c516828ed911b0,7,True,0.097469903,0.0983261766,0.09839700012000001,0.829342403628118,2.6650052769727126,8508.702462011457
oculus_audio_pack/ui_laser_shoot_02.wav,oculus_audio_pack,candidate,low,checked,36574,1,44100,11362,5d8ad4988aca3adfeb9d1c9fc0ae581605a3e604c67528f4e1981b0ab2dc4663,35c516828ed911b0,7,True,0.081538211,0.0835757505,0.0837618165,0.829342403628118,2.229403702083447,10171.211674341468
oculus_audio_pack/ui_laser_shoot_02.wav,oculus_audio_pack,reference,default,qoa,36574,1,44100,14832,17a302c5077ceb7bf1c90274d899df60187ebc615d349f22e42bb27ef6e314fd,57962ebdc18b8388,7,True,0.089884821,0.09186659189999999,0.09197918958,0.829342403628118,2.4576152731448575,9226.723649236816
oculus_audio_pack/ui_magical_open.wav,oculus_audio_pack,baseline,high,checked,76595,1,44100,31012,8a339e230967b1d52799e348510e7de4fd0d5e998e13409ec6b8073c5316e3cb,155278b0dca9bdba,7,True,0.198278431,0.2016714,0.20200307999999997,1.7368480725623583,2.5886602389189894,8759.642003432831
oculus_audio_pack/ui_magical_open.wav,oculus_audio_pack,candidate,high,checked,76595,1,44100,31012,8a339e230967b1d52799e348510e7de4fd0d5e998e13409ec6b8073c5316e3cb,155278b0dca9bdba,7,True,0.171315254,0.1729578609,0.17335019298,1.7368480725623583,2.2366375611985116,10138.315368941743
oculus_audio_pack/ui_magical_open.wav,oculus_audio_pack,baseline,medium,checked,76595,1,44100,24294,87cbac2b4d1db95195fe69b456fc3f0e2625b95ceb7d156d18ea6ebf8a1c9f4c,12b7ed809fadb497,7,True,0.202786,0.2080949576,0.20906232512,1.7368480725623583,2.6475096285658335,8564.930875713108
oculus_audio_pack/ui_magical_open.wav,oculus_audio_pack,candidate,medium,checked,76595,1,44100,24294,87cbac2b4d1db95195fe69b456fc3f0e2625b95ceb7d156d18ea6ebf8a1c9f4c,12b7ed809fadb497,7,True,0.171462712,0.17544085280000002,0.17568185456000002,1.7368480725623583,2.238562726026503,10129.596413722644
oculus_audio_pack/ui_magical_open.wav,oculus_audio_pack,baseline,low,checked,76595,1,44100,23506,0ba179befd408a9fd45b061a4f8839d1f40fa567f4dabb815b4e6dd8ced9f54b,4c291f6b6c68eedf,7,True,0.203234,0.2069569387,0.20755791814,1.7368480725623583,2.6533585743194728,8546.050722626915
oculus_audio_pack/ui_magical_open.wav,oculus_audio_pack,candidate,low,checked,76595,1,44100,23506,0ba179befd408a9fd45b061a4f8839d1f40fa567f4dabb815b4e6dd8ced9f54b,4c291f6b6c68eedf,7,True,0.170701695,0.1749860347,0.17511306934,1.7368480725623583,2.2286271297082054,10174.755866146254
oculus_audio_pack/ui_magical_open.wav,oculus_audio_pack,reference,default,qoa,76595,1,44100,31008,b15149f8db4efaa9951f2240a90804cc3ba2fcb71379341a468840b9ce149b3c,155278b0dca9bdba,7,True,0.190162264,0.1932891185,0.1940901317,1.7368480725623583,2.4826981395652457,9133.505439135697
oculus_audio_pack/ui_metal_open.wav,oculus_audio_pack,baseline,high,checked,40740,1,44100,16500,a85bb99023d05691ed97ddd4b111f662790792a56bc53b65bcbb63fc01e45636,929b74c06d62fbb8,7,True,0.106307368,0.1078067374,0.10806801388,0.9238095238095239,2.609410112911144,8689.98585130547
oculus_audio_pack/ui_metal_open.wav,oculus_audio_pack,candidate,high,checked,40740,1,44100,16500,a85bb99023d05691ed97ddd4b111f662790792a56bc53b65bcbb63fc01e45636,929b74c06d62fbb8,7,True,0.091025455,0.0924939752,0.09260546144,0.9238095238095239,2.234301791850761,10148.91410111077
oculus_audio_pack/ui_metal_open.wav,oculus_audio_pack,baseline,medium,checked,40740,1,44100,12776,720c0a8e7e48ffb536c9d36d72c8c133c9ccfeccc09cebe0ecf7eb96a3fa8d98,8ded81ecb42921cd,7,True,0.108237634,0.1119317559,0.11234050877999999,0.9238095238095239,2.656790230731468,8535.012173395475
oculus_audio_pack/ui_metal_open.wav,oculus_audio_pack,candidate,medium,checked,40740,1,44100,12776,720c0a8e7e48ffb536c9d36d72c8c133c9ccfeccc09cebe0ecf7eb96a3fa8d98,8ded81ecb42921cd,7,True,0.091497273,0.0924712312,0.09264757984000001,0.9238095238095239,2.2458829896907218,10096.579859921332
oculus_audio_pack/ui_metal_open.wav,oculus_audio_pack,baseline,low,checked,40740,1,44100,12464,ed6dc2d07e78a65b60d03dadce3813928f04ca6026aaae74b723f85e5eb572c3,e449c7f36b801bf0,7,True,0.10675,0.1090064129,0.10908128258000001,0.9238095238095239,2.620274914089347,8653.953384632543
oculus_audio_pack/ui_metal_open.wav,oculus_audio_pack,candidate,low,checked,40740,1,44100,12464,ed6dc2d07e78a65b60d03dadce3813928f04ca6026aaae74b723f85e5eb572c3,e449c7f36b801bf0,7,True,0.091208182,0.09255148249999999,0.0926606669,0.9238095238095239,2.2387869906725575,10128.581707828842
oculus_audio_pack/ui_metal_open.wav,oculus_audio_pack,reference,default,qoa,40740,1,44100,16496,9ab8f607299ddac8a59d33f3459771324a054a0962f0aaa0042193ce4d2c3a68,929b74c06d62fbb8,7,True,0.102909184,0.1034479656,0.10355887152,0.9238095238095239,2.525998625429553,8976.939549044757
oculus_audio_pack/ui_notification_03.wav,oculus_audio_pack,baseline,high,checked,23608,1,44100,9580,3bb0f950d741551d936d456bd695b975802f346c6d55f2d2f064975d1e8023e4,d270669471806a44,7,True,0.06182284,0.0625512047,0.06259474094,0.535328798185941,2.6187241613012535,8659.07807188963
oculus_audio_pack/ui_notification_03.wav,oculus_audio_pack,candidate,high,checked,23608,1,44100,9580,3bb0f950d741551d936d456bd695b975802f346c6d55f2d2f064975d1e8023e4,d270669471806a44,7,True,0.052782632,0.0584946969,0.06007628898,0.535328798185941,2.2357943070145714,10142.139145049476
oculus_audio_pack/ui_notification_03.wav,oculus_audio_pack,baseline,medium,checked,23608,1,44100,7298,19b3a0c2118eb2718ab70150a5898c62ba48b389f4957bd61da7d26de88e9591,ed7cae68d4b72207,7,True,0.063237736,0.06374855,0.0638936588,0.535328798185941,2.678657065401559,8465.337819588309
oculus_audio_pack/ui_notification_03.wav,oculus_audio_pack,candidate,medium,checked,23608,1,44100,7298,19b3a0c2118eb2718ab70150a5898c62ba48b389f4957bd61da7d26de88e9591,ed7cae68d4b72207,7,True,0.052581152,0.0550133176,0.05540885152,0.535328798185941,2.227259911894273,10181.001705438883
oculus_audio_pack/ui_notification_03.wav,oculus_audio_pack,baseline,low,checked,23608,1,44100,7252,408fd5d4f2426448d6d5f9f599b9d562c2bda78f198a89359c1c0832f89b5049,231b9b361aeabb4b,7,True,0.063593038,0.0712892115,0.0725853783,0.535328798185941,2.693707133175195,8418.040952626623
oculus_audio_pack/ui_notification_03.wav,oculus_audio_pack,candidate,low,checked,23608,1,44100,7252,408fd5d4f2426448d6d5f9f599b9d562c2bda78f198a89359c1c0832f89b5049,231b9b361aeabb4b,7,True,0.053865591,0.0569427911,0.05780659262,0.535328798185941,2.2816668502202644,9938.233076955214
oculus_audio_pack/ui_notification_03.wav,oculus_audio_pack,reference,default,qoa,23608,1,44100,9576,b25903213e609de3a70353c0b48cbad37d3f01f3ded1921010e3fe8d36346f69,d270669471806a44,7,True,0.059689881,0.0607660604,0.060796605680000004,0.535328798185941,2.5283751694340904,8968.501682654403
oculus_audio_pack/ui_powerup_01.wav,oculus_audio_pack,baseline,high,checked,75323,1,44100,30508,380a866c6eb843e15e636ddd61db4a19eda1e726afccc1c12c438aae74b2f3a9,4c2211f95a640cf8,7,True,0.198145098,0.1999153294,0.20004226588000001,1.7080045351473923,2.630605498984374,8619.968661285742
oculus_audio_pack/ui_powerup_01.wav,oculus_audio_pack,candidate,high,checked,75323,1,44100,30508,380a866c6eb843e15e636ddd61db4a19eda1e726afccc1c12c438aae74b2f3a9,4c2211f95a640cf8,7,True,0.170047458,0.1711811862,0.17136708443999998,1.7080045351473923,2.257576809208343,10044.281491978505
oculus_audio_pack/ui_powerup_01.wav,oculus_audio_pack,baseline,medium,checked,75323,1,44100,23692,efe240324a1542d574178c93ea1788f1977a6fec7457d883b88ebdb4b89b5a6e,6769c25524f4dbb8,7,True,0.199698039,0.20366,0.2037848,1.7080045351473923,2.6512225880541136,8552.935941185644
oculus_audio_pack/ui_powerup_01.wav,oculus_audio_pack,candidate,medium,checked,75323,1,44100,23692,efe240324a1542d574178c93ea1788f1977a6fec7457d883b88ebdb4b89b5a6e,6769c25524f4dbb8,7,True,0.169081667,0.1726117242,0.17267131044,1.7080045351473923,2.244754815926078,10101.654221018487
oculus_audio_pack/ui_powerup_01.wav,oculus_audio_pack,baseline,low,checked,75323,1,44100,23058,84de24b34cc6cb629816f21b77a3e4549909e1212284f8cb9344c9328dee4982,493596f473125343,7,True,0.20025,0.2057396859,0.20674140678,1.7080045351473923,2.6585505091406345,8529.360974518813
oculus_audio_pack/ui_powerup_01.wav,oculus_audio_pack,candidate,low,checked,75323,1,44100,23058,84de24b34cc6cb629816f21b77a3e4549909e1212284f8cb9344c9328dee4982,493596f473125343,7,True,0.167135,0.1704752545,0.1705004749,1.7080045351473923,2.2189105585279396,10219.310947122938
oculus_audio_pack/ui_powerup_01.wav,oculus_audio_pack,reference,default,qoa,75323,1,44100,30504,f451b3a0fc447d2806a6f773789eecd5b781c56f19896d3e7fbc8b69f60b8805,4c2211f95a640cf8,7,True,0.186792593,0.1955042764,0.19712752168,1.7080045351473923,2.479887856298873,9143.855801323944
oculus_audio_pack/ui_scifi_traditional_confirm.wav,oculus_audio_pack,baseline,high,checked,28205,1,44100,11444,07c1d1ea0173597cab309c32c7b9ba6ca00dbea57587a243322ef7e435317d6a,fe7c15d37e9ed3d2,7,True,0.073819118,0.0744600272,0.07460842304000001,0.6395691609977324,2.6172351710689594,8664.00437076114
oculus_audio_pack/ui_scifi_traditional_confirm.wav,oculus_audio_pack,candidate,high,checked,28205,1,44100,11444,07c1d1ea0173597cab309c32c7b9ba6ca00dbea57587a243322ef7e435317d6a,fe7c15d37e9ed3d2,7,True,0.062633125,0.0650059603,0.06559883926,0.6395691609977324,2.2206390710866866,10211.356386859708
oculus_audio_pack/ui_scifi_traditional_confirm.wav,oculus_audio_pack,baseline,medium,checked,28205,1,44100,8728,cbb12de9b611c6bbce0473b49ce175667c8da8137b894efcf7fc9372bbcde4d6,7c7688529fe44fe7,7,True,0.075395489,0.0767167179,0.07673998518,0.6395691609977324,2.6731249423861017,8482.857124220422
oculus_audio_pack/ui_scifi_traditional_confirm.wav,oculus_audio_pack,candidate,medium,checked,28205,1,44100,8728,cbb12de9b611c6bbce0473b49ce175667c8da8137b894efcf7fc9372bbcde4d6,7c7688529fe44fe7,7,True,0.06247205,0.0638370684,0.06394091688,0.6395691609977324,2.21492820421911,10237.684868636972
oculus_audio_pack/ui_scifi_traditional_confirm.wav,oculus_audio_pack,baseline,low,checked,28205,1,44100,8664,ddab3b41e4ba779091cebb8a19e65a148bc70ff9cd884a3694dc78be28cd14f9,e5a473d1be5ddcb4,7,True,0.074904478,0.07833519159999999,0.07879270792,0.6395691609977324,2.6557162914376886,8538.46362827243
oculus_audio_pack/ui_scifi_traditional_confirm.wav,oculus_audio_pack,candidate,low,checked,28205,1,44100,8664,ddab3b41e4ba779091cebb8a19e65a148bc70ff9cd884a3694dc78be28cd14f9,e5a473d1be5ddcb4,7,True,0.063146541,0.064536738,0.0646229604,0.6395691609977324,2.2388420847367487,10128.332460803078
oculus_audio_pack/ui_scifi_traditional_confirm.wav,oculus_audio_pack,reference,default,qoa,28205,1,44100,11440,52557234a1631a8dec2e66c57088ff5c56b3e754227520ab5a625457b23c9e1a,fe7c15d37e9ed3d2,7,True,0.070356643,0.0713025424,0.07141307968,0.6395691609977324,2.4944741357915263,9090.38768375763
oculus_audio_pack/ui_wood_error.wav,oculus_audio_pack,baseline,high,checked,17704,1,44100,7196,4cfc600768735b8099f5f3dbc0c54830d1686eec7e7fbbc7d467623276372d7c,24f22cdbae48cc42,7,True,0.04607844,0.054518256,0.0551014176,0.4014512471655329,2.6027135110709443,8712.344583834281
oculus_audio_pack/ui_wood_error.wav,oculus_audio_pack,candidate,high,checked,17704,1,44100,7196,4cfc600768735b8099f5f3dbc0c54830d1686eec7e7fbbc7d467623276372d7c,24f22cdbae48cc42,7,True,0.039501181,0.0412351651,0.04157217862,0.4014512471655329,2.231200915047447,10163.018851652381
oculus_audio_pack/ui_wood_error.wav,oculus_audio_pack,baseline,medium,checked,17704,1,44100,5466,7440148a783feda38b546633d4d7d1865ace55b6a465722dff84bda7c7901dcf,bb2da77ecb6820c3,7,True,0.04758436,0.048452930299999995,0.04853602286,0.4014512471655329,2.6877745142340714,8436.621763233401
oculus_audio_pack/ui_wood_error.wav,oculus_audio_pack,candidate,medium,checked,17704,1,44100,5466,7440148a783feda38b546633d4d7d1865ace55b6a465722dff84bda7c7901dcf,bb2da77ecb6820c3,7,True,0.039903984,0.0410778489,0.04130251218,0.4014512471655329,2.2539530049706284,10060.43023587652
oculus_audio_pack/ui_wood_error.wav,oculus_audio_pack,baseline,low,checked,17704,1,44100,5458,7dbe545ffcfe97b0701a8b574129750bf6c5977840eb12e626b371bf2c9c4666,e9a57d8cab4eecd9,7,True,0.04702723,0.048266547,0.048306835799999996,0.4014512471655329,2.6563053547220967,8536.570135335058
oculus_audio_pack/ui_wood_error.wav,oculus_audio_pack,candidate,low,checked,17704,1,44100,5458,7dbe545ffcfe97b0701a8b574129750bf6c5977840eb12e626b371bf2c9c4666,e9a57d8cab4eecd9,7,True,0.040441935,0.0409081871,0.04097245742,0.4014512471655329,2.284338849977406,9926.608288291174
oculus_audio_pack/ui_wood_error.wav,oculus_audio_pack,reference,default,qoa,17704,1,44100,7192,363d72a5ca7d2888088d6d3fc9aba858e2350481fab78ed95228c69852358003,24f22cdbae48cc42,7,True,0.044132159,0.0449833132,0.04511305864,0.4014512471655329,2.4927789765024855,9096.569401137454
oculus_audio_pack/voice_animal_duck_01.wav,oculus_audio_pack,baseline,high,checked,107949,1,44100,43724,3577d7150cffca2fb5df76a4bfed2514e4166dea55c45dc5351337d9ba44417e,9196fcb79fc25962,7,True,0.278330556,0.285189333,0.2868504378,2.4478231292517005,2.5783523330461606,8794.661874105193
oculus_audio_pack/voice_animal_duck_01.wav,oculus_audio_pack,candidate,high,checked,107949,1,44100,43724,3577d7150cffca2fb5df76a4bfed2514e4166dea55c45dc5351337d9ba44417e,9196fcb79fc25962,7,True,0.240671429,0.24630249129999998,0.24732293746,2.4478231292517005,2.229491973061353,10170.808971478293
oculus_audio_pack/voice_animal_duck_01.wav,oculus_audio_pack,baseline,medium,checked,107949,1,44100,33274,c6867a198ff4fbcfbf929f2a9f80c375689b7f5fc3fa9ae50ffb608810df00b7,88fbec429fed5315,7,True,0.284858333,0.29041942860000003,0.29085417132,2.4478231292517005,2.638823268395261,8593.124531314661
oculus_audio_pack/voice_animal_duck_01.wav,oculus_audio_pack,candidate,medium,checked,107949,1,44100,33274,c6867a198ff4fbcfbf929f2a9f80c375689b7f5fc3fa9ae50ffb608810df00b7,88fbec429fed5315,7,True,0.242269048,0.2443817076,0.24444902472000002,2.4478231292517005,2.2442917303541488,10103.7385892221
oculus_audio_pack/voice_animal_duck_01.wav,oculus_audio_pack,baseline,low,checked,107949,1,44100,32928,0b587ec8e162143b708fba973508d26965aad11abca1ffb76ed06c39fa35d868,9a8df9b654286be3,7,True,0.291097143,0.3021348658,0.30497000356,2.4478231292517005,2.6966173192896643,8408.95621312127
oculus_audio_pack/voice_animal_duck_01.wav,oculus_audio_pack,candidate,low,checked,107949,1,44100,32928,0b587ec8e162143b708fba973508d26965aad11abca1ffb76ed06c39fa35d868,9a8df9b654286be3,7,True,0.241509524,0.248299268,0.2485749752,2.4478231292517005,2.2372557781915536,10135.51386591156
oculus_audio_pack/voice_animal_duck_01.wav,oculus_audio_pack,reference,default,qoa,107949,1,44100,43720,5934ec666f4e7ff5e86a64def2e6ea4bb3ab2eb6e9195afe570c6890af94f3b9,9196fcb79fc25962,7,True,0.269444737,0.27316567540000003,0.27409259428,2.4478231292517005,2.4960373602349253,9084.69453330499
oculus_audio_pack/voice_animal_sheep_01.wav,oculus_audio_pack,baseline,high,checked,42336,1,44100,17164,0614984c71adf493d40bc057f89dc7da81ceb0d8ff6bd3d3a78c781f97ae5304,c632dca57b826648,7,True,0.124123457,0.126028375,0.126298675,0.96,2.9318654809145883,7734.235117218818
oculus_audio_pack/voice_animal_sheep_01.wav,oculus_audio_pack,candidate,high,checked,42336,1,44100,17164,0614984c71adf493d40bc057f89dc7da81ceb0d8ff6bd3d3a78c781f97ae5304,c632dca57b826648,7,True,0.109445652,0.1128281647,0.11378199694,0.96,2.585167517006803,8771.476823949113
oculus_audio_pack/voice_animal_sheep_01.wav,oculus_audio_pack,baseline,medium,checked,42336,1,44100,13224,b33d31b649028bc4b155888200940a2e482683a946295eb99458e8506e82fc60,f0c50f17a17fab01,7,True,0.12595375,0.1319132927,0.13325412494,0.96,2.97509802532124,7621.845320206822
oculus_audio_pack/voice_animal_sheep_01.wav,oculus_audio_pack,candidate,medium,checked,42336,1,44100,13224,b33d31b649028bc4b155888200940a2e482683a946295eb99458e8506e82fc60,f0c50f17a17fab01,7,True,0.106698936,0.1151454252,0.11591644104,0.96,2.520288548752834,8997.278098443268
oculus_audio_pack/voice_animal_sheep_01.wav,oculus_audio_pack,baseline,low,checked,42336,1,44100,13002,011b6123f52ac031015414834fdce5559a53e13439e1e83d0f11837148c2d643,b6349edfe8d21c6c,7,True,0.128233333,0.1324748684,0.13274550008,0.96,3.0289430508314434,7486.353021799721
oculus_audio_pack/voice_animal_sheep_01.wav,oculus_audio_pack,candidate,low,checked,42336,1,44100,13002,011b6123f52ac031015414834fdce5559a53e13439e1e83d0f11837148c2d643,b6349edfe8d21c6c,7,True,0.106311579,0.11055843489999999,0.11118368697999999,0.96,2.511138959750567,9030.060591988762
oculus_audio_pack/voice_animal_sheep_01.wav,oculus_audio_pack,reference,default,qoa,42336,1,44100,17160,28933013b3bc421623c920178bf667b4852083efbe39ea8c0bd42a2b1155b3bf,c632dca57b826648,7,True,0.117326744,0.1199984525,0.12019302409999999,0.96,2.771323318216175,8182.27769109488
oculus_audio_pack/voice_evil_laugh_02.wav,oculus_audio_pack,baseline,high,checked,113866,1,44100,46116,2695b4deb0207b227aa954fb8155e6f482c70a064bbf8c152e065f2a402616ac,223f706ab7b11e40,7,True,0.330274194,0.3453158619,0.34655558598,2.5819954648526076,2.9005514727837984,7817.732998093722
oculus_audio_pack/voice_evil_laugh_02.wav,oculus_audio_pack,candidate,high,checked,113866,1,44100,46116,2695b4deb0207b227aa954fb8155e6f482c70a064bbf8c152e065f2a402616ac,223f706ab7b11e40,7,True,0.288605714,0.3081901696,0.31405553392,2.5819954648526076,2.534608346653084,8946.446101384561
oculus_audio_pack/voice_evil_laugh_02.wav,oculus_audio_pack,baseline,medium,checked,113866,1,44100,34998,3330c04b69e702169b633c64a97f3a8cd1c069b5a007e9a6d39269a4f3c61246,864807b25110a965,7,True,0.335183333,0.3653307145,0.3660232861,2.5819954648526076,2.943664772627475,7703.233456577053
oculus_audio_pack/voice_evil_laugh_02.wav,oculus_audio_pack,candidate,medium,checked,113866,1,44100,34998,3330c04b69e702169b633c64a97f3a8cd1c069b5a007e9a6d39269a4f3c61246,864807b25110a965,7,True,0.279955556,0.2905437143,0.29109845726,2.5819954648526076,2.4586404721339115,9222.876308454503
oculus_audio_pack/voice_evil_laugh_02.wav,oculus_audio_pack,baseline,low,checked,113866,1,44100,34728,30156b5d095c4954d9cbede7a9e1cb272881cd3bebf5e333b8dbfa003992b6d3,46c4d8d15c11931c,7,True,0.329458065,0.3484779309,0.34908868938000004,2.5819954648526076,2.893384021569213,7837.098979054003
oculus_audio_pack/voice_evil_laugh_02.wav,oculus_audio_pack,candidate,low,checked,113866,1,44100,34728,30156b5d095c4954d9cbede7a9e1cb272881cd3bebf5e333b8dbfa003992b6d3,46c4d8d15c11931c,7,True,0.273545946,0.28465400020000003,0.28595251444,2.5819954648526076,2.4023496566139144,9438.982747171138
oculus_audio_pack/voice_evil_laugh_02.wav,oculus_audio_pack,reference,default,qoa,113866,1,44100,46112,0b4cc6fab759be646ee84baba387ade19492ca44e87d03a907f4aa7135bedc9d,223f706ab7b11e40,7,True,0.310509091,0.32284883059999997,0.32571557251999994,2.5819954648526076,2.7269693411553932,8315.361899831163
oculus_audio_pack/voice_horse_neigh_01.wav,oculus_audio_pack,baseline,high,checked,70974,1,44100,28740,05f94ccc14c0cf0832dadb6f2d8162a2d31f54ea125c07220c4af4ef6446458a,9d61b7ea265215db,7,True,0.196152941,0.2105747918,0.21102829196,1.6093877551020408,2.763729548848874,8204.759749699806
oculus_audio_pack/voice_horse_neigh_01.wav,oculus_audio_pack,candidate,high,checked,70974,1,44100,28740,05f94ccc14c0cf0832dadb6f2d8162a2d31f54ea125c07220c4af4ef6446458a,9d61b7ea265215db,7,True,0.174986207,0.1857708548,0.18657935576,1.6093877551020408,2.465497322963339,9197.226356829602
oculus_audio_pack/voice_horse_neigh_01.wav,oculus_audio_pack,baseline,medium,checked,70974,1,44100,22408,043523b9f2a65057257fa0299cbdd1d8fae5208710ab8d29ed93e72cbe184ae4,6552dca69a5bd4f2,7,True,0.204504082,0.2170679508,0.21846924216,1.6093877551020408,2.881394341589878,7869.709686782881
oculus_audio_pack/voice_horse_neigh_01.wav,oculus_audio_pack,candidate,medium,checked,70974,1,44100,22408,043523b9f2a65057257fa0299cbdd1d8fae5208710ab8d29ed93e72cbe184ae4,6552dca69a5bd4f2,7,True,0.171467797,0.18042446439999998,0.18092632168,1.6093877551020408,2.415924098965818,9385.947584677026
oculus_audio_pack/voice_horse_neigh_01.wav,oculus_audio_pack,baseline,low,checked,70974,1,44100,21676,4912c7f0b3256b09e3e0ea52de7552dfe768e8e264b3ac44ab3ece18e82edf0b,cf088aeb5a1ae439,7,True,0.19744902,0.2146632389,0.21697786538,1.6093877551020408,2.7819908698960183,8150.902724673137
oculus_audio_pack/voice_horse_neigh_01.wav,oculus_audio_pack,candidate,low,checked,70974,1,44100,21676,4912c7f0b3256b09e3e0ea52de7552dfe768e8e264b3ac44ab3ece18e82edf0b,cf088aeb5a1ae439,7,True,0.161212698,0.1737639653,0.17384382746,1.6093877551020408,2.2714331727111334,9983.008628154346
oculus_audio_pack/voice_horse_neigh_01.wav,oculus_audio_pack,reference,default,qoa,70974,1,44100,28736,76f890503aabc2d32c4796688f8ab9c75c3c1e8f9f78dbbc3a626db463de2c76,9d61b7ea265215db,7,True,0.190284906,0.2081149746,0.20911299492000002,1.6093877551020408,2.6810508918758984,8457.779384256788
oculus_audio_pack/voice_male_breathing_01.wav,oculus_audio_pack,baseline,high,checked,478758,1,44100,193772,19488a9ab8de2bdbd9146a55992b09e1c620531854b5ea488a04e227369979a9,187bc49cbe8b16b7,7,True,1.208166667,1.222043333,1.224995333,10.856190476190477,2.523543558541058,8985.672898216515
oculus_audio_pack/voice_male_breathing_01.wav,oculus_audio_pack,candidate,high,checked,478758,1,44100,193772,19488a9ab8de2bdbd9146a55992b09e1c620531854b5ea488a04e227369979a9,187bc49cbe8b16b7,7,True,1.0444,1.048435,1.0488790000000001,10.856190476190477,2.1814779074187793,10394.667250278128
oculus_audio_pack/voice_male_breathing_01.wav,oculus_audio_pack,baseline,medium,checked,478758,1,44100,149184,61a4adc822f58204dad883e82170ac4ab96902959fa23bd00ed4c2d8d0496fe3,d1140bf3891e62ce,7,True,1.2381,1.2555725,1.2568445,10.856190476190477,2.586066446931435,8768.42781373918
oculus_audio_pack/voice_male_breathing_01.wav,oculus_audio_pack,candidate,medium,checked,478758,1,44100,149184,61a4adc822f58204dad883e82170ac4ab96902959fa23bd00ed4c2d8d0496fe3,d1140bf3891e62ce,7,True,1.03869,1.1510107776999998,1.1846110443399998,10.856190476190477,2.1695512137656183,10451.809949253848
oculus_audio_pack/voice_male_breathing_01.wav,oculus_audio_pack,baseline,low,checked,478758,1,44100,146172,c6c337c73f676675af9a337c5d5d4e8d893c9e6005cb2ff567f8582754ee6954,fdd06f79415e8564,7,True,1.246088889,1.288535,1.294217,10.856190476190477,2.6027531425062347,8712.211923262304
oculus_audio_pack/voice_male_breathing_01.wav,oculus_audio_pack,candidate,low,checked,478758,1,44100,146172,c6c337c73f676675af9a337c5d5d4e8d893c9e6005cb2ff567f8582754ee6954,fdd06f79415e8564,7,True,1.03513,1.054679,1.0587038,10.856190476190477,2.1621153066893926,10487.755621217118
oculus_audio_pack/voice_male_breathing_01.wav,oculus_audio_pack,reference,default,qoa,478758,1,44100,193768,b00c92503951df2256902d4da1c1d288a18bc29cabc1feb0e78d8e7f0e2c0f7d,187bc49cbe8b16b7,7,True,1.151722222,1.1826777775000001,1.1828111107000001,10.856190476190477,2.4056459046115157,9426.049327535226
oculus_audio_pack/voice_male_scream_01.wav,oculus_audio_pack,baseline,high,checked,46245,1,44100,18756,478c56417f704756a22d77a8cb2f14582c919ade00960469380b882c18ad9274,bfb6973c6a6f5d75,7,True,0.128724359,0.1358681833,0.13704103426,1.0486394557823129,2.783530305979025,8146.3948543127935
oculus_audio_pack/voice_male_scream_01.wav,oculus_audio_pack,candidate,high,checked,46245,1,44100,18756,478c56417f704756a22d77a8cb2f14582c919ade00960469380b882c18ad9274,bfb6973c6a6f5d75,7,True,0.11322809,0.1167685283,0.11737882166,1.0486394557823129,2.4484396150935237,9261.301288243163
oculus_audio_pack/voice_male_scream_01.wav,oculus_audio_pack,baseline,medium,checked,46245,1,44100,14748,e42cf9a5dd1905b243549f02b5a405240c3c2c48deb16d93be89175efa0d0be5,c9bfa680c873cb96,7,True,0.13205,0.1368923944,0.13762395808,1.0486394557823129,2.855443831765596,7941.230259616152
oculus_audio_pack/voice_male_scream_01.wav,oculus_audio_pack,candidate,medium,checked,46245,1,44100,14748,e42cf9a5dd1905b243549f02b5a405240c3c2c48deb16d93be89175efa0d0be5,c9bfa680c873cb96,7,True,0.11682093,0.1234818518,0.12395562956,1.0486394557823129,2.5261310411936426,8976.46899217728
oculus_audio_pack/voice_male_scream_01.wav,oculus_audio_pack,baseline,low,checked,46245,1,44100,14130,623d941cceb83722a080fb2df09d3d3c4399c8d38ef872bddf7fc307db8cb2a0,d2ac241fb6f8d588,7,True,0.135163514,0.1394780688,0.13973450256,1.0486394557823129,2.9227703319277767,7758.302701291953
oculus_audio_pack/voice_male_scream_01.wav,oculus_audio_pack,candidate,low,checked,46245,1,44100,14130,623d941cceb83722a080fb2df09d3d3c4399c8d38ef872bddf7fc307db8cb2a0,d2ac241fb6f8d588,7,True,0.110724176,0.1163658984,0.11729550528,1.0486394557823129,2.3942950805492482,9470.736145124374
oculus_audio_pack/voice_male_scream_01.wav,oculus_audio_pack,reference,default,qoa,46245,1,44100,18752,889b70677e4117f6b570798b0ac7dc8f09c8ffe002505e0fa6fd96fdd549343c,bfb6973c6a6f5d75,7,True,0.118355294,0.12500152139999998,0.12591730427999998,1.0486394557823129,2.559310065953076,8860.097595484936
sqam/01_sine_wave_1khz_20db_10db_0db_mono.wav,sqam,baseline,high,checked,4498200,2,44100,3633732,88c7bc4225f385bb2bb9c74e57f3183353ee2b05e570c6b779edb8cda994aacb,f5938e8ddbb80da3,7,True,24.3041,25.77093,25.794905999999997,102.0,2.701536170023565,4196.82275830004
sqam/01_sine_wave_1khz_20db_10db_0db_mono.wav,sqam,candidate,high,checked,4498200,2,44100,3633732,88c7bc4225f385bb2bb9c74e57f3183353ee2b05e570c6b779edb8cda994aacb,f5938e8ddbb80da3,7,True,23.6647,24.13363,24.182566,102.0,2.630463296429683,4310.217327918799
sqam/01_sine_wave_1khz_20db_10db_0db_mono.wav,sqam,baseline,medium,checked,4498200,2,44100,2734936,4266aada5b02e41621913b87b6d19026706eb665ccbb471f67065bfe136d84aa,d0d9aac5c9ed9441,7,True,25.1003,25.37639,25.418078,102.0,2.790038237517229,4063.696449843229
sqam/01_sine_wave_1khz_20db_10db_0db_mono.wav,sqam,candidate,medium,checked,4498200,2,44100,2734936,4266aada5b02e41621913b87b6d19026706eb665ccbb471f67065bfe136d84aa,d0d9aac5c9ed9441,7,True,24.3814,26.10304,26.279008,102.0,2.7101284958427816,4183.5169432436205
sqam/01_sine_wave_1khz_20db_10db_0db_mono.wav,sqam,baseline,low,checked,4498200,2,44100,2734248,0ec8c00b91acc5cf70ce1f5a1a0180ed885cbfdd494cb52a1983e85add2f0767,53ec3f6a15c09919,7,True,25.0908,26.27843,26.478326000000003,102.0,2.7889822595704947,4065.2350662394183
sqam/01_sine_wave_1khz_20db_10db_0db_mono.wav,sqam,candidate,low,checked,4498200,2,44100,2734248,0ec8c00b91acc5cf70ce1f5a1a0180ed885cbfdd494cb52a1983e85add2f0767,53ec3f6a15c09919,7,True,24.4375,25.24325,25.29689,102.0,2.7163643235071806,4173.913043478261
sqam/01_sine_wave_1khz_20db_10db_0db_mono.wav,sqam,reference,default,qoa,4498200,2,44100,3633728,fa76eebf280a483d6555e5f00279cb3971a6c7a8170514039b868e9143a6af9a,f5938e8ddbb80da3,7,True,29.6899,31.269199999999998,31.328719999999997,102.0,3.300197856920546,3435.511739682518
sqam/02_band_limited_pink_noise_stereo.wav,sqam,baseline,high,checked,2160900,2,44100,1745652,a2ff370304dd9569d55aafa83f9779769765bf2cd20efcc6387e759675d6cfa5,aaafc3cc42e40936,7,True,10.7475,11.00633,11.033666,49.0,2.4868110509509926,4559.199813910212
sqam/02_band_limited_pink_noise_stereo.wav,sqam,candidate,high,checked,2160900,2,44100,1745652,a2ff370304dd9569d55aafa83f9779769765bf2cd20efcc6387e759675d6cfa5,aaafc3cc42e40936,7,True,10.6157,10.76927,10.781774,49.0,2.456314498588551,4615.804892753186
sqam/02_band_limited_pink_noise_stereo.wav,sqam,baseline,medium,checked,2160900,2,44100,1313472,bfd6ec6ef488c6b3bc407d5e8c91c244f31da4a2b93beb7c714b872dcbf066ba,33da03a04633e85b,7,True,10.559,10.85496,10.923551999999999,49.0,2.4431949650608544,4640.5909650535095
sqam/02_band_limited_pink_noise_stereo.wav,sqam,candidate,medium,checked,2160900,2,44100,1313472,bfd6ec6ef488c6b3bc407d5e8c91c244f31da4a2b93beb7c714b872dcbf066ba,33da03a04633e85b,7,True,10.4523,10.5851,10.59734,49.0,2.4185061779813966,4687.96341475082
sqam/02_band_limited_pink_noise_stereo.wav,sqam,baseline,low,checked,2160900,2,44100,1313472,bfd6ec6ef488c6b3bc407d5e8c91c244f31da4a2b93beb7c714b872dcbf066ba,33da03a04633e85b,7,True,11.0009,11.48079,11.535678,49.0,2.5454440279513166,4454.181021552782
sqam/02_band_limited_pink_noise_stereo.wav,sqam,candidate,low,checked,2160900,2,44100,1313472,bfd6ec6ef488c6b3bc407d5e8c91c244f31da4a2b93beb7c714b872dcbf066ba,33da03a04633e85b,7,True,10.4925,10.63805,10.64369,49.0,2.427807857837012,4670.002382654277
sqam/02_band_limited_pink_noise_stereo.wav,sqam,reference,default,qoa,2160900,2,44100,1745648,d5340fed99a26d1c67df2dbd3c97821293f62ea975d37826e45ab2635e14d965,aaafc3cc42e40936,7,True,13.2012,13.42481,13.453202000000001,49.0,3.054560599750104,3711.783777232373
sqam/03_electronic_gong_100hz_mono.wav,sqam,baseline,high,checked,1190700,2,44100,961892,27bc7e9bb98080c795cc8ccfd757ee93792a6d7c93b9d62874d652798fda0b7c,67a029d1846c5321,7,True,5.96725,6.206575,6.231835,27.0,2.5057739145040734,4524.697306129289
sqam/03_electronic_gong_100hz_mono.wav,sqam,candidate,high,checked,1190700,2,44100,961892,27bc7e9bb98080c795cc8ccfd757ee93792a6d7c93b9d62874d652798fda0b7c,67a029d1846c5321,7,True,5.9254,6.009495,6.022299,27.0,2.4882002183589487,4556.654403078273
sqam/03_electronic_gong_100hz_mono.wav,sqam,baseline,medium,checked,1190700,2,44100,723752,c2d27d5ae9aa5c126c1e0e26376b9029316c5079d9d63d33cda372fbd4f50ad8,df0a4bea14da60e9,7,True,6.05335,6.21924,6.257208,27.0,2.541929117325943,4460.340142235291
sqam/03_electronic_gong_100hz_mono.wav,sqam,candidate,medium,checked,1190700,2,44100,723752,c2d27d5ae9aa5c126c1e0e26376b9029316c5079d9d63d33cda372fbd4f50ad8,df0a4bea14da60e9,7,True,5.83115,5.952505,5.9667010000000005,27.0,2.448622658940119,4630.304485393104
sqam/03_electronic_gong_100hz_mono.wav,sqam,baseline,low,checked,1190700,2,44100,723752,c2d27d5ae9aa5c126c1e0e26376b9029316c5079d9d63d33cda372fbd4f50ad8,df0a4bea14da60e9,7,True,6.1145,6.35238,6.394716000000001,27.0,2.567607289829512,4415.7330934663505
sqam/03_electronic_gong_100hz_mono.wav,sqam,candidate,low,checked,1190700,2,44100,723752,c2d27d5ae9aa5c126c1e0e26376b9029316c5079d9d63d33cda372fbd4f50ad8,df0a4bea14da60e9,7,True,5.84085,5.89596,5.900951999999999,27.0,2.4526958931720837,4622.614859138653
sqam/03_electronic_gong_100hz_mono.wav,sqam,reference,default,qoa,1190700,2,44100,961888,e5e31dc95fee8e013bf39b023417c2f74c545be85b720b270b5b2c2e7f7af3d5,67a029d1846c5321,7,True,7.372,7.509955000000001,7.524751,27.0,3.095658016292937,3662.5067824199673
sqam/04_electronic_gong_400hz_mono.wav,sqam,baseline,high,checked,1190700,2,44100,961892,d81117b27a07b098829a928c6026c1fbc3d1aeb0024e4c505e0e4dc9e3394e60,75acfa1648e917ae,7,True,5.9852,6.112545,6.136389,27.0,2.5133114974384814,4511.127447704337
sqam/04_electronic_gong_400hz_mono.wav,sqam,candidate,high,checked,1190700,2,44100,961892,d81117b27a07b098829a928c6026c1fbc3d1aeb0024e4c505e0e4dc9e3394e60,75acfa1648e917ae,7,True,5.9269,6.0427349999999995,6.053667,27.0,2.488830099941211,4555.501189491977
sqam/04_electronic_gong_400hz_mono.wav,sqam,baseline,medium,checked,1190700,2,44100,723752,e4830f7336a79c2cc9d697e12933c477d04ec58206f03265ed136130ed3f617c,b0d5b0df656a6264,7,True,6.074,6.382,6.43096,27.0,2.5506004871084236,4445.176160684887
sqam/04_electronic_gong_400hz_mono.wav,sqam,candidate,medium,checked,1190700,2,44100,723752,e4830f7336a79c2cc9d697e12933c477d04ec58206f03265ed136130ed3f617c,b0d5b0df656a6264,7,True,5.87585,5.944635,5.953887,27.0,2.467393130091543,4595.079860786099
sqam/04_electronic_gong_400hz_mono.wav,sqam,baseline,low,checked,1190700,2,44100,723752,e4830f7336a79c2cc9d697e12933c477d04ec58206f03265ed136130ed3f617c,b0d5b0df656a6264,7,True,6.3068,6.327945,6.329829,27.0,2.648358108675569,4281.093422972031
sqam/04_electronic_gong_400hz_mono.wav,sqam,candidate,low,checked,1190700,2,44100,723752,e4830f7336a79c2cc9d697e12933c477d04ec58206f03265ed136130ed3f617c,b0d5b0df656a6264,7,True,5.9071,6.147239999999999,6.219767999999999,27.0,2.4805156630553458,4570.770767381626
sqam/04_electronic_gong_400hz_mono.wav,sqam,reference,default,qoa,1190700,2,44100,961888,a71edcc1b708fa305fc9c814de0037f69daf31bd1e5d18baaf9412eb71ada496,75acfa1648e917ae,7,True,7.3775,7.51623,7.552926,27.0,3.097967582094566,3659.7763470010163
sqam/05_electronic_gong_5khz_mono.wav,sqam,baseline,high,checked,1234800,2,44100,997532,d8fccbc824c2b287f0acc648870f9f6b11affd0dccd1d2472fcacfe92d16aa5e,97646c0f3d332a93,7,True,6.2089,6.465084999999999,6.530857,28.0,2.514131843213476,4509.655494532043
sqam/05_electronic_gong_5khz_mono.wav,sqam,candidate,high,checked,1234800,2,44100,997532,d8fccbc824c2b287f0acc648870f9f6b11affd0dccd1d2472fcacfe92d16aa5e,97646c0f3d332a93,7,True,6.1016,6.17833,6.190546,28.0,2.4706835114998382,4588.960272715353
sqam/05_electronic_gong_5khz_mono.wav,sqam,baseline,medium,checked,1234800,2,44100,752174,351e6335e300da701f4d3bcffc788b2d77b6dc5b73910bba02c235f1d28e847b,299fdbd0377d6817,7,True,6.24675,6.54409,6.548698,28.0,2.5294582118561713,4482.330812022252
sqam/05_electronic_gong_5khz_mono.wav,sqam,candidate,medium,checked,1234800,2,44100,752174,351e6335e300da701f4d3bcffc788b2d77b6dc5b73910bba02c235f1d28e847b,299fdbd0377d6817,7,True,6.1622,6.200155,6.205231,28.0,2.495221898283123,4543.831748401544
sqam/05_electronic_gong_5khz_mono.wav,sqam,baseline,low,checked,1234800,2,44100,751000,448e64f2d490bd29b2adf13a21d57f22f4fb2b88622e56c644aec5610f7c1792,89d6f7db9036eb4d,7,True,6.3104,6.76026,6.794652,28.0,2.555231616456106,4437.11967545639
sqam/05_electronic_gong_5khz_mono.wav,sqam,candidate,low,checked,1234800,2,44100,751000,448e64f2d490bd29b2adf13a21d57f22f4fb2b88622e56c644aec5610f7c1792,89d6f7db9036eb4d,7,True,6.1624,6.218915,6.228863,28.0,2.495302883057985,4543.684278852395
sqam/05_electronic_gong_5khz_mono.wav,sqam,reference,default,qoa,1234800,2,44100,997528,3cfa1525e2e4e19b6f086d378db938f301644c9da8a45ff8f3b14f0cf6b713d4,97646c0f3d332a93,7,True,7.7048,7.76753,7.776986,28.0,3.119857466796242,3634.098224483439
sqam/06_electronic_gong_500hz_vibrato_mono.wav,sqam,baseline,high,checked,1014300,2,44100,819412,6426a7a9b7fae9f6896f317e712ddd47e3aba58924bb02ade88ff440a9141fb0,9d2fde9595a0cb5d,7,True,5.11025,5.160015,5.168403,23.0,2.519101843636005,4500.758279927597
sqam/06_electronic_gong_500hz_vibrato_mono.wav,sqam,candidate,high,checked,1014300,2,44100,819412,6426a7a9b7fae9f6896f317e712ddd47e3aba58924bb02ade88ff440a9141fb0,9d2fde9595a0cb5d,7,True,4.997666667,5.0415066669,5.04675466698,23.0,2.4636037991718425,4602.1476686052065
sqam/06_electronic_gong_500hz_vibrato_mono.wav,sqam,baseline,medium,checked,1014300,2,44100,616552,29035ad5e837c0ff17363a3cb8c2621a836e744b502c771079c97c02bd273574,bcc61a1240ad46d5,7,True,5.02635,5.291325,5.321145,23.0,2.477743271221532,4575.885085598894
sqam/06_electronic_gong_500hz_vibrato_mono.wav,sqam,candidate,medium,checked,1014300,2,44100,616552,29035ad5e837c0ff17363a3cb8c2621a836e744b502c771079c97c02bd273574,bcc61a1240ad46d5,7,True,4.997266667,5.052960000000001,5.054712,23.0,2.4634066188504384,4602.516041796014
sqam/06_electronic_gong_500hz_vibrato_mono.wav,sqam,baseline,low,checked,1014300,2,44100,616552,29035ad5e837c0ff17363a3cb8c2621a836e744b502c771079c97c02bd273574,bcc61a1240ad46d5,7,True,5.0594,5.39969,5.404418,23.0,2.494035295277531,4545.993596078586
sqam/06_electronic_gong_500hz_vibrato_mono.wav,sqam,candidate,low,checked,1014300,2,44100,616552,29035ad5e837c0ff17363a3cb8c2621a836e744b502c771079c97c02bd273574,bcc61a1240ad46d5,7,True,5.03395,5.11941,5.126442,23.0,2.4814896973282066,4568.976648556303
sqam/06_electronic_gong_500hz_vibrato_mono.wav,sqam,reference,default,qoa,1014300,2,44100,819408,9ee31c9b170ef33032c754632cdc45507c81bdd27abfc72464e3dde0aeb81509,9d2fde9595a0cb5d,7,True,6.277,6.396955,6.404911,23.0,3.0942521936310756,3664.170782220806
sqam/07_electronic_tune_frere_jacques_mono.wav,sqam,baseline,high,checked,1543500,2,44100,1246892,0fdf8e60a8c0c9f82fa78a392427b12925a5bb4d429123d0fc4484b9b617b74d,30928a637715c8c6,7,True,7.8024,7.988080000000001,8.011336,35.0,2.527502429543246,4485.7992412591
sqam/07_electronic_tune_frere_jacques_mono.wav,sqam,candidate,high,checked,1543500,2,44100,1246892,0fdf8e60a8c0c9f82fa78a392427b12925a5bb4d429123d0fc4484b9b617b74d,30928a637715c8c6,7,True,7.69805,7.74882,7.753404,35.0,2.493699384515711,4546.605958651866
sqam/07_electronic_tune_frere_jacques_mono.wav,sqam,baseline,medium,checked,1543500,2,44100,938192,257fb0a8e69464f2807afa45428ae3f4d56012bda2828878779bdd7d5926f6b7,4fdba8480ba0739a,7,True,8.02005,8.248585,8.266957,35.0,2.5980077745383863,4364.062568188478
sqam/07_electronic_tune_frere_jacques_mono.wav,sqam,candidate,medium,checked,1543500,2,44100,938192,257fb0a8e69464f2807afa45428ae3f4d56012bda2828878779bdd7d5926f6b7,4fdba8480ba0739a,7,True,7.6392,7.687025,7.687565,35.0,2.4746355685131194,4581.631584459105
sqam/07_electronic_tune_frere_jacques_mono.wav,sqam,baseline,low,checked,1543500,2,44100,938192,257fb0a8e69464f2807afa45428ae3f4d56012bda2828878779bdd7d5926f6b7,4fdba8480ba0739a,7,True,8.14395,8.528285,8.583617,35.0,2.6381438289601555,4297.668821640605
sqam/07_electronic_tune_frere_jacques_mono.wav,sqam,candidate,low,checked,1543500,2,44100,938192,257fb0a8e69464f2807afa45428ae3f4d56012bda2828878779bdd7d5926f6b7,4fdba8480ba0739a,7,True,7.6756,7.947970000000001,7.957474,35.0,2.4864269517330744,4559.904111730679
sqam/07_electronic_tune_frere_jacques_mono.wav,sqam,reference,default,qoa,1543500,2,44100,1246888,3b667a85b331c29cf70d106717519d7e5cbe31aea17ec669fb66784fbee03633,30928a637715c8c6,7,True,9.64805,16.73881999999999,19.11784399999999,35.0,3.125380628441853,3627.67605889273
sqam/08_violin_arpegio_melodious_phrase_stereo.wav,sqam,baseline,high,checked,3131100,2,44100,2529372,e76b506046b74e0189bbab276a16be24d1ab59b8899f67bd53267f24daa8a486,43a92cc0dad3181a,7,True,15.9951,16.5359,16.581020000000002,71.0,2.55423014276133,4438.859400691462
sqam/08_violin_arpegio_melodious_phrase_stereo.wav,sqam,candidate,high,checked,3131100,2,44100,2529372,e76b506046b74e0189bbab276a16be24d1ab59b8899f67bd53267f24daa8a486,43a92cc0dad3181a,7,True,15.7157,16.26615,16.31091,71.0,2.5096132349653475,4517.775218412161
sqam/08_violin_arpegio_melodious_phrase_stereo.wav,sqam,baseline,medium,checked,3131100,2,44100,1905214,727c2faf89659c26aa62769b9e8f53c20f449cecbb559b91330e621671803ec6,e2af8a5da2621e6b,7,True,16.5088,17.80011,18.060581999999997,71.0,2.6362620165437067,4300.736576855979
sqam/08_violin_arpegio_melodious_phrase_stereo.wav,sqam,candidate,medium,checked,3131100,2,44100,1905214,727c2faf89659c26aa62769b9e8f53c20f449cecbb559b91330e621671803ec6,e2af8a5da2621e6b,7,True,15.5277,16.03859,16.156838,71.0,2.479591836734694,4572.473708276178
sqam/08_violin_arpegio_melodious_phrase_stereo.wav,sqam,baseline,low,checked,3131100,2,44100,1903152,b3ca4e2ae255bfc0e442a49fde7113e1d8e3a9ab3d0b8033dd5756eea735c4f6,e9945ef734cb736a,7,True,16.1771,17.03285,17.03465,71.0,2.5832934112612183,4388.920140198182
sqam/08_violin_arpegio_melodious_phrase_stereo.wav,sqam,candidate,low,checked,3131100,2,44100,1903152,b3ca4e2ae255bfc0e442a49fde7113e1d8e3a9ab3d0b8033dd5756eea735c4f6,e9945ef734cb736a,7,True,15.5237,15.8425,15.87154,71.0,2.47895308358085,4573.651899998067
sqam/08_violin_arpegio_melodious_phrase_stereo.wav,sqam,reference,default,qoa,3131100,2,44100,2529368,5a875bc40ba39489ce789e0172120c62745e3603abbaf077ffc38883b86f0a9b,43a92cc0dad3181a,7,True,19.6898,20.411479999999997,20.510696,71.0,3.144230462137907,3605.9279423864127
sqam/09_viola_arpegio_melodious_phrase_stereo.wav,sqam,baseline,high,checked,2469600,2,44100,1995012,d4502a1c3c37eefe5ca2a78f9d723864bf13d6b4bce367b03e102434c0da67b4,9279add1f525de4b,7,True,12.5362,12.6284,12.6512,56.0,2.5381033365727244,4467.063384438666
sqam/09_viola_arpegio_melodious_phrase_stereo.wav,sqam,candidate,high,checked,2469600,2,44100,1995012,d4502a1c3c37eefe5ca2a78f9d723864bf13d6b4bce367b03e102434c0da67b4,9279add1f525de4b,7,True,12.3474,12.50596,12.534712,56.0,2.4998785228377067,4535.367769732899
sqam/09_viola_arpegio_melodious_phrase_stereo.wav,sqam,baseline,medium,checked,2469600,2,44100,1501092,e4dda2ad0aa6dbf039a40e5c33a9d975916b75b3c9f3df25e512926a9884998c,6f531842632eba39,7,True,13.0906,13.502839999999999,13.595048,56.0,2.650348234531908,4277.878783249049
sqam/09_viola_arpegio_melodious_phrase_stereo.wav,sqam,candidate,medium,checked,2469600,2,44100,1501092,e4dda2ad0aa6dbf039a40e5c33a9d975916b75b3c9f3df25e512926a9884998c,6f531842632eba39,7,True,12.1564,12.37471,12.387742,56.0,2.4612082928409458,4606.626961929519
sqam/09_viola_arpegio_melodious_phrase_stereo.wav,sqam,baseline,low,checked,2469600,2,44100,1501092,e4dda2ad0aa6dbf039a40e5c33a9d975916b75b3c9f3df25e512926a9884998c,6f531842632eba39,7,True,12.297,13.001140000000001,13.055428000000001,56.0,2.4896744412050533,4553.956249491745
sqam/09_viola_arpegio_melodious_phrase_stereo.wav,sqam,candidate,low,checked,2469600,2,44100,1501092,e4dda2ad0aa6dbf039a40e5c33a9d975916b75b3c9f3df25e512926a9884998c,6f531842632eba39,7,True,12.0805,12.206349999999999,12.215349999999999,56.0,2.4458414318108197,4635.5697197963655
sqam/09_viola_arpegio_melodious_phrase_stereo.wav,sqam,reference,default,qoa,2469600,2,44100,1995008,ecb47610a3518217e4bc840a14db75595d344f0818a756ad7909ff26a83ed24f,9279add1f525de4b,7,True,15.4894,15.747910000000001,15.808702,56.0,3.136013929381276,3615.3756762689322
sqam/10_violoncello_arpegio_melodious_phrase_stereo.wav,sqam,baseline,high,checked,3263400,2,44100,2636252,64e4d38d989074fee1674d15ae644a9ebd0c23cc3f05a876c8034023851e115c,07cae3b5af0cf52d,7,True,16.6285,16.78621,16.810522000000002,74.0,2.5477262977262973,4450.190937246294
sqam/10_violoncello_arpegio_melodious_phrase_stereo.wav,sqam,candidate,high,checked,3263400,2,44100,2636252,64e4d38d989074fee1674d15ae644a9ebd0c23cc3f05a876c8034023851e115c,07cae3b5af0cf52d,7,True,16.1931,16.56766,16.638652,74.0,2.4810167310167315,4569.847651160062
sqam/10_violoncello_arpegio_melodious_phrase_stereo.wav,sqam,baseline,medium,checked,3263400,2,44100,1983572,2a3d99cd337e3844b4c2b5ee20fe0d728b25d5f2848910d76cfdaefe3229505d,c378ceca8a06cef0,7,True,16.575,17.186709999999998,17.202142,74.0,2.539529325243611,4464.555052790347
sqam/10_violoncello_arpegio_melodious_phrase_stereo.wav,sqam,candidate,medium,checked,3263400,2,44100,1983572,2a3d99cd337e3844b4c2b5ee20fe0d728b25d5f2848910d76cfdaefe3229505d,c378ceca8a06cef0,7,True,16.2168,16.32941,16.339082,74.0,2.4846479132193418,4563.1690592472005
sqam/10_violoncello_arpegio_melodious_phrase_stereo.wav,sqam,baseline,low,checked,3263400,2,44100,1983572,2a3d99cd337e3844b4c2b5ee20fe0d728b25d5f2848910d76cfdaefe3229505d,c378ceca8a06cef0,7,True,16.9379,17.3538,17.39844,74.0,2.595130845130845,4368.900513050615
sqam/10_violoncello_arpegio_melodious_phrase_stereo.wav,sqam,candidate,low,checked,3263400,2,44100,1983572,2a3d99cd337e3844b4c2b5ee20fe0d728b25d5f2848910d76cfdaefe3229505d,c378ceca8a06cef0,7,True,16.1706,16.796159999999997,16.957151999999997,74.0,2.4775694061408347,4576.206201377809
sqam/10_violoncello_arpegio_melodious_phrase_stereo.wav,sqam,reference,default,qoa,3263400,2,44100,2636248,b79ea0e692a7c34d751b452faef6e6389f345f5f4c73c1f276def6e5dfeefcc1,07cae3b5af0cf52d,7,True,20.8565,21.243039999999997,21.266128,74.0,3.1955169455169457,3548.054563325582
sqam/11_double_bass_arpegio_melodious_phrase_stereo.wav,sqam,baseline,high,checked,2910600,2,44100,2351252,fab55cc226033d17007054c2d6b752f37555859347fa859d3928892a5ce473d1,306ecbe9df45bd63,7,True,14.6556,15.01609,15.066658,66.0,2.5176252319109462,4503.398018504872
sqam/11_double_bass_arpegio_melodious_phrase_stereo.wav,sqam,candidate,high,checked,2910600,2,44100,2351252,fab55cc226033d17007054c2d6b752f37555859347fa859d3928892a5ce473d1,306ecbe9df45bd63,7,True,14.3258,14.719009999999999,14.739721999999999,66.0,2.4609702466845325,4607.07255441232
sqam/11_double_bass_arpegio_melodious_phrase_stereo.wav,sqam,baseline,medium,checked,2910600,2,44100,1769132,ee5f06f908ba05b5e833da61d2bea43562c4133a1d00e29093b34ea0ce3e3599,c3be51e1542e4250,7,True,14.1935,15.594069999999999,15.835294,66.0,2.4382429739572595,4650.015852326769
sqam/11_double_bass_arpegio_melodious_phrase_stereo.wav,sqam,candidate,medium,checked,2910600,2,44100,1769132,ee5f06f908ba05b5e833da61d2bea43562c4133a1d00e29093b34ea0ce3e3599,c3be51e1542e4250,7,True,14.0841,14.25018,14.257716,66.0,2.4194495980210267,4686.1354293139075
sqam/11_double_bass_arpegio_melodious_phrase_stereo.wav,sqam,baseline,low,checked,2910600,2,44100,1769132,ee5f06f908ba05b5e833da61d2bea43562c4133a1d00e29093b34ea0ce3e3599,c3be51e1542e4250,7,True,14.4722,15.05965,15.08353,66.0,2.4861197004054145,4560.467655228645
sqam/11_double_bass_arpegio_melodious_phrase_stereo.wav,sqam,candidate,low,checked,2910600,2,44100,1769132,ee5f06f908ba05b5e833da61d2bea43562c4133a1d00e29093b34ea0ce3e3599,c3be51e1542e4250,7,True,14.1093,14.33919,14.356878,66.0,2.4237786023500307,4677.765728987264
sqam/11_double_bass_arpegio_melodious_phrase_stereo.wav,sqam,reference,default,qoa,2910600,2,44100,2351248,3a96406ee5eab9afea688eea5812d6c41e42ae7532974d4273525f77d4634ad3,306ecbe9df45bd63,7,True,18.0245,18.30292,18.357304,66.0,3.0963547034975605,3661.6827096452053
sqam/12_piccolo_melodious_phrase_stereo.wav,sqam,baseline,high,checked,1190700,2,44100,961892,2adfb7f5f05ccc3d9e4688a19b560d036a1f0b2f1beb6bbf2fd5edd38f9bb1c9,c2ab437cb5b90f88,7,True,5.9512,6.089655,6.124731,27.0,2.499034181573864,4536.9001209840035
sqam/12_piccolo_melodious_phrase_stereo.wav,sqam,candidate,high,checked,1190700,2,44100,961892,2adfb7f5f05ccc3d9e4688a19b560d036a1f0b2f1beb6bbf2fd5edd38f9bb1c9,c2ab437cb5b90f88,7,True,5.71295,5.82339,5.826677999999999,27.0,2.3989879902578317,4726.104726979931
sqam/12_piccolo_melodious_phrase_stereo.wav,sqam,baseline,medium,checked,1190700,2,44100,723752,7c3f5298a2fca4e8cab42be72d544d66dced6731053a8a1f60bf2dcfe47a9813,e1f87315167e267a,7,True,5.77155,5.9842249999999995,6.018845,27.0,2.4235953640715544,4678.119396002807
sqam/12_piccolo_melodious_phrase_stereo.wav,sqam,candidate,medium,checked,1190700,2,44100,723752,7c3f5298a2fca4e8cab42be72d544d66dced6731053a8a1f60bf2dcfe47a9813,e1f87315167e267a,7,True,5.7781,5.869185,5.890077,27.0,2.4263458469807677,4672.816323705024
sqam/12_piccolo_melodious_phrase_stereo.wav,sqam,baseline,low,checked,1190700,2,44100,723752,7c3f5298a2fca4e8cab42be72d544d66dced6731053a8a1f60bf2dcfe47a9813,e1f87315167e267a,7,True,5.7662,6.16572,6.189144000000001,27.0,2.4213487864281515,4682.459852242378
sqam/12_piccolo_melodious_phrase_stereo.wav,sqam,candidate,low,checked,1190700,2,44100,723752,7c3f5298a2fca4e8cab42be72d544d66dced6731053a8a1f60bf2dcfe47a9813,e1f87315167e267a,7,True,5.78625,5.901465,5.917892999999999,27.0,2.4297682035777273,4666.234607906676
sqam/12_piccolo_melodious_phrase_stereo.wav,sqam,reference,default,qoa,1190700,2,44100,961888,6fc84eda6f5af84f7cf22a4c0b32e6d04d7b03f4c8d0a015acd94890f3482189,c2ab437cb5b90f88,7,True,7.3292,7.443955,7.447470999999999,27.0,3.077685395145713,3683.8945587512962
sqam/13_flute_arpegio_melodious_phrase_stereo.wav,sqam,baseline,high,checked,2028600,2,44100,1638772,995e4afaab2a98f75862acf18d489d524ac81434773b847104b9f4e31699bd4e,1739d90a928ec00f,7,True,9.9561,10.12873,10.156305999999999,46.0,2.4539337474120084,4620.2830425568245
sqam/13_flute_arpegio_melodious_phrase_stereo.wav,sqam,candidate,high,checked,2028600,2,44100,1638772,995e4afaab2a98f75862acf18d489d524ac81434773b847104b9f4e31699bd4e,1739d90a928ec00f,7,True,9.86145,9.996045,10.008249000000001,46.0,2.4306048506359064,4664.628426854063
sqam/13_flute_arpegio_melodious_phrase_stereo.wav,sqam,baseline,medium,checked,2028600,2,44100,1233118,b747c22b5ff1d10acc49e212167bf4ab3c8e8d17d78c08d8a2e3f878e114e680,702792a5b68faa67,7,True,9.94,10.764899999999999,10.87074,46.0,2.4499654934437545,4627.766599597586
sqam/13_flute_arpegio_melodious_phrase_stereo.wav,sqam,candidate,medium,checked,2028600,2,44100,1233118,b747c22b5ff1d10acc49e212167bf4ab3c8e8d17d78c08d8a2e3f878e114e680,702792a5b68faa67,7,True,9.78255,9.822375,9.827354999999999,46.0,2.4111579414374447,4702.250435724836
sqam/13_flute_arpegio_melodious_phrase_stereo.wav,sqam,baseline,low,checked,2028600,2,44100,1233052,d9aea2de44a8320bf7b060ed0e65419e1df66555940791424151172f997fc1ce,6388873cf5218d62,7,True,10.1947,10.319855,10.328531,46.0,2.5127427782707286,4512.148469302677
sqam/13_flute_arpegio_melodious_phrase_stereo.wav,sqam,candidate,low,checked,2028600,2,44100,1233052,d9aea2de44a8320bf7b060ed0e65419e1df66555940791424151172f997fc1ce,6388873cf5218d62,7,True,9.7003,9.81754,9.822268,46.0,2.390885339643104,4742.12137768935
sqam/13_flute_arpegio_melodious_phrase_stereo.wav,sqam,reference,default,qoa,2028600,2,44100,1638768,1ff4e136282f576246cede276d0fdfd1a1773b74a1cf8240c727fbce274c3535,1739d90a928ec00f,7,True,12.2492,12.42825,12.42885,46.0,3.0191264911761806,3755.3472879861542
sqam/14_oboe_arpegio_melodious_phrase_stereo.wav,sqam,baseline,high,checked,2160900,2,44100,1745652,2fb3cc529e2fb7841c7a45045600bfddd0323a97374f80ff2083efe1ec08bb12,52100f8a4dcbe3bb,7,True,10.5674,10.72048,10.723936,49.0,2.4451385996575503,4636.902170827261
sqam/14_oboe_arpegio_melodious_phrase_stereo.wav,sqam,candidate,high,checked,2160900,2,44100,1745652,2fb3cc529e2fb7841c7a45045600bfddd0323a97374f80ff2083efe1ec08bb12,52100f8a4dcbe3bb,7,True,10.3372,10.51218,10.541556,49.0,2.3918737563052432,4740.161745927331
sqam/14_oboe_arpegio_melodious_phrase_stereo.wav,sqam,baseline,medium,checked,2160900,2,44100,1313472,7e68839992786042cdae9fc43f3aae29539ef6a4576f0ef58a824003472e5798,9fcff5c73fedcee2,7,True,10.6554,11.09311,11.148622,49.0,2.4655004859086493,4598.607278938379
sqam/14_oboe_arpegio_melodious_phrase_stereo.wav,sqam,candidate,medium,checked,2160900,2,44100,1313472,7e68839992786042cdae9fc43f3aae29539ef6a4576f0ef58a824003472e5798,9fcff5c73fedcee2,7,True,10.232,10.55086,10.632892,49.0,2.367532046832338,4788.897576231431
sqam/14_oboe_arpegio_melodious_phrase_stereo.wav,sqam,baseline,low,checked,2160900,2,44100,1313472,7e68839992786042cdae9fc43f3aae29539ef6a4576f0ef58a824003472e5798,9fcff5c73fedcee2,7,True,10.5987,12.412099999999999,12.72434,49.0,2.4523809523809526,4623.208506703652
sqam/14_oboe_arpegio_melodious_phrase_stereo.wav,sqam,candidate,low,checked,2160900,2,44100,1313472,7e68839992786042cdae9fc43f3aae29539ef6a4576f0ef58a824003472e5798,9fcff5c73fedcee2,7,True,10.1901,10.475950000000001,10.489510000000001,49.0,2.357837012355963,4808.588728275484
sqam/14_oboe_arpegio_melodious_phrase_stereo.wav,sqam,reference,default,qoa,2160900,2,44100,1745648,f92ccb4ce8c561bd0737e928e39ce0bb6340fb14e2dd1f1fe80f4c310d21c5d5,52100f8a4dcbe3bb,7,True,13.1218,13.316559999999999,13.340271999999999,49.0,3.036188625109908,3734.2437775305216
sqam/15_cor_anglais_arpegio_stereo.wav,sqam,baseline,high,checked,1058400,2,44100,855012,fb13f868d42c20529a711b285d38f77bc95ed85268786e2f1da2850879d6c2f1,ce8041b852cc5e10,7,True,5.2609,5.49692,5.505104,24.0,2.4853080120937263,4561.957079587142
sqam/15_cor_anglais_arpegio_stereo.wav,sqam,candidate,high,checked,1058400,2,44100,855012,fb13f868d42c20529a711b285d38f77bc95ed85268786e2f1da2850879d6c2f1,ce8041b852cc5e10,7,True,5.05145,5.416655,5.443931,24.0,2.3863614890400604,4751.111067119342
sqam/15_cor_anglais_arpegio_stereo.wav,sqam,baseline,medium,checked,1058400,2,44100,643332,b1cb649bf7a79314f376ad7467dc63042cd57d4e398a05bfc64c6c846fbd6676,07f415da15827be5,7,True,5.1682,5.7062100000000004,5.774082,24.0,2.441515495086924,4643.783135327581
sqam/15_cor_anglais_arpegio_stereo.wav,sqam,candidate,medium,checked,1058400,2,44100,643332,b1cb649bf7a79314f376ad7467dc63042cd57d4e398a05bfc64c6c846fbd6676,07f415da15827be5,7,True,5.1495,5.405539999999999,5.433668,24.0,2.432681405895692,4660.646664724731
sqam/15_cor_anglais_arpegio_stereo.wav,sqam,baseline,low,checked,1058400,2,44100,643332,b1cb649bf7a79314f376ad7467dc63042cd57d4e398a05bfc64c6c846fbd6676,07f415da15827be5,7,True,5.1247,5.331535,5.345707,24.0,2.4209656084656084,4683.200967861533
sqam/15_cor_anglais_arpegio_stereo.wav,sqam,candidate,low,checked,1058400,2,44100,643332,b1cb649bf7a79314f376ad7467dc63042cd57d4e398a05bfc64c6c846fbd6676,07f415da15827be5,7,True,5.1812,5.3307199999999995,5.341784,24.0,2.4476568405139836,4632.131552536092
sqam/15_cor_anglais_arpegio_stereo.wav,sqam,reference,default,qoa,1058400,2,44100,855008,4ba754d025503f2d011401aa61d7cdbae992c4bbe0622eb2929d4d775dcecf40,ce8041b852cc5e10,7,True,6.4804,6.63032,6.652544,24.0,3.061413454270597,3703.4750941299917
sqam/16_clarinet_arpegio_melodious_phrase_stereo.wav,sqam,baseline,high,checked,1719900,2,44100,1389372,8da27e04f128462d54dcf9e78567423bfc71c516bda957782f193fa36f6f710a,a43ae5b0ecdc85be,7,True,8.37285,8.766955,8.811511,39.0,2.4341095412523983,4657.912180440352
sqam/16_clarinet_arpegio_melodious_phrase_stereo.wav,sqam,candidate,high,checked,1719900,2,44100,1389372,8da27e04f128462d54dcf9e78567423bfc71c516bda957782f193fa36f6f710a,a43ae5b0ecdc85be,7,True,8.3168,8.48358,8.490996,39.0,2.4178149892435608,4689.303578299346
sqam/16_clarinet_arpegio_melodious_phrase_stereo.wav,sqam,baseline,medium,checked,1719900,2,44100,1045526,c8ac7745abcfbbb3f75e09a0f17e213b4f4961fc3370cdad64335983faee6e7e,56e2ed2c8f9a4a54,7,True,8.47945,9.134745,9.147069,39.0,2.465099715099715,4599.354910990689
sqam/16_clarinet_arpegio_melodious_phrase_stereo.wav,sqam,candidate,medium,checked,1719900,2,44100,1045526,c8ac7745abcfbbb3f75e09a0f17e213b4f4961fc3370cdad64335983faee6e7e,56e2ed2c8f9a4a54,7,True,8.2916,8.384565,8.407113,39.0,2.4104889819175535,4703.555405470596
sqam/16_clarinet_arpegio_melodious_phrase_stereo.wav,sqam,baseline,low,checked,1719900,2,44100,1045392,f95d689906e0d00da4478c1fc20d31590822662c13a43e220b82a8bba622f489,2585d1f91013ff1b,7,True,8.5142,9.000915,9.009783,39.0,2.475202046630618,4580.583026003617
sqam/16_clarinet_arpegio_melodious_phrase_stereo.wav,sqam,candidate,low,checked,1719900,2,44100,1045392,f95d689906e0d00da4478c1fc20d31590822662c13a43e220b82a8bba622f489,2585d1f91013ff1b,7,True,8.24405,8.366489999999999,8.368458,39.0,2.396665503808361,4730.68455431493
sqam/16_clarinet_arpegio_melodious_phrase_stereo.wav,sqam,reference,default,qoa,1719900,2,44100,1389368,8824ade17ac75428ae239ebad7ecd73b91f9e02557a05f1e45c7ae24aa2945d7,a43ae5b0ecdc85be,7,True,10.4724,10.57312,10.581184,39.0,3.044479330193616,3724.0747106680415
sqam/17_bass_clarinet_arpegio_stereo.wav,sqam,baseline,high,checked,1014300,2,44100,819412,511cb99b69d2bab16a567994502bfe9811264c4c0a6889d7fddb5c4399db910b,3dc8d9932392a463,7,True,4.9296,5.02701,5.027082,23.0,2.430050280981958,4665.6929568321975
sqam/17_bass_clarinet_arpegio_stereo.wav,sqam,candidate,high,checked,1014300,2,44100,819412,511cb99b69d2bab16a567994502bfe9811264c4c0a6889d7fddb5c4399db910b,3dc8d9932392a463,7,True,4.889266667,4.9963099999,4.99798199998,23.0,2.4101679320713796,4704.181949255909
sqam/17_bass_clarinet_arpegio_stereo.wav,sqam,baseline,medium,checked,1014300,2,44100,616552,80397cc9f5c06e1624834295d18d72ebcf92009a9762b24dd16b46feed40a400,c51d6b72022e3cf8,7,True,5.09025,5.26007,5.271134,23.0,2.5092428275658087,4518.442119738716
sqam/17_bass_clarinet_arpegio_stereo.wav,sqam,candidate,medium,checked,1014300,2,44100,616552,80397cc9f5c06e1624834295d18d72ebcf92009a9762b24dd16b46feed40a400,c51d6b72022e3cf8,7,True,4.847266667,4.8974866669,4.90379066698,23.0,2.3894639983239676,4744.942166393091
sqam/17_bass_clarinet_arpegio_stereo.wav,sqam,baseline,low,checked,1014300,2,44100,616552,80397cc9f5c06e1624834295d18d72ebcf92009a9762b24dd16b46feed40a400,c51d6b72022e3cf8,7,True,5.0415,5.30986,5.352052,23.0,2.485211475894706,4562.134285430923
sqam/17_bass_clarinet_arpegio_stereo.wav,sqam,candidate,low,checked,1014300,2,44100,616552,80397cc9f5c06e1624834295d18d72ebcf92009a9762b24dd16b46feed40a400,c51d6b72022e3cf8,7,True,4.832233333,4.899336667,4.9039206669999995,23.0,2.3820533042492356,4759.703932947478
sqam/17_bass_clarinet_arpegio_stereo.wav,sqam,reference,default,qoa,1014300,2,44100,819408,122620e641eecbc7305db1bf4cead5a0140bbd50bb7f7282ea14bf4338bd4b89,3dc8d9932392a463,7,True,6.11395,6.159925,6.159985,23.0,3.0138765651188013,3761.8887952960035
sqam/18_bassoon_arpegio_melodious_phrase_stereo.wav,sqam,baseline,high,checked,1675800,2,44100,1353772,9bb93870d73c1b4d93ec065c76ca8189a3ffa5235fc53417ec70568552474a25,3c8aa7c171a63b59,7,True,8.12535,8.329615,8.377363,38.0,2.4243197278911564,4676.721618145681
sqam/18_bassoon_arpegio_melodious_phrase_stereo.wav,sqam,candidate,high,checked,1675800,2,44100,1353772,9bb93870d73c1b4d93ec065c76ca8189a3ffa5235fc53417ec70568552474a25,3c8aa7c171a63b59,7,True,8.02685,8.084655,8.086611,38.0,2.394930779329276,4734.111139488094
sqam/18_bassoon_arpegio_melodious_phrase_stereo.wav,sqam,baseline,medium,checked,1675800,2,44100,1018612,9ae7ef9e49bdcdb8c100ff8c40ac06abf098524020b14d8d21538cf0162ca06f,31c3a71467ac4b6e,7,True,8.3111,8.706104999999999,8.776221,38.0,2.4797410192147034,4572.198625933992
sqam/18_bassoon_arpegio_melodious_phrase_stereo.wav,sqam,candidate,medium,checked,1675800,2,44100,1018612,9ae7ef9e49bdcdb8c100ff8c40ac06abf098524020b14d8d21538cf0162ca06f,31c3a71467ac4b6e,7,True,7.9531,8.018065,8.033893,38.0,2.3729263635278675,4778.011090015214
sqam/18_bassoon_arpegio_melodious_phrase_stereo.wav,sqam,baseline,low,checked,1675800,2,44100,1018612,9ae7ef9e49bdcdb8c100ff8c40ac06abf098524020b14d8d21538cf0162ca06f,31c3a71467ac4b6e,7,True,8.3905,8.585055,8.604291,38.0,2.5034311970402197,4528.931529706216
sqam/18_bassoon_arpegio_melodious_phrase_stereo.wav,sqam,candidate,low,checked,1675800,2,44100,1018612,9ae7ef9e49bdcdb8c100ff8c40ac06abf098524020b14d8d21538cf0162ca06f,31c3a71467ac4b6e,7,True,7.935,8.01768,8.031096,38.0,2.3675259577515217,4788.9098928796475
sqam/18_bassoon_arpegio_melodious_phrase_stereo.wav,sqam,reference,default,qoa,1675800,2,44100,1353768,666628bf1faaad1eb80a4e079610ea7b63a1eeeff77e0f9799a6c9e9ba5e895d,3c8aa7c171a63b59,7,True,10.0158,10.18995,10.23735,38.0,2.9883637665592553,3794.0054713552586
sqam/19_contra_bassoon_arpegio_stereo.wav,sqam,baseline,high,checked,970200,2,44100,783772,4ed85a20c65cdae0ebbb486342ae184bd0015c17ac36c370e61f834e8d4a52fc,f40ff0d7593df217,7,True,4.6321,4.671126667,4.675638667,22.0,2.38718820861678,4749.465685110425
sqam/19_contra_bassoon_arpegio_stereo.wav,sqam,candidate,high,checked,970200,2,44100,783772,4ed85a20c65cdae0ebbb486342ae184bd0015c17ac36c370e61f834e8d4a52fc,f40ff0d7593df217,7,True,4.612966667,4.7133666669,4.73872666698,22.0,2.377327698928056,4769.165178968764
sqam/19_contra_bassoon_arpegio_stereo.wav,sqam,baseline,medium,checked,970200,2,44100,589732,253b20c08aad1d018859612d9e6207b9e4d9235847772391ef6c484cb6e96dd1,b7a25d9215bda83c,7,True,4.731166667,4.8437299999,4.84530599998,22.0,2.4382429741290457,4650.015851999154
sqam/19_contra_bassoon_arpegio_stereo.wav,sqam,candidate,medium,checked,970200,2,44100,589732,253b20c08aad1d018859612d9e6207b9e4d9235847772391ef6c484cb6e96dd1,b7a25d9215bda83c,7,True,4.557966667,4.634926666899999,4.6501586669799995,22.0,2.348983027726242,4826.713665828571
sqam/19_contra_bassoon_arpegio_stereo.wav,sqam,baseline,low,checked,970200,2,44100,589732,253b20c08aad1d018859612d9e6207b9e4d9235847772391ef6c484cb6e96dd1,b7a25d9215bda83c,7,True,4.6427,4.93499,4.966838,22.0,2.3926509997938568,4738.62192258815
sqam/19_contra_bassoon_arpegio_stereo.wav,sqam,candidate,low,checked,970200,2,44100,589732,253b20c08aad1d018859612d9e6207b9e4d9235847772391ef6c484cb6e96dd1,b7a25d9215bda83c,7,True,4.592733333,4.6758700001,4.67717400002,22.0,2.366900295299938,4790.175785283286
sqam/19_contra_bassoon_arpegio_stereo.wav,sqam,reference,default,qoa,970200,2,44100,783768,cc9685ff282409f076804da404374b92d87ebaf524a8785fc42e0a2847d173d9,f40ff0d7593df217,7,True,5.80005,5.9058150000000005,5.907603,22.0,2.989100185528757,3793.070749390092
sqam/20_saxophone_arpegio_melodious_phrase_stereo.wav,sqam,baseline,high,checked,1719900,2,44100,1389372,3dbf282dfea31e524ccd9031d4b309dab4b7bade4ae692ba77245991d6dd0f8e,0835e2175e09e051,7,True,8.3533,8.405625,8.415165,39.0,2.4284260712832144,4668.813522799373
sqam/20_saxophone_arpegio_melodious_phrase_stereo.wav,sqam,candidate,high,checked,1719900,2,44100,1389372,3dbf282dfea31e524ccd9031d4b309dab4b7bade4ae692ba77245991d6dd0f8e,0835e2175e09e051,7,True,8.16415,8.319765,8.346392999999999,39.0,2.3734374091516948,4776.982294543829
sqam/20_saxophone_arpegio_melodious_phrase_stereo.wav,sqam,baseline,medium,checked,1719900,2,44100,1045392,95f34f4e35199fdaf5ddf1ca246a24a1ea04f3d434ed29ba175fb0147708ca4b,0d912ec0eac9e0cf,7,True,8.4807,8.703475,8.705575,39.0,2.465463108320251,4598.676996002688
sqam/20_saxophone_arpegio_melodious_phrase_stereo.wav,sqam,candidate,medium,checked,1719900,2,44100,1045392,95f34f4e35199fdaf5ddf1ca246a24a1ea04f3d434ed29ba175fb0147708ca4b,0d912ec0eac9e0cf,7,True,8.04325,8.275965,8.321313,39.0,2.3382900168614453,4848.786249339508
sqam/20_saxophone_arpegio_melodious_phrase_stereo.wav,sqam,baseline,low,checked,1719900,2,44100,1045392,95f34f4e35199fdaf5ddf1ca246a24a1ea04f3d434ed29ba175fb0147708ca4b,0d912ec0eac9e0cf,7,True,8.3949,8.72817,8.775234000000001,39.0,2.4405197976626547,4645.6777329092665
sqam/20_saxophone_arpegio_melodious_phrase_stereo.wav,sqam,candidate,low,checked,1719900,2,44100,1045392,95f34f4e35199fdaf5ddf1ca246a24a1ea04f3d434ed29ba175fb0147708ca4b,0d912ec0eac9e0cf,7,True,8.17545,8.267510000000001,8.273342000000001,39.0,2.376722483865341,4770.379612131443
sqam/20_saxophone_arpegio_melodious_phrase_stereo.wav,sqam,reference,default,qoa,1719900,2,44100,1389368,aeea13d00f220b179f6ed19d4e13c0d24a0e075a362e9cea1067a718c4093080,0835e2175e09e051,7,True,10.3825,10.5837,10.58994,39.0,3.018344089772661,3756.320732000963
sqam/21_trumpet_arpegio_melodious_phrase_stereo.wav,sqam,baseline,high,checked,1587600,2,44100,1282532,53b3acfb26c57a0922930fabddd9cc041e03398e0a5f770095e9d6a2ba869de5,d811d71f74902c11,7,True,7.69335,7.7804649999999995,7.783573,36.0,2.4229497354497354,4679.365945914329
sqam/21_trumpet_arpegio_melodious_phrase_stereo.wav,sqam,candidate,high,checked,1587600,2,44100,1282532,53b3acfb26c57a0922930fabddd9cc041e03398e0a5f770095e9d6a2ba869de5,d811d71f74902c11,7,True,7.5719,10.339224999999997,11.259685,36.0,2.384700176366843,4754.420951148324
sqam/21_trumpet_arpegio_melodious_phrase_stereo.wav,sqam,baseline,medium,checked,1587600,2,44100,965720,0110270fa56e21d974c50369c91e6c4ffbae87f8207a204eff0f454cf164b526,d15c11b643e8c42f,7,True,7.7952,8.19627,8.292054,36.0,2.455026455026455,4618.226600985222
sqam/21_trumpet_arpegio_melodious_phrase_stereo.wav,sqam,candidate,medium,checked,1587600,2,44100,965720,0110270fa56e21d974c50369c91e6c4ffbae87f8207a204eff0f454cf164b526,d15c11b643e8c42f,7,True,7.5733,7.7114199999999995,7.730404,36.0,2.385141093474427,4753.542049040709
sqam/21_trumpet_arpegio_melodious_phrase_stereo.wav,sqam,baseline,low,checked,1587600,2,44100,965012,0e0b5bdf1559cc0d3d8ca844932a1ca2f3c5eefc2d3f4934fef6ed30e48bc0cb,7d0c66a67e67e4fc,7,True,7.891,8.376585,8.412357,36.0,2.4851977828168303,4562.159422126473
sqam/21_trumpet_arpegio_melodious_phrase_stereo.wav,sqam,candidate,low,checked,1587600,2,44100,965012,0e0b5bdf1559cc0d3d8ca844932a1ca2f3c5eefc2d3f4934fef6ed30e48bc0cb,7d0c66a67e67e4fc,7,True,7.54275,7.699635,7.720527,36.0,2.3755196523053668,4772.795068111763
sqam/21_trumpet_arpegio_melodious_phrase_stereo.wav,sqam,reference,default,qoa,1587600,2,44100,1282528,379e827e9a339462e4f561fb4fc966dc2b3327fcf53f86054d5142bf0b23d424,d811d71f74902c11,7,True,9.7624,9.82522,9.833764,36.0,3.074577979339884,3687.6177989019097
sqam/22_trombone_arpegio_melodious_phrase_stereo.wav,sqam,baseline,high,checked,1764000,2,44100,1425012,7a463ab9d62e9513d45caccbe25c31553d14162f14f608abeaa27a9811b0bcfc,01bbc3f39ca5608e,7,True,8.56545,8.881124999999999,8.984985,40.0,2.427848639455782,4669.92393861385
sqam/22_trombone_arpegio_melodious_phrase_stereo.wav,sqam,candidate,high,checked,1764000,2,44100,1425012,7a463ab9d62e9513d45caccbe25c31553d14162f14f608abeaa27a9811b0bcfc,01bbc3f39ca5608e,7,True,8.37215,8.56808,8.575136,40.0,2.373058390022676,4777.745262566963
sqam/22_trombone_arpegio_melodious_phrase_stereo.wav,sqam,baseline,medium,checked,1764000,2,44100,1072212,b7a42ce9ca4639734a5268b00394ac0212e14d60e5b29108b2c147e48036c43e,3dad7e0a96985710,7,True,8.7378,8.995085,9.051257,40.0,2.476700680272109,4577.8113483943325
sqam/22_trombone_arpegio_melodious_phrase_stereo.wav,sqam,candidate,medium,checked,1764000,2,44100,1072212,b7a42ce9ca4639734a5268b00394ac0212e14d60e5b29108b2c147e48036c43e,3dad7e0a96985710,7,True,8.33345,8.577855,8.610771,40.0,2.3620890022675733,4799.932800940787
sqam/22_trombone_arpegio_melodious_phrase_stereo.wav,sqam,baseline,low,checked,1764000,2,44100,1072212,b7a42ce9ca4639734a5268b00394ac0212e14d60e5b29108b2c147e48036c43e,3dad7e0a96985710,7,True,8.8469,9.166415,9.221243,40.0,2.507624716553288,4521.357763736451
sqam/22_trombone_arpegio_melodious_phrase_stereo.wav,sqam,candidate,low,checked,1764000,2,44100,1072212,b7a42ce9ca4639734a5268b00394ac0212e14d60e5b29108b2c147e48036c43e,3dad7e0a96985710,7,True,8.42055,8.474185,8.489797000000001,40.0,2.386777210884354,4750.283532548348
sqam/22_trombone_arpegio_melodious_phrase_stereo.wav,sqam,reference,default,qoa,1764000,2,44100,1425008,986bdc551a19293580f55e114771969b0eae301064994a3a897dbcc896083cfc,01bbc3f39ca5608e,7,True,10.6907,10.71537,10.722354,40.0,3.0302437641723357,3741.569775599353
sqam/23_horn_arpegio_melodious_phrase_stereo.wav,sqam,baseline,high,checked,1940400,2,44100,1567492,86e03992b836e54c45970a87d5431e9c752ba1e121c52caac7eca5b9378d2701,bef7cf99b1b05404,7,True,9.3393,9.48207,9.508854,44.0,2.406539888682746,4711.273864208239
sqam/23_horn_arpegio_melodious_phrase_stereo.wav,sqam,candidate,high,checked,1940400,2,44100,1567492,86e03992b836e54c45970a87d5431e9c752ba1e121c52caac7eca5b9378d2701,bef7cf99b1b05404,7,True,9.18935,9.368435,9.409966999999998,44.0,2.3679009482580913,4788.151501466372
sqam/23_horn_arpegio_melodious_phrase_stereo.wav,sqam,baseline,medium,checked,1940400,2,44100,1179412,3db107320eb4a60492ae2d4f28333849b40768164100620d2a7344eac14f8b03,20dc972a81b9d228,7,True,9.49865,10.00741,10.094361999999999,44.0,2.44760101010101,4632.237212656536
sqam/23_horn_arpegio_melodious_phrase_stereo.wav,sqam,candidate,medium,checked,1940400,2,44100,1179412,3db107320eb4a60492ae2d4f28333849b40768164100620d2a7344eac14f8b03,20dc972a81b9d228,7,True,9.1477,9.304575,9.329835,44.0,2.3571686250257677,4809.952228429004
sqam/23_horn_arpegio_melodious_phrase_stereo.wav,sqam,baseline,low,checked,1940400,2,44100,1179412,3db107320eb4a60492ae2d4f28333849b40768164100620d2a7344eac14f8b03,20dc972a81b9d228,7,True,9.72935,9.89728,9.935536,44.0,2.507047515976087,4522.398721394543
sqam/23_horn_arpegio_melodious_phrase_stereo.wav,sqam,candidate,low,checked,1940400,2,44100,1179412,3db107320eb4a60492ae2d4f28333849b40768164100620d2a7344eac14f8b03,20dc972a81b9d228,7,True,9.1828,9.29437,9.312274,44.0,2.366213151927438,4791.566842357451
sqam/23_horn_arpegio_melodious_phrase_stereo.wav,sqam,reference,default,qoa,1940400,2,44100,1567488,5b70ce445bf61723acce57e5b1d4d6b21cbfd1202979101cdfe45640cbfad2e8,bef7cf99b1b05404,7,True,11.6877,11.89823,11.933246,44.0,3.0116728509585653,3764.641460680887
sqam/24_tuba_arpegio_melodious_phrase_stereo.wav,sqam,baseline,high,checked,2160900,2,44100,1745652,001a3cacb7207208a3b7e9a905e3520b9c69bf619d0d1fec2962d54fe1442654,34f4efa31037025f,7,True,10.3527,10.59383,10.631966,49.0,2.395460224906289,4733.064804350555
sqam/24_tuba_arpegio_melodious_phrase_stereo.wav,sqam,candidate,high,checked,2160900,2,44100,1745652,001a3cacb7207208a3b7e9a905e3520b9c69bf619d0d1fec2962d54fe1442654,34f4efa31037025f,7,True,10.1566,10.38869,10.394618000000001,49.0,2.350085612476283,4824.449126676251
sqam/24_tuba_arpegio_melodious_phrase_stereo.wav,sqam,baseline,medium,checked,2160900,2,44100,1313472,725482cd0cada45faadf3bd1325ad5b7a461b0a49ada2a4f0d0763c25febd653,7389b4610f5b26a6,7,True,10.3262,10.871690000000001,10.907618000000001,49.0,2.389328520523856,4745.211210319382
sqam/24_tuba_arpegio_melodious_phrase_stereo.wav,sqam,candidate,medium,checked,2160900,2,44100,1313472,725482cd0cada45faadf3bd1325ad5b7a461b0a49ada2a4f0d0763c25febd653,7389b4610f5b26a6,7,True,10.1929,10.32142,10.325884,49.0,2.358484890554861,4807.267804059688
sqam/24_tuba_arpegio_melodious_phrase_stereo.wav,sqam,baseline,low,checked,2160900,2,44100,1313472,725482cd0cada45faadf3bd1325ad5b7a461b0a49ada2a4f0d0763c25febd653,7389b4610f5b26a6,7,True,10.4162,10.67882,10.696964,49.0,2.4101531769170252,4704.210748641539
sqam/24_tuba_arpegio_melodious_phrase_stereo.wav,sqam,candidate,low,checked,2160900,2,44100,1313472,725482cd0cada45faadf3bd1325ad5b7a461b0a49ada2a4f0d0763c25febd653,7389b4610f5b26a6,7,True,10.2135,10.31183,10.317806000000001,49.0,2.3632514230181867,4797.571841190581
sqam/24_tuba_arpegio_melodious_phrase_stereo.wav,sqam,reference,default,qoa,2160900,2,44100,1745648,207b6506288817ee5833a7df87fc3568dc0aeb34eba0d931e8a9227043c27c2f,34f4efa31037025f,7,True,12.9208,13.26189,13.267097999999999,49.0,2.989680225831829,3792.334839947991
sqam/25_harp_arpegio_melodious_phrase_stereo.wav,sqam,baseline,high,checked,2998800,2,44100,2422492,bc7f8d2fbbe64af27e9348441331e802bdbd74694ba27814db8184eca3249723,40c09890c3d5ec73,7,True,14.4628,14.73049,14.770018,68.0,2.4114312391623316,4701.71750974915
sqam/25_harp_arpegio_melodious_phrase_stereo.wav,sqam,candidate,high,checked,2998800,2,44100,2422492,bc7f8d2fbbe64af27e9348441331e802bdbd74694ba27814db8184eca3249723,40c09890c3d5ec73,7,True,14.2947,14.442029999999999,14.467206,68.0,2.383403361344538,4757.00784206734
sqam/25_harp_arpegio_melodious_phrase_stereo.wav,sqam,baseline,medium,checked,2998800,2,44100,1822732,c8bd689c419df4c3cd422bee353284f6ceaf2627e923d2a3caac13671da57549,79ab77aa295f8c60,7,True,14.3606,14.87411,14.916421999999999,68.0,2.394391089769241,4735.178195897108
sqam/25_harp_arpegio_melodious_phrase_stereo.wav,sqam,candidate,medium,checked,2998800,2,44100,1822732,c8bd689c419df4c3cd422bee353284f6ceaf2627e923d2a3caac13671da57549,79ab77aa295f8c60,7,True,14.0186,14.224060000000001,14.251852000000001,68.0,2.3373682806455918,4850.698357895939
sqam/25_harp_arpegio_melodious_phrase_stereo.wav,sqam,baseline,low,checked,2998800,2,44100,1822732,c8bd689c419df4c3cd422bee353284f6ceaf2627e923d2a3caac13671da57549,79ab77aa295f8c60,7,True,14.5151,15.04205,15.06089,68.0,2.42015139389089,4684.776543048274
sqam/25_harp_arpegio_melodious_phrase_stereo.wav,sqam,candidate,low,checked,2998800,2,44100,1822732,c8bd689c419df4c3cd422bee353284f6ceaf2627e923d2a3caac13671da57549,79ab77aa295f8c60,7,True,14.0256,14.33089,14.363938,68.0,2.3385354141656665,4848.277435546429
sqam/25_harp_arpegio_melodious_phrase_stereo.wav,sqam,reference,default,qoa,2998800,2,44100,2422488,4c4e00c807ceb0f703614057a072e42fad4f68993684b6d57a536f87b94e6d31,40c09890c3d5ec73,7,True,18.0513,18.516810000000003,18.529602,68.0,3.0097539015606243,3767.0417089073912
sqam/26_claves_single_tone_single_tone_rhythm_stereo.wav,sqam,baseline,high,checked,1719900,2,44100,1389372,5b88149f788fd5e2abc26f2c86ed88b86896666b70601fb6977eea270843eaa5,fedb1b9f209fe0d4,7,True,8.2852,8.428605,8.458401,39.0,2.4086284086284087,4707.18872205861
sqam/26_claves_single_tone_single_tone_rhythm_stereo.wav,sqam,candidate,high,checked,1719900,2,44100,1389372,5b88149f788fd5e2abc26f2c86ed88b86896666b70601fb6977eea270843eaa5,fedb1b9f209fe0d4,7,True,8.17905,8.265755,8.278511,39.0,2.377769056340485,4768.279934711244
sqam/26_claves_single_tone_single_tone_rhythm_stereo.wav,sqam,baseline,medium,checked,1719900,2,44100,1046404,e05a4cfe72375e0c5e89bc2230f9d7da07879dc75cb9ad10884592d59a956d46,9dc87f73e1bf1268,7,True,8.227,8.574625,8.577205,39.0,2.391708820280249,4740.488634982375
sqam/26_claves_single_tone_single_tone_rhythm_stereo.wav,sqam,candidate,medium,checked,1719900,2,44100,1046404,e05a4cfe72375e0c5e89bc2230f9d7da07879dc75cb9ad10884592d59a956d46,9dc87f73e1bf1268,7,True,8.0209,8.13491,8.145902,39.0,2.33179254607826,4862.297248438455
sqam/26_claves_single_tone_single_tone_rhythm_stereo.wav,sqam,baseline,low,checked,1719900,2,44100,1045392,032fca2e57b17acd28523b0557a8e2937acbfe284cc004c834fce38acbc58b78,290347487d1e4f70,7,True,8.3778,8.58686,8.594132,39.0,2.4355485784057214,4655.160065888419
sqam/26_claves_single_tone_single_tone_rhythm_stereo.wav,sqam,candidate,low,checked,1719900,2,44100,1045392,032fca2e57b17acd28523b0557a8e2937acbfe284cc004c834fce38acbc58b78,290347487d1e4f70,7,True,8.1023,8.20143,8.206325999999999,39.0,2.35545671259957,4813.448033274502
sqam/26_claves_single_tone_single_tone_rhythm_stereo.wav,sqam,reference,default,qoa,1719900,2,44100,1389368,4b6c04c8de907deb290b4ff60ffd24df339e9d3886d0292dae7251af3d7a4f25,fedb1b9f209fe0d4,7,True,10.3166,10.43391,10.447422,39.0,2.999185999185999,3780.3152201306634
sqam/27_castanets_single_tone_rhythm_stereo.wav,sqam,baseline,high,checked,882000,2,44100,712532,defcd99179681e355c888624a10e6f1bc07acf46ff1159385f23409465c7acdf,6ce059b7b00cb684,7,True,4.198466667,4.301766666900001,4.31224666698,20.0,2.3800831445578234,4763.643869606075
sqam/27_castanets_single_tone_rhythm_stereo.wav,sqam,candidate,high,checked,882000,2,44100,712532,defcd99179681e355c888624a10e6f1bc07acf46ff1159385f23409465c7acdf,6ce059b7b00cb684,7,True,4.108866667,4.1755,4.18102,20.0,2.3292894937641724,4867.5222685195
sqam/27_castanets_single_tone_rhythm_stereo.wav,sqam,baseline,medium,checked,882000,2,44100,542576,7c6d0999c8a10571f05d1dc7f6536b7013cba63837c156ef1e6c137a989f819e,729dfce9607ed3d4,7,True,4.291,4.651726666899999,4.739198666979999,20.0,2.4325396825396823,4660.918200885574
sqam/27_castanets_single_tone_rhythm_stereo.wav,sqam,candidate,medium,checked,882000,2,44100,542576,7c6d0999c8a10571f05d1dc7f6536b7013cba63837c156ef1e6c137a989f819e,729dfce9607ed3d4,7,True,4.200166667,4.221573333099999,4.226261333019999,20.0,2.381046863378685,4761.715804550477
sqam/27_castanets_single_tone_rhythm_stereo.wav,sqam,baseline,low,checked,882000,2,44100,540556,88c108d71d080f05881be240c1b71cbb22a557f1f781837804c88beac1108ab1,9ffedca45c3d4f9c,7,True,4.270566667,4.3967500001,4.4334300000199995,20.0,2.4209561604308387,4683.219244543408
sqam/27_castanets_single_tone_rhythm_stereo.wav,sqam,candidate,low,checked,882000,2,44100,540556,88c108d71d080f05881be240c1b71cbb22a557f1f781837804c88beac1108ab1,9ffedca45c3d4f9c,7,True,4.1609,4.2512333332,4.25571333304,20.0,2.3587868480725622,4806.652406931193
sqam/27_castanets_single_tone_rhythm_stereo.wav,sqam,reference,default,qoa,882000,2,44100,712528,1551db265bdb31c97f614ed21cbe7c7746c6eb5d6f1ba181cc29c175133af347,6ce059b7b00cb684,7,True,5.126,5.358305,5.399141,20.0,2.9058956916099774,3901.67772142021
sqam/28_side_drum_stereo.wav,sqam,baseline,high,checked,3351600,2,44100,2707492,24eb3415f5277bf1adf7abfe3fe0947892c73475df3580b3c25f4f5db6f31ab9,d0f840c06213a343,7,True,16.3479,16.73717,16.767433999999998,76.0,2.4388202649480846,4648.915151181497
sqam/28_side_drum_stereo.wav,sqam,candidate,high,checked,3351600,2,44100,2707492,24eb3415f5277bf1adf7abfe3fe0947892c73475df3580b3c25f4f5db6f31ab9,d0f840c06213a343,7,True,16.1264,16.263749999999998,16.28379,76.0,2.4057763456259695,4712.7691239210235
sqam/28_side_drum_stereo.wav,sqam,baseline,medium,checked,3351600,2,44100,2037374,76a75c433d65012a109fa86758fcfe8416bd0d30180c3345fead43d61fa7bd01,7f5757d5a2ec860b,7,True,16.2098,16.930500000000002,16.9857,76.0,2.418218164458766,4688.521758442424
sqam/28_side_drum_stereo.wav,sqam,candidate,medium,checked,3351600,2,44100,2037374,76a75c433d65012a109fa86758fcfe8416bd0d30180c3345fead43d61fa7bd01,7f5757d5a2ec860b,7,True,15.904,16.107879999999998,16.141575999999997,76.0,2.372598162071846,4778.672032193159
sqam/28_side_drum_stereo.wav,sqam,baseline,low,checked,3351600,2,44100,2037172,d344a9a43efd136461facce0d6c2f2a49b83c6cd13f8dc965366cd91b7f31083,b065ac62d787fe28,7,True,15.9941,17.12785,17.40901,76.0,2.3860395035207067,4751.752208626931
sqam/28_side_drum_stereo.wav,sqam,candidate,low,checked,3351600,2,44100,2037172,d344a9a43efd136461facce0d6c2f2a49b83c6cd13f8dc965366cd91b7f31083,b065ac62d787fe28,7,True,15.8706,16.36796,16.442072,76.0,2.3676154672395273,4788.728844530137
sqam/28_side_drum_stereo.wav,sqam,reference,default,qoa,3351600,2,44100,2707488,ff00a6febb1d178929ba9487845d4a9406ace37856513e1cfdaba5918391ed4f,d0f840c06213a343,7,True,20.3436,20.68098,20.689956,76.0,3.034908700322234,3735.8186358363323
sqam/29_bass_drum_single_tone_stereo.wav,sqam,baseline,high,checked,1058400,2,44100,855012,fd3542a9fc85ad7cdfbbaff26843d84fbdbe44502c6c701d8bfc9ecafeff96e3,623afafa3db18161,7,True,5.05875,5.097045,5.100009,24.0,2.389810090702948,4744.255003706449
sqam/29_bass_drum_single_tone_stereo.wav,sqam,candidate,high,checked,1058400,2,44100,855012,fd3542a9fc85ad7cdfbbaff26843d84fbdbe44502c6c701d8bfc9ecafeff96e3,623afafa3db18161,7,True,5.03645,5.0832749999999995,5.0901749999999995,24.0,2.379275321239607,4765.261245520158
sqam/29_bass_drum_single_tone_stereo.wav,sqam,baseline,medium,checked,1058400,2,44100,643332,ddef8a61d3c50cefc585b62de00d4d001b11da14b2d5b44e5cfa0f27fa3b4690,e2c411f11d692b88,7,True,5.01995,5.3400799999999995,5.411576,24.0,2.3714805366591083,4780.924112789969
sqam/29_bass_drum_single_tone_stereo.wav,sqam,candidate,medium,checked,1058400,2,44100,643332,ddef8a61d3c50cefc585b62de00d4d001b11da14b2d5b44e5cfa0f27fa3b4690,e2c411f11d692b88,7,True,4.968933333,4.977679999999999,4.979215999999999,24.0,2.347379692460317,4830.010465346688
sqam/29_bass_drum_single_tone_stereo.wav,sqam,baseline,low,checked,1058400,2,44100,643332,ddef8a61d3c50cefc585b62de00d4d001b11da14b2d5b44e5cfa0f27fa3b4690,e2c411f11d692b88,7,True,5.055,5.4795,5.57034,24.0,2.3880385487528346,4747.774480712166
sqam/29_bass_drum_single_tone_stereo.wav,sqam,candidate,low,checked,1058400,2,44100,643332,ddef8a61d3c50cefc585b62de00d4d001b11da14b2d5b44e5cfa0f27fa3b4690,e2c411f11d692b88,7,True,4.963266667,5.00583,5.006766,24.0,2.3447026960506427,4835.524989937036
sqam/29_bass_drum_single_tone_stereo.wav,sqam,reference,default,qoa,1058400,2,44100,855008,fc8cbcaccd665e1420f9a2cf72601c20168ce7c74efb7ed77754e313ab9be45e,623afafa3db18161,7,True,6.4008,6.49337,6.515114,24.0,3.0238095238095237,3749.5313085864263
sqam/30_kettle_drums_single_tone_stereo.wav,sqam,baseline,high,checked,1146600,2,44100,926252,c2ec0d2f9a9641002e29260e7fb92c8e12268ef476d6616eef62947ae0717299,55c6457f81f35882,7,True,5.4998,5.688059999999999,5.739852,26.0,2.398308041165184,4727.4446343503405
sqam/30_kettle_drums_single_tone_stereo.wav,sqam,candidate,high,checked,1146600,2,44100,926252,c2ec0d2f9a9641002e29260e7fb92c8e12268ef476d6616eef62947ae0717299,55c6457f81f35882,7,True,5.4151,5.46271,5.4745420000000005,26.0,2.361372754229897,4801.3887093497815
sqam/30_kettle_drums_single_tone_stereo.wav,sqam,baseline,medium,checked,1146600,2,44100,696932,514043ad83fd3143a2c4a47512f3ff13f0738be47bb1e63d718baff970bf79ff,43c2aba6ae93fe13,7,True,5.53265,5.894845,5.974249,26.0,2.4126330019187163,4699.375525290774
sqam/30_kettle_drums_single_tone_stereo.wav,sqam,candidate,medium,checked,1146600,2,44100,696932,514043ad83fd3143a2c4a47512f3ff13f0738be47bb1e63d718baff970bf79ff,43c2aba6ae93fe13,7,True,5.4098,5.4705900000000005,5.4900780000000005,26.0,2.3590615733472875,4806.092646678251
sqam/30_kettle_drums_single_tone_stereo.wav,sqam,baseline,low,checked,1146600,2,44100,696932,514043ad83fd3143a2c4a47512f3ff13f0738be47bb1e63d718baff970bf79ff,43c2aba6ae93fe13,7,True,5.45145,5.93744,5.995807999999999,26.0,2.3772239665096806,4769.373286006475
sqam/30_kettle_drums_single_tone_stereo.wav,sqam,candidate,low,checked,1146600,2,44100,696932,514043ad83fd3143a2c4a47512f3ff13f0738be47bb1e63d718baff970bf79ff,43c2aba6ae93fe13,7,True,5.4022,5.4332,5.4401600000000006,26.0,2.3557474271759986,4812.854022435305
sqam/30_kettle_drums_single_tone_stereo.wav,sqam,reference,default,qoa,1146600,2,44100,926248,0b6251a45c7582440db4912b242e342d535f1cd8c417c3aa1d48211e704736fd,55c6457f81f35882,7,True,6.7976,6.936345,6.954069,26.0,2.96424210709925,3824.8793691891256
sqam/31_cymbal.wav,sqam,baseline,high,checked,5468400,2,44100,4417492,573d40b5ae7459476103936d14421821000bef76f84524639489d97700c95915,fd48fb3ec4180c24,7,True,26.8609,27.832399999999996,28.11704,124.0,2.456010898983249,4616.375475133
sqam/31_cymbal.wav,sqam,candidate,high,checked,5468400,2,44100,4417492,573d40b5ae7459476103936d14421821000bef76f84524639489d97700c95915,fd48fb3ec4180c24,7,True,26.4365,26.55699,26.560518,124.0,2.4172061297637333,4690.4847464679515
sqam/31_cymbal.wav,sqam,baseline,medium,checked,5468400,2,44100,3348004,ee489a2dc2df55385138365e40ac79f8040f443a16a7f8d02d819f1554139c85,cd157a00881cf4c0,7,True,26.905,28.11301,28.167081999999997,124.0,2.460043157047765,4608.808771603791
sqam/31_cymbal.wav,sqam,candidate,medium,checked,5468400,2,44100,3348004,ee489a2dc2df55385138365e40ac79f8040f443a16a7f8d02d819f1554139c85,cd157a00881cf4c0,7,True,26.4662,26.711489999999998,26.756297999999997,124.0,2.4199217321337136,4685.221149995088
sqam/31_cymbal.wav,sqam,baseline,low,checked,5468400,2,44100,3325244,ef6dc9073af998717b1bb26cc210907e4e3ddc9371de2b36f984d53ff2af0a1d,2e5f261039d3dac0,7,True,26.8375,28.752609999999997,29.065402,124.0,2.4538713334796283,4620.400558919423
sqam/31_cymbal.wav,sqam,candidate,low,checked,5468400,2,44100,3325244,ef6dc9073af998717b1bb26cc210907e4e3ddc9371de2b36f984d53ff2af0a1d,2e5f261039d3dac0,7,True,25.877,26.56839,26.663118,124.0,2.3660485699656206,4791.900142984117
sqam/31_cymbal.wav,sqam,reference,default,qoa,5468400,2,44100,4417488,796863dbe6bbf9ebcf9afff265b44ad89bd552c0840ed552aeef000ab23b3baa,fd48fb3ec4180c24,7,True,33.4831,34.16233,34.309666,124.0,3.0615079365079363,3703.360799925933
sqam/32_triangles-triangle_roll_stereo.wav,sqam,baseline,high,checked,3263400,2,44100,2636252,17d0a4d23b7364a25014868ec5c2eff3e2a19c2e79a277234c213deb7c0d7480,c71fefea2955db18,7,True,15.8614,16.12255,16.17307,74.0,2.4301955016240733,4665.414150075025
sqam/32_triangles-triangle_roll_stereo.wav,sqam,candidate,high,checked,3263400,2,44100,2636252,17d0a4d23b7364a25014868ec5c2eff3e2a19c2e79a277234c213deb7c0d7480,c71fefea2955db18,7,True,15.6808,15.8938,15.901720000000001,74.0,2.4025249739535455,4719.146982296822
sqam/32_triangles-triangle_roll_stereo.wav,sqam,baseline,medium,checked,3263400,2,44100,1991034,f595797e2ab1b783d38afcbc88f156008814971a5a8a8bf8565913a8a6447c9b,6e3149baa450b80f,7,True,16.1817,16.655839999999998,16.712048,74.0,2.4792700864129436,4573.067106669881
sqam/32_triangles-triangle_roll_stereo.wav,sqam,candidate,medium,checked,3263400,2,44100,1991034,f595797e2ab1b783d38afcbc88f156008814971a5a8a8bf8565913a8a6447c9b,6e3149baa450b80f,7,True,15.5592,15.7653,15.8085,74.0,2.3838940981798125,4756.028587588051
sqam/32_triangles-triangle_roll_stereo.wav,sqam,baseline,low,checked,3263400,2,44100,1984650,1787f57baa8ef63ab3c0f29561751ff71b94330358022a689c790598677ece94,9de680484ff94cdc,7,True,16.0768,16.766090000000002,16.869938,74.0,2.4631978917693202,4602.906050955415
sqam/32_triangles-triangle_roll_stereo.wav,sqam,candidate,low,checked,3263400,2,44100,1984650,1787f57baa8ef63ab3c0f29561751ff71b94330358022a689c790598677ece94,9de680484ff94cdc,7,True,15.581,15.69154,15.717027999999999,74.0,2.3872341729484585,4749.374237853796
sqam/32_triangles-triangle_roll_stereo.wav,sqam,reference,default,qoa,3263400,2,44100,2636248,e20637952a7f68e3437085b02887476d63d3d60c84190bd514dfb7ff3851b542,c71fefea2955db18,7,True,19.7954,20.060689999999997,20.099258,74.0,3.0329411043696757,3738.242217889004
sqam/33_gong_single_tone_forte_single_tone_piano_roll_stereo.wav,sqam,baseline,high,checked,11730600,2,44100,9476172,b5598657dbdd685d9258dbe601629bfcb3dae3b6abf6b73054e9113528a2bb4b,85413a342bd84033,7,True,59.2725,64.58072,65.941904,266.0,2.52640529896169,4487.74726896959
sqam/33_gong_single_tone_forte_single_tone_piano_roll_stereo.wav,sqam,candidate,high,checked,11730600,2,44100,9476172,b5598657dbdd685d9258dbe601629bfcb3dae3b6abf6b73054e9113528a2bb4b,85413a342bd84033,7,True,58.5789,60.647369999999995,61.319874,266.0,2.496841593780369,4540.88417501865
sqam/33_gong_single_tone_forte_single_tone_piano_roll_stereo.wav,sqam,baseline,medium,checked,11730600,2,44100,7131010,8f4fb9983005289baa2069c6afbfa8bc4f67b6755dff67747061fe698bae5dc1,667667009f01df4e,7,True,60.6313,62.26031,62.298061999999994,266.0,2.584322200057968,4387.17296182005
sqam/33_gong_single_tone_forte_single_tone_piano_roll_stereo.wav,sqam,candidate,medium,checked,11730600,2,44100,7131010,8f4fb9983005289baa2069c6afbfa8bc4f67b6755dff67747061fe698bae5dc1,667667009f01df4e,7,True,56.9976,59.19266,59.493332,266.0,2.4294409493120557,4666.8631661684
sqam/33_gong_single_tone_forte_single_tone_piano_roll_stereo.wav,sqam,baseline,low,checked,11730600,2,44100,7130052,19e3109a6c5a86e5554045972e263c2e5fb35a8de908905036ac836b89db7a9a,f2978e41993063df,7,True,58.0685,59.02952,59.274704,266.0,2.4750865258384054,4580.796817551684
sqam/33_gong_single_tone_forte_single_tone_piano_roll_stereo.wav,sqam,candidate,low,checked,11730600,2,44100,7130052,19e3109a6c5a86e5554045972e263c2e5fb35a8de908905036ac836b89db7a9a,f2978e41993063df,7,True,57.3018,59.58721,59.887282,266.0,2.442407038003171,4642.088032138607
sqam/33_gong_single_tone_forte_single_tone_piano_roll_stereo.wav,sqam,reference,default,qoa,11730600,2,44100,9476168,8eb21a5dccdc2f8e69b6e8a15b105e95f4cfb0e96db2f0010e35198a21229587,85413a342bd84033,7,True,71.0365,71.63369,71.696978,266.0,3.027828926056638,3744.5538561162216
sqam/34_tubular_bells_melodious_phrase_stereo.wav,sqam,baseline,high,checked,1190700,2,44100,961892,eb29b99a822a909153fcf19194b085b3eb3a625f84b485dc4082d199f944fe62,5a046e70b7940d19,7,True,5.75355,5.930785,5.986717,27.0,2.4160367850844042,4692.754907839508
sqam/34_tubular_bells_melodious_phrase_stereo.wav,sqam,candidate,high,checked,1190700,2,44100,961892,eb29b99a822a909153fcf19194b085b3eb3a625f84b485dc4082d199f944fe62,5a046e70b7940d19,7,True,5.6736,5.707814999999999,5.716683,27.0,2.382464096749811,4758.883248730964
sqam/34_tubular_bells_melodious_phrase_stereo.wav,sqam,baseline,medium,checked,1190700,2,44100,723818,348f8700549dfcc1f1b3220432f199345fcae3c890867b5c8875d8bc03194402,c101eafeb0c0c59e,7,True,5.7453,6.124264999999999,6.168533,27.0,2.4125724363819603,4699.4934990339925
sqam/34_tubular_bells_melodious_phrase_stereo.wav,sqam,candidate,medium,checked,1190700,2,44100,723818,348f8700549dfcc1f1b3220432f199345fcae3c890867b5c8875d8bc03194402,c101eafeb0c0c59e,7,True,5.71895,5.786445,5.791569,27.0,2.4015075165868818,4721.146364280156
sqam/34_tubular_bells_melodious_phrase_stereo.wav,sqam,baseline,low,checked,1190700,2,44100,723752,32341db25c6f9b4c98688d66d1c0e6211aeddbc071bf0e7f091ab51c8b25ce50,d4693886868d8a93,7,True,5.7741,6.07808,6.091736,27.0,2.424666162761401,4676.053410921183
sqam/34_tubular_bells_melodious_phrase_stereo.wav,sqam,candidate,low,checked,1190700,2,44100,723752,32341db25c6f9b4c98688d66d1c0e6211aeddbc071bf0e7f091ab51c8b25ce50,d4693886868d8a93,7,True,5.62085,5.736895,5.752219,27.0,2.3603132611069118,4803.543947979399
sqam/34_tubular_bells_melodious_phrase_stereo.wav,sqam,reference,default,qoa,1190700,2,44100,961888,8399c437248fff63bc16b9e32199ad86b5a819b461369a7ac5efbab34b005642,5a046e70b7940d19,7,True,7.1557,7.281835,7.282567,27.0,3.0048290921306795,3773.2157580669955
sqam/35_glockenspiel_arpegio_melodious_phrase_stereo.wav,sqam,baseline,high,checked,2601900,2,44100,2101892,e416ad1eda80f52b999401083f65474d24dbd1d369dba9f772be7b4bc2929dd8,3a9b14a17219db15,7,True,12.6958,12.892900000000001,12.9205,59.0,2.439717129789769,4647.206162667969
sqam/35_glockenspiel_arpegio_melodious_phrase_stereo.wav,sqam,candidate,high,checked,2601900,2,44100,2101892,e416ad1eda80f52b999401083f65474d24dbd1d369dba9f772be7b4bc2929dd8,3a9b14a17219db15,7,True,12.7626,13.04684,13.118167999999999,59.0,2.452553902917099,4622.882484760158
sqam/35_glockenspiel_arpegio_melodious_phrase_stereo.wav,sqam,baseline,medium,checked,2601900,2,44100,1588612,a4b5c5b2b0b0be6ab94d266d8a453eda2042f6f0a9b8b36212a4b11529a490fa,82283d998dba3399,7,True,12.8643,13.29847,13.324894,59.0,2.472097313501672,4586.335828610962
sqam/35_glockenspiel_arpegio_melodious_phrase_stereo.wav,sqam,candidate,medium,checked,2601900,2,44100,1588612,a4b5c5b2b0b0be6ab94d266d8a453eda2042f6f0a9b8b36212a4b11529a490fa,82283d998dba3399,7,True,12.5614,12.95003,13.025366,59.0,2.4138898497252006,4696.928686292928
sqam/35_glockenspiel_arpegio_melodious_phrase_stereo.wav,sqam,baseline,low,checked,2601900,2,44100,1583028,36c0663a403d9c4a019ddb3a0f771ce8abb52610ab5cd3edcb4bf5748f715a76,0b81c7ada1e8279b,7,True,12.6895,12.92561,12.944642,59.0,2.4385064760367423,4649.513377201623
sqam/35_glockenspiel_arpegio_melodious_phrase_stereo.wav,sqam,candidate,low,checked,2601900,2,44100,1583028,36c0663a403d9c4a019ddb3a0f771ce8abb52610ab5cd3edcb4bf5748f715a76,0b81c7ada1e8279b,7,True,12.5447,12.7929,12.8037,59.0,2.4106806564433683,4703.181423230528
sqam/35_glockenspiel_arpegio_melodious_phrase_stereo.wav,sqam,reference,default,qoa,2601900,2,44100,2101888,fdccb2d5355f166ff43aee11f9d99998f2568487c567c722a188b59d757fdbfc,3a9b14a17219db15,7,True,15.8625,16.22062,16.243804,59.0,3.0482531995849187,3719.4641449960595
sqam/36_xylophone_single_tone_melodious_phrase_stereo.wav,sqam,baseline,high,checked,2205000,2,44100,1781252,311059eef893e0804d1bcfd068be22692fa0af7c95d92745c8e50b84e0bca915,de049bbe90fac7d2,7,True,10.9131,12.350539999999999,12.668108,50.0,2.474625850340136,4581.649577113744
sqam/36_xylophone_single_tone_melodious_phrase_stereo.wav,sqam,candidate,high,checked,2205000,2,44100,1781252,311059eef893e0804d1bcfd068be22692fa0af7c95d92745c8e50b84e0bca915,de049bbe90fac7d2,7,True,10.9157,11.07583,11.079646,50.0,2.4752154195011338,4580.558278442977
sqam/36_xylophone_single_tone_melodious_phrase_stereo.wav,sqam,baseline,medium,checked,2205000,2,44100,1342442,f118b03c1b659835535c65aaef9305a83e376f46bfaf247942befbc485a9b498,075ea874498a4817,7,True,11.4175,11.96954,11.981828,50.0,2.5890022675736963,4379.242391066346
sqam/36_xylophone_single_tone_melodious_phrase_stereo.wav,sqam,candidate,medium,checked,2205000,2,44100,1342442,f118b03c1b659835535c65aaef9305a83e376f46bfaf247942befbc485a9b498,075ea874498a4817,7,True,10.6835,11.15149,11.215978,50.0,2.422562358276644,4680.1141947863525
sqam/36_xylophone_single_tone_melodious_phrase_stereo.wav,sqam,baseline,low,checked,2205000,2,44100,1340252,2ebb3e6b91d4f427d08cf65af67289c1b85c279095475a0222f1f1a268bf5cef,daccb29855dfb08d,7,True,11.5582,11.98276,12.083032,50.0,2.620907029478458,4325.933103770483
sqam/36_xylophone_single_tone_melodious_phrase_stereo.wav,sqam,candidate,low,checked,2205000,2,44100,1340252,2ebb3e6b91d4f427d08cf65af67289c1b85c279095475a0222f1f1a268bf5cef,daccb29855dfb08d,7,True,10.8322,10.95469,10.972138,50.0,2.456281179138322,4615.867506139104
sqam/36_xylophone_single_tone_melodious_phrase_stereo.wav,sqam,reference,default,qoa,2205000,2,44100,1781248,9edcae66aa816ee1f00dc00d7b38a677799c160d94b351c38ed89b699299c34c,de049bbe90fac7d2,7,True,13.4963,13.70589,13.708698,50.0,3.0603854875283445,3704.7190711528347
sqam/37_vibraphone_arpegio_stereo.wav,sqam,baseline,high,checked,661500,2,44100,534412,4b92df83fa0ae2a965b3e3649e8192a4e0820540f845fa21a33227093525a89f,cb7e7c96926457e3,7,True,3.231525,3.291935,3.292547,15.0,2.4425736961451245,4641.771299928053
sqam/37_vibraphone_arpegio_stereo.wav,sqam,candidate,high,checked,661500,2,44100,534412,4b92df83fa0ae2a965b3e3649e8192a4e0820540f845fa21a33227093525a89f,cb7e7c96926457e3,7,True,3.22765,3.2483625,3.2513325,15.0,2.439644746787604,4647.344042879494
sqam/37_vibraphone_arpegio_stereo.wav,sqam,baseline,medium,checked,661500,2,44100,402246,baf9bed37da72c788781cd5f020b48896566522904b6f2593e5bd48193895741,371f5e8b65ba9915,7,True,3.3163,3.4509133331,3.45780933302,15.0,2.5066515495086925,4523.113107981787
sqam/37_vibraphone_arpegio_stereo.wav,sqam,candidate,medium,checked,661500,2,44100,402246,baf9bed37da72c788781cd5f020b48896566522904b6f2593e5bd48193895741,371f5e8b65ba9915,7,True,3.184475,3.2313975,3.2389395,15.0,2.407010582010582,4710.352569889857
sqam/37_vibraphone_arpegio_stereo.wav,sqam,baseline,low,checked,661500,2,44100,402112,829754a32a427ce46ab2ce49195f78548fa389482691146acd0c49eb2337ee1c,3f84a64a3ce3ba9d,7,True,3.253725,3.3930066670000003,3.3997746670000004,15.0,2.4593537414965985,4610.100730700966
sqam/37_vibraphone_arpegio_stereo.wav,sqam,candidate,low,checked,661500,2,44100,402112,829754a32a427ce46ab2ce49195f78548fa389482691146acd0c49eb2337ee1c,3f84a64a3ce3ba9d,7,True,3.18665,3.2710874999999997,3.2964974999999996,15.0,2.408654572940287,4707.137589631745
sqam/37_vibraphone_arpegio_stereo.wav,sqam,reference,default,qoa,661500,2,44100,534408,668c6ec8eb4846a184b32dde120326ecb8b31294638b47b2e29e43b8316b2292,cb7e7c96926457e3,7,True,3.996233333,4.084006667,4.089334667,15.0,3.020584529856387,3753.534578707744
sqam/38_marimba_single_tone_stereo.wav,sqam,baseline,high,checked,926100,2,44100,748132,e406bc985e806a0c16678d7ae2598da91389683b480947a3f6de170b2a113655,10af4a5c4d4b40ff,7,True,4.548133333,4.6380066668,4.64437466696,21.0,2.4555303601122986,4617.278883982973
sqam/38_marimba_single_tone_stereo.wav,sqam,candidate,high,checked,926100,2,44100,748132,e406bc985e806a0c16678d7ae2598da91389683b480947a3f6de170b2a113655,10af4a5c4d4b40ff,7,True,4.546633333,4.6131899998999994,4.63343799998,21.0,2.4547205123636755,4618.80219097052
sqam/38_marimba_single_tone_stereo.wav,sqam,baseline,medium,checked,926100,2,44100,562912,92cb06e0eeda03930664837cd2ffb86b5321834bf05633df6ba828719b3628dc,df361fed276c8ee4,7,True,4.721,4.9473200000999995,5.00874400002,21.0,2.5488608141669364,4448.210124973522
sqam/38_marimba_single_tone_stereo.wav,sqam,candidate,medium,checked,926100,2,44100,562912,92cb06e0eeda03930664837cd2ffb86b5321834bf05633df6ba828719b3628dc,df361fed276c8ee4,7,True,4.4462,4.5335799999,4.53695599998,21.0,2.4004967066191556,4723.134361927038
sqam/38_marimba_single_tone_stereo.wav,sqam,baseline,low,checked,926100,2,44100,562912,92cb06e0eeda03930664837cd2ffb86b5321834bf05633df6ba828719b3628dc,df361fed276c8ee4,7,True,4.501133333,5.77795,5.93455,21.0,2.430155130655437,4665.491654299323
sqam/38_marimba_single_tone_stereo.wav,sqam,candidate,low,checked,926100,2,44100,562912,92cb06e0eeda03930664837cd2ffb86b5321834bf05633df6ba828719b3628dc,df361fed276c8ee4,7,True,4.5862,5.3129100001,5.47314200002,21.0,2.4760824964906596,4578.954254066548
sqam/38_marimba_single_tone_stereo.wav,sqam,reference,default,qoa,926100,2,44100,748128,2b3c991230e497280fd1beae86971dcfdbcf2aeec575775ec09e0a55ab890201,10af4a5c4d4b40ff,7,True,5.7505,5.781785,5.788997,21.0,3.1046863189720333,3651.8563603164944
sqam/39_grand_piano_arpegio_stereo.wav,sqam,baseline,high,checked,6041700,2,44100,4880612,655b4f41f44b8b4627eab51263e6d69ae39861fbd264ad9a74385b7e5fdc6513,af985d4386d15fdb,7,True,29.9935,30.27156,30.312552,137.0,2.482206994720029,4567.656325537199
sqam/39_grand_piano_arpegio_stereo.wav,sqam,candidate,high,checked,6041700,2,44100,4880612,655b4f41f44b8b4627eab51263e6d69ae39861fbd264ad9a74385b7e5fdc6513,af985d4386d15fdb,7,True,29.5324,29.95424,30.001088,137.0,2.4440472052567985,4638.972789207785
sqam/39_grand_piano_arpegio_stereo.wav,sqam,baseline,medium,checked,6041700,2,44100,3672406,d5fe28d9586fecb83967be72949ce38857dba099e4768317afb542bfad9fb7a6,75683e8f7e880601,7,True,30.2965,31.13633,31.251746,137.0,2.507282718440174,4521.974485501625
sqam/39_grand_piano_arpegio_stereo.wav,sqam,candidate,medium,checked,6041700,2,44100,3672406,d5fe28d9586fecb83967be72949ce38857dba099e4768317afb542bfad9fb7a6,75683e8f7e880601,7,True,29.4546,30.27348,30.356616000000002,137.0,2.437608620090372,4651.225954519838
sqam/39_grand_piano_arpegio_stereo.wav,sqam,baseline,low,checked,6041700,2,44100,3672272,0df2764023e81cb2afc372fbc2959060af2fd0aaf590c74e297080e7cdc1ff4a,e42807f806faf529,7,True,30.9241,32.27981,32.284922,137.0,2.5592217422248704,4430.20168735711
sqam/39_grand_piano_arpegio_stereo.wav,sqam,candidate,low,checked,6041700,2,44100,3672272,0df2764023e81cb2afc372fbc2959060af2fd0aaf590c74e297080e7cdc1ff4a,e42807f806faf529,7,True,29.7029,30.207069999999998,30.324454,137.0,2.4581574722346358,4612.344249214723
sqam/39_grand_piano_arpegio_stereo.wav,sqam,reference,default,qoa,6041700,2,44100,4880608,ae49e8a7bb7f02d8d8cc51a6d8de37d1d4512cb15bd4d978796670c40e463977,af985d4386d15fdb,7,True,37.2025,38.86383,38.967726,137.0,3.078810599665657,3682.5482158457094
sqam/40_harpsichord_arpegio_melodious_phrase_stereo.wav,sqam,baseline,high,checked,2337300,2,44100,1888132,c775e4c4d2b6e660a598804203f05b64e07313132c887ca3719947d3f8b7f1f5,afc029e2499c0b83,7,True,11.5047,11.78505,11.80773,53.0,2.461108971890643,4606.812867784471
sqam/40_harpsichord_arpegio_melodious_phrase_stereo.wav,sqam,candidate,high,checked,2337300,2,44100,1888132,c775e4c4d2b6e660a598804203f05b64e07313132c887ca3719947d3f8b7f1f5,afc029e2499c0b83,7,True,11.2341,11.37098,11.373716,53.0,2.4032216660249004,4717.778905297265
sqam/40_harpsichord_arpegio_melodious_phrase_stereo.wav,sqam,baseline,medium,checked,2337300,2,44100,1423244,aee919c63d64073c53d99edc280201a864f8f38fcae937cdb3a0e1f2fc3d11b9,0a2def9751cc3e46,7,True,11.3778,11.95377,12.001794,53.0,2.4339622641509435,4658.194026964791
sqam/40_harpsichord_arpegio_melodious_phrase_stereo.wav,sqam,candidate,medium,checked,2337300,2,44100,1423244,aee919c63d64073c53d99edc280201a864f8f38fcae937cdb3a0e1f2fc3d11b9,0a2def9751cc3e46,7,True,11.1632,11.42481,11.483442,53.0,2.388054592906345,4747.742582771965
sqam/40_harpsichord_arpegio_melodious_phrase_stereo.wav,sqam,baseline,low,checked,2337300,2,44100,1420672,a841e2bd350638e828dddd782b105290acebd9c8839a3accad386481e197dcc0,11463353fbbb8a37,7,True,11.6268,11.86537,11.883154000000001,53.0,2.4872288538056733,4558.433962913269
sqam/40_harpsichord_arpegio_melodious_phrase_stereo.wav,sqam,candidate,low,checked,2337300,2,44100,1420672,a841e2bd350638e828dddd782b105290acebd9c8839a3accad386481e197dcc0,11463353fbbb8a37,7,True,11.1607,11.33701,11.380042,53.0,2.3875197877893295,4748.80607847178
sqam/40_harpsichord_arpegio_melodious_phrase_stereo.wav,sqam,reference,default,qoa,2337300,2,44100,1888128,d02bf28cf50655aee929b332fc7cb1909aad7f0660acef4b37cd2d6293bddb7f,afc029e2499c0b83,7,True,14.283,14.44192,14.444704,53.0,3.0554485945321526,3710.7050339564516
sqam/41_celesta_arpegio_single_tone_melodious_phrase_stereo.wav,sqam,baseline,high,checked,2910600,2,44100,2351252,9c82d0710fa29e738fb010e5e89f23d30ecc9edb4c03cdaabd15b95be04f2b41,f090be1e35f15ab3,7,True,14.2862,14.52427,14.564134,66.0,2.454167525596097,4619.842925340538
sqam/41_celesta_arpegio_single_tone_melodious_phrase_stereo.wav,sqam,candidate,high,checked,2910600,2,44100,2351252,9c82d0710fa29e738fb010e5e89f23d30ecc9edb4c03cdaabd15b95be04f2b41,f090be1e35f15ab3,7,True,13.9671,14.617899999999999,14.76934,66.0,2.3993506493506493,4725.390381682669
sqam/41_celesta_arpegio_single_tone_melodious_phrase_stereo.wav,sqam,baseline,medium,checked,2910600,2,44100,1769132,ae76ca7ddcde5ac3c13b0f6ad6b9dbd9ec4fba5c3796b1db3709078f9a63cf0e,aff201b2e3100d49,7,True,14.0452,15.182970000000001,15.405234,66.0,2.4127671270528412,4699.114288155384
sqam/41_celesta_arpegio_single_tone_melodious_phrase_stereo.wav,sqam,candidate,medium,checked,2910600,2,44100,1769132,ae76ca7ddcde5ac3c13b0f6ad6b9dbd9ec4fba5c3796b1db3709078f9a63cf0e,aff201b2e3100d49,7,True,13.8576,14.10669,14.147658,66.0,2.3805400948258093,4762.729476965708
sqam/41_celesta_arpegio_single_tone_melodious_phrase_stereo.wav,sqam,baseline,low,checked,2910600,2,44100,1769132,ae76ca7ddcde5ac3c13b0f6ad6b9dbd9ec4fba5c3796b1db3709078f9a63cf0e,aff201b2e3100d49,7,True,14.2701,14.587850000000001,14.637410000000001,66.0,2.4514017728303443,4625.055185317552
sqam/41_celesta_arpegio_single_tone_melodious_phrase_stereo.wav,sqam,candidate,low,checked,2910600,2,44100,1769132,ae76ca7ddcde5ac3c13b0f6ad6b9dbd9ec4fba5c3796b1db3709078f9a63cf0e,aff201b2e3100d49,7,True,13.8555,13.95379,13.966678,66.0,2.3801793444650587,4763.451337014182
sqam/41_celesta_arpegio_single_tone_melodious_phrase_stereo.wav,sqam,reference,default,qoa,2910600,2,44100,2351248,d787ab6e10790c74a8c9b6e25b9f9aa07041f3b0bf89cfa6038dc0d1f5a2ae0a,f090be1e35f15ab3,7,True,17.6304,18.031200000000002,18.03792,66.0,3.028653885796743,3743.5338959978217
sqam/42_accordion_melodious_phrase_stereo.wav,sqam,baseline,high,checked,970200,2,44100,783772,c413f980b3b6eb6e95219b35dfa15fe3317483a50ba28fcf0558b422b6509135,ba935a91530d30fc,7,True,4.705233333,4.7418333332,4.74199333304,22.0,2.424878031849103,4675.644849683377
sqam/42_accordion_melodious_phrase_stereo.wav,sqam,candidate,high,checked,970200,2,44100,783772,c413f980b3b6eb6e95219b35dfa15fe3317483a50ba28fcf0558b422b6509135,ba935a91530d30fc,7,True,4.6437,4.706516666800001,4.710316666960001,22.0,2.393166357452072,4737.6014815771905
sqam/42_accordion_melodious_phrase_stereo.wav,sqam,baseline,medium,checked,970200,2,44100,589732,ebb76545aa6933d45a598a4993fadcc1c12aca27640fab910e392d67216ad38c,71ee9f5fef44fa25,7,True,4.714566667,4.9842700001,4.99805400002,22.0,2.4296880370026797,4666.388568432137
sqam/42_accordion_melodious_phrase_stereo.wav,sqam,candidate,medium,checked,970200,2,44100,589732,ebb76545aa6933d45a598a4993fadcc1c12aca27640fab910e392d67216ad38c,71ee9f5fef44fa25,7,True,4.624166667,5.2386433331,5.43679533302,22.0,2.3830997047000615,4757.613984158759
sqam/42_accordion_melodious_phrase_stereo.wav,sqam,baseline,low,checked,970200,2,44100,589732,ebb76545aa6933d45a598a4993fadcc1c12aca27640fab910e392d67216ad38c,71ee9f5fef44fa25,7,True,4.719833333,5.0026766668,5.00810866696,22.0,2.4324022536590397,4661.181539225338
sqam/42_accordion_melodious_phrase_stereo.wav,sqam,candidate,low,checked,970200,2,44100,589732,ebb76545aa6933d45a598a4993fadcc1c12aca27640fab910e392d67216ad38c,71ee9f5fef44fa25,7,True,4.599133333,4.7326600001,4.757652000019999,22.0,2.3701985843125133,4783.509937001429
sqam/42_accordion_melodious_phrase_stereo.wav,sqam,reference,default,qoa,970200,2,44100,783768,e540dcbbd4a03466abaa6e055ea97f788823c782431d3224750fe66b4583663c,ba935a91530d30fc,7,True,5.926,5.975445,5.979969,22.0,3.054009482580911,3712.4535943300707
sqam/43_organ_arpegio_stereo.wav,sqam,baseline,high,checked,3880800,2,44100,3134972,d04bb8e478de90963622fbfa8d3d45336363b3f52c7bb2e6a3b1027cef25ab7d,2bba89f4942ba450,7,True,19.1417,19.57699,19.656598,88.0,2.4662054215625644,4597.2928214317435
sqam/43_organ_arpegio_stereo.wav,sqam,candidate,high,checked,3880800,2,44100,3134972,d04bb8e478de90963622fbfa8d3d45336363b3f52c7bb2e6a3b1027cef25ab7d,2bba89f4942ba450,7,True,18.7704,19.02219,19.059558,88.0,2.4183673469387754,4688.232536333802
sqam/43_organ_arpegio_stereo.wav,sqam,baseline,medium,checked,3880800,2,44100,2368640,895b5418544feb8b8e1d1e87a8fe589286c3715ca8e033356ce279acc7b5cfce,0a84f5609d7fde85,7,True,18.9201,19.776049999999998,19.78961,88.0,2.4376546072974645,4651.138207514759
sqam/43_organ_arpegio_stereo.wav,sqam,candidate,medium,checked,3880800,2,44100,2368640,895b5418544feb8b8e1d1e87a8fe589286c3715ca8e033356ce279acc7b5cfce,0a84f5609d7fde85,7,True,18.7405,19.01388,19.097016,88.0,2.41451504844362,4695.712494330461
sqam/43_organ_arpegio_stereo.wav,sqam,baseline,low,checked,3880800,2,44100,2358812,eca357ffefbf6593bdfd2126b6bdf91ab68b2f678858947020ca8deafb1a2df7,1832f1227e5a7a3a,7,True,19.2398,19.85633,19.972946,88.0,2.4788445681302824,4573.852119044896
sqam/43_organ_arpegio_stereo.wav,sqam,candidate,low,checked,3880800,2,44100,2358812,eca357ffefbf6593bdfd2126b6bdf91ab68b2f678858947020ca8deafb1a2df7,1832f1227e5a7a3a,7,True,18.7238,19.115499999999997,19.2319,88.0,2.412363430220573,4699.90066119057
sqam/43_organ_arpegio_stereo.wav,sqam,reference,default,qoa,3880800,2,44100,3134968,e23f8b2d4fea96b4617fb400878f1dd15054c33c8fc4b1abb0710e9fc4797580,2bba89f4942ba450,7,True,23.7042,25.02731,25.341542,88.0,3.054035250463822,3712.4222711586976
sqam/44_soprano_stereo.wav,sqam,baseline,high,checked,1234800,2,44100,997532,cca6f46d31c2332f2028418149b873ca09c9f594ab3cc3872336e5279d1981f3,5a3948f62ff45c77,7,True,5.97065,6.403104999999999,6.510300999999999,28.0,2.4176587301587302,4689.606659241456
sqam/44_soprano_stereo.wav,sqam,candidate,high,checked,1234800,2,44100,997532,cca6f46d31c2332f2028418149b873ca09c9f594ab3cc3872336e5279d1981f3,5a3948f62ff45c77,7,True,6.0682,6.42606,6.482291999999999,28.0,2.4571590540978296,4614.218384364392
sqam/44_soprano_stereo.wav,sqam,baseline,medium,checked,1234800,2,44100,750572,9e9e91a00a8ffdfb79fb46c7d08eb56d859a4a1cb733e0efd15c91b7e21fd035,2eaedee51a8d2399,7,True,6.04075,6.289435,6.322687,28.0,2.4460438937479756,4635.186028224972
sqam/44_soprano_stereo.wav,sqam,candidate,medium,checked,1234800,2,44100,750572,9e9e91a00a8ffdfb79fb46c7d08eb56d859a4a1cb733e0efd15c91b7e21fd035,2eaedee51a8d2399,7,True,5.84055,5.898219999999999,5.915763999999999,28.0,2.364978134110787,4794.069051716019
sqam/44_soprano_stereo.wav,sqam,baseline,low,checked,1234800,2,44100,750572,9e9e91a00a8ffdfb79fb46c7d08eb56d859a4a1cb733e0efd15c91b7e21fd035,2eaedee51a8d2399,7,True,6.1717,6.303005,6.3113209999999995,28.0,2.499068675089083,4536.837500202537
sqam/44_soprano_stereo.wav,sqam,candidate,low,checked,1234800,2,44100,750572,9e9e91a00a8ffdfb79fb46c7d08eb56d859a4a1cb733e0efd15c91b7e21fd035,2eaedee51a8d2399,7,True,5.8783,5.970155,5.972591,28.0,2.380264010366051,4763.281901229947
sqam/44_soprano_stereo.wav,sqam,reference,default,qoa,1234800,2,44100,997528,41763df5d602d4440af7b333da72f87c40cd7a16126fd87db19ba2f325fe7bab,5a3948f62ff45c77,7,True,7.55475,7.61436,7.618392,28.0,3.059098639455782,3706.277507528376
sqam/45_alto_stereo.wav,sqam,baseline,high,checked,1323000,2,44100,1068772,df0be7fb849885d1df37a759c1ac2a36ca447419765bd17480da294f4433f0f0,9a3a249a93fc6f29,7,True,6.41925,6.482819999999999,6.493043999999999,30.0,2.4260204081632653,4673.443159247576
sqam/45_alto_stereo.wav,sqam,candidate,high,checked,1323000,2,44100,1068772,df0be7fb849885d1df37a759c1ac2a36ca447419765bd17480da294f4433f0f0,9a3a249a93fc6f29,7,True,6.3731,6.67345,6.69949,30.0,2.4085789871504155,4707.285308562552
sqam/45_alto_stereo.wav,sqam,baseline,medium,checked,1323000,2,44100,804172,635bf2f8f7ec098269658b9e9e6872eea9672dfe68a15346e94161b89bd54540,6804bc84ab265667,7,True,6.5914,6.765829999999999,6.781286,30.0,2.4910808767951624,4551.385138210395
sqam/45_alto_stereo.wav,sqam,candidate,medium,checked,1323000,2,44100,804172,635bf2f8f7ec098269658b9e9e6872eea9672dfe68a15346e94161b89bd54540,6804bc84ab265667,7,True,6.23225,6.356805,6.373161,30.0,2.355347694633409,4813.6708251434075
sqam/45_alto_stereo.wav,sqam,baseline,low,checked,1323000,2,44100,804172,635bf2f8f7ec098269658b9e9e6872eea9672dfe68a15346e94161b89bd54540,6804bc84ab265667,7,True,6.4361,6.8418399999999995,6.871048,30.0,2.4323885109599397,4661.207874333836
sqam/45_alto_stereo.wav,sqam,candidate,low,checked,1323000,2,44100,804172,635bf2f8f7ec098269658b9e9e6872eea9672dfe68a15346e94161b89bd54540,6804bc84ab265667,7,True,6.2804,6.409965,6.426153,30.0,2.3735449735449734,4776.765811094834
sqam/45_alto_stereo.wav,sqam,reference,default,qoa,1323000,2,44100,1068768,0f8ca23fb51118dff67078ce2cfec54b583d3d41e868d896947b6773eaa37cc4,9a3a249a93fc6f29,7,True,7.98715,8.108695,8.135539000000001,30.0,3.018575207860922,3756.033128212191
sqam/46_tenor_stereo.wav,sqam,baseline,high,checked,1278900,2,44100,1033132,9653de19d2c96f2c5a4635fa77f9479c079c840af029b162d362e1f363c83e4b,7e7329e79bdbdbba,7,True,6.2263,6.414255,6.452691,29.0,2.4342403628117912,4657.661853749418
sqam/46_tenor_stereo.wav,sqam,candidate,high,checked,1278900,2,44100,1033132,9653de19d2c96f2c5a4635fa77f9479c079c840af029b162d362e1f363c83e4b,7e7329e79bdbdbba,7,True,6.1578,6.27025,6.27817,29.0,2.4074595355383535,4709.474162850369
sqam/46_tenor_stereo.wav,sqam,baseline,medium,checked,1278900,2,44100,777352,cb7409c38a0d5b5fa2090546b5c91fec08f9beb8e2f17241d2c9b408a016ee44,322bd18f7c063522,7,True,6.2932,6.84451,6.8869419999999995,29.0,2.460395652513879,4608.148477721986
sqam/46_tenor_stereo.wav,sqam,candidate,medium,checked,1278900,2,44100,777352,cb7409c38a0d5b5fa2090546b5c91fec08f9beb8e2f17241d2c9b408a016ee44,322bd18f7c063522,7,True,6.1034,6.183305,6.186341,29.0,2.3861912581124405,4751.450011469017
sqam/46_tenor_stereo.wav,sqam,baseline,low,checked,1278900,2,44100,777352,cb7409c38a0d5b5fa2090546b5c91fec08f9beb8e2f17241d2c9b408a016ee44,322bd18f7c063522,7,True,6.21695,6.42335,6.446750000000001,29.0,2.4305848776292125,4664.666757815327
sqam/46_tenor_stereo.wav,sqam,candidate,low,checked,1278900,2,44100,777352,cb7409c38a0d5b5fa2090546b5c91fec08f9beb8e2f17241d2c9b408a016ee44,322bd18f7c063522,7,True,6.15105,6.3206549999999995,6.331611,29.0,2.404820548909219,4714.642215556693
sqam/46_tenor_stereo.wav,sqam,reference,default,qoa,1278900,2,44100,1033128,9b5ddfab4780591d29770585aac26ab42812e4e09c75d9e1448ec88fad48df01,7e7329e79bdbdbba,7,True,7.82515,8.176005,8.280441,29.0,3.0593283290327626,3705.999246020843
sqam/47_bass_stereo.wav,sqam,baseline,high,checked,1323000,2,44100,1068772,cf627337042639318b0172cad6a267c371c8f65678628c22ff5c214b613b68ff,6f133a76c9b60036,7,True,6.47385,6.58876,6.5925519999999995,30.0,2.446655328798186,4634.027665145161
sqam/47_bass_stereo.wav,sqam,candidate,high,checked,1323000,2,44100,1068772,cf627337042639318b0172cad6a267c371c8f65678628c22ff5c214b613b68ff,6f133a76c9b60036,7,True,6.33895,6.502085,6.524537,30.0,2.3956727135298563,4732.644996411078
sqam/47_bass_stereo.wav,sqam,baseline,medium,checked,1323000,2,44100,804172,1cb9fcc8d5be7554dfd5ce354a3a665235cfe02182c8e0ba12fd84ca11a75a7b,635a0a2a43979c0b,7,True,6.4725,6.770655,6.806211,30.0,2.446145124716553,4634.994206257242
sqam/47_bass_stereo.wav,sqam,candidate,medium,checked,1323000,2,44100,804172,1cb9fcc8d5be7554dfd5ce354a3a665235cfe02182c8e0ba12fd84ca11a75a7b,635a0a2a43979c0b,7,True,6.3641,6.4105550000000004,6.420071,30.0,2.405177626606198,4713.942269920334
sqam/47_bass_stereo.wav,sqam,baseline,low,checked,1323000,2,44100,804172,1cb9fcc8d5be7554dfd5ce354a3a665235cfe02182c8e0ba12fd84ca11a75a7b,635a0a2a43979c0b,7,True,6.53915,6.8834599999999995,6.918212,30.0,2.471334089191232,4587.752230794522
sqam/47_bass_stereo.wav,sqam,candidate,low,checked,1323000,2,44100,804172,1cb9fcc8d5be7554dfd5ce354a3a665235cfe02182c8e0ba12fd84ca11a75a7b,635a0a2a43979c0b,7,True,6.4012,6.494745,6.501789,30.0,2.419198790627362,4686.621258514028
sqam/47_bass_stereo.wav,sqam,reference,default,qoa,1323000,2,44100,1068768,f2cfb4a226de4c98b4af328c6a24896a3625b6c1cdc0a0270a0f8b0c4e99fea4,6f133a76c9b60036,7,True,7.99345,8.197765,8.221873,30.0,3.0209561602418744,3753.0728283782346
sqam/48_quartet_stereo.wav,sqam,baseline,high,checked,1234800,2,44100,997532,3832b1a92f22c37cc2b21fc171818b03b69bda21cfc67e0d7bfe603f4440c2ad,76789e1dbc96653e,7,True,5.9772,6.05411,6.072662,28.0,2.4203109815354713,4684.4676437127755
sqam/48_quartet_stereo.wav,sqam,candidate,high,checked,1234800,2,44100,997532,3832b1a92f22c37cc2b21fc171818b03b69bda21cfc67e0d7bfe603f4440c2ad,76789e1dbc96653e,7,True,5.9156,5.98689,5.995337999999999,28.0,2.395367670877875,4733.247684089526
sqam/48_quartet_stereo.wav,sqam,baseline,medium,checked,1234800,2,44100,750572,10fef357a055fbdbd42a6747e413aa323ee346bebbb7e852ab5cb3e8d413e9fb,d16a48375106462b,7,True,6.26855,6.4118949999999995,6.424579,28.0,2.5382855523161645,4466.742707643713
sqam/48_quartet_stereo.wav,sqam,candidate,medium,checked,1234800,2,44100,750572,10fef357a055fbdbd42a6747e413aa323ee346bebbb7e852ab5cb3e8d413e9fb,d16a48375106462b,7,True,5.85765,6.011945,6.033269,28.0,2.371902332361516,4780.073920428841
sqam/48_quartet_stereo.wav,sqam,baseline,low,checked,1234800,2,44100,750572,10fef357a055fbdbd42a6747e413aa323ee346bebbb7e852ab5cb3e8d413e9fb,d16a48375106462b,7,True,6.1137,6.354655,6.3946510000000005,28.0,2.4755830903790086,4579.877978965275
sqam/48_quartet_stereo.wav,sqam,candidate,low,checked,1234800,2,44100,750572,10fef357a055fbdbd42a6747e413aa323ee346bebbb7e852ab5cb3e8d413e9fb,d16a48375106462b,7,True,5.86795,5.97476,6.001232,28.0,2.376073048266926,4771.683466968873
sqam/48_quartet_stereo.wav,sqam,reference,default,qoa,1234800,2,44100,997528,1daf54481bb8c0ddc19d2c5283ad6d2155de8d82c57151d64c5629315fbb9e03,76789e1dbc96653e,7,True,7.5921,7.64499,7.648038,28.0,3.0742225461613217,3688.044151157124
sqam/49_female_speech_english_mono.wav,sqam,baseline,high,checked,1014300,2,44100,819412,0cd5ae6586c2df0a2a259320fb6ec602eba73dd3a4d755f2219239bc0cc0bedc,98ffad5d0868d68c,7,True,4.897866667,4.970173333,4.978861333,23.0,2.414407308981563,4695.922033763277
sqam/49_female_speech_english_mono.wav,sqam,candidate,high,checked,1014300,2,44100,819412,0cd5ae6586c2df0a2a259320fb6ec602eba73dd3a4d755f2219239bc0cc0bedc,98ffad5d0868d68c,7,True,4.870833333,4.8979666669,4.90412666698,23.0,2.401081205264715,4721.98460254727
sqam/49_female_speech_english_mono.wav,sqam,baseline,medium,checked,1014300,2,44100,618150,83490dabefac92337ae7e0316c36b57785ce00e3624dbc2b8ba9438b03d2d611,8192abdfd16fc52a,7,True,4.889433333,4.9680599998999995,4.97177199998,23.0,2.4102500902099973,4704.021597915506
sqam/49_female_speech_english_mono.wav,sqam,candidate,medium,checked,1014300,2,44100,618150,83490dabefac92337ae7e0316c36b57785ce00e3624dbc2b8ba9438b03d2d611,8192abdfd16fc52a,7,True,4.846966667,4.8980200001,4.89824400002,23.0,2.3893161130829146,4745.2358516498125
sqam/49_female_speech_english_mono.wav,sqam,baseline,low,checked,1014300,2,44100,616552,993287b4587225c3c3204c18a75c90607eea6d7d4540d80805b72b9d1d9330e1,ebba52f405f07c7b,7,True,4.945,5.1174599999999995,5.127852,23.0,2.437641723356009,4651.162790697674
sqam/49_female_speech_english_mono.wav,sqam,candidate,low,checked,1014300,2,44100,616552,993287b4587225c3c3204c18a75c90607eea6d7d4540d80805b72b9d1d9330e1,ebba52f405f07c7b,7,True,4.787333333,4.8610133332,4.8816693330400005,23.0,2.3599198131716457,4804.344799109062
sqam/49_female_speech_english_mono.wav,sqam,reference,default,qoa,1014300,2,44100,819408,0ee8c0f5fe25269e7d4e274f50041c51f63794c989a7dee98a18f4c49d356679,98ffad5d0868d68c,7,True,6.0844,6.244905,6.261501,23.0,2.9993098688750863,3780.1590953914933
sqam/50_male_speech_english_mono.wav,sqam,baseline,high,checked,970200,2,44100,783772,1d3ca4c1b1ab001cf1df50e65656c5759310b641bb1c2334eec2008b17331f8c,0675680092741c60,7,True,4.690266667,4.8314933332,4.83736533304,22.0,2.4171648459080606,4690.564857386178
sqam/50_male_speech_english_mono.wav,sqam,candidate,high,checked,970200,2,44100,783772,1d3ca4c1b1ab001cf1df50e65656c5759310b641bb1c2334eec2008b17331f8c,0675680092741c60,7,True,4.6346,4.6997333331,4.70365333302,22.0,2.388476602762317,4746.90372416174
sqam/50_male_speech_english_mono.wav,sqam,baseline,medium,checked,970200,2,44100,589934,bbc3f5606c2763fc447157b8953f4055d9d500ad0801323f7831208ea5c04d9c,969015aa11f45f8a,7,True,4.668833333,4.7594033331,4.78446733302,22.0,2.406119013090085,4712.097954857537
sqam/50_male_speech_english_mono.wav,sqam,candidate,medium,checked,970200,2,44100,589934,bbc3f5606c2763fc447157b8953f4055d9d500ad0801323f7831208ea5c04d9c,969015aa11f45f8a,7,True,4.6031,4.7383433329999995,4.759775332999999,22.0,2.372242836528551,4779.387803871304
sqam/50_male_speech_english_mono.wav,sqam,baseline,low,checked,970200,2,44100,589732,73ec7cb125af83a9d786537a03debfc4e1e83d464ec0ce3c79d3f8305f64fd4f,53281849272f9f3a,7,True,4.661533333,4.932006667,4.947654667,22.0,2.4023569021851165,4719.477139476243
sqam/50_male_speech_english_mono.wav,sqam,candidate,low,checked,970200,2,44100,589732,73ec7cb125af83a9d786537a03debfc4e1e83d464ec0ce3c79d3f8305f64fd4f,53281849272f9f3a,7,True,4.6124,4.6348500001,4.638170000020001,22.0,2.3770356627499485,4769.751105715029
sqam/50_male_speech_english_mono.wav,sqam,reference,default,qoa,970200,2,44100,783768,b3abfcf14b5845dd0881d6d54cde03b6fdd5d9589037dec25bc2e057dae21e2b,0675680092741c60,7,True,5.7606,5.86141,5.868562,22.0,2.968769325912183,3819.0466270874563
sqam/51_female_speech_french_mono.wav,sqam,baseline,high,checked,926100,2,44100,748132,dfd1e3d680beba4e7c392138ec6ea100b4e184e5c21744edc907cc81b44834c8,91f970a006f816f7,7,True,4.5053,4.5804066669,4.59621466698,21.0,2.432404707914912,4661.176836170732
sqam/51_female_speech_french_mono.wav,sqam,candidate,high,checked,926100,2,44100,748132,dfd1e3d680beba4e7c392138ec6ea100b4e184e5c21744edc907cc81b44834c8,91f970a006f816f7,7,True,4.4619,4.5477633331,4.55669933302,21.0,2.4089731130547456,4706.515161702414
sqam/51_female_speech_french_mono.wav,sqam,baseline,medium,checked,926100,2,44100,563636,4fa38edc8ada484e0706a167357d8804772bd7465215e07f095ca2663fe0dce0,9a49d52b50c788e1,7,True,4.516766667,4.611060000099999,4.637252000019999,21.0,2.4385955442176868,4649.343556626101
sqam/51_female_speech_french_mono.wav,sqam,candidate,medium,checked,926100,2,44100,563636,4fa38edc8ada484e0706a167357d8804772bd7465215e07f095ca2663fe0dce0,9a49d52b50c788e1,7,True,4.458,4.5125966669,4.51753266698,21.0,2.4068675089083253,4710.632570659488
sqam/51_female_speech_french_mono.wav,sqam,baseline,low,checked,926100,2,44100,562912,bd906bd31d139810d4c020d1a2feb164374f013a2bc200fe5c043582c828a81a,268050614a96b656,7,True,4.513366667,4.808586667,4.849770667,21.0,2.4367598893208076,4652.8459904540705
sqam/51_female_speech_french_mono.wav,sqam,candidate,low,checked,926100,2,44100,562912,bd906bd31d139810d4c020d1a2feb164374f013a2bc200fe5c043582c828a81a,268050614a96b656,7,True,4.3838,4.5004666667999995,4.50366666696,21.0,2.366807040276428,4790.364523929012
sqam/51_female_speech_french_mono.wav,sqam,reference,default,qoa,926100,2,44100,748128,cc7a6241381451794e50286ccf2aa9db704d20867e333237d7bc3644b11a9247,91f970a006f816f7,7,True,5.5882,5.7180550000000006,5.744731,21.0,3.0170607925709967,3757.918471064028
sqam/52_male_speech_french_mono.wav,sqam,baseline,high,checked,1058400,2,44100,855012,b5de3f6b32baae72498cc4987d43131fc0cb8255ae971ab48b4fa001e0f01f39,e73d524003e54b3e,7,True,5.16255,5.232315,5.240343,24.0,2.4388463718820863,4648.865386291658
sqam/52_male_speech_french_mono.wav,sqam,candidate,high,checked,1058400,2,44100,855012,b5de3f6b32baae72498cc4987d43131fc0cb8255ae971ab48b4fa001e0f01f39,e73d524003e54b3e,7,True,5.04585,5.08427,5.092574,24.0,2.3837159863945576,4756.383959095098
sqam/52_male_speech_french_mono.wav,sqam,baseline,medium,checked,1058400,2,44100,644494,308ce269ddd5a03272a55aaa5a5c3690dfcc50ebd2b8bcc791f51a474b5b41ec,bdcf0c1b4ba12450,7,True,5.2162,5.40087,5.419854,24.0,2.4641912320483748,4601.050573214217
sqam/52_male_speech_french_mono.wav,sqam,candidate,medium,checked,1058400,2,44100,644494,308ce269ddd5a03272a55aaa5a5c3690dfcc50ebd2b8bcc791f51a474b5b41ec,bdcf0c1b4ba12450,7,True,5.01765,5.076309999999999,5.087542,24.0,2.3703939909297054,4783.115601925204
sqam/52_male_speech_french_mono.wav,sqam,baseline,low,checked,1058400,2,44100,643332,be46507a2613039e3c9a0ca3591bdd459c2d85b482aff5c99556295212ca93ff,70c975ce50b187a4,7,True,5.16105,5.437045,5.510449,24.0,2.4381377551020407,4650.216525706978
sqam/52_male_speech_french_mono.wav,sqam,candidate,low,checked,1058400,2,44100,643332,be46507a2613039e3c9a0ca3591bdd459c2d85b482aff5c99556295212ca93ff,70c975ce50b187a4,7,True,5.0273,5.106575,5.121995,24.0,2.37495275888133,4773.934318620332
sqam/52_male_speech_french_mono.wav,sqam,reference,default,qoa,1058400,2,44100,855008,bc31339428b3ade26ead5e52a5d02a4d3b3f36d5708452ef464ef821fbd440a7,e73d524003e54b3e,7,True,6.39265,6.5275549999999996,6.569831,24.0,3.019959372637944,3754.3115922191896
sqam/53_female_speech_german_mono.wav,sqam,baseline,high,checked,926100,2,44100,748132,bb775d19fb2d2b4076963bd3d2020556c8584493d150ba84dd211c94e7aebab5,34f17451f8cebb7d,7,True,4.559466667,4.713523333,4.726651333,21.0,2.4616492101284955,4605.801847832656
sqam/53_female_speech_german_mono.wav,sqam,candidate,high,checked,926100,2,44100,748132,bb775d19fb2d2b4076963bd3d2020556c8584493d150ba84dd211c94e7aebab5,34f17451f8cebb7d,7,True,4.529366667,4.663263333200001,4.66771933304,21.0,2.4453982653061224,4636.409799410042
sqam/53_female_speech_german_mono.wav,sqam,baseline,medium,checked,926100,2,44100,563888,6ebc15c1bea039fdecf748ea41fba36d2ae6756e3a0c5ac6aa405d8c3efdcc2c,e88844f4d9637135,7,True,4.678033333,4.83098,4.840196000000001,21.0,2.5256631751430736,4489.0659183338485
sqam/53_female_speech_german_mono.wav,sqam,candidate,medium,checked,926100,2,44100,563888,6ebc15c1bea039fdecf748ea41fba36d2ae6756e3a0c5ac6aa405d8c3efdcc2c,e88844f4d9637135,7,True,4.476533333,4.57403,4.577606,21.0,2.416873627578015,4691.130041452548
sqam/53_female_speech_german_mono.wav,sqam,baseline,low,checked,926100,2,44100,562912,d63517766ca1882f5afbec31ebc9573f9ba8a49818213d2a770d83964a1bc18f,c6ce7ab100ede224,7,True,4.648233333,4.896433333,4.931233333,21.0,2.509574199870425,4517.845490008235
sqam/53_female_speech_german_mono.wav,sqam,candidate,low,checked,926100,2,44100,562912,d63517766ca1882f5afbec31ebc9573f9ba8a49818213d2a770d83964a1bc18f,c6ce7ab100ede224,7,True,4.4716,4.6036099999,4.63288199998,21.0,2.4142101284958426,4696.305572949281
sqam/53_female_speech_german_mono.wav,sqam,reference,default,qoa,926100,2,44100,748128,127ea6cd24b256a0ea6efb6e8568921de4787abba3c4718722f4d4c775d282b7,34f17451f8cebb7d,7,True,5.6848,5.7333099999999995,5.744062,21.0,3.0692149875823347,3694.061356600056
sqam/54_male_speech_german_mono.wav,sqam,baseline,high,checked,926100,2,44100,748132,d07bfd3b0c2e67e9c7f1b44251fc0960ec310dccfa39f41cc021d100ad9565b5,3af3fd251b9d0531,7,True,4.673233333,5.0417900001,5.16299800002,21.0,2.5230716623474785,4493.676755172627
sqam/54_male_speech_german_mono.wav,sqam,candidate,high,checked,926100,2,44100,748132,d07bfd3b0c2e67e9c7f1b44251fc0960ec310dccfa39f41cc021d100ad9565b5,3af3fd251b9d0531,7,True,4.580833333,4.702709999900001,4.70846199998,21.0,2.4731850410322864,4584.318719635024
sqam/54_male_speech_german_mono.wav,sqam,baseline,medium,checked,926100,2,44100,563870,2dc1545da5100c51a98c8abe96f2e2909609235451fca2cb933f81a4ddbc6812,73f8ba3206536dc6,7,True,4.6117,4.8943133331,4.89832933302,21.0,2.489849908217255,4553.635318862893
sqam/54_male_speech_german_mono.wav,sqam,candidate,medium,checked,926100,2,44100,563870,2dc1545da5100c51a98c8abe96f2e2909609235451fca2cb933f81a4ddbc6812,73f8ba3206536dc6,7,True,4.5012,4.8052700001,4.80705400002,21.0,2.430191124068675,4665.422553985604
sqam/54_male_speech_german_mono.wav,sqam,baseline,low,checked,926100,2,44100,562912,088947494c46f6bdb83b45e5b59fd909c2e05ecd4762d29d1ba41115b6d76b4a,6c749a9b22451de3,7,True,4.5991,4.6676966669999995,4.681112667,21.0,2.48304718712882,4566.110760801026
sqam/54_male_speech_german_mono.wav,sqam,candidate,low,checked,926100,2,44100,562912,088947494c46f6bdb83b45e5b59fd909c2e05ecd4762d29d1ba41115b6d76b4a,6c749a9b22451de3,7,True,4.495533333,5.724474999999999,6.049254999999999,21.0,2.4271316990605762,4671.303368133651
sqam/54_male_speech_german_mono.wav,sqam,reference,default,qoa,926100,2,44100,748128,8e0e9a680efcf6e1fabdd757852089ffe02421348ea4b14badd46bc3a93361c7,3af3fd251b9d0531,7,True,5.7244,5.81908,5.821816,21.0,3.0905949681459886,3668.506743064775
sqam/55_trumpet_haydn_stereo.wav,sqam,baseline,high,checked,1411200,2,44100,1140012,64d4ab62c631f5a18ff43f7fa77eca726b65430469ff4d68a6ce5dee82c25f95,b7ac45175904f760,7,True,6.97955,7.150195,7.174039,32.0,2.4729131235827664,4584.82280376242
sqam/55_trumpet_haydn_stereo.wav,sqam,candidate,high,checked,1411200,2,44100,1140012,64d4ab62c631f5a18ff43f7fa77eca726b65430469ff4d68a6ce5dee82c25f95,b7ac45175904f760,7,True,6.91145,6.93886,6.9450520000000004,32.0,2.4487847222222223,4629.998046719574
sqam/55_trumpet_haydn_stereo.wav,sqam,baseline,medium,checked,1411200,2,44100,857904,0b18dbafba193d8544aea89400a2302489106005b01b7ecfddc44ede49c8f66d,0584b43722519af6,7,True,6.9369,7.49951,7.541822,32.0,2.457801870748299,4613.011575775923
sqam/55_trumpet_haydn_stereo.wav,sqam,candidate,medium,checked,1411200,2,44100,857904,0b18dbafba193d8544aea89400a2302489106005b01b7ecfddc44ede49c8f66d,0584b43722519af6,7,True,6.84745,6.93855,6.958950000000001,32.0,2.426108985260771,4673.272532110494
sqam/55_trumpet_haydn_stereo.wav,sqam,baseline,low,checked,1411200,2,44100,857772,29086c956b9611c0c953157c79701ae7d993d6f69545806ac30210fa6d1c35fd,91099cd935fb1dcb,7,True,6.9655,7.132705,7.137900999999999,32.0,2.467935090702948,4594.070777402914
sqam/55_trumpet_haydn_stereo.wav,sqam,candidate,low,checked,1411200,2,44100,857772,29086c956b9611c0c953157c79701ae7d993d6f69545806ac30210fa6d1c35fd,91099cd935fb1dcb,7,True,6.83,6.938835,6.948207,32.0,2.4199263038548753,4685.212298682284
sqam/55_trumpet_haydn_stereo.wav,sqam,reference,default,qoa,1411200,2,44100,1140008,518a4732ea7b7e0de98251317ab871c34b4602ac87443df2deff1881a3802f66,b7ac45175904f760,7,True,8.63575,8.7789,8.82162,32.0,3.059718679138322,3705.526445300061
sqam/56_organ_händel_stereo.wav,sqam,baseline,high,checked,1499400,2,44100,1211252,48eb4f9fda693e04b31ab83c198f3543b7e40a96c89ec6cb09f8a1588c3470bf,621ecb3f712e58a1,7,True,7.2997,7.346635,7.3470070000000005,34.0,2.4342070161397893,4657.725659958629
sqam/56_organ_händel_stereo.wav,sqam,candidate,high,checked,1499400,2,44100,1211252,48eb4f9fda693e04b31ab83c198f3543b7e40a96c89ec6cb09f8a1588c3470bf,621ecb3f712e58a1,7,True,7.1635,7.228615,7.230763,34.0,2.3887888488728826,4746.283241432261
sqam/56_organ_händel_stereo.wav,sqam,baseline,medium,checked,1499400,2,44100,913650,e48dc4ba22a13c09d610aa312c0469267110ce59fab9206939b2ec11d5db75b0,0bed7edd49de93fa,7,True,7.51595,8.148895,8.301619,34.0,2.5063191943444045,4523.712903891058
sqam/56_organ_händel_stereo.wav,sqam,candidate,medium,checked,1499400,2,44100,913650,e48dc4ba22a13c09d610aa312c0469267110ce59fab9206939b2ec11d5db75b0,0bed7edd49de93fa,7,True,7.23035,7.27401,7.283442,34.0,2.411081099106309,4702.400298740725
sqam/56_organ_händel_stereo.wav,sqam,baseline,low,checked,1499400,2,44100,911372,57c40cd15d4111d19a891e720cf19dd7697cfcca3202380c99e347a4e1a45197,b67ee3e921b9c932,7,True,7.25835,7.67744,7.692128,34.0,2.4204181672669067,4684.2601968767
sqam/56_organ_händel_stereo.wav,sqam,candidate,low,checked,1499400,2,44100,911372,57c40cd15d4111d19a891e720cf19dd7697cfcca3202380c99e347a4e1a45197,b67ee3e921b9c932,7,True,7.1645,7.291545,7.293069,34.0,2.389122315592904,4745.620769069718
sqam/56_organ_händel_stereo.wav,sqam,reference,default,qoa,1499400,2,44100,1211248,9e1247f9fc0241ac2b4dedc30027ca8c30669bb5c8a5812a57a089e8ea9ff4ee,621ecb3f712e58a1,7,True,9.1221,9.214005,9.216561,34.0,3.0419167667066827,3727.2119358481054
sqam/57_organ_bach_stereo.wav,sqam,baseline,high,checked,882000,2,44100,712532,8d67d0314dc152cf84206bb91554dc2e77ba49020364d889c32e8a15d93bbab9,d3540823a12209d5,7,True,4.2528,4.3316266669,4.33533866698,20.0,2.410884353741497,4702.784048156509
sqam/57_organ_bach_stereo.wav,sqam,candidate,high,checked,882000,2,44100,712532,8d67d0314dc152cf84206bb91554dc2e77ba49020364d889c32e8a15d93bbab9,d3540823a12209d5,7,True,4.183833333,4.263063333,4.275519333,20.0,2.3717876037414967,4780.305143192471
sqam/57_organ_bach_stereo.wav,sqam,baseline,medium,checked,882000,2,44100,536132,b3085959725bf2adee0f3a866cf03af7c27a149ec402ed46b100082193c1afce,48168b0d21f0a2e9,7,True,4.213766667,4.416003333,4.420107333,20.0,2.388756613945578,4746.347289855763
sqam/57_organ_bach_stereo.wav,sqam,candidate,medium,checked,882000,2,44100,536132,b3085959725bf2adee0f3a866cf03af7c27a149ec402ed46b100082193c1afce,48168b0d21f0a2e9,7,True,4.1598,4.253489999999999,4.265178,20.0,2.358163265306122,4807.923457858551
sqam/57_organ_bach_stereo.wav,sqam,baseline,low,checked,882000,2,44100,536132,b3085959725bf2adee0f3a866cf03af7c27a149ec402ed46b100082193c1afce,48168b0d21f0a2e9,7,True,4.289966667,4.42938,4.434036,20.0,2.4319538928571425,4662.040885736327
sqam/57_organ_bach_stereo.wav,sqam,candidate,low,checked,882000,2,44100,536132,b3085959725bf2adee0f3a866cf03af7c27a149ec402ed46b100082193c1afce,48168b0d21f0a2e9,7,True,4.228133333,4.3081566669999996,4.326804667,20.0,2.3969009824263035,4730.219797919509
sqam/57_organ_bach_stereo.wav,sqam,reference,default,qoa,882000,2,44100,712528,f71f436b7419657f14c87128f1b3425d02ba965efc44291d9c092cd936800f02,d3540823a12209d5,7,True,5.3075,5.362435,5.3677269999999995,20.0,3.008786848072562,3768.2524729156853
sqam/58_guitar_sarasate_stereo.wav,sqam,baseline,high,checked,705600,2,44100,570012,6039486ac38b624fd55e9d51f7a05ee6c516774f94eb1182f8dc766907fa7d5f,9c850bc763a9888d,7,True,3.375966667,3.4112300001,3.41128600002,16.0,2.3922666291099777,4739.383287281728
sqam/58_guitar_sarasate_stereo.wav,sqam,candidate,high,checked,705600,2,44100,570012,6039486ac38b624fd55e9d51f7a05ee6c516774f94eb1182f8dc766907fa7d5f,9c850bc763a9888d,7,True,3.368166667,3.4115166669,3.41419666698,16.0,2.3867394182256234,4750.358750581388
sqam/58_guitar_sarasate_stereo.wav,sqam,baseline,medium,checked,705600,2,44100,429424,990796c4d3c148b445d65ec37d5719364b1804c17d5106f5bc3c7ee9cec17440,f51d4764ee9c2be9,7,True,3.5094,3.5996800000999998,3.6132960000199996,16.0,2.4868197278911564,4559.1839060808115
sqam/58_guitar_sarasate_stereo.wav,sqam,candidate,medium,checked,705600,2,44100,429424,990796c4d3c148b445d65ec37d5719364b1804c17d5106f5bc3c7ee9cec17440,f51d4764ee9c2be9,7,True,3.327825,3.3681100001,3.37954200002,16.0,2.3581526360544216,4807.945129326212
sqam/58_guitar_sarasate_stereo.wav,sqam,baseline,low,checked,705600,2,44100,428892,e1fa564e06a67905b5d2fde8ccc1b86d0e3baca64494bc5d7b9d037b58989834,cdd1d00cde2c157b,7,True,3.4996,3.5753166668999996,3.59719666698,16.0,2.479875283446712,4571.951080123443
sqam/58_guitar_sarasate_stereo.wav,sqam,candidate,low,checked,705600,2,44100,428892,e1fa564e06a67905b5d2fde8ccc1b86d0e3baca64494bc5d7b9d037b58989834,cdd1d00cde2c157b,7,True,3.349575,3.3894833331,3.39112333302,16.0,2.373565051020408,4776.725405461887
sqam/58_guitar_sarasate_stereo.wav,sqam,reference,default,qoa,705600,2,44100,570008,534c7dd35b5e41a58f5e8690c6461f4f406d2c0967a4ffb2053548cd965f6f95,9c850bc763a9888d,7,True,4.249733333,4.2980133332,4.310509333040001,16.0,3.011432350481859,3764.942114310305
sqam/59_violin_ravel_stereo.wav,sqam,baseline,high,checked,1278900,2,44100,1033132,3747e85cd4287707ff7100230b8b9fb2e748586d1745a21354893a6176dd8b5b,158e2bcb34355312,7,True,6.16785,6.22987,6.240094,29.0,2.411388693408398,4701.800465316115
sqam/59_violin_ravel_stereo.wav,sqam,candidate,high,checked,1278900,2,44100,1033132,3747e85cd4287707ff7100230b8b9fb2e748586d1745a21354893a6176dd8b5b,158e2bcb34355312,7,True,6.16085,6.170645,6.171569,29.0,2.40865196653374,4707.142683233645
sqam/59_violin_ravel_stereo.wav,sqam,baseline,medium,checked,1278900,2,44100,777352,aaab6ccfb43e54f7e4af5924695b126de04c597796280c3574742a14e62552a7,b8e39ac3fefa38f2,7,True,6.1809,6.586645,6.638089,29.0,2.416490734224724,4691.873351777249
sqam/59_violin_ravel_stereo.wav,sqam,candidate,medium,checked,1278900,2,44100,777352,aaab6ccfb43e54f7e4af5924695b126de04c597796280c3574742a14e62552a7,b8e39ac3fefa38f2,7,True,6.1092,6.234765,6.265473,29.0,2.3884588318085855,4746.939042755189
sqam/59_violin_ravel_stereo.wav,sqam,baseline,low,checked,1278900,2,44100,777352,aaab6ccfb43e54f7e4af5924695b126de04c597796280c3574742a14e62552a7,b8e39ac3fefa38f2,7,True,6.12435,6.3976299999999995,6.427726,29.0,2.3943818906873093,4735.196388188135
sqam/59_violin_ravel_stereo.wav,sqam,candidate,low,checked,1278900,2,44100,777352,aaab6ccfb43e54f7e4af5924695b126de04c597796280c3574742a14e62552a7,b8e39ac3fefa38f2,7,True,6.12635,6.24285,6.2546100000000004,29.0,2.3951638126514974,4733.650542329446
sqam/59_violin_ravel_stereo.wav,sqam,reference,default,qoa,1278900,2,44100,1033128,424bd5e5ef74e6d92258ecc8f1b23d2bdebb7c5ef8da7cf82924815634461d71,158e2bcb34355312,7,True,7.6635,8.057565,8.104713,29.0,2.9961294862772694,3784.1717231030207
sqam/60_piano_schubert_stereo.wav,sqam,baseline,high,checked,4057200,2,44100,3277492,7c4ba89280b756f07f9c2b587163da401d0afe37f51314a5aa892ff72b4768ab,f2792573751af3ca,7,True,19.59,20.07453,20.114106,92.0,2.414226560189293,4696.273608984176
sqam/60_piano_schubert_stereo.wav,sqam,candidate,high,checked,4057200,2,44100,3277492,7c4ba89280b756f07f9c2b587163da401d0afe37f51314a5aa892ff72b4768ab,f2792573751af3ca,7,True,19.6425,19.76265,19.76949,92.0,2.4206965394853595,4683.721522209496
sqam/60_piano_schubert_stereo.wav,sqam,baseline,medium,checked,4057200,2,44100,2466052,173f13bed3ad701c69fe04bc0aec4d90ffca8bcbab262547cc6cb1c8ffe25512,04209a4b68472889,7,True,19.5062,19.88222,19.912604,92.0,2.4038992408557625,4716.449128994884
sqam/60_piano_schubert_stereo.wav,sqam,candidate,medium,checked,4057200,2,44100,2466052,173f13bed3ad701c69fe04bc0aec4d90ffca8bcbab262547cc6cb1c8ffe25512,04209a4b68472889,7,True,19.2474,19.627769999999998,19.640753999999998,92.0,2.372005323868678,4779.866371561873
sqam/60_piano_schubert_stereo.wav,sqam,baseline,low,checked,4057200,2,44100,2466052,173f13bed3ad701c69fe04bc0aec4d90ffca8bcbab262547cc6cb1c8ffe25512,04209a4b68472889,7,True,19.6473,20.27266,20.327091999999997,92.0,2.421288080449571,4682.577249800227
sqam/60_piano_schubert_stereo.wav,sqam,candidate,low,checked,4057200,2,44100,2466052,173f13bed3ad701c69fe04bc0aec4d90ffca8bcbab262547cc6cb1c8ffe25512,04209a4b68472889,7,True,19.4535,19.53201,19.537122,92.0,2.397404614019521,4729.226103271905
sqam/60_piano_schubert_stereo.wav,sqam,reference,default,qoa,4057200,2,44100,3277488,1b1982c952e8f9837017fc2db11b4d9cf77e1828ca30abec09ebf068f06fca5c,f2792573751af3ca,7,True,24.6653,25.07579,25.097558000000003,92.0,3.0396948634526275,3729.9363883674637
sqam/61_soprano_mozart_stereo.wav,sqam,baseline,high,checked,7893900,2,44100,6376812,dd1d8a47fe01f27d773925ebeca7fdbe731ba0f9cf2135ae6a4548b909be0838,ac9ec87228079f4a,7,True,38.3221,39.03835,39.11383,179.0,2.427323629638075,4670.934004138604
sqam/61_soprano_mozart_stereo.wav,sqam,candidate,high,checked,7893900,2,44100,6376812,dd1d8a47fe01f27d773925ebeca7fdbe731ba0f9cf2135ae6a4548b909be0838,ac9ec87228079f4a,7,True,37.8146,38.22723,38.293446,179.0,2.3951785555935596,4733.621405488885
sqam/61_soprano_mozart_stereo.wav,sqam,baseline,medium,checked,7893900,2,44100,4798164,4184f0ac79b7e4ac748fcc3220e466088353fb416a05191a1cba76d892a27497,b0e49b1c34a15f26,7,True,38.3063,40.66145,40.70405,179.0,2.426322856889497,4672.860599953532
sqam/61_soprano_mozart_stereo.wav,sqam,candidate,medium,checked,7893900,2,44100,4798164,4184f0ac79b7e4ac748fcc3220e466088353fb416a05191a1cba76d892a27497,b0e49b1c34a15f26,7,True,37.4981,38.17538,38.256116,179.0,2.37513143059831,4773.57519447652
sqam/61_soprano_mozart_stereo.wav,sqam,baseline,low,checked,7893900,2,44100,4798032,869c36658f37f6fbe10f7697c29d7f8910b6043315e6b45096ff4f46404603e1,3d5ebc9e58e26970,7,True,38.7352,39.99591,39.999342,179.0,2.4534894032100736,4621.119808339701
sqam/61_soprano_mozart_stereo.wav,sqam,candidate,low,checked,7893900,2,44100,4798032,869c36658f37f6fbe10f7697c29d7f8910b6043315e6b45096ff4f46404603e1,3d5ebc9e58e26970,7,True,37.0924,38.37784,38.705968,179.0,2.349434373376911,4825.786414467654
sqam/61_soprano_mozart_stereo.wav,sqam,reference,default,qoa,7893900,2,44100,6376808,c9439d2cff06a319a30261e072ee44175f70d5a529b80ca370dfec0bb0a9877b,ac9ec87228079f4a,7,True,47.3029,48.37896,48.534432,179.0,2.9961679271336097,3784.123172152236
sqam/62_soprano_spiritual_stereo.wav,sqam,baseline,high,checked,1367100,2,44100,1104412,95d1b3eb8b1aa81e81374a77743ddee996c604382281d40b52c98501af141134,3ded49f18f19414a,7,True,6.4569,6.531695,6.537419,31.0,2.3615317094579766,4801.065526800787
sqam/62_soprano_spiritual_stereo.wav,sqam,candidate,high,checked,1367100,2,44100,1104412,95d1b3eb8b1aa81e81374a77743ddee996c604382281d40b52c98501af141134,3ded49f18f19414a,7,True,6.367,6.45831,6.458622,31.0,2.3286518908638723,4868.855033767865
sqam/62_soprano_spiritual_stereo.wav,sqam,baseline,medium,checked,1367100,2,44100,830992,266ccf666a161e85fa510ec92c5c9c0a9a042e7aa61b0b68fc8212ad4c445ff4,501af254d5963e2f,7,True,6.42975,6.85002,6.906084,31.0,2.3516019310950185,4821.338310198686
sqam/62_soprano_spiritual_stereo.wav,sqam,candidate,medium,checked,1367100,2,44100,830992,266ccf666a161e85fa510ec92c5c9c0a9a042e7aa61b0b68fc8212ad4c445ff4,501af254d5963e2f,7,True,6.3437,6.4195,6.4237,31.0,2.320130202618682,4886.7380235509245
sqam/62_soprano_spiritual_stereo.wav,sqam,baseline,low,checked,1367100,2,44100,830992,266ccf666a161e85fa510ec92c5c9c0a9a042e7aa61b0b68fc8212ad4c445ff4,501af254d5963e2f,7,True,6.53415,6.72659,6.741998,31.0,2.389784946236559,4744.304921068539
sqam/62_soprano_spiritual_stereo.wav,sqam,candidate,low,checked,1367100,2,44100,830992,266ccf666a161e85fa510ec92c5c9c0a9a042e7aa61b0b68fc8212ad4c445ff4,501af254d5963e2f,7,True,6.34635,6.435455,6.451451,31.0,2.3210994075049376,4884.697503289292
sqam/62_soprano_spiritual_stereo.wav,sqam,reference,default,qoa,1367100,2,44100,1104408,af1e30a14b1049cfc25bf059569252a708f7237a0845d1f6ae4fc750b2e1b39b,3ded49f18f19414a,7,True,8.1545,8.266784999999999,8.298717,31.0,2.982408016970229,3801.5819486173277
sqam/63_soloists_verdi_stereo.wav,sqam,baseline,high,checked,2513700,2,44100,2030612,13037f1f35502ef34cb816864848e8b0842e46f345283b54ee7cc7fafcd4b8a3,13edaec836a4dce2,7,True,11.9801,12.0932,12.106639999999999,57.0,2.382961371683176,4757.890167861704
sqam/63_soloists_verdi_stereo.wav,sqam,candidate,high,checked,2513700,2,44100,2030612,13037f1f35502ef34cb816864848e8b0842e46f345283b54ee7cc7fafcd4b8a3,13edaec836a4dce2,7,True,11.8504,12.19562,12.237044000000001,57.0,2.3571627481401918,4809.964220617026
sqam/63_soloists_verdi_stereo.wav,sqam,baseline,medium,checked,2513700,2,44100,1528890,d28aa2ad8cc696fd6e91602cc045e6ec4d023df2a63d2cdab96d77c963078cdc,67767f72664715f8,7,True,12.2969,12.4619,12.47198,57.0,2.4459760512392092,4635.314591482405
sqam/63_soloists_verdi_stereo.wav,sqam,candidate,medium,checked,2513700,2,44100,1528890,d28aa2ad8cc696fd6e91602cc045e6ec4d023df2a63d2cdab96d77c963078cdc,67767f72664715f8,7,True,11.7419,11.978449999999999,12.01409,57.0,2.335581016032144,4854.410274316763
sqam/63_soloists_verdi_stereo.wav,sqam,baseline,low,checked,2513700,2,44100,1527872,2b028d6ef289d374b30113c2295a398c565d5e273ea5e40cf75c1cc67e08d574,8b3191e0206f5b59,7,True,11.8737,12.55649,12.650978,57.0,2.361797350519155,4800.525531216049
sqam/63_soloists_verdi_stereo.wav,sqam,candidate,low,checked,2513700,2,44100,1527872,2b028d6ef289d374b30113c2295a398c565d5e273ea5e40cf75c1cc67e08d574,8b3191e0206f5b59,7,True,11.7773,11.94706,11.973412,57.0,2.3426224290885944,4839.81897378856
sqam/63_soloists_verdi_stereo.wav,sqam,reference,default,qoa,2513700,2,44100,2030608,e0e9c4ce0b1a0f24b67b48eeabd8e7ba1fef9c44b12c2dcdf5ea1da8202aeb82,13edaec836a4dce2,7,True,15.0235,15.28464,15.319488,57.0,2.988323984564586,3794.055978966286
sqam/64_choir_orff_stereo.wav,sqam,baseline,high,checked,1367100,2,44100,1104412,e53fcbf40b2e5e28031a742feb7925e1a46f3740bd351b0c81be1fb3348684da,1fff3bbf7e844fe0,7,True,6.5692,6.8443,6.89818,31.0,2.4026040523736376,4718.9916580405525
sqam/64_choir_orff_stereo.wav,sqam,candidate,high,checked,1367100,2,44100,1104412,e53fcbf40b2e5e28031a742feb7925e1a46f3740bd351b0c81be1fb3348684da,1fff3bbf7e844fe0,7,True,6.5194,6.62555,6.6319099999999995,31.0,2.3843903152658914,4755.038807252201
sqam/64_choir_orff_stereo.wav,sqam,baseline,medium,checked,1367100,2,44100,840810,578c7643cd651570a54274f85729b03d50c994c9d36fa48f4cc36215ba64e444,921220969b8477de,7,True,6.56745,8.445214999999997,8.929402999999999,31.0,2.401964011411016,4720.249107339987
sqam/64_choir_orff_stereo.wav,sqam,candidate,medium,checked,1367100,2,44100,840810,578c7643cd651570a54274f85729b03d50c994c9d36fa48f4cc36215ba64e444,921220969b8477de,7,True,6.59335,7.196694999999999,7.377498999999999,31.0,2.4114366176578157,4701.707022985281
sqam/64_choir_orff_stereo.wav,sqam,baseline,low,checked,1367100,2,44100,831124,acebe06b8c0c5d19382ca75956eccebef63071ceb96914e964ae304bf0f3068e,13e09a6e85c8722b,7,True,6.63355,6.93722,6.978644,31.0,2.4261392729134665,4673.214191496258
sqam/64_choir_orff_stereo.wav,sqam,candidate,low,checked,1367100,2,44100,831124,acebe06b8c0c5d19382ca75956eccebef63071ceb96914e964ae304bf0f3068e,13e09a6e85c8722b,7,True,6.557,6.62119,6.626278,31.0,2.398142052519933,4727.771846881195
sqam/64_choir_orff_stereo.wav,sqam,reference,default,qoa,1367100,2,44100,1104408,a909d400d0e19f2cf37375a7518eeb895dc6226f8c5027014114ba6c10728759,1fff3bbf7e844fe0,7,True,8.27205,8.447135000000001,8.452067000000001,31.0,3.0254004827737546,3747.559552952412
sqam/65_orchestra_strauss_stereo.wav,sqam,baseline,high,checked,4939200,2,44100,3989972,2a275ad0dc20868edd00b827e2c0e461871d889b0683b46ff7916f05bba20256,26d955fbe205a6b4,7,True,25.9223,27.20403,27.352325999999998,112.0,2.6241395367670877,4320.6042673682505
sqam/65_orchestra_strauss_stereo.wav,sqam,candidate,high,checked,4939200,2,44100,3989972,2a275ad0dc20868edd00b827e2c0e461871d889b0683b46ff7916f05bba20256,26d955fbe205a6b4,7,True,25.5416,27.270739999999996,27.466867999999998,112.0,2.5856009070294785,4385.003288752467
sqam/65_orchestra_strauss_stereo.wav,sqam,baseline,medium,checked,4939200,2,44100,3031306,32d4898dfcc0c0f42971633ef72ab778bbcfd8abcdc820058d7b444cfc5d3cd9,d94d377bbc25a266,7,True,26.087,26.78294,26.866988000000003,112.0,2.640812277291869,4293.326177789704
sqam/65_orchestra_strauss_stereo.wav,sqam,candidate,medium,checked,4939200,2,44100,3031306,32d4898dfcc0c0f42971633ef72ab778bbcfd8abcdc820058d7b444cfc5d3cd9,d94d377bbc25a266,7,True,25.001,26.93415,27.38883,112.0,2.5308754454162616,4479.820807167713
sqam/65_orchestra_strauss_stereo.wav,sqam,baseline,low,checked,4939200,2,44100,3004310,98e630cf515a916c3b34b79a7a6bcd7f203c008eabbddd3a9cf3b3b2cdb23038,31e47da34dff9394,7,True,25.6314,27.252909999999996,27.401062,112.0,2.5946914480077745,4369.640362992267
sqam/65_orchestra_strauss_stereo.wav,sqam,candidate,low,checked,4939200,2,44100,3004310,98e630cf515a916c3b34b79a7a6bcd7f203c008eabbddd3a9cf3b3b2cdb23038,31e47da34dff9394,7,True,25.28,26.23422,26.265084,112.0,2.559118885649498,4430.379746835443
sqam/65_orchestra_strauss_stereo.wav,sqam,reference,default,qoa,4939200,2,44100,3989968,b01fb69cab244fc0ab73e28e58575550d9a6db2e9c2f863a7751b32edee15b65,26d955fbe205a6b4,7,True,31.0234,32.40531,32.487462,112.0,3.140528830579851,3610.1781236099205
sqam/66_wind_ensemble_stravinsky_stereo.wav,sqam,baseline,high,checked,793800,2,44100,641292,1a89b313ec99d2ff8f38c9d892966fceada0cabd853571cacdef24484182c8c3,f8465ecf9108d699,7,True,4.156366667,4.2360333331,4.25555333302,18.0,2.618018812673218,4330.705503658587
sqam/66_wind_ensemble_stravinsky_stereo.wav,sqam,candidate,high,checked,793800,2,44100,641292,1a89b313ec99d2ff8f38c9d892966fceada0cabd853571cacdef24484182c8c3,f8465ecf9108d699,7,True,4.0346,4.135433333,4.153913333,18.0,2.5413202317964223,4461.408813760968
sqam/66_wind_ensemble_stravinsky_stereo.wav,sqam,baseline,medium,checked,793800,2,44100,485892,b14660429b6ffda1ab8ffe623c9e7300be3b47dc9387132ac85c58557f2da645,09a317ca08b184a4,7,True,4.121166667,4.300739999999999,4.313027999999999,18.0,2.595846980977576,4367.695231579432
sqam/66_wind_ensemble_stravinsky_stereo.wav,sqam,candidate,medium,checked,793800,2,44100,485892,b14660429b6ffda1ab8ffe623c9e7300be3b47dc9387132ac85c58557f2da645,09a317ca08b184a4,7,True,4.1071,4.1689500001,4.18499000002,18.0,2.586986646510456,4382.654427698376
sqam/66_wind_ensemble_stravinsky_stereo.wav,sqam,baseline,low,checked,793800,2,44100,482598,b873eb8b1916f73b33da73a68bc7614f7e6dfb1a5a44e2cc9e483b0c87fb0a0a,8dc617eacc3b83a6,7,True,4.0392,4.291443333199999,4.300555333039999,18.0,2.54421768707483,4456.32798573975
sqam/66_wind_ensemble_stravinsky_stereo.wav,sqam,candidate,low,checked,793800,2,44100,482598,b873eb8b1916f73b33da73a68bc7614f7e6dfb1a5a44e2cc9e483b0c87fb0a0a,8dc617eacc3b83a6,7,True,4.099566667,4.144773333100001,4.15330133302,18.0,2.5822415388007056,4390.707960647002
sqam/66_wind_ensemble_stravinsky_stereo.wav,sqam,reference,default,qoa,793800,2,44100,641288,9151aca602cae0e9507b8368bdb7687fa4f67228d160eb67effe207c087acaa4,f8465ecf9108d699,7,True,5.16675,5.25767,5.2694540000000005,18.0,3.254440665154951,3483.814777181013
sqam/67_wind_ensemble_mozart_stereo.wav,sqam,baseline,high,checked,3616200,2,44100,2921252,e8e7643a87cf0200d35185ffe6cf29d684eee083c5209da5ba7b2375a2ab6806,b297371346243953,7,True,18.6626,18.940929999999998,18.969226,82.0,2.580415906199878,4393.814366701316
sqam/67_wind_ensemble_mozart_stereo.wav,sqam,candidate,high,checked,3616200,2,44100,2921252,e8e7643a87cf0200d35185ffe6cf29d684eee083c5209da5ba7b2375a2ab6806,b297371346243953,7,True,18.1271,18.73287,18.811614,82.0,2.5063740943531885,4523.613815778586
sqam/67_wind_ensemble_mozart_stereo.wav,sqam,baseline,medium,checked,3616200,2,44100,2198012,0c907f302849aa84bd9912e0103c1b187e3a24f10e575706bc78a1c53743a345,660743e4341b4d11,7,True,18.3097,19.11939,19.262117999999997,82.0,2.5316215917261213,4478.500466965597
sqam/67_wind_ensemble_mozart_stereo.wav,sqam,candidate,medium,checked,3616200,2,44100,2198012,0c907f302849aa84bd9912e0103c1b187e3a24f10e575706bc78a1c53743a345,660743e4341b4d11,7,True,18.2539,19.20721,19.427121999999997,82.0,2.523906310491676,4492.19070993048
sqam/67_wind_ensemble_mozart_stereo.wav,sqam,baseline,low,checked,3616200,2,44100,2198012,0c907f302849aa84bd9912e0103c1b187e3a24f10e575706bc78a1c53743a345,660743e4341b4d11,7,True,18.7034,19.37105,19.49381,82.0,2.586057187102483,4384.229605312404
sqam/67_wind_ensemble_mozart_stereo.wav,sqam,candidate,low,checked,3616200,2,44100,2198012,0c907f302849aa84bd9912e0103c1b187e3a24f10e575706bc78a1c53743a345,660743e4341b4d11,7,True,18.0879,18.49412,18.519224,82.0,2.500954040152646,4533.417367411363
sqam/67_wind_ensemble_mozart_stereo.wav,sqam,reference,default,qoa,3616200,2,44100,2921248,803c273e5b76d75358b27454ba7a264ad13fd73dda92cd9fcff464da9baaed33,b297371346243953,7,True,22.3962,23.294700000000002,23.39286,82.0,3.0966484154637466,3661.3354051133674
sqam/68_orchestra_baird_stereo.wav,sqam,baseline,high,checked,7232400,2,44100,5842452,c5e7e22cac122c9ed5d264b674be2fa3dc7d520cf20a480022da4bfba021125b,7e8de3bab7d0e208,7,True,35.2133,37.60808,37.726736,164.0,2.434413196172778,4657.331178844358
sqam/68_orchestra_baird_stereo.wav,sqam,candidate,high,checked,7232400,2,44100,5842452,c5e7e22cac122c9ed5d264b674be2fa3dc7d520cf20a480022da4bfba021125b,7e8de3bab7d0e208,7,True,34.34,37.16571,37.405542,164.0,2.374039046512914,4775.77169481654
sqam/68_orchestra_baird_stereo.wav,sqam,baseline,medium,checked,7232400,2,44100,4396104,e90f8de7db343330e1dc4fb71ce4dea982b5c645c5c2f8e3ae00253dc1ffbaba,4889c8b15c5f6f5d,7,True,35.7537,36.6996,36.72624,164.0,2.471772855483657,4586.937855382799
sqam/68_orchestra_baird_stereo.wav,sqam,candidate,medium,checked,7232400,2,44100,4396104,e90f8de7db343330e1dc4fb71ce4dea982b5c645c5c2f8e3ae00253dc1ffbaba,4889c8b15c5f6f5d,7,True,34.3538,36.0015,36.19614,164.0,2.3749930866655604,4773.853256408316
sqam/68_orchestra_baird_stereo.wav,sqam,baseline,low,checked,7232400,2,44100,4395972,345c46c3d54be9eb3454a092abb846a8d077918d2ba17a710d978765c3f832ac,2b86e9fd32e3572d,7,True,34.5881,37.12019,37.542518,164.0,2.3911910292572314,4741.515145382372
sqam/68_orchestra_baird_stereo.wav,sqam,candidate,low,checked,7232400,2,44100,4395972,345c46c3d54be9eb3454a092abb846a8d077918d2ba17a710d978765c3f832ac,2b86e9fd32e3572d,7,True,34.3759,35.63798,35.729276,164.0,2.376520933576683,4770.784183105024
sqam/68_orchestra_baird_stereo.wav,sqam,reference,default,qoa,7232400,2,44100,5842448,c8a67e8e69d682799ca1369a5584a7f9a7c3a9b8767f9bdb8a01304274186574,7e8de3bab7d0e208,7,True,43.3492,45.87574,46.311387999999994,164.0,2.996875172833361,3783.2301403486103
sqam/69_abba_stereo.wav,sqam,baseline,high,checked,1455300,2,44100,1175652,8f702179bae7207a9197b1bbd02a80c404104a20b4e54ae5f83e3ad48a7ecaf5,8fcf117ddf6c8501,7,True,7.56215,7.888135,7.929427,33.0,2.5981412767127052,4363.838326401883
sqam/69_abba_stereo.wav,sqam,candidate,high,checked,1455300,2,44100,1175652,8f702179bae7207a9197b1bbd02a80c404104a20b4e54ae5f83e3ad48a7ecaf5,8fcf117ddf6c8501,7,True,7.3858,7.55586,7.581131999999999,33.0,2.537552394695252,4468.033252998998
sqam/69_abba_stereo.wav,sqam,baseline,medium,checked,1455300,2,44100,886548,0bdb55d097eb4c6b7806780aa5bfe098c8fc16c9ed5943faeaa9a9286d2eb1b2,b955bd9f878a0f2f,7,True,7.5359,9.401709999999998,9.954261999999998,33.0,2.589122517693946,4379.03899998673
sqam/69_abba_stereo.wav,sqam,candidate,medium,checked,1455300,2,44100,886548,0bdb55d097eb4c6b7806780aa5bfe098c8fc16c9ed5943faeaa9a9286d2eb1b2,b955bd9f878a0f2f,7,True,7.41605,8.021059999999999,8.105611999999999,33.0,2.5479454408025837,4449.8081862986355
sqam/69_abba_stereo.wav,sqam,baseline,low,checked,1455300,2,44100,884592,c1f5109e82d91f905f10feca6b33204bca4c58619f92911e75349727b7f1a77a,31a1c19eccd7fcb2,7,True,7.43395,7.99038,8.051556,33.0,2.554095375523947,4439.093617794039
sqam/69_abba_stereo.wav,sqam,candidate,low,checked,1455300,2,44100,884592,c1f5109e82d91f905f10feca6b33204bca4c58619f92911e75349727b7f1a77a,31a1c19eccd7fcb2,7,True,7.55535,7.96798,8.030356,33.0,2.5958049886621315,4367.765887748416
sqam/69_abba_stereo.wav,sqam,reference,default,qoa,1455300,2,44100,1175648,64aa7df6843c95e7f3b3d34739a27f3787c3969f5baa6942ac205de90b925c38,8fcf117ddf6c8501,7,True,9.17725,9.866864999999999,10.020572999999999,33.0,3.1530440459011886,3595.848429540439
sqam/70_eddie_rabbitt_stereo.wav,sqam,baseline,high,checked,926100,2,44100,748132,9de6383d80f1aa95125b6886985694031c63a0200a3b61d054bd0203cbe9e009,af0a35bc735e4d4f,7,True,4.720066667,4.91326,4.949932,21.0,2.548356909081093,4449.089701808654
sqam/70_eddie_rabbitt_stereo.wav,sqam,candidate,high,checked,926100,2,44100,748132,9de6383d80f1aa95125b6886985694031c63a0200a3b61d054bd0203cbe9e009,af0a35bc735e4d4f,7,True,4.586566667,4.8891600000999995,4.93335200002,21.0,2.4762804594536223,4578.588195630821
sqam/70_eddie_rabbitt_stereo.wav,sqam,baseline,medium,checked,926100,2,44100,567032,1d8ae879a6e647b514155b67dae65a1ee6f184d2abc82c45194d2d26f1c29afe,468e71f35521bc80,7,True,4.648633333,4.80511,4.827262,21.0,2.5097901592700573,4517.456743882965
sqam/70_eddie_rabbitt_stereo.wav,sqam,candidate,medium,checked,926100,2,44100,567032,1d8ae879a6e647b514155b67dae65a1ee6f184d2abc82c45194d2d26f1c29afe,468e71f35521bc80,7,True,4.6303,4.8197066669,4.83335466698,21.0,2.4998920203001838,4535.343282292724
sqam/70_eddie_rabbitt_stereo.wav,sqam,baseline,low,checked,926100,2,44100,562912,fc51e5a899d63284d7183d07ea868a16d7411fbedf01db77de3f26b2f053afd8,316c4b74c9eac75b,7,True,4.847933333,5.0170450001,5.03592900002,21.0,2.6173919301371344,4331.742736034031
sqam/70_eddie_rabbitt_stereo.wav,sqam,candidate,low,checked,926100,2,44100,562912,fc51e5a899d63284d7183d07ea868a16d7411fbedf01db77de3f26b2f053afd8,316c4b74c9eac75b,7,True,4.615633333,4.7266533331,4.73503733302,21.0,2.491973508800345,4549.754819096675
sqam/70_eddie_rabbitt_stereo.wav,sqam,reference,default,qoa,926100,2,44100,748128,98fd4f2b74637be77761e3c3f533e10848efcca2e81a9c786d6fe1cb8bae8a3d,af0a35bc735e4d4f,7,True,5.75135,6.154719999999999,6.1657839999999995,21.0,3.105145232696253,3651.3166473958286
