asset,category,quality,trials,frames,channels,rate,baseline_encoded_bytes,candidate_encoded_bytes,encoded_size_ratio,baseline_snr_db,candidate_snr_db,snr_change_db,file_quality_regression,baseline_sse,candidate_sse,candidate_segmental_snr_db,candidate_log_spectral_rms_db,candidate_max_abs_error,baseline_unexpected_full_scale,candidate_unexpected_full_scale,baseline_severe_frames,candidate_severe_frames,introduced_severe_frames,resolved_severe_frames,frame_error_regressions,fresh_baseline_encode_median_ms,candidate_encode_median_ms,paired_encode_time_ratio,candidate_decode_median_ms,decode_apis_agree,encoded_sha256,decoded_sha256,encoded_fnv64,decoded_fnv64
bandcamp/allegaeon-beasts-and-worms.wav,bandcamp,high,1,6712438,2,44100,5422444,5422444,1.0,29.15853697408004,29.251486549437004,0.09294957535696469,False,1637372065741.0,1602700673141.0,34.8485187790113,9.845021233901049,30794.0,1649,1624,3,4,2,1,0,754.256999999,840.347499996,1.1141394776543196,33.454600006,True,b57b2cd95d4326955d0f0c1eb3d2596a737e44e2c4a55854b999973f9ab1efae,c370dc24da95db6a7fa173591f791ec02c97a2a7e828e37b71b8e925ba78e357,8ce0dab9b119d0bf,29b4f656027761dc
bandcamp/allegaeon-beasts-and-worms.wav,bandcamp,medium,1,6712438,2,44100,4746884,4751244,1.0009184972710519,27.89409289659046,28.03174109513869,0.13764819854822719,False,2190744775297.0,2122398669705.0,30.298281150474512,11.787731821949738,24917.0,2743,2597,4,4,2,2,0,1721.243399993,2098.356999993,1.2190937086536011,34.394299999,True,221ff3ba6ed559e0263fa28d9c069101c86fc37aaaac7ccbd0b63eb69f6ea782,c1300d2b9059819c7e72dee00431baf6f4c64454bdfc59ad6f2457b3fc055130,f56dd363a162569f,1b35a24bf5a89859
bandcamp/allegaeon-beasts-and-worms.wav,bandcamp,low,1,6712438,2,44100,4218194,4285688,1.0160006865497415,22.914783443784458,23.401862370342833,0.48707892655837526,False,6894816779923.0,6163321707638.0,27.413124093951126,12.621406359581451,34749.0,14137,12779,65,3,0,62,0,1737.150099993,2218.897699997,1.2773206529510268,32.189799994,True,21e8d75a85a969246afe656e5bc3e8efbd39e9d63f4253fd9e08e6da53ffae64,458a9b83bc5668459ab29c304d35eedffeab3ddafed631c1f38b5d8ded8d6b5c,79ac3d0db4657e68,e4782d9d4847615c
bandcamp/darkside_narrow_road.wav,bandcamp,high,1,6440706,2,44100,5202908,5202908,1.0,36.090542401809344,37.04896515100043,0.9584227491910866,False,96349817973.0,77269592802.0,44.41282471607871,7.122565831257052,29297.0,20,17,0,0,0,0,1,412.756899998,476.430600002,1.1542644108537217,32.142399997,True,4715ef4af88d69555a204f676b7346b9cc9c8f855b267df2ee4a6bd525bd00a9,3895356379c0da79302d3ae10127713dd355af32f862d2d722a9f55fc0d1bba7,a8dcbc3774dcdad3,91b2ab1f49d003e2
bandcamp/darkside_narrow_road.wav,bandcamp,medium,1,6440706,2,44100,3949156,3953318,1.0010538960729838,32.949514645052474,33.31533537372066,0.36582072866818294,False,198588307364.0,182545697496.0,36.58339079647688,10.104921428472707,22614.0,14,14,0,0,0,0,0,960.832299992,1061.774300009,1.1050568345983378,29.237800002,True,9d465e182ff105408ec543a6a9605e88331ab35dce8d3a9fe3b289739b325236,c86203728bef06d219f48c2cd26ca20bd5ede9f54cf59713423f0705b246b5a9,b9628f1c267abae0,5fa1a12ef69ffe8a
bandcamp/darkside_narrow_road.wav,bandcamp,low,1,6440706,2,44100,3925468,3936312,1.0027624731624356,30.7243213392616,31.561905270751232,0.8375839314896325,False,331491964020.0,273347188677.0,36.43959297572938,10.254534958040619,26332.0,29,29,6,0,0,6,0,971.458900005,1064.539199993,1.0958149644699544,29.822699994,True,bcb60c9df03bd020acec4101ba8174d9e620319c1d9f26cc979adeecce5e1cba,c7f9be85b881f72b35c7e8c2c9c7ff55c150a7b3a26fc47b4978a10763e13c3f,0cf198a402f4257a,e291271e9f346766
bandcamp/forest_swords_annekas_battle.wav,bandcamp,high,1,6216862,2,44100,5022116,5022116,1.0,48.67600906850452,48.67600906850452,0.0,False,7394135271.0,7394135271.0,50.44802913091439,10.684918914848321,915.0,0,0,0,0,0,0,0,460.377499998,514.169300005,1.1168428083632098,32.974699989,True,5efa5fb1a2de67edac2402eba72554fb5ee3ccbc9fd0974e9540901cfaa4098d,4b2e2c1bcff83d0820d5a3feaf0840c9e97a86429960532d154db24cf7f74ab9,6a7483409551e83c,4a2ad59613467582
bandcamp/forest_swords_annekas_battle.wav,bandcamp,medium,1,6216862,2,44100,3790244,3790244,1.0,38.28192834365643,38.28192834365643,0.0,False,80964653937.0,80964653937.0,40.95330496227979,16.13529719987844,2271.0,0,0,0,0,0,0,0,939.938700005,980.897,1.0435755012478816,30.226699993,True,a9d04c5f5fefe43bd2742e052ef0adda3a54ebebd42adc0086a479b79713542c,cb8bd7fd792d3a96ebedf53fba1c242b0fff14e64b0008272aa5e60d426a1562,c26058937a559944,adc627f372d0bcb8
bandcamp/forest_swords_annekas_battle.wav,bandcamp,low,1,6216862,2,44100,3778938,3778938,1.0,38.049253331517704,38.049253331517704,0.0,False,85420668356.0,85420668356.0,40.91516807255031,16.153260746986064,3609.0,16,16,0,0,0,0,0,976.302100003,979.994299993,1.0037818212108616,27.45660001,True,099f0f972b1e66d84d3e33a145c3fbcf4d68524f0e545505e239ba27a7a4825f,9bad649fbdebbde6645ee6821361fff4cf4c2214eeacac9a6bffb38745d7268d,6ea395d8d9967f2e,e5a1baa8bccb5e6d
bandcamp/four_tet_baby.wav,bandcamp,high,1,2978836,2,44100,2406364,2406364,1.0,38.98932946656028,38.98932946656028,0.0,False,36453129172.0,36453129172.0,44.69802080058999,7.044398024833027,3975.0,164,164,0,0,0,0,0,213.329899997,240.595399991,1.1278090881511846,14.67930001,True,59f375e6430fcb90207ddc9493a8f33b66909e7eeb58c807632a9dc5c625e42d,880c15a5fc09ca9036aecfd28c13371731627479289b75936c17a97ea9d036be,84f59dc554456eb3,36946886a0516d1b
bandcamp/four_tet_baby.wav,bandcamp,medium,1,2978836,2,44100,1840032,1840032,1.0,32.754030046014236,32.754030046014236,0.0,False,153202113472.0,153202113472.0,36.97034788048804,10.086722896136681,3847.0,402,402,0,0,0,0,0,516.937199995,541.867299989,1.0482265543943077,13.558500007,True,901ac99e81194cb39c8186343a54798967cc82bbc8af7325925c3be0d8998af8,4d5c6c293fd02855e9daa54c29d7077843ddee37f80b221c54048329337f31e3,0b5e54fa387801b4,43fce40dd3e5f3ee
bandcamp/four_tet_baby.wav,bandcamp,low,1,2978836,2,44100,1816498,1818286,1.0009843115709458,30.753869315742723,30.846131781580958,0.09226246583823539,False,242817973121.0,237713903151.0,36.67647220614732,10.323346707424996,7053.0,618,601,0,0,0,0,0,518.780000001,559.194000006,1.0779020008576317,13.71419999,True,f917a788680f3a9f0e3a8c873800aa1ddc231734719d90fe0bdc1004255a4f51,7c32a9654651b8deccc99b666262a2b3ae7c6425d9f3e0e6ebd267a98b0bf323,c56693fff801195b,d4a71c2fb211e576
bandcamp/inverse_phase_atarible_lie.wav,bandcamp,high,1,2580303,2,44100,2084428,2084428,1.0,24.42881185497186,24.439996336753808,0.011184481781949529,False,719447939750.0,717597513314.0,24.00519983547698,5.3297193289047975,16656.0,13,9,0,0,0,0,0,366.027500004,400.798299998,1.09499504816884,12.709199995,True,5c30ac56001fc660dbace25644e04ed85bc8747021cae126772d594cea46bd1e,af1c5a1b2874939f576c4e7989cd337d430c054b694a44a33e611ed286c4d458,1f1feb5c0db18440,3d43c8bcdf76a42c
bandcamp/inverse_phase_atarible_lie.wav,bandcamp,medium,1,2580303,2,44100,1680254,1726158,1.0273196790485248,22.08578958078781,22.4706151470607,0.38482556627288744,False,1233961474138.0,1129325264653.0,21.430307115478097,6.151995601327673,16326.0,29,6,1,0,0,1,0,718.907200009,1487.344099998,2.068895818513683,12.611699998,True,0809122042d7b18a092fe4c233c880f660c37d00f4a803f536ec278f41606c0e,8f3e016a92d9d48877a5436ea322f47fa61f75ca7de3e187b983b15125f47674,f64b75705133ca53,6fee838d86bdbe9d
bandcamp/inverse_phase_atarible_lie.wav,bandcamp,low,1,2580303,2,44100,1588280,1741932,1.0967411287682272,19.77354171554523,21.84836550563852,2.074823790093287,False,2101485448854.0,1303298838431.0,21.079345032649087,6.277323301566804,16716.0,80,5,16,0,0,16,0,731.966499999,1809.911600009,2.4726699924265287,13.385700002,True,798ae029f21a548061490aea3fb9ea0fce1e78cddcdaec23285130e577fec323,dc3b8efda2e616e1749039f97aaf57d67b3f01bf191d135a243a9bca7dd39463,63aaf4e86f9136ee,9e62a6f0a56466c0
bandcamp/julien_baker_sprained_ankle.wav,bandcamp,high,1,2394122,2,44100,1934044,1934044,1.0,38.309167025242616,38.309167025242616,0.0,False,24787626144.0,24787626144.0,43.55161052247378,10.597364418891123,1803.0,0,0,0,0,0,0,0,200.757499993,222.892100006,1.1102554077121491,11.894099995,True,bbdf67f03c82c808b8f7f6edf3ebaaf99f3621d8aacfd7c1a28c3f7915c7a417,a04da54f0a2aade3f4c6086756e0e7b9fb6b4ad2ad00127d4b5991eca6753087,edbdbfe748133a7e,dc967c48991a36c1
bandcamp/julien_baker_sprained_ankle.wav,bandcamp,medium,1,2394122,2,44100,1471798,1471798,1.0,31.125876799073787,31.125876799073787,0.0,False,129587753155.0,129587753155.0,35.12375780207452,14.543061379466655,2472.0,0,0,0,0,0,0,0,464.867899999,500.6285,1.0769263698377043,11.200800002,True,42ccc5a819adb5e315ac284680d1618bc3cc85b3da926d9fa986016dc3f4d728,6dc3f23eeab029425e82574ebb839f995f37af93e4b0da0a92b6d3417b4556d0,9817905e831ee572,a747acd871de0df5
bandcamp/julien_baker_sprained_ankle.wav,bandcamp,low,1,2394122,2,44100,1455552,1463804,1.0056693268258365,30.038396656784844,30.675371211315262,0.6369745545304184,False,166460798732.0,143752206232.0,35.079168006913534,14.584973493496516,3843.0,0,0,0,0,0,0,0,464.501499996,573.328400001,1.2342875103868063,11.089400008,True,1a8d3002b2e2b597708b22c859f35a798ff7f33f7b6cdde62492b9b8d675ce74,c212dde70af0671fce306621ebb68b558310f6707c80192e3b289315b263f3f6,090a991b850d8387,43fdbd923fdbb76c
bandcamp/lorn_drawn_out_like_an_ache.wav,bandcamp,high,1,1873317,2,44100,1513308,1513308,1.0,40.97052512224052,40.97052512224052,0.0,False,20787778253.0,20787778253.0,46.701671274548445,10.987070854743425,16343.0,3,3,0,0,0,0,0,126.426800013,141.952600002,1.1228046584063152,9.393600002,True,9b5a22da7ec9d432a93ac94701ceac0624ef9b8d41dc71fc46f38b1ef9f58c22,fef12e5cd3dffd5027823c59018c7004233abe4ff1a51d42266782f681269b85,18c74127135826b4,c4e4acbec5e7c5a1
bandcamp/lorn_drawn_out_like_an_ache.wav,bandcamp,medium,1,1873317,2,44100,1153632,1153984,1.0003051232975506,35.800875575267725,35.88849392169663,0.0876183464289042,False,68355431658.0,66990187837.0,38.9493930853381,14.249535966473331,15710.0,7,7,0,0,0,0,0,320.784199998,333.490200013,1.039609182793539,8.5273,True,5a4128868c40323d4c5570b260b365408f42d1bb2c0402cd2413591c221dc817,4fcc718c02096225065b9072cf6dfca740d2a46ede93f30a41634f8215e76842,0dd1ba47edf9ef3c,0a43a71385647cd6
bandcamp/lorn_drawn_out_like_an_ache.wav,bandcamp,low,1,1873317,2,44100,1142508,1143870,1.0011921141908853,33.65254053950019,33.80386138362446,0.15132084412427105,False,112100237769.0,108261602017.0,38.72503881609254,14.486782922172521,12742.0,52,61,0,0,0,0,0,311.157700002,358.386700004,1.15178477023611,8.636500001,True,ea3b7f2a0f0c6a546c9c3a15498c676ce2446ac5dda61f76fc8ee5ac4aebe4b7,946a2a7e6134951d3ec15bf8e844235313ad696877ad1a21647cf8fa10df964a,17adc8043df2cf44,89c76af1bcb58932
bandcamp/nils_frahm_all_melody.wav,bandcamp,high,1,4358017,2,44100,3520508,3520508,1.0,45.39122212783262,45.39122212783262,0.0,False,7957071480.0,7957071480.0,48.42153943267272,9.178537523234318,5897.0,6,6,0,0,0,0,0,282.901299998,308.265699998,1.0896581245833064,21.421100006,True,df52e8d18929be42c704b3c3e7d527b146e81ef211db6db5847343a12c2cf9a6,8045c2c5d4575ba45acb8413de37438e5bdbd231683b0f829ee32154280090a1,99936bbf41187450,393b3c20e80a3ec6
bandcamp/nils_frahm_all_melody.wav,bandcamp,medium,1,4358017,2,44100,2669152,2669152,1.0,37.900406604743715,37.900406604743715,0.0,False,44651372388.0,44651372388.0,39.729953376682694,12.564622141635043,8700.0,3,3,0,0,0,0,0,678.912699997,735.144199997,1.082825818400876,20.373199999,True,b470d7812d513120f7c30dc9e85c6b438aa07a77c3fb858cbd6aafd5e8a69361,0fcd91049f90a309b66a775c3d9c793761872e264504ba9c78ceb8f82f059200,0769479155efdd6b,969df272c5f93ed7
bandcamp/nils_frahm_all_melody.wav,bandcamp,low,1,4358017,2,44100,2651936,2652430,1.000186279005225,36.96131432865366,36.98624983728613,0.024935508632474068,False,55429892886.0,55112547798.0,39.533637008696886,12.710420853723036,9896.0,19,24,0,0,0,0,0,681.640399992,735.3882,1.078850666727839,19.61060001,True,b5ede57cb9e2f068b497113f6f841afaafbd5b85770c4d60f86a973287392ac5,1ea83252e1f9ff63a17a4e1a249a7b8d8d9e2fb2ae03cf157598382f5054c073,25c1da977cb5fbcf,2fe8ecc79b050019
bandcamp/planes_mistaken_for_stars_one_fucked_pony.wav,bandcamp,high,1,2677638,2,44100,2163044,2163044,1.0,32.24177757252265,32.255056373295645,0.01327880077299426,False,269287552067.0,268465447518.0,37.32967260418046,10.835989337419857,7663.0,98,95,0,0,0,0,0,270.714900002,294.505099997,1.0878791673263062,12.857800007,True,6cafffd690f64b9e360ed3f2905b59fdb52a5c1bad815749cb1ac551e87584ce,40abe31f4ffeb3a7e366f2f1e799179f60a0304ca0613e3e0cb11e43e5316daa,935c84bfc81899de,ad36de993f285dcd
bandcamp/planes_mistaken_for_stars_one_fucked_pony.wav,bandcamp,medium,1,2677638,2,44100,1842974,1843286,1.0001692915906573,29.504039811465255,29.51687868133702,0.012838869871764302,False,505813078606.0,504319972213.0,31.534400020591466,13.230028564523668,5331.0,155,155,0,0,0,0,0,638.763600007,652.043099999,1.020789381223123,13.545600012,True,ac56ce73c6150ec81b75b2da8e7da3491c671a599f00a2d5f51c039f6520693f,fb9aa6ca3223f9a25ae4da0afc5981d612a64b63dc11886f9f71c514e519d885,4e4ea4de3ac0555d,4cdbd202ec98aaab
bandcamp/planes_mistaken_for_stars_one_fucked_pony.wav,bandcamp,low,1,2677638,2,44100,1661662,1666388,1.0028441403847472,23.926702849234182,24.021909608662604,0.0952067594284216,False,1826937754394.0,1787323126481.0,28.434327455757884,14.798043984880232,10512.0,1198,1179,0,0,0,0,0,633.744500011,712.869899988,1.1248537856748684,12.975400001,True,8378707ccd880eaca9d8472a22b1f69de490c7214fd641b514f446d1ed10e12a,d003f63e2bc5b032471ed33e21ebc20bae7654590ffccb3bd98dd1ae1dc84ac0,05dc1f510543dbb5,5358ed31cfb05344
bandcamp/whalerider_devil_got_me.wav,bandcamp,high,1,4319545,2,44100,3489420,3489420,1.0,32.712773015714085,32.80707575121728,0.09430273550319868,False,483619756501.0,473231625714.0,35.68230356024159,8.02546685610347,22274.0,1343,1309,0,0,0,0,1,488.327300012,526.896699995,1.0789826822748843,21.837200001,True,259627f22aafdbbf17fbeabad460daa48e234c1017bbd79cc03ce78f09db8a8a,d4193f81ec3aa5e8c66061ea49904889a0a4982b55289fd20f577e7f5829fc05,a9b519079a22624c,82186a831b4f3b22
bandcamp/whalerider_devil_got_me.wav,bandcamp,medium,1,4319545,2,44100,2900396,2905128,1.0016315013536083,29.119766694726714,29.16609679685523,0.04633010212851474,False,1106126166600.0,1094388840613.0,29.96714446157673,10.3208698584559,24366.0,3152,3217,0,0,0,0,0,1166.234900013,1358.774499997,1.1650950421581912,22.725800008,True,7bf6e0a0ba5bc5f6a36555d11ccac56a4783c0eee535eb1da556fbce2ec1e999,a0b26e67c1081e81fd21aa05858e515326e9ebfb9bf627b0c9ac241e2e6314f7,b1472d7dbe34fa3d,fe19c3054b81ed0c
bandcamp/whalerider_devil_got_me.wav,bandcamp,low,1,4319545,2,44100,2665980,2680578,1.0054756599824455,25.508013374361475,25.66082857759904,0.1528152032375658,False,2540855681509.0,2453005250922.0,27.752330963388506,11.180849829830699,33270.0,6166,5998,1,0,0,1,1,1168.625300005,1307.440899998,1.1187853797041756,19.724099994,True,08bd53d588128b7500793dfd476253546cc645a68b7bc60772e184370e6d0452,5bbe99e6684545a9fe0819fc0871161f16bc62ac0f486e7cda19b62321bdc962,c563a5c1e093dd0d,938051478958386e
oculus_audio_pack/Indoor_drawer_close_02.wav,oculus_audio_pack,high,1,61270,1,44100,24812,24812,1.0,25.207354092708947,25.207354092708947,0.0,False,1530645164.0,1530645164.0,28.235509459114372,8.85966756548519,8622.0,0,0,0,0,0,0,0,3.007399991,3.072799996,1.021746360708824,0.117799997,True,32a1d54241b78ea747a060b89e2ec037254852c04d9ece0ddc29c0d45ce249a8,fd69dac6ef36273ccd6736620adee27df1fbddd370ed605bb2d697e4b707956d,f4a5b19544ce83de,daf941ebe4d96d12
oculus_audio_pack/Indoor_drawer_close_02.wav,oculus_audio_pack,medium,1,61270,1,44100,19354,19354,1.0,19.734926549090098,19.734926549090098,0.0,False,5396563331.0,5396563331.0,21.826552967404634,10.224564188078828,14830.0,0,0,0,0,0,0,0,6.937900007,7.345200002,1.0587065242492764,0.121800005,True,3cee515fe23f9894c5b8cae7207054bbc170635b6661d84898f3d25381102e54,cd1605c5bde2b63cded7aac03dbea14153917a82c515e79233dafc5014b75a12,fd8b8123808b35cf,b9ef8f3d467ae8a9
oculus_audio_pack/Indoor_drawer_close_02.wav,oculus_audio_pack,low,1,61270,1,44100,18722,19744,1.0545881850229677,18.44978391152596,20.388670330210257,1.938886418684298,False,7254901858.0,4642403660.0,22.456953506817968,10.15163538380876,14086.0,0,0,0,0,0,0,0,7.371700004,12.743300006,1.7286785950439227,0.121800005,True,5d12efbfb3dbc73ea2e0e7e4cf891a3c939206efdc8fd3e8ca96aa27bfd46ae3,eadbbffcb00b3c62414dbfaf3cb7ffb1445539d439ef90f0cfb8437686003b72,19c0f6769b404c95,391d384155b3a4e6
oculus_audio_pack/Indoor_fan_off.wav,oculus_audio_pack,high,1,337652,1,44100,136660,136660,1.0,44.65855808848388,44.65855808848388,0.0,False,139451484.0,139451484.0,35.00577433551901,6.776238523371657,498.0,0,0,0,0,0,0,0,8.479800001,9.94340001,1.1725984113808583,0.660599992,True,23afe34c086ee59f87dd63c737cab54afa9a77e446a1d99d5bc7fac359a96f9d,996a746edd105196fa929f000ecaad068a86d14ae28185ac95694f270814c0ce,1989373ad596b077,61d301a7dcd10bc1
oculus_audio_pack/Indoor_fan_off.wav,oculus_audio_pack,medium,1,337652,1,44100,102962,102962,1.0,36.65341650250922,36.65341650250922,0.0,False,880921681.0,880921681.0,29.49177589937866,8.471500680766123,1364.0,0,0,0,0,0,0,0,19.625100002,20.134100005,1.0259361737238601,0.638099998,True,74183bfcba297ca062ce855bda0382fb4e60234cc2beef94fb489a280b4ee1ae,168d0a93b45da3681d02d2e8564c0657a3e4d8d0a97ea7b0902ea667f1e79706,68833a6ed886c862,fafa7934a1c13ccc
oculus_audio_pack/Indoor_fan_off.wav,oculus_audio_pack,low,1,337652,1,44100,102894,102894,1.0,36.584710012948506,36.584710012948506,0.0,False,894968908.0,894968908.0,29.50248236658162,8.458050901921853,1525.0,0,0,0,0,0,0,0,18.869299993,20.366599992,1.0793511152801354,0.636900008,True,6c2c6e670545399b73edb72fcc003bb3eff706e93257c20b4581465fc6888aed,742b59b959418d695de91b1572f80e5a0ce86f649cdb283e444272662c113834,75f472678dc95392,e46066116e1dffd6
oculus_audio_pack/Indoor_switch_small_on_01.wav,oculus_audio_pack,high,1,19764,1,44100,8020,8020,1.0,18.087500421793894,18.087500421793894,0.0,False,558953780.0,558953780.0,19.507415067933675,6.92870819804607,11172.0,0,0,0,0,0,0,0,0.489600003,0.527600005,1.0776143826943563,0.038100004,True,ff82ed7d45cf3e6b200b792ceeed3cad39814daa0d6c29c6ffcf7ffffb0bc8dc,00dcbec3b951951d553dd2eb2b0b9afdcf34f50286db74edbb1fc45513df482a,3ca081589fddca69,2324cf4d06810155
oculus_audio_pack/Indoor_switch_small_on_01.wav,oculus_audio_pack,medium,1,19764,1,44100,6114,6114,1.0,16.358692323619252,16.358692323619252,0.0,False,832255564.0,832255564.0,15.298101594035346,8.353716469328845,10913.0,0,0,0,0,0,0,0,0.977899998,1.099700004,1.1245526191319206,0.038599998,True,a99e214da2a17c6b209a3685f49e3693a4bcb658a78003849bf45d48ef246ad1,de185ea5cd8ffd3bd186aa6dc9822dd330160a36e952100ca15b327bf2de6c91,c3ad52849d02f741,b762354fe6d1fc45
oculus_audio_pack/Indoor_switch_small_on_01.wav,oculus_audio_pack,low,1,19764,1,44100,6082,6554,1.0776060506412364,14.438079722532258,18.135224458985316,3.6971447364530583,False,1295143730.0,552845137.0,16.708699208556673,8.034120875751803,11017.0,0,0,0,0,0,0,0,0.980000004,2.696899995,2.75193875917576,0.037799999,True,a7b4271c4344d72dad04b62ef084070d2826a0ef0f13665aecea65c8adbb4a48,136cfa47377d117b0b9c80a4679c8180a60c5fb04abda22a54fa310af559aacd,8567825899be2d9d,75ea9b786168742e
oculus_audio_pack/action_drop_coin_01.wav,oculus_audio_pack,high,1,36227,1,44100,14700,14700,1.0,17.977345803761054,18.195127979050568,0.21778217528951416,False,1523240856.0,1448739703.0,17.340606386794818,18.60058559128164,11645.0,0,0,0,0,0,0,0,1.351799995,2.21419999,1.6379641945478778,0.069900006,True,e65392520e0c01525e006b303d7945179290746416cf19230bd110fd80e2f41c,e6d004e4ab05a6a8634b28e5de205cc252f73ab20ec0445b045e4dae56e7603f,f731510d1fc63852,64362c1d6e9fafbf
oculus_audio_pack/action_drop_coin_01.wav,oculus_audio_pack,medium,1,36227,1,44100,11392,11704,1.0273876404494382,14.752118392294895,16.139905448102798,1.3877870558079035,False,3201041620.0,2325480035.0,12.995614349233621,20.606992770114744,11645.0,0,0,0,0,0,0,0,3.306500003,8.437600002,2.5518221667456626,0.070000008,True,5c7ceafad7f23318b2fb5524af4d66ffdc96307e20dc46f3593e62f3af327591,af95cd3cba95e19568195fa1d826c23450635eeff92959e9c826fbb3388b241d,75ddd9ff3a2b127e,809d483ca63c7345
oculus_audio_pack/action_drop_coin_01.wav,oculus_audio_pack,low,1,36227,1,44100,11158,11588,1.0385373722889406,12.923908651644018,15.410390875991709,2.486482224347691,False,4876545660.0,2750832030.0,12.763749945972581,20.636945624644795,11645.0,0,0,0,0,0,0,0,3.3829,6.091600001,1.800703538679831,0.240600005,True,feb6039d293d48f1826776499dda14e63c040c9cd713f46815e27df18d4ceebf,7d72410ebba7cdc7ecf2f6561ca4985d674d1a3a476066e787a18e7ac2698e74,74eaee335479a949,533a842a6aa27c36
oculus_audio_pack/action_drop_paper_ball.wav,oculus_audio_pack,high,1,52926,1,44100,21452,21452,1.0,13.429151262444305,15.474436907986997,2.045285645542691,False,1255928178.0,784216977.0,20.64097309738675,5.945147501375704,12723.0,0,0,0,0,0,0,0,1.316300005,1.852699995,1.4075058785705923,0.103799999,True,0e5367283495e57822f2d53aa92d1d86e4799af1e8ab0c2140d47fe658ac9197,716ec18ed528042fce84e88fc4ab9898b3758ef10d1cc8d1f168620b265c5fc3,a4e7eb43f25a36bb,d7c5042678478459
oculus_audio_pack/action_drop_paper_ball.wav,oculus_audio_pack,medium,1,52926,1,44100,16242,16670,1.026351434552395,12.151804455034513,15.273599638331723,3.121795183297209,False,1685386400.0,821334313.0,16.40388062515905,7.094208751045692,12723.0,0,0,0,0,0,0,0,2.714299992,5.747600004,2.1175257049479446,0.100300014,True,c41172c9849c7527396b5a0b629e4a2bd8f6183a2da9570baf7c74dc2ff4e18b,464ee434c26ae730956817803799b53db5089b0de12ed523596e3aee11addc43,f3ad3101277e4ecc,f94aaad927622343
oculus_audio_pack/action_drop_paper_ball.wav,oculus_audio_pack,low,1,52926,1,44100,16204,16670,1.028758331276228,11.690087905944797,15.273599638331723,3.583511732386926,False,1874438259.0,821334313.0,16.40388062515905,7.094208751045692,12723.0,0,0,0,0,0,0,0,2.839499995,5.574000001,1.9630216625515435,0.100099996,True,c41172c9849c7527396b5a0b629e4a2bd8f6183a2da9570baf7c74dc2ff4e18b,464ee434c26ae730956817803799b53db5089b0de12ed523596e3aee11addc43,f3ad3101277e4ecc,f94aaad927622343
oculus_audio_pack/action_shell_casing_on_grass_01.wav,oculus_audio_pack,high,1,21386,1,44100,8692,8692,1.0,17.811780213578533,17.811780213578533,0.0,False,1662917720.0,1662917720.0,19.271888771919887,8.870832250776274,11807.0,0,0,0,0,0,0,0,0.903700009,1.607799992,1.7791302157661038,0.041199997,True,36122a225eb97141bfe0b15e86a385afe77dc291f3edc7bc1aa0fd841d96146c,8e1b99cffd2325db867b7259adfd4a06b0d2618999c50268fee1237dcbf3399c,eadffae3ddbf367a,102a5dd5814c395c
oculus_audio_pack/action_shell_casing_on_grass_01.wav,oculus_audio_pack,medium,1,21386,1,44100,6798,7136,1.0497205060311856,16.642924599976613,17.13166881064675,0.48874421067013785,False,2176488228.0,1944831148.0,14.244784278318798,10.168244470810984,11807.0,0,0,0,0,0,0,0,2.216000006,6.913800001,3.1199458403792084,0.041500002,True,d61b40a7c7546865c347353a8adf1090166bb229f554154443e10744e348aa27,1d1851b82c9a23b6ddbca0840a90f8f0aeda8946b525f0f691230d6894162efc,4738ee51cfeb55d5,37bfa2ccdbb0f771
oculus_audio_pack/action_shell_casing_on_grass_01.wav,oculus_audio_pack,low,1,21386,1,44100,6628,7064,1.0657815328907665,13.373106943218321,17.07091153380529,3.697804590586969,False,4621022554.0,1972230311.0,14.141326744832876,10.213172518477633,11807.0,0,0,0,0,0,0,0,2.203600004,4.925999999,2.235432923424518,0.04110001,True,8521be0ef7f9b60d7d97d13a7402f2f85053d5d8cd108bb7d836584ea04fd2f6,1c4c3486924095dd5c34f6a795a231e795a84216180896e8dd8dfd92596ed88d,2251cd799b744c87,41169f4c3ee73b8e
oculus_audio_pack/action_sword_scrape_02.wav,oculus_audio_pack,high,1,58904,1,44100,23868,23868,1.0,24.42574170078555,24.42574170078555,0.0,False,965255422.0,965255422.0,26.052237592510146,9.716104172900502,2635.0,0,0,0,0,0,0,0,1.8838,2.070600003,1.0991612713663872,0.117599994,True,19a3e1e3b3e081cb4f8f54072a83b44926d6a8dfd4ba83945e1fbccb63e5ed0a,f96086d8a80886128fd77be93faf0649e3de9cf360875f4258ddf46a9fcd0c32,240be5a9cc101702,8facb1e3046447f6
oculus_audio_pack/action_sword_scrape_02.wav,oculus_audio_pack,medium,1,58904,1,44100,18456,18456,1.0,21.35856224547578,21.35856224547578,0.0,False,1955961019.0,1955961019.0,20.760793720624005,12.008086884010542,3149.0,0,0,0,0,0,0,0,4.225400001,4.307700008,1.019477447574318,0.116300002,True,8801c233b51481318c57311ed12691e06c959a994885145863546324bbf56de2,851188353fe63e69b99e9f99cf4ef1e65f61dd9b194e3dd1f4bdfccd209741ba,dc4ddc06e6036c56,74192c54c1f58680
oculus_audio_pack/action_sword_scrape_02.wav,oculus_audio_pack,low,1,58904,1,44100,18074,19000,1.051233816532035,17.44889169818845,23.546220912653727,6.097329214465276,False,4812018076.0,1181937001.0,21.39634094588638,11.735313333973172,2785.0,0,0,0,0,0,0,0,4.1972,9.606600001,2.288811588916421,0.119800001,True,54cc299b928bab8b4c9dabee88686d811b85ec4650dade576515f7619d0aa63e,d26270928376049cabe8e09d8ddf33545daaa309f9a4df340664320ce90280fe,e0d22c8a946ca855,7245ed2d7fa76cdf
oculus_audio_pack/action_typing.wav,oculus_audio_pack,high,1,812851,1,44100,328972,328972,1.0,24.534984303203696,24.534984303203696,0.0,False,1046321064.0,1046321064.0,24.53222523250799,7.819391875778932,2868.0,0,0,0,0,0,0,0,28.787500009,28.173099995,0.978657402907237,1.623400003,True,3f9bf0e841c6f7cb8c81afbeb63c402675afb1790466c472be3e8be25ac2a9de,e1eb9fc871c5d8d82192fccc7e1645b1f3d1bda1040157319e0e95d13f55abd2,4d78f5fed59b0e04,2207f2284c886ee6
oculus_audio_pack/action_typing.wav,oculus_audio_pack,medium,1,812851,1,44100,248966,248966,1.0,19.248958491695188,19.248958491695188,0.0,False,3534008173.0,3534008173.0,17.851713528081053,9.895141194257631,5244.0,0,0,0,0,0,0,0,53.775000006,57.980399996,1.078203626025677,1.550799996,True,f3f636c071d033446429c1fcb7cbdee82f09bb363d594e1779ee530e7ae80982,c90912308b3b33fd8a6d50399495ad70eab9c19361c3e01c9edb71be0375db6d,6b9c56104bc0e43d,696d07820f2192a7
oculus_audio_pack/action_typing.wav,oculus_audio_pack,low,1,812851,1,44100,247898,247898,1.0,17.8345831646647,17.8345831646647,0.0,False,4894463366.0,4894463366.0,17.766444968696305,9.943695920363497,6960.0,0,0,0,0,0,0,0,51.910799995,55.761399999,1.074177242584797,1.572600007,True,61a8ed7e9b88f002b28eb36ec1d5ba1384c3878463db723697dbcff4c2fafa9a,e6cd026e51346243e4aea21abac1e310e227e055939c73a339d6b5fa9fea6fbd,81f181b41b4c0b23,ec122b8e3c660c78
oculus_audio_pack/ambience_forest_birds_02.wav,oculus_audio_pack,high,1,321754,1,44100,130228,130228,1.0,29.104126112766075,29.104126112766075,0.0,False,3969533822.0,3969533822.0,26.65828411321407,8.773275325402977,1533.0,0,0,0,0,0,0,0,16.126000002,16.661699995,1.0332196448551134,0.64670001,True,4ecfdd1aeee86e880cc0e9b9107f669e34564f427c405ebe96d46f9a2884d165,7a539e6317df19a9a77115d746a13078fb9f75baa666ba7e6e6db86b6060ad9a,65405d72b223599c,f74fb480c4f7553a
oculus_audio_pack/ambience_forest_birds_02.wav,oculus_audio_pack,medium,1,321754,1,44100,101688,101688,1.0,22.68192296533766,22.68192296533766,0.0,False,17416457382.0,17416457382.0,20.009879254393045,10.454250845991993,2317.0,0,0,0,0,0,0,0,37.7632,38.003099993,1.0063527453446741,0.661699995,True,7fc035d0e4dae4342733d65a8e81af69fb3d8d6d8bf197ea4a0e9ebd55ec61d3,484602e130623272242a1fab520dd0eff943f5a2327a678f96bd70b9b9459b3d,ef377d6d68978118,fc982748baeb7674
oculus_audio_pack/ambience_forest_birds_02.wav,oculus_audio_pack,low,1,321754,1,44100,98314,100216,1.0193461765364038,20.038012395378097,20.912030722831215,0.8740183274531184,False,32014806289.0,26178758434.0,19.70424976238126,10.824568342592801,3882.0,0,0,0,0,0,0,0,37.195500001,48.674699992,1.3086179777309455,0.646699995,True,4e3230b89b9e19b20b22d75ffbd5ac7630162f63514d505c9f3aaf3876e9184d,a0f4b2b22a6f6269fc8503ff492f224a5567690f9df2373d4478e46bbdbcaa9c,4f4ed65ccb91b2f2,7d7842d42d652485
oculus_audio_pack/ambience_forest_birds_03.wav,oculus_audio_pack,high,1,133123,1,44100,53916,53916,1.0,14.367095791809518,20.47233102317675,6.105235231367232,False,37729847678.0,9250421643.0,27.983295386924286,9.307886107864594,41972.0,23,1,1,1,0,0,0,5.584899992,6.652899995,1.1912299243549282,0.275700003,True,c927b721880e0cde19fb3b71ee15a2ed30589422d96877b0f6129b0b5a9d5adf,b60538cc8b1f2ae0b18fef1436194289406fc93e9c20f67c26f7288a53543be1,b98432b42036598d,4fba04b942d5e79f
oculus_audio_pack/ambience_forest_birds_03.wav,oculus_audio_pack,medium,1,133123,1,44100,41274,41250,0.9994185201337403,2.8699235709876794,19.153342223644557,16.283418652656877,False,532601363540.0,12533154942.0,20.69743088808463,11.409087168931144,33459.0,392,6,1,1,0,0,0,13.665800005,18.178800002,1.3302404539323565,0.307599992,True,18b963cc53ecdd55db2f5b53bccf09771d5b9e2e91aa046c78b12dd510378227,2eb6b161b470dc1db2e9b7f01c2367b8dfa1d8c836001a681e5f2c9235af66a8,066344f586be4db1,c2a8a7c54ff44dbf
oculus_audio_pack/ambience_forest_birds_03.wav,oculus_audio_pack,low,1,133123,1,44100,40726,41114,1.0095270834356431,19.118942394278257,21.740190589813846,2.621248195535589,False,12632822430.0,6908369722.0,20.668455519732696,11.571749363170383,15040.0,6,0,1,0,0,1,0,13.532600001,16.224699989,1.1989344241166566,0.260399997,True,dc7597a90ef6308228e0a46d643316bea008e3cd264ce4a2909b0c6e852425a6,6df7f7e42bd0103981bf0acabd6d7927aa57fc7b31074b8467bcc0b6de38c95f,7e346f3c91a90320,e07837440cdee080
oculus_audio_pack/ambient_city_rain_lp.wav,oculus_audio_pack,high,1,1984500,2,44100,1603132,1603132,1.0,24.592157486301893,24.592157486301893,0.0,False,14547947418.0,14547947418.0,24.854992844505194,9.091564496142794,2845.0,0,0,0,0,0,0,0,173.154599994,182.459600002,1.053738104608959,11.07949999,True,964d6afcbb3a8bf5359fefa899bdcec8454a755d15e6d02d084499aa9d28eb16,ea58f11fae2c0cc54fed49ee9ec9f854f1bc94cbe86b1795ea7fc7afaacb2169,ef5cc3a6edb247f6,1bf09a7fac9c0a89
oculus_audio_pack/ambient_city_rain_lp.wav,oculus_audio_pack,medium,1,1984500,2,44100,1211978,1211978,1.0,17.17563433287128,17.17563433287128,0.0,False,80251662494.0,80251662494.0,17.21032287210743,10.966365759759341,3226.0,0,0,0,0,0,0,0,427.746800005,448.539399996,1.0486095979929175,9.222000003,True,9f38ff4d22f81994d27e07b71153408f8bee71dd0b922dc9e0f668a480a65539,b6a7419cae5281ba07765541301def9d3f8265187a1353fbc23ae38f4a92573a,7d73d4a1e855cfae,b877feedbb4ef338
oculus_audio_pack/ambient_city_rain_lp.wav,oculus_audio_pack,low,1,1984500,2,44100,1206700,1206700,1.0,17.014716126045645,17.014716126045645,0.0,False,83280986070.0,83280986070.0,17.152300359981794,10.986931404874115,4952.0,0,0,0,0,0,0,0,425.278300002,452.918300003,1.064992735347348,8.812399998,True,c6e0c4b0a6ab95a477f0af432329b56752417eb7e5099d76bd2dce240a899828,5c9ccaef596d4b7ce75349ac3d2b353b2a3ad47c72e5aa78659379508dc0c352,bc2801092295e600,f3412b418443e2c5
oculus_audio_pack/ambient_farm_generic_lp.wav,oculus_audio_pack,high,1,3960886,2,44100,3199692,3199692,1.0,33.01672081790749,33.01672081790749,0.0,False,10845969681.0,10845969681.0,30.299016531270144,8.501228911551495,902.0,0,0,0,0,0,0,0,309.182400003,340.274900004,1.1005636155250051,21.620799989,True,90da4195daf666e0087b0407a49e81000ae0196d0f482e892fb2ce219a4835d3,a85f3ae3b0b769b3bf8edb5bde2fe9a108e48a7df8b9fa562c0cf64e6df852b0,4ca1b42352eba427,51d560d527975c0b
oculus_audio_pack/ambient_farm_generic_lp.wav,oculus_audio_pack,medium,1,3960886,2,44100,2408116,2408116,1.0,25.11739205657002,25.11739205657002,0.0,False,66865371552.0,66865371552.0,22.500479669255412,10.642938718359318,2969.0,0,0,0,0,0,0,0,718.886900008,754.341799989,1.04931916269528,18.508300006,True,e16d58e705e0379d4a0cbb4aa051481311e025a4901b62a40e34d36fcb15d477,7332bba36cbb865cdb4dc797ee74e5c9485c8a3215a229bcf2605d13adbe6340,0b8971b04dcad253,9e7168873d7b6784
oculus_audio_pack/ambient_farm_generic_lp.wav,oculus_audio_pack,low,1,3960886,2,44100,2407578,2407578,1.0,25.105025289709086,25.105025289709086,0.0,False,67056045610.0,67056045610.0,22.49807672561855,10.639770726698242,2564.0,0,0,0,0,0,0,0,739.111399993,757.653200001,1.0250866107709549,17.650700003,True,41c05dcc9ea3e722ad3002bd5fff854ea1ce072bfbeefbc0ed9578a4d1d99cdf,a86e5624e0924b2c7a997c4e28d9de16915c2e8724f2c2ff92422566ec77451b,968d95b827a296da,0bbf5c285271acec
oculus_audio_pack/ambient_night_lp.wav,oculus_audio_pack,high,1,1986800,2,44100,1605012,1605012,1.0,29.021153427145975,29.021153427145975,0.0,False,9460581244.0,9460581244.0,28.861681639750213,7.498068742150911,723.0,0,0,0,0,0,0,0,162.970799997,178.813599989,1.0972125067330567,9.850100011,True,efcde5a81a6897819cd56361209719c87894ae930e5aca5585776af06d4d1dcc,1040d8df0ec3f7990c35490822a4bcfb0ae86ca68e2a411977f18aa44778be0b,f060b8f5610628b3,a1fd5c899f13c15e
oculus_audio_pack/ambient_night_lp.wav,oculus_audio_pack,medium,1,1986800,2,44100,1207652,1207652,1.0,22.397362102234297,22.397362102234297,0.0,False,43480742540.0,43480742540.0,22.26236056650054,9.095517363804221,1446.0,0,0,0,0,0,0,0,393.327800006,420.4102,1.068854527937224,9.3222,True,49ad1f106056b42389f1dc23bccf39411b77b015d7397f36bfc2e1dcae6d6cf7,7f40d549d6940f631c451b936b564550fe1c9bb5ea66130da155e0a164a0cf7f,5b5a314d3e0fd838,c9625898f910061c
oculus_audio_pack/ambient_night_lp.wav,oculus_audio_pack,low,1,1986800,2,44100,1207652,1207652,1.0,22.397362102234297,22.397362102234297,0.0,False,43480742540.0,43480742540.0,22.26236056650054,9.095517363804221,1446.0,0,0,0,0,0,0,0,389.438299999,411.244599998,1.055994235798215,9.152700007,True,49ad1f106056b42389f1dc23bccf39411b77b015d7397f36bfc2e1dcae6d6cf7,7f40d549d6940f631c451b936b564550fe1c9bb5ea66130da155e0a164a0cf7f,5b5a314d3e0fd838,c9625898f910061c
oculus_audio_pack/ambient_water_lake_shore_01_lp.wav,oculus_audio_pack,high,1,1984500,2,44100,1603132,1603132,1.0,24.890754371355847,24.890754371355847,0.0,False,107666944397.0,107666944397.0,24.999644680856903,9.08676070815989,12745.0,0,0,0,0,0,0,0,215.885299996,228.620100006,1.0589887315636404,10.220199987,True,6f70e81729c637818b1d9df896661d0843274f0d2bc6c3078f48237bf463d6ef,7d917e75b852b8c0b38d9d55b5f4c13999f3fae0b8ad013ed2b2864ce3a51f17,6ad5bc57bd6933d1,f1769afeb6c5e3af
oculus_audio_pack/ambient_water_lake_shore_01_lp.wav,oculus_audio_pack,medium,1,1984500,2,44100,1258594,1259744,1.0009137180059653,19.210976437331233,19.235616611560246,0.024640174229013212,False,398162341100.0,395909719635.0,18.533485246109603,10.402373630229997,12832.0,0,0,0,0,0,0,0,516.989500001,559.814699993,1.0828357248878693,9.471200004,True,d050272323b56ffe70e0de9bbcabb8b6f1747dd9008e1339f279333eede37bac,685fae4ac313379941f71f847161ba52ebde322c4e1957dced8cf0f7cc684cfa,d7119551aefeb1c4,5aff2c7e5911f453
oculus_audio_pack/ambient_water_lake_shore_01_lp.wav,oculus_audio_pack,low,1,1984500,2,44100,1208528,1301798,1.077176532111792,17.704947504679808,20.381585195768505,2.676637691088697,False,563200555586.0,304088016250.0,19.477880353006125,10.244170271590054,10495.0,0,0,0,0,0,0,0,527.557600006,1055.593199998,2.0009060621740535,9.298999995,True,9a1dc2df83040b9816d193e03bae4b79606586ca3617ab17448e763fe2312bc8,6b90e751d0f86d66c834c1c646dd820332bbd66b718f728b9a4338d3d83e8bad,312170ef8730790f,82ec07d04c37bfb1
oculus_audio_pack/ambient_wind_chimes_lp_01.wav,oculus_audio_pack,high,1,1391844,1,44100,563284,563284,1.0,19.677889053628846,19.827608641810848,0.14971958818200193,False,20056418853.0,19376772126.0,22.076024692591858,19.449042426277988,8436.0,0,0,0,0,0,0,0,62.155499995,67.5229,1.0863543854595616,2.718500003,True,1b2c097d342e2867e35aaa956e1b9294120caae4d9f8065321178931a202f595,3924b0840e0d4462bc180fe99a6fc4ae04988f0b9f691f2563918f3d083f4bed,6e590f05e04f2039,f260fc68cbcf8883
oculus_audio_pack/ambient_wind_chimes_lp_01.wav,oculus_audio_pack,medium,1,1391844,1,44100,430682,431446,1.001773930649528,14.151045014922412,14.318352916920215,0.16730790199780365,False,71604084204.0,68898061744.0,14.80185681292928,24.18416856436638,8625.0,0,0,0,0,0,0,0,151.910099998,167.961899996,1.10566644349659,2.687900007,True,018648e2f7ef7e281643778e4319d18bb26ea8a3aafb0924cc33195e6c2422c1,4ecd9eed118be3c53690554208971f13a4a011c74237f10fefd0ff6d0eafff1e,9f172e512c703e2b,7521184179f27fc0
oculus_audio_pack/ambient_wind_chimes_lp_01.wav,oculus_audio_pack,low,1,1391844,1,44100,424650,436164,1.0271140939597316,13.10858233821956,14.644375962874609,1.5357936246550494,False,91029899295.0,63915280588.0,15.083235546508252,23.99477930828793,8021.0,0,0,0,0,0,0,0,152.144700006,214.882599995,1.412356789204789,2.649200007,True,961a2b8cac0ebc82139a371f4ced22a23629493fca6500021700775e34cae92d,085d7932a0a1db2c6178e85905cacd4f3c41c7289e0ad370326af401b453cf5e,099aa2428fb5a4d9,6a2a00c2a4c2d0cc
oculus_audio_pack/ambient_wood_cut_axe.wav,oculus_audio_pack,high,1,810197,1,44100,327908,327908,1.0,24.173997297416534,24.173997297416534,0.0,False,2564116350.0,2564116350.0,15.854169096116607,7.755846624240551,6783.0,1,1,0,0,0,0,0,19.176100001,21.762499988,1.1348762254506977,1.588200003,True,42b067e63afc03906e81a105916cc0c4c83b34a9960bbab5ca7469215d2a58de,d3a7401bf14e8245db7bba205d0aa60664d8af1668242d8452a6eb198532f3bc,afe78f4083a11bc4,563a7594aa7fd9c8
oculus_audio_pack/ambient_wood_cut_axe.wav,oculus_audio_pack,medium,1,810197,1,44100,249298,249298,1.0,19.502079027228937,19.502079027228937,0.0,False,7518471451.0,7518471451.0,11.80350383829678,9.373635810931972,11171.0,1,1,0,0,0,0,0,40.1743,43.715799987,1.0881533713593017,1.561900005,True,bf66c373fb58b83a888edae159d43338cf08c8507153908e92738653fb152ba8,fef8f0d64bcff2023fe6cb5163c4d2bdfbfc326c009cdf4796cf387e48f34e14,a5c3c153344b098e,2a845cd1f8ead913
oculus_audio_pack/ambient_wood_cut_axe.wav,oculus_audio_pack,low,1,810197,1,44100,247328,247786,1.001851791952387,16.828646493666103,17.16343218736278,0.3347856936966771,False,13914666708.0,12882324628.0,11.714648325942445,9.449255294605274,14469.0,0,1,0,0,0,0,0,40.361599997,45.321199998,1.122879172316475,1.536899999,True,a93f089ea424bc9210c62ec4f15103ee2c08f839fdcc3d74bbdd8614af0e1e06,aaa46da652160d1ef2462ba4c01ae048c8306a05540ed4d8dca34860f022ea18,dc9a4cefbc8ef153,4c5fb4aac7895fc9
oculus_audio_pack/body_movement_clothing_generic_04.wav,oculus_audio_pack,high,1,42297,1,44100,17148,17148,1.0,23.827162634493494,23.827162634493494,0.0,False,2047991611.0,2047991611.0,21.112183194735707,10.022474325993466,3723.0,0,0,0,0,0,0,0,1.753599986,1.894099995,1.0801208999325345,0.081200004,True,9e18da1423bbae20173fda139ce2d8541f49a4eed5a03b544ccefeb51066436b,f3105d708fed0a6764fab84b3a628a1c094c2a10a24db9648e2b564f40b2afd3,7e37aed6090932ae,5e04e300df5d00ba
oculus_audio_pack/body_movement_clothing_generic_04.wav,oculus_audio_pack,medium,1,42297,1,44100,13808,13808,1.0,21.277062336650808,21.277062336650808,0.0,False,3684157626.0,3684157626.0,15.645941665225983,11.18526775616868,3082.0,0,0,0,0,0,0,0,4.118000001,4.340700001,1.0540796503025547,0.0845,True,43ed523132c51ee5656a60f215b9ac553bd753e22675325f1a16a3c11fd2cd14,94690826c9ea98bb4f914a7539f5f0daae98a6d02519767d1f80d3c4dc835831,574429737c4e451c,5feb58e2a7bfce5a
oculus_audio_pack/body_movement_clothing_generic_04.wav,oculus_audio_pack,low,1,42297,1,44100,13072,13942,1.0665544675642595,17.00438108211516,21.81464226796215,4.81026118584699,False,9853858659.0,3255218987.0,16.013833508647735,11.123892768951738,3377.0,0,0,0,0,0,0,0,4.363399997,9.703100011,2.2237475403747635,0.08070001,True,476515d429fb4e8f411f534ebc59b7345687835f01e5f94b19fc3327885e1706,649188c729e1dfe19b7c6bf14de3ee44b9a3ca417f0682a4a7ef87e346ad2242,337a1cc663d992f3,cc95f44d1ac73879
oculus_audio_pack/body_movement_withGear_03.wav,oculus_audio_pack,high,1,42774,1,44100,17340,17340,1.0,24.44848573386363,24.44848573386363,0.0,False,2004017846.0,2004017846.0,23.989426396152073,9.352692784821897,5878.0,0,0,0,0,0,0,0,1.980299994,2.145799994,1.0835731962336208,0.082200006,True,04fa34e42076a3588f8c37fc3d2a5eafc59e8498ccf37ce820800e7bc89ad9ae,85c613d596955506093db50d58678c9a8b4ad8ee0a75c1498bb791335f7f40eb,0269cb95503037c6,3ab19414a102dc27
oculus_audio_pack/body_movement_withGear_03.wav,oculus_audio_pack,medium,1,42774,1,44100,13970,14356,1.027630637079456,21.27697477503437,21.966224217503687,0.6892494424693183,False,4159610641.0,3549177636.0,19.25756646783063,10.400809167383036,6318.0,0,0,0,0,0,0,0,4.763599992,9.720799997,2.0406415344120274,0.086199999,True,266e192bda3289bf6fed9b4b80d9ebc6556b9fba2a784dfee7dec19b637c5590,5da1e085e161350a348966a40b257b268b72d8998b7ec56a9b057aa2009caa51,e8dff0fcc26a5a8d,0076584bc805a8ce
oculus_audio_pack/body_movement_withGear_03.wav,oculus_audio_pack,low,1,42774,1,44100,13194,14598,1.106412005457026,17.90497603214345,22.946325639095374,5.0413496069519255,False,9041751249.0,2832158757.0,19.8509466734556,10.2397384642565,6318.0,0,0,0,0,0,0,0,4.825599998,13.025200009,2.6991876687662413,0.081900001,True,92027a629d72d0bd43f88d8b84e623b270fd17b2f7e0d6de202bcf013463b80b,1de021db5f5fe6dab05c6abc373a751aab5d6b55f6cd5be9c8977c09167cd3c9,a9bba72eb02ed5cc,ab3eaed0badbe437
oculus_audio_pack/bounce_cartoony_03.wav,oculus_audio_pack,high,1,64033,1,44100,25940,25940,1.0,50.62716435034274,50.62716435034274,0.0,False,5039025.0,5039025.0,39.19219853986945,7.488486579831377,278.0,0,0,0,0,0,0,0,1.624799997,1.787399992,1.100073852351195,0.126599997,True,afa0a13414d4efc9cb59e5f1810df8af4f0c0386672cc72a425dccc216fc604b,7de61b2cd9b5fbbcaa58dde724d5dbc578ff76080a83d758ee1cad503f9f7147,a1275d91f405972d,0fcbd547f633c4c1
oculus_audio_pack/bounce_cartoony_03.wav,oculus_audio_pack,medium,1,64033,1,44100,19536,19536,1.0,42.16050484968115,42.16050484968115,0.0,False,35400750.0,35400750.0,34.051182332027665,9.887498071390693,631.0,0,0,0,0,0,0,0,3.313800007,3.544799998,1.0697084888985575,0.123199999,True,0e640338a2e46c08156c77cb0a498185e0f1b34b60feda357a1dab1752adc165,e66df7a7210e2427bb66c4511b4e026ceb73501f08791d49555833df142cbdf3,988ffc385e2cd94e,b9062e94575c658b
oculus_audio_pack/bounce_cartoony_03.wav,oculus_audio_pack,low,1,64033,1,44100,19536,19536,1.0,42.16050484968115,42.16050484968115,0.0,False,35400750.0,35400750.0,34.051182332027665,9.887498071390693,631.0,0,0,0,0,0,0,0,3.303299993,3.571199998,1.0811007191498516,0.123800009,True,0e640338a2e46c08156c77cb0a498185e0f1b34b60feda357a1dab1752adc165,e66df7a7210e2427bb66c4511b4e026ceb73501f08791d49555833df142cbdf3,988ffc385e2cd94e,b9062e94575c658b
oculus_audio_pack/car_engine_high_lp.wav,oculus_audio_pack,high,1,174014,1,44100,70436,70436,1.0,32.358951690147954,32.358951690147954,0.0,False,12918630812.0,12918630812.0,32.373521228362065,9.990184081125493,2127.0,0,0,0,0,0,0,0,10.739299998,11.556999996,1.0761409028663211,0.346300006,True,2b65d9c37f0cd7e326cac8b3f69f35564cd1ab7d4236124b2a6830d267fdcd7f,951364013f1e79093f29e9755ac523582fc04180e4472dd4ea0ebc812862b306,585cd28d85b3fbcc,5aa9ee4c659a235f
oculus_audio_pack/car_engine_high_lp.wav,oculus_audio_pack,medium,1,174014,1,44100,63150,63150,1.0,28.92275795943381,28.92275795943381,0.0,False,28499409408.0,28499409408.0,28.916268056585082,10.547598322257656,2490.0,0,0,0,0,0,0,0,24.676700011,25.558600008,1.0357381658247204,0.394299999,True,def8fa486474fd4596127a8ac0aea33b26c07b3b4822695ea5f646c2916055ba,2b4107a210d1fb1caf565e0f03f91198687851c52db550e057867e0f46ee13c7,2a192f431989df7e,b23edecf9f3cb925
oculus_audio_pack/car_engine_high_lp.wav,oculus_audio_pack,low,1,174014,1,44100,54204,54204,1.0,24.46317949174041,24.46317949174041,0.0,False,79578125882.0,79578125882.0,24.47528735971965,11.858198319734496,4781.0,0,0,0,0,0,0,0,25.053000003,27.639699996,1.103249111591037,0.339000002,True,a53c2931028d5562821f3968ee837c5054b091b4a10396bfb3cd288b54cfc364,1ab39cc1eee9dbe16d592b203f75a594339e3d0d10c71ad63af96317dcc48c7f,fb98e1b6c4076b43,ab65cdc48df86a9c
oculus_audio_pack/car_start_run_stop_01.wav,oculus_audio_pack,high,1,467397,1,44100,189180,189180,1.0,46.36573644822596,46.36573644822596,0.0,False,646512743.0,646512743.0,49.19549052541521,8.694915815017962,1801.0,0,0,0,0,0,0,0,14.336200014,16.035700008,1.1185460576959274,0.89850001,True,5b8e96c78f0ea4199b408344859b2ac81ee355b97d0b331378712da4ed6efa72,deba40cb7accec0d164380c6eace177c298e932ce14ac4a416365b8530bc0e36,da26ffbcf0651ab7,06633ebcfeed18ff
oculus_audio_pack/car_start_run_stop_01.wav,oculus_audio_pack,medium,1,467397,1,44100,142650,142650,1.0,40.007663073864144,40.007663073864144,0.0,False,2795016827.0,2795016827.0,41.942709152739376,10.58090961528224,3199.0,0,0,0,0,0,0,0,34.868799999,36.906399995,1.0584361949954815,0.957800001,True,f95ae9135f78f611c495c6a6c255594464bd1774448cdb6a57ef1844a4588c53,7a2277a873ee299c21b2f6e6f0bcd2d6837616aead9a00ecf1af8c58e29444f2,af0dcb7748a2409e,4253f9cc73115417
oculus_audio_pack/car_start_run_stop_01.wav,oculus_audio_pack,low,1,467397,1,44100,142440,142440,1.0,39.100545827860444,39.100545827860444,0.0,False,3444261772.0,3444261772.0,41.89183014015927,10.526628062457155,3219.0,0,0,0,0,0,0,0,35.118799999,37.608500004,1.0708936525470945,0.906900004,True,4716f4ba064abb480b3869573ddfa500e69e45051c70cb33503f8812537e98cf,4e4134d3a533baea0925399ff658ed8b60048205ee269f33d657d1d9aa8f87e9,c0c54c789c4f1310,77f6b9e732fb747a
oculus_audio_pack/car_trunk_close.wav,oculus_audio_pack,high,1,32643,1,44100,13244,13244,1.0,24.182758415976885,24.182758415976885,0.0,False,989324310.0,989324310.0,27.662425923749268,7.041658870975489,9891.0,0,0,0,0,0,0,0,0.875799999,1.05219999,1.2014158383208675,0.064199999,True,18340246c8b58abfe7e27b4d802419bdc10d949e3497c4a10b285c2be1ca75ed,77f1f438e2d8c70bfcc705f3bb1a4dde858f693e6699436e03371362f907ab87,debdcf3909c82317,a7746a4c55280214
oculus_audio_pack/car_trunk_close.wav,oculus_audio_pack,medium,1,32643,1,44100,10228,10228,1.0,22.370437179486746,22.370437179486746,0.0,False,1501657206.0,1501657206.0,23.461489099184615,8.31249243028859,9071.0,0,0,0,0,0,0,0,1.898200005,2.005199999,1.0563691885566082,0.06750001,True,f4b2a5fa071b0a24448116aa822af36ae7a2375c681425712eb046769c167298,6eae707b6b37ae6a5ddd3ec8929394498ca8bd442e1d9bf3333087ccac4ccb03,784098e71b650af5,c3239bbceb16db1e
oculus_audio_pack/car_trunk_close.wav,oculus_audio_pack,low,1,32643,1,44100,10038,10490,1.0450288902171747,19.568983614998942,23.937250569091088,4.368266954092146,False,2862306659.0,1046862072.0,23.64392945149895,8.249645477778166,9891.0,0,0,0,0,0,0,0,1.835099995,4.413900003,2.405264026497913,0.061800003,True,155ec88ae004088c539ab280497d5f121324a3b94d3781b78b4df4a84708808d,aa1ecd4fe970e4a7228439854cf559e578c7550fa6b8f8221dc3318dea905071,98bde56e6fa3b7ea,3abb86bdecedbd5e
oculus_audio_pack/creepy_blood_squish_slimy_03.wav,oculus_audio_pack,high,1,134534,1,44100,54476,54476,1.0,26.419700270015753,26.419700270015753,0.0,False,637151037.0,637151037.0,23.778413721866524,10.895382239124208,1313.0,0,0,0,0,0,0,0,5.284400001,5.729100004,1.0841533576027262,0.259399995,True,ec061812f5af5f7014fa86cb8fd878fd7a062cd48aff693112652dc4d108ebf7,c317ab51bbf91c38fa56983c805cbb333513b63b79c1b479f35a0f3a170bc18b,c15b8d0cc90912c2,0066130d33ffc860
oculus_audio_pack/creepy_blood_squish_slimy_03.wav,oculus_audio_pack,medium,1,134534,1,44100,41700,41700,1.0,19.70011391379902,19.70011391379902,0.0,False,2993650042.0,2993650042.0,16.541743126967933,13.61605451582361,3102.0,0,0,0,0,0,0,0,11.854600012,12.545100003,1.0582474305586886,0.272499993,True,216e6365789b9f41568973ec8fc1e61f7bb669bdf800fba864561acbec7dc8ba,ccf40341b449da9a97bdf2d10744b999cf9c15ee48910a9e149f76251e43b3b4,5761fbcbbccad019,6380cd056a0bfd75
oculus_audio_pack/creepy_blood_squish_slimy_03.wav,oculus_audio_pack,low,1,134534,1,44100,41090,41570,1.0116816743733268,17.3864511647841,18.924643404664184,1.538192239880086,False,5099966282.0,3578887780.0,16.41946099903204,13.862036409183661,2788.0,0,0,0,0,0,0,0,11.893600002,15.1558,1.2742819665577652,0.266800001,True,725574745b3415cde711b1da47c69d524767470092570e28c504afd7e395b378,ae17c2fa139b0703a25edd5caf69d1857c1165762a3019f17189bb1c2112f0fa,f68929e4769b7e0d,c4b4d86e72651c50
oculus_audio_pack/creepy_chains_02.wav,oculus_audio_pack,high,1,183419,1,44100,74244,74244,1.0,23.06374932917489,23.06374932917489,0.0,False,2154297242.0,2154297242.0,22.928383873636168,14.747955291421228,3768.0,0,0,0,0,0,0,0,7.469300002,8.075200006,1.0811187131107014,0.377700001,True,89a5f2ba41c6398aa2e61b5a15a884bab5bcfe5675aca07e76394746d56a4b45,54ab90c7e4694dc29a891597d01162840afe833d728d05ee3014e9f7dfaa6bbe,3378fa04f4c684aa,bfc596c468ce0428
oculus_audio_pack/creepy_chains_02.wav,oculus_audio_pack,medium,1,183419,1,44100,57572,57572,1.0,17.516586775005642,17.516586775005642,0.0,False,7727195157.0,7727195157.0,16.03528266752691,17.093307044876255,2266.0,0,0,0,0,0,0,0,18.511900008,19.073699996,1.0303480457304335,0.382699996,True,c6b83873bd13f7fb8e9afeaa6a48aab2d42c7969205bbfda8ea22f9304d9b4bd,e10f97e5da8391c5e5dd8d8d2df8d675f4b0c5c70dc9c89062c7d54d08c01f09,2691ef2ef7580687,495fe0df0cb8e341
oculus_audio_pack/creepy_chains_02.wav,oculus_audio_pack,low,1,183419,1,44100,56176,56722,1.0097194531472515,15.255916886395113,15.62449718059758,0.3685802942024665,False,13004356591.0,11946229130.0,15.380829114728783,17.47429262507125,4416.0,0,0,0,0,0,0,0,18.730099991,22.298700005,1.190527547408436,0.369199991,True,0e2f8bbe257725eeedb7ba96f788cf12f1e5499b50a48dc831e4f417669648b3,a59b11797982c26c60071d3a17284f63f4ed1bc1920571cd4b5e9148a3ec840f,807beea82ed260cc,568c747a65e5c074
oculus_audio_pack/creepy_creature_03.wav,oculus_audio_pack,high,1,121835,1,44100,49324,49324,1.0,35.34184657646796,35.34184657646796,0.0,False,2423798150.0,2423798150.0,35.37257578386518,12.255771880812386,1593.0,0,0,0,0,0,0,0,6.198800012,6.523699999,1.052413368131096,0.2447,True,98f1cae5dbfb09bbda6dfbf7fe5211125ca6c1ded17aed03bf43899c081850f5,05df775daaf26b763c09cf78927910da39319503852a6c8a18ce8730fac1de3e,0607e41df4c5c318,afc6f8a276ae6437
oculus_audio_pack/creepy_creature_03.wav,oculus_audio_pack,medium,1,121835,1,44100,39676,39676,1.0,28.87386379629938,28.87386379629938,0.0,False,10747185071.0,10747185071.0,28.342361302831954,14.846380379696907,1839.0,0,0,0,0,0,0,0,14.755799994,15.390499994,1.0430135946717956,0.261199996,True,7b5bcd2cbffbbd3a7f689f51f9bf328e849fb0b619ba400fa157e84b1aa33c5c,e52679b7bcce5846873b6a96fd726b9dabf8522e988950fb03d4242cf9057fc9,741d83b70860a16b,27619990874c016e
oculus_audio_pack/creepy_creature_03.wav,oculus_audio_pack,low,1,121835,1,44100,37354,37354,1.0,26.0575545966792,26.0575545966792,0.0,False,20555386522.0,20555386522.0,26.4955888490237,16.05278897545328,3792.0,0,0,0,0,0,0,0,15.117200002,15.668099999,1.0364419334881536,0.243699998,True,ef24a55a833fb3324643e506b9bb160b5f9ede01b37a6ca318aff42ebcd25775,0d9a352e5746f58493852eff43750f5fe9070d44b6b18a937151b5b0126168be,0b74c04313840bbe,c174a3f3f7a2e55d
oculus_audio_pack/creepy_drone_02.wav,oculus_audio_pack,high,1,2594751,2,44100,2096100,2096100,1.0,36.2485822073075,36.2485822073075,0.0,False,28272221041.0,28272221041.0,36.14190169996712,9.698632648808681,1039.0,0,0,0,0,0,0,0,247.240600005,265.982799992,1.075805510853076,13.442699999,True,79f20f64db246fbc0d46116ba1def74a4a1984025449be3b1207893bb50e403a,2e76c0abe54e73cbcebc3b529bebdec451e978a1fa25c0ea8d79acd5f0713adf,09dd15293cc1f221,3d965890a2fa9d33
oculus_audio_pack/creepy_drone_02.wav,oculus_audio_pack,medium,1,2594751,2,44100,1590762,1590762,1.0,27.096609626509203,27.096609626509203,0.0,False,232571870461.0,232571870461.0,26.980211981889955,13.004026595381506,1964.0,0,0,0,0,0,0,0,615.997799993,640.112300009,1.0391470554217468,12.424099997,True,d9d57b2d10d5fcb95c341351ac525ec4be23d71e2be53faa8bdc30a5c861ee4e,cb0ad47a488c10554850a410c3b374e37dfa7c988670fe30c38f92463611371d,510c8f6d2e0714bd,0ebd299316853407
oculus_audio_pack/creepy_drone_02.wav,oculus_audio_pack,low,1,2594751,2,44100,1577148,1577148,1.0,27.02530794343825,27.02530794343825,0.0,False,236421709903.0,236421709903.0,26.93481505680973,13.034779363841517,2744.0,0,0,0,0,0,0,0,643.390300006,672.387400001,1.0450692215824975,13.319700003,True,6fdf20cb3203af05e970d58ec64e89fdd653f41687423bf2b063947d71d0bd62,8453131a9239080779f63bbb05ce38b28ee18cd710b04eb89b9604fb218a4eed,bd9ed220f468c91f,6d20cdd4bd34546e
oculus_audio_pack/creepy_impacts_reverb_01.wav,oculus_audio_pack,high,1,189101,1,44100,76548,76548,1.0,38.3194843055614,38.3194843055614,0.0,False,157880236.0,157880236.0,29.030242480029937,8.203529163926616,1062.0,0,0,0,0,0,0,0,5.515199989,5.897399992,1.0692993914567548,0.381200001,True,4d661cb85a269411d2be7eb5cdb06f420bf775a804aa443aa916c178efd01888,544b57e0e28e0b18d2c8cf37ca07e2040e04106ce12b22e2d6ff9edbb9760b41,0de70ef093827bdb,af95728b494ccf30
oculus_audio_pack/creepy_impacts_reverb_01.wav,oculus_audio_pack,medium,1,189101,1,44100,57770,57770,1.0,31.39332685259051,31.39332685259051,0.0,False,777935360.0,777935360.0,24.055268890361162,10.150604328255838,1985.0,0,0,0,0,0,0,0,12.253299996,13.786300004,1.1251091549623722,0.374499992,True,599ca4516b6822e5a21e539f9f322d911067058f7ae33337e8dea3a0392cbab1,419b89c82b76ffa257a17fe33b847fd6db2b041b5c45ce06be6747a94ab47e49,fbc7d6c129eefb46,4c4948e7e3ac4061
oculus_audio_pack/creepy_impacts_reverb_01.wav,oculus_audio_pack,low,1,189101,1,44100,57636,57636,1.0,29.817820564259087,29.817820564259087,0.0,False,1118134740.0,1118134740.0,24.065157238394004,10.261761367519094,2684.0,0,0,0,0,0,0,0,12.026700005,12.032800004,1.0005072047192882,0.407000005,True,ff70815016e8c06340c3b09064f5f93892bd3d6758b65a5fb925cde87bf80c4a,4dfb962f475829aeefca20aa88f7d9a1efb2b80392e78b4b73e1ba0f1a647a28,cf4be86639396c4c,84ff99c3da52fd65
oculus_audio_pack/creepy_scratch_02.wav,oculus_audio_pack,high,1,92777,1,44100,37580,37580,1.0,32.35338842675479,32.35338842675479,0.0,False,1302738983.0,1302738983.0,32.36535253326222,21.75149458356675,1050.0,0,0,0,0,0,0,0,5.753399998,5.545599997,0.9638822259755562,0.186200008,True,9450e7eb4eb641abea114c9da1cdf4d868eb960406f3d4c4980b874c4703479c,5a4e85eedb4d4b8889f1a631ce092310ae7c9a025aeddc32e6ba76c2b1d53978,b2daf35bddff1cd4,b6af7172aac96047
oculus_audio_pack/creepy_scratch_02.wav,oculus_audio_pack,medium,1,92777,1,44100,29682,29682,1.0,24.95687953247121,24.95687953247121,0.0,False,7153330626.0,7153330626.0,24.389158186086267,25.359441226414084,2182.0,0,0,0,0,0,0,0,12.542199999,11.564400002,0.9220391959083765,0.196999997,True,7a21123d4948dd025a22f8c3c5a0f9db4af568341d6f42b5ee9dc1431babac06,833f877366e5caf585535750d4bc0b08326a0925cc50a4fef8ffa3aec916d82f,69145b2ec8c27aba,caba1b3d1658c95b
oculus_audio_pack/creepy_scratch_02.wav,oculus_audio_pack,low,1,92777,1,44100,28370,28370,1.0,22.59952935308886,22.59952935308886,0.0,False,12309582305.0,12309582305.0,23.139545906129246,26.308644077846676,3937.0,0,0,0,0,0,0,0,11.574900001,16.033500001,1.3851955524120991,0.203299999,True,61ce4e429780e1cf44de4eb9fdfecac51f3c3c57bb0de4b4da70dc124e1b9a35,8a679f3e17bcccfd44b00e49669bea58823bc8ec4763b1ca2584eb855c9657c5,cb14f8085ec4e787,ed9998729dd0affe
oculus_audio_pack/creepy_skull_cracking_02.wav,oculus_audio_pack,high,1,84349,1,44100,34164,34164,1.0,26.135519050847357,26.135519050847357,0.0,False,468227279.0,468227279.0,15.972568889977161,9.764680680098403,2063.0,0,0,0,0,0,0,0,2.3037,2.710299999,1.1764986756088032,0.169500008,True,6a8c0795601db2ffd4bfe8b201727f066f717e2e8d2474bc5585d222d598f5af,93ec224cbc27cecb96abab966e8f73357f62f9c4614ba015bc2d9c650f9f1921,f3293722328803bb,9f68bf82666a09ed
oculus_audio_pack/creepy_skull_cracking_02.wav,oculus_audio_pack,medium,1,84349,1,44100,26016,26016,1.0,22.109227136160946,22.109227136160946,0.0,False,1183275585.0,1183275585.0,10.569228274551268,12.299678636809377,2914.0,0,0,0,0,0,0,0,5.167300001,5.613299996,1.0863119994801325,0.168899998,True,4c779291fbe290929a44a2d14776cacbc0a15f6719a64cde0d12a9f32b0ae8f2,bdb46e16405d38dd978c80f4267f5589d827255f205cc06e3606bf119633e0f8,dc53e7f06592447b,6db6bff8646c8da0
oculus_audio_pack/creepy_skull_cracking_02.wav,oculus_audio_pack,low,1,84349,1,44100,25852,26316,1.017948321213059,18.72167315375233,21.897758562525617,3.176085408773286,False,2581316764.0,1242317952.0,10.770994868572158,12.149917574666379,3800.0,0,0,0,0,0,0,0,7.921700001,7.635399997,0.9638587671883739,0.169700012,True,3efaaa2aae981f8043c7bbb12b22124726550e2137acaa1348eee7a1eebce998,1fc0fd3c697ed72f50630e0a8e6ba50d99b5b1300b210a33b8a69935fc9f17b6,b4cfa5d7cc8b57c3,fb44c4da25e213c3
oculus_audio_pack/creepy_whispers_01.wav,oculus_audio_pack,high,1,237088,1,44100,95980,95980,1.0,32.280667460212904,32.280667460212904,0.0,False,1966448859.0,1966448859.0,33.20548473677178,10.392519892129807,1698.0,0,0,0,0,0,0,0,11.816699997,11.333900005,0.9591425700811079,0.506500006,True,fd0f39c45abbeec5eadc307d1ff1720cb72bcc2e00621a198336d9435eee7e91,4be219d24dc66f1b8ae1f366f64374636c96a8fa05cdd056bca8ec7b3662fb57,c2deae7b797d0c37,3de295b9d35f09d2
oculus_audio_pack/creepy_whispers_01.wav,oculus_audio_pack,medium,1,237088,1,44100,73944,73944,1.0,25.851874370251608,25.851874370251608,0.0,False,8640959414.0,8640959414.0,26.252012306915034,13.040467427000372,2260.0,0,0,0,0,0,0,0,22.75940001,26.672600001,1.171937748327312,0.480200008,True,cce21ae6e51bbcfd774484e45750992ae430635f7cd4e89cab4d33c954f29417,08269db0e0a650115cefc5925d0f24d89af60d6d4cd80b791da5df174b315db2,faec4afa0a56dbcf,565415be279d8b45
oculus_audio_pack/creepy_whispers_01.wav,oculus_audio_pack,low,1,237088,1,44100,72418,72934,1.0071253003396945,23.522237084944496,24.05254360113526,0.5303065161907625,False,14774938908.0,13076606109.0,25.98552059640239,13.245923146653938,3636.0,0,0,0,0,0,0,0,31.366300002,29.957599998,0.9550887416140833,0.498300001,True,c64036b9d1a900fb0c59d6ac5ec03fbe83cafb65bdf2d68e739b3c90ac68ae01,7b10dc9c5af8d6d5f1422c340588b971a40c4ba7d43ad4296873b2c31d391d85,ecd43a06becd4b56,d90b664a1c5b7cfc
oculus_audio_pack/door_lock_key_03.wav,oculus_audio_pack,high,1,88906,1,44100,36012,36012,1.0,15.502448164336005,15.622403997396535,0.11995583306052993,False,3425566642.0,3332244329.0,22.44433513948241,7.7539288850675945,16854.0,0,0,0,0,0,0,0,3.646500006,4.54990001,1.247744413139595,0.178899989,True,1626cd0bf590165f39d2a37e86ff793b6316a03421a59d8263ac0d6965bab858,8952dc76d6c0b999248099d5e7c3ca36982aeedd02ace98750c05311f52adc6a,45aa25c439912e57,cfe8ce30d0a9bc82
oculus_audio_pack/door_lock_key_03.wav,oculus_audio_pack,medium,1,88906,1,44100,27800,28192,1.0141007194244605,13.587470609395389,14.0927244180167,0.5052538086213119,False,5323903517.0,4739197366.0,17.437388565236766,9.11605473144562,16854.0,0,0,0,0,0,0,0,9.239200011,14.467899993,1.5659256186439106,0.181199998,True,fd1394111f62f5bb6c8d10f3cca5082210f646d55c333b0b0d630c190861dc10,f0b69826392b51abd23f5403b85716a08d60a88df1ca6cb342a6ad751d880fa9,f47bf3a6bd6bb58c,b37cd6b8eb2cd59a
oculus_audio_pack/door_lock_key_03.wav,oculus_audio_pack,low,1,88906,1,44100,27348,28726,1.050387596899225,11.077135882822214,13.9267425175,2.8496066346777855,False,9489943985.0,4923829268.0,17.58349297564032,9.040964106700622,17296.0,0,0,0,0,0,0,0,8.5079,16.056500003,1.8872459717439087,0.177900001,True,0ffe59fbe9a187eb29b09ed31283cd8f93ca40878bd1785e0ef80bafdacddd76,7cf11b0f2aab92d5a346b3d7fe8b408b2001d81e1b0f8d59265e095579714451,7fb0a4b2593f181f,582dce22c523a813
oculus_audio_pack/doors_frontdoor_open_01.wav,oculus_audio_pack,high,1,26057,1,44100,10580,10580,1.0,20.779064547261108,20.779064547261108,0.0,False,625682796.0,625682796.0,24.513438017438997,8.064065313813668,8175.0,0,0,0,0,0,0,0,1.058200002,1.184599996,1.1194481135523566,0.064199999,True,02874326286bd22ccb3405c061e9289010f19553bd36f50caae5f128a0a0373f,82620f51935f2608204414e5b41c061ecc1579ee43d7970a801323283299e288,e8840ce95388903c,303a634fd2cb5b11
oculus_audio_pack/doors_frontdoor_open_01.wav,oculus_audio_pack,medium,1,26057,1,44100,8202,8202,1.0,17.710009737323652,17.710009737323652,0.0,False,1268410109.0,1268410109.0,19.18345119907133,9.42036781775177,8936.0,0,0,0,0,0,0,0,2.577099994,2.664499998,1.0339140911115148,0.053600013,True,2cf062311fdec35fafebccc1797c60109167756f92e7d108c7f46486c385956f,a25cf9c4f4bb2ad8339678e841170487d2f1280b252a3159b3d84f960d37d4a4,52df549e420fcb15,788b9ac47eba1a12
oculus_audio_pack/doors_frontdoor_open_01.wav,oculus_audio_pack,low,1,26057,1,44100,8084,8084,1.0,15.987892287325316,15.987892287325316,0.0,False,1885694957.0,1885694957.0,18.509087744645033,9.518252124270635,7281.0,0,0,0,0,0,0,0,2.498699993,2.630999997,1.0529475344661756,0.055100009,True,374f48d9a231ddf81789bb9ef4aa8d93b207fa21f58e3d94b35bdb6d892aa071,6df15782d6bd230f3b5c3d0acab6184884733d264f57710f20f6beb383bbac61,5b3922545474b41b,ba910a891f12896a
oculus_audio_pack/doors_office_doorknob_01.wav,oculus_audio_pack,high,1,31063,1,44100,12612,12612,1.0,15.336519652206862,15.821042331077834,0.484522678870972,False,4508380118.0,4032443193.0,25.553899204404782,8.45595156160517,23945.0,0,0,0,0,0,0,0,1.390900001,3.028400004,2.177295277750165,0.062399998,True,b230f55297041f13c55e5d1689ddd50dc1dd2c20cccd05afa2652012781a8100,40f8529c4c46a3562500ebd37842cb758ebb77907a08d4d246896ab23dca1c4c,bf9ba144f4b677f2,6be4cbe0a54480a7
oculus_audio_pack/doors_office_doorknob_01.wav,oculus_audio_pack,medium,1,31063,1,44100,10024,10846,1.082003192338388,14.165323405813762,15.677327259626965,1.5120038538132032,False,5903915738.0,4168115694.0,22.510633553826146,9.196250439105542,18832.0,0,0,0,0,0,0,0,3.18159999,10.672900006,3.3545700400885408,0.064699993,True,8df47a81c5806cbbfe61cd8aa7300a4b105574be65495e583aa9462dc6c4d85d,6229577485f886b213e776e02c008aab7f86d2b8239b7918a6695a05b01d204c,5b261a7875b39dea,fcbac91cdd0741e4
oculus_audio_pack/doors_office_doorknob_01.wav,oculus_audio_pack,low,1,31063,1,44100,9758,11624,1.1912277105964337,11.909584436729885,14.837750637436887,2.928166200707002,False,9924623661.0,5057052093.0,23.445880987757267,9.012192388106614,23945.0,0,0,0,0,0,0,0,3.16839999,13.094899997,4.132969334152788,0.063800007,True,ea1831207dfac23bbbdd5ff83d99bf2185c22f8eb4b837e27354b216016a8526,f54c641c339ffa5a3d8b6e7b94a9b1b5ae2e6a50c81beff0e910f10c2f749918,08160f88a35fe78d,ae30cabb80a6f8ba
oculus_audio_pack/doors_sliding_lock_01.wav,oculus_audio_pack,high,1,21187,1,44100,8612,8612,1.0,18.44512560250222,18.44512560250222,0.0,False,639337194.0,639337194.0,25.181637068236466,7.1093786277891455,8189.0,0,0,0,0,0,0,0,1.662300006,0.836700007,0.503338749912752,0.042700008,True,0a0eb0c31e05a66e64d03dc4683f489f8a994bd9b0921ebf60d150d332f13836,81a46ccd537239cce90b77badf2f7b0ad6226f0ba773afc98f3d1f36ca5967bc,ffc0a7268b028844,f15b8efb5b7ef0e4
oculus_audio_pack/doors_sliding_lock_01.wav,oculus_audio_pack,medium,1,21187,1,44100,6666,6666,1.0,15.751491688506016,15.751491688506016,0.0,False,1188757752.0,1188757752.0,20.917153192963813,8.432636472121308,12814.0,0,0,0,0,0,0,0,1.6435,1.829799995,1.1133556404015819,0.045699999,True,b3e20893e76943692fee39adbf7be0420e8bbd822dac64f0e5fe9e979f376270,bc9ac8b66e1c49ba368bf2a38743ca5451e4e7392874c752227d80c8bd09b8c3,9ff4babfdefe722f,00a882259c7fa358
oculus_audio_pack/doors_sliding_lock_01.wav,oculus_audio_pack,low,1,21187,1,44100,6568,7040,1.071863580998782,12.595357431365262,15.605251709207955,3.009894277842694,False,2458707057.0,1229468369.0,21.6681321048633,8.248272480244975,7694.0,0,0,0,0,0,0,0,1.6259,3.607199997,2.2185866270988375,0.112500012,True,ce450c800d07b67fa98a01cb4ccfe4ee655664eb9145f95e0bb496dd3f42a17b,8e0a58035ff4434371ba4c0cde9d14c08318c2a880cfa427ee7f98f037e88dee,1a7aaed1f24f86e0,31c443cd794068cb
oculus_audio_pack/footsteps_shoe_concrete_run_04.wav,oculus_audio_pack,high,1,6821,1,44100,2796,2796,1.0,36.11247386910927,36.11247386910927,0.0,False,50868487.0,50868487.0,31.040076332894756,8.039856165866102,671.0,0,0,0,0,0,0,0,0.315400004,0.340299994,1.0789473357140478,0.013799995,True,4f822c3b3eeb3e129d282bf773ae7266f04571ddaacbde903145b204cc150327,b789edb7f705548543e5d227b06adf59a89671e280790bbd0bf8264228e3a9ba,b06663eea3e4a9aa,1d6255fb5eb800ef
oculus_audio_pack/footsteps_shoe_concrete_run_04.wav,oculus_audio_pack,medium,1,6821,1,44100,2152,2152,1.0,29.590011250657476,29.590011250657476,0.0,False,228399465.0,228399465.0,24.635358975675906,9.44256936435158,1494.0,0,0,0,0,0,0,0,0.725199997,0.75150001,1.0362658757705427,0.014299989,True,f65dfd62dab5599cf1261ef8182a315fc11982820e825c0e81138d350f82247d,6de8ed4af177348db13c9019ebdc339f1c1d3ae4f5faa298333b16f2d0e57b1c,2cccc87a54011450,9d0edfa47328a7d4
oculus_audio_pack/footsteps_shoe_concrete_run_04.wav,oculus_audio_pack,low,1,6821,1,44100,2112,2112,1.0,29.421501613934456,29.421501613934456,0.0,False,237435715.0,237435715.0,24.501614509814893,9.260173281381038,1283.0,0,0,0,0,0,0,0,0.752700001,0.747299999,0.9928258243751483,0.013599992,True,b02bbf4cbc311df90a8674667039df07ce05f02b8a64d131f0ae8f6d3eb2050a,cabb5d2f3ee299db2f1a9ba18c855ff1b2b316a685b87561ecbcaf9fbe405eac,4021e2e68ef66604,155bcf8216d66ded
oculus_audio_pack/footsteps_shoe_dirt_run_03.wav,oculus_audio_pack,high,1,15758,1,44100,6412,6412,1.0,24.880802670431535,24.880802670431535,0.0,False,334810838.0,334810838.0,25.55118983773275,9.15211267244752,3140.0,0,0,0,0,0,0,0,0.654300004,0.713300005,1.0901727046298475,0.0317,True,fd77e0638454a97976f6f28e00e61ee0e9ef400c0cb724a5595bd32f7686b95f,fb108185db931683a08e4cccb40a1b3b1440029366170776316615178262b713,735a7e4a1224c0db,8c91da754406eee8
oculus_audio_pack/footsteps_shoe_dirt_run_03.wav,oculus_audio_pack,medium,1,15758,1,44100,4992,4992,1.0,21.69803058089187,21.69803058089187,0.0,False,696749582.0,696749582.0,19.35204950348392,10.604434143541805,3062.0,0,0,0,0,0,0,0,1.505999997,1.626900002,1.0802788879421226,0.032700002,True,48a662243aa367eb0069472b99789443745f5ca16314d5f754944fe38653e383,8665c4643c87d82ccf8c52f1b37edc80f7561b220aaa33e07f38dfc62658b7ec,aabcb663bbdd4dfc,0594306aea80930b
oculus_audio_pack/footsteps_shoe_dirt_run_03.wav,oculus_audio_pack,low,1,15758,1,44100,4890,5348,1.0936605316973416,18.59746739588568,24.089692227986458,5.492224832100778,False,1422764549.0,401708066.0,20.964400958902296,10.178402635272107,3140.0,0,0,0,0,0,0,0,1.500599995,4.242799997,2.8274023798060854,0.031800002,True,f9357689d571d9478f4c28fbdaa2e337abc07f94f1241d38c7827fca1c4d1bd8,751e161d67edde8d82dd73d1f2978524cbaa079bf5ebee72611bb69ba0b1e7ba,f9416e0ef0463b06,00eaaf1299beeea7
oculus_audio_pack/footsteps_shoe_grass_run_02.wav,oculus_audio_pack,high,1,16523,1,44100,6724,6724,1.0,16.901048253650398,16.901048253650398,0.0,False,3415215949.0,3415215949.0,16.532958164255252,7.440863095301003,14838.0,0,0,0,0,0,0,0,0.939500004,1.697699994,1.8070249992250131,0.033199996,True,ade71879fa2e0d7176ccd6c920330f9de1e103ca884e714278472a6a75d6a554,6ce75930afe1bd04fe32e03b0e858009eee127287fe52ba897267d22ae86a565,32f62731ab33460d,3c5a321c6ae0056a
oculus_audio_pack/footsteps_shoe_grass_run_02.wav,oculus_audio_pack,medium,1,16523,1,44100,5458,5620,1.02968120190546,15.257436064599322,16.23358765925794,0.9761515946586172,False,4986311305.0,3982577441.0,12.49068202396363,8.40546683484363,14838.0,0,0,0,0,0,0,0,2.4005,7.4736,3.1133513851280985,0.033399999,True,316c5b4c1951ea638af2947dac76bdf20b63f786850776d791aaf699b16b9517,9ab8bf994f84c826d371d1cc67c1e115135d0ded154e147cb6f58d759c477d2c,a1ca34d232cf5395,502d1c908a949308
oculus_audio_pack/footsteps_shoe_grass_run_02.wav,oculus_audio_pack,low,1,16523,1,44100,5156,5582,1.082622187742436,12.654661510751605,16.205656960669334,3.5509954499177283,False,9079393614.0,4008273055.0,12.452134942727401,8.34434521143135,14838.0,0,0,1,0,0,1,0,2.186399996,5.112399995,2.338272962108073,0.033199996,True,826b8c529d9034cf62d8f880f8d49736ea519cb48194683c27e1f03bfae1e42b,4f9d166e0e836930f0adf10f95cbb5c5a4642f1ff35a729bc5b69b9663d9ae32,fbc38aafc3de1fa1,117cc2eb041b9d0e
oculus_audio_pack/footsteps_shoe_grass_walk_05.wav,oculus_audio_pack,high,1,32810,1,44100,13308,13308,1.0,16.75425130177793,16.803737959140594,0.04948665736266378,False,5301407864.0,5241342648.0,15.511614226275405,7.537009589536689,12703.0,0,0,0,0,0,0,0,1.794,3.525199994,1.9649944225195093,0.066500008,True,2b139cebe21b655dcadc8ed5aba26d816ce905aafd55bbed291576d15994928d,fe5207183bbc794c131ddb869a712650e57c9c63e6328d48ed115ca72328e139,4df20dbc13558bc6,8550314b5867bc75
oculus_audio_pack/footsteps_shoe_grass_walk_05.wav,oculus_audio_pack,medium,1,32810,1,44100,10810,11120,1.028677150786309,15.541885200230737,16.42210899910441,0.8802237988736721,False,7008544386.0,5722758884.0,11.69933947521421,8.355520579524697,12703.0,0,0,0,0,0,0,0,3.988200009,14.936800003,3.745248475325401,0.066499993,True,56fd01ac30bbe0c2dd4989d31dc9d3a43c30a58d1c7263ea8c8d0e1b192e3422,aa9599aa55d871c2d7e1757c69c0466567a186ba6059aaf0bbf6f443732670fe,4c96bc0391a7e5f6,41bdece595dd41f0
oculus_audio_pack/footsteps_shoe_grass_walk_05.wav,oculus_audio_pack,low,1,32810,1,44100,10178,11050,1.0856749852623304,12.164830327103333,16.272733757596065,4.1079034304927315,False,15252228937.0,5923016908.0,11.612474757218163,8.413737366547723,12703.0,0,0,0,0,0,0,0,3.936900005,9.864799991,2.505727851474856,0.065800011,True,ed78f65589700a6be8fbb810245802024f3b544f53420002e61c35fa66fda15a,71c5fd400407cf3cf35fccb47384f2117294c58ac35e8bf425d5478ceb005d01,8be36e2d4120188a,050a58387ec5de88
oculus_audio_pack/footsteps_shoe_metal_run_04.wav,oculus_audio_pack,high,1,11388,1,44100,4644,4644,1.0,35.348846046775925,35.348846046775925,0.0,False,64443471.0,64443471.0,34.671518010744876,7.124297899868074,1783.0,0,0,0,0,0,0,0,0.418599993,0.459000006,1.0965122161385226,0.0229,True,5d1c88378b7b2fb459026a485531f8756c048c5647bab105c6869603471bdd61,9e2b86573a1054c7b95b76774825b70e30a1321b4adee1fbccbf7eb9f3c525e5,a3f4ceb9c1a342d2,e605aa25f2ac79d5
oculus_audio_pack/footsteps_shoe_metal_run_04.wav,oculus_audio_pack,medium,1,11388,1,44100,3546,3546,1.0,32.08298851911235,32.08298851911235,0.0,False,136698792.0,136698792.0,29.10063771048199,8.434095024392931,2523.0,0,0,0,0,0,0,0,0.940899998,1.052100003,1.1181847223258259,0.023400009,True,38b9cf6d88277ebe774b8fb4e40857ead57474fc6720e1978430bff0977a4192,7ac9c9eaa2b11a2bbf7d0223904b3f2ec4233e9a2ae9de8733ae63f0d3a4c8be,5e1d321d967f7abd,80e95f439db852e9
oculus_audio_pack/footsteps_shoe_metal_run_04.wav,oculus_audio_pack,low,1,11388,1,44100,3538,3538,1.0,30.26980336455007,30.26980336455007,0.0,False,207531102.0,207531102.0,28.709839875795595,8.622255327889796,3026.0,0,0,0,0,0,0,0,0.96100001,0.997299999,1.03777314112619,0.025300011,True,8b93ec926e81b33da822924214da9ab162a2f429c4e1aa7846710a734dceea75,620b93171e6f3741fbfd42fb154715ec7f6a822332637c4367eb936aae56d1da,8a43bdd7c5749763,b50c34eeb5cb51ac
oculus_audio_pack/footsteps_shoe_snow_walk_03.wav,oculus_audio_pack,high,1,35783,1,44100,14500,14500,1.0,21.268046454578183,21.268046454578183,0.0,False,488312676.0,488312676.0,16.876088355572914,7.0208851728818855,2283.0,0,0,0,0,0,0,0,1.416199997,1.546499997,1.0920067788984749,0.074400008,True,c058fcef4d2373d8a0e40150345d6a680af0e416040a1e47ab1d36fb2b329aeb,2feb42cb37ac6d3d1cd4241974428b3262b2c620568c82171c97799d112ba60d,b9aff338cfbc3eb6,9591d487f98cf747
oculus_audio_pack/footsteps_shoe_snow_walk_03.wav,oculus_audio_pack,medium,1,35783,1,44100,11068,11068,1.0,17.33462381537437,17.33462381537437,0.0,False,1207925813.0,1207925813.0,11.380154758935216,8.25861397571822,3157.0,0,0,0,0,0,0,0,3.424500003,3.596900001,1.0503431151551965,0.074399993,True,68de0a36b8f844bdaed555ed5e69067e53251042b34c32ffb059862db27177d1,534c6df9d568912e80264ff16bd8aab95d4ea8c223f18af3036c3ff70ea3da07,35b2364046c8cefb,d1b85accea1cb96f
oculus_audio_pack/footsteps_shoe_snow_walk_03.wav,oculus_audio_pack,low,1,35783,1,44100,10958,11432,1.0432560686256616,15.041428882658415,20.20915251807146,5.167723635413044,False,2048140547.0,623142528.0,12.086774697585286,8.103797056649286,2283.0,0,0,0,0,0,0,0,3.824400008,6.23560001,1.6304779826786362,0.091999993,True,f9b768ef408a57fba72c05b9ca75dd2767006c0161c9c2cc730b752d0a6817a0,4200c21974ac465c22a90910ed06e178403f01010e5f1cad31a8255a16bf094d,b8e385a7efc15874,3f2f881d1510d506
oculus_audio_pack/indoor_hydraulic_01.wav,oculus_audio_pack,high,1,202979,1,44100,82164,82164,1.0,36.231342420141964,36.231342420141964,0.0,False,438881758.0,438881758.0,32.26502585050561,11.421699405941906,903.0,0,0,0,0,0,0,0,8.565400004,8.861599997,1.0345809877952783,0.417799994,True,916bf409fd2191f34bfb77e1589d7f85468497feeedc19fbfa853a08ed772d9b,32b005cb8928f9244c9254aec6fd58bbeaae880297dbcdc63c8cdb7c9ee92540,c260abd2abc86f59,9b7bde7dbaf25d78
oculus_audio_pack/indoor_hydraulic_01.wav,oculus_audio_pack,medium,1,202979,1,44100,62028,62028,1.0,27.640274073671407,27.640274073671407,0.0,False,3172885241.0,3172885241.0,24.24221501449555,14.64214675306143,1682.0,0,0,0,0,0,0,0,17.784500003,19.474399999,1.0950209449641506,0.426899999,True,82f87d96fc6568d0c4e2e1912f9d2ab859e79eb3c1d5e2dbcd487b0ca767d026,a6c70bcb119f69fb28d46296d789f294b30a93b63d7f94dc95ce10e70222b758,4cbd4819ce2d8ad6,67a28cf27eeaadbc
oculus_audio_pack/indoor_hydraulic_01.wav,oculus_audio_pack,low,1,202979,1,44100,61866,61866,1.0,27.38215516761571,27.38215516761571,0.0,False,3367179395.0,3367179395.0,24.17988514510638,14.619575177799561,2657.0,0,0,0,0,0,0,0,18.277999997,18.86469999,1.032098697510466,0.446600005,True,22e693031b36d9ea5ee5c9e24c37739432060d1df330643c9202913c3cb45a1d,cabc026fe74adc715a0fbf4f2f00db8188403615f77710c42d63a9cd1bcdd0f6,81bf5ed4f55ff5c2,4a1bb830e12aeb2d
oculus_audio_pack/indoor_lever_pull_03.wav,oculus_audio_pack,high,1,39381,1,44100,15964,15964,1.0,19.837297966288073,21.070310091367134,1.2330121250790604,False,1674288939.0,1260460370.0,30.218727686219133,9.871735819124167,11340.0,0,0,0,0,0,0,0,1.441100001,2.121100008,1.4718617767872724,0.080599993,True,9719c6c5a2155dffd39a73dba1ab4be04d4d9d2b79cf706a1c012817e1f15c53,787ee19a5a125c3c01096f47779a0b4b0fac96b9afafd9cf988feb090f4520df,2a1f85d4172fd8c7,1e37eec6dfaeb736
oculus_audio_pack/indoor_lever_pull_03.wav,oculus_audio_pack,medium,1,39381,1,44100,12288,12718,1.0349934895833333,17.526908810963718,19.95492317204036,2.4280143610766416,False,2850160544.0,1629550739.0,24.398373201883054,12.391094958246152,11162.0,0,0,0,0,0,0,0,3.344599992,7.1963,2.1516175378858278,0.079999998,True,3eff165559986f0b05496133b0b4aa859aa193197912ed6e16160cd0c232bed0,70f2449d72beead1e496bc7930d99e3195b4154a19ea16a50570126519330667,98aa386ca8192373,6a0993421c12aee6
oculus_audio_pack/indoor_lever_pull_03.wav,oculus_audio_pack,low,1,39381,1,44100,12096,12576,1.0396825396825398,15.85459981646432,19.017378402243107,3.1627785857787867,False,4188902222.0,2022191891.0,24.407273751474158,12.339024815497211,10459.0,0,0,0,0,0,0,0,3.618600011,5.591399997,1.5451832145036712,0.079700008,True,c1c5276105a5b65bc6c085f29c81e55b50c8b73d351fd58720a7eaad37846dfb,0a3766780c8fda85843f666e8a380d151bc867528ed1b968980fe7f462c69cb0,f8860da2ecad872d,6e5dda3d5fa08230
oculus_audio_pack/interaction_book_page_turns.wav,oculus_audio_pack,high,1,174972,1,44100,70844,70844,1.0,29.42415060866541,29.42415060866541,0.0,False,237263153.0,237263153.0,28.09160930309794,8.253000296731937,2124.0,0,0,0,0,0,0,0,5.096900001,5.730100006,1.1242323774992187,0.356399998,True,18ffda549d3ac6ad52bf4c3c891332f1269e5cdc1d3566d22674c9ef8ee798f8,1a4860534bf338dfb19534c63ff9d8b5ed9f13afa638d18951d079d94937db71,61c45ce8b40a4251,2f47340ae5163b08
oculus_audio_pack/interaction_book_page_turns.wav,oculus_audio_pack,medium,1,174972,1,44100,53632,53632,1.0,24.18926901775115,24.18926901775115,0.0,False,791987736.0,791987736.0,21.631043380132283,10.011724565453585,3223.0,0,0,0,0,0,0,0,11.726099998,12.727599993,1.0854077651709277,0.353100002,True,8cd3c843c63ff2ce6a94de2215dcb6b8eff539ab777645ce1b2b91e25e0b5a37,e1dee5e20c53a48436a3a428fdc80e162d614ce286197a7925c90574555d39a7,5ff12ad36f4f1a55,12e34b806d786548
oculus_audio_pack/interaction_book_page_turns.wav,oculus_audio_pack,low,1,174972,1,44100,53346,53346,1.0,22.973252005080056,22.973252005080056,0.0,False,1047900766.0,1047900766.0,21.481891492470396,10.239079768252171,4001.0,0,0,0,0,0,0,0,11.9463,12.6963,1.0627809447276562,0.353200004,True,30284d3074f0a5b5f60e6f7646a1c2010602ffabf4678909cfa2ee56e8e5c387,9ee5e83c80d8b8fe6bcf2f05a760f29ff4ce1a30acedbfd04b6274d3620bf01e,09c39932a141a8b3,042f9a4b83555cfe
oculus_audio_pack/interaction_faucet_on.wav,oculus_audio_pack,high,1,48597,1,44100,19692,19692,1.0,26.264647684257717,26.264647684257717,0.0,False,350146726.0,350146726.0,26.10481301483383,8.973084490566022,1862.0,0,0,0,0,0,0,0,2.039800003,2.231100008,1.0937837065980238,0.097499996,True,475115a7b3f9fa344f8c483247ee9cca3751a63a8f5f3877ce437579a2b0c4fd,94001c242d9ef5d7358848af9065d5e898f545f0c66dd2bd1ed40addb67a211a,a616e745288dbfae,047603461e2aed9f
oculus_audio_pack/interaction_faucet_on.wav,oculus_audio_pack,medium,1,48597,1,44100,15074,15074,1.0,20.09826551852281,20.09826551852281,0.0,False,1448399234.0,1448399234.0,19.383530445314467,10.964699058298013,2242.0,0,0,0,0,0,0,0,4.956100002,5.346699998,1.0788119682497075,0.100700006,True,8bbf720acec7f48f6c30b6d42b9d4d58f1ab8c9674e8366bd82256794d264887,84ce112992febccfd38470b6094c2d64c17de944ed99b1629bd24658dd15fa82,45f582c5c524de5d,f5a7b0d657527547
oculus_audio_pack/interaction_faucet_on.wav,oculus_audio_pack,low,1,48597,1,44100,14832,14832,1.0,19.22923007292693,19.22923007292693,0.0,False,1769260701.0,1769260701.0,19.068366690810937,11.015255756224118,4155.0,0,0,0,0,0,0,0,5.023499995,5.206,1.0363292535446693,0.100299999,True,d8d245f1b0a0bfc923a558503007cf9a623ecdd2743af9e77f86981b21fbc3b1,93ad05d012f20ab8e3bf6b5d127220b77cb687eb0a329908fd23113a5260390e,efe853f6be7e5c1f,8af856d1006fa993
oculus_audio_pack/interaction_knapsack_nylon_close.wav,oculus_audio_pack,high,1,57775,1,44100,23412,23412,1.0,25.183294552434496,25.183294552434496,0.0,False,1848483533.0,1848483533.0,23.699880389376144,8.398151082219165,2123.0,0,0,0,0,0,0,0,3.129700005,3.377300009,1.0791130151785904,0.115800008,True,412d9b7ceeab27ef6621bdc4e726c1a0b1181b243bb295445c6b928790ca6044,da7fcd6e1ae6ddc941c07775be3470d12a278e6525e93bdec78f35935de77bc0,96bcc6323594d524,f4e8e231057ec55b
oculus_audio_pack/interaction_knapsack_nylon_close.wav,oculus_audio_pack,medium,1,57775,1,44100,18370,18370,1.0,20.199430872220567,20.199430872220567,0.0,False,5823739683.0,5823739683.0,17.85592928055789,9.539811696744643,2567.0,0,0,0,0,0,0,0,7.814099997,7.750100002,0.9918096780147976,0.126400009,True,c4fbe92e588d8ab57ebe9a69d0ccf92b879dd612efc190aa5c3743b48250628b,aa72e0d4eee34f431c091a2b75beba0c518d1ea105de26d2a3f6954732d70927,be5e632f853aa152,2dd88b8fdfed5169
oculus_audio_pack/interaction_knapsack_nylon_close.wav,oculus_audio_pack,low,1,57775,1,44100,17738,19682,1.1095952193031908,18.785277285542172,21.790737870431283,3.0054605848891107,False,8065240323.0,4037116241.0,19.459160208432863,9.249228297239648,3412.0,0,0,0,0,0,0,0,7.607899994,18.852200001,2.477976841949534,0.115400001,True,778ffe7143c8b330d05aeb4689ae6afaf1c13e10debe53a75e4cd0f4a824abbf,0a581c0109f0ec92c7c6f095cb95fa644ef2b61b9244c94f04d00418537f2b8d,90ddba10251f5216,c760d87b50897a40
oculus_audio_pack/interaction_magic_spell_01.wav,oculus_audio_pack,high,1,104495,1,44100,42316,42316,1.0,34.59100252321558,34.59100252321558,0.0,False,1370002608.0,1370002608.0,36.307771266064975,10.065165373174917,1946.0,0,0,0,0,0,0,0,3.947899997,4.3662,1.105955065558364,0.21360001,True,4c71af00c8e1f54af1ddf0c97295d20611f5c24c39e32c1ed36c3c6509a37b9d,e54103bc76bdae01ccdf3d9e954d4d9d38be9adbb2068097d8514125b379b0ca,fc26ba1616950847,03b2234d08e376f2
oculus_audio_pack/interaction_magic_spell_01.wav,oculus_audio_pack,medium,1,104495,1,44100,32892,32892,1.0,29.58570224124331,29.58570224124331,0.0,False,4337619195.0,4337619195.0,30.52241044672336,11.810139166193244,2043.0,0,0,0,0,0,0,0,9.291800007,9.876299992,1.062904925263099,0.2192,True,b4eda164f64e6a8c6c44f0e35065042ec877b08104edd01f35bfc369053534a4,3037b4dfa986d976211286325f90b78da19d7ec17a5bada18f8ea068d232a88a,26934be3cc3c6c55,b654cd0503195dce
oculus_audio_pack/interaction_magic_spell_01.wav,oculus_audio_pack,low,1,104495,1,44100,31996,31996,1.0,26.421929574121407,26.421929574121407,0.0,False,8987288617.0,8987288617.0,29.76631447431856,12.31712930921693,5528.0,0,0,0,0,0,0,0,9.2667,9.980999991,1.0770824555667065,0.212300003,True,0ee6c68b29049e77e6021de04d9aa4ac480f0a7a413fa4bf75a7d9476cfaf539,998b83de427d8ae3617691e37252e5fe10aa5f2d84aa040c252e7967d6c7b848,1ccae1c31856a2e7,40b07047d0acdeee
oculus_audio_pack/interaction_valve_01_turn.wav,oculus_audio_pack,high,1,40137,1,44100,16260,16260,1.0,30.210688725070092,30.210688725070092,0.0,False,594782834.0,594782834.0,27.157284276801434,9.626445688242304,1708.0,0,0,0,0,0,0,0,1.537,1.6787,1.0921925829538062,0.080400005,True,7624d4f9ff79a1cd95030276fadabfcbb05ed3820df9b85d970408ed34ee588f,0afd280778ad2e1194fab41adb5eea16dfbd9331ae28f243e7d3e57cc35887eb,f1c3cfbd2b8523c9,6a49f9541e38a61c
oculus_audio_pack/interaction_valve_01_turn.wav,oculus_audio_pack,medium,1,40137,1,44100,12744,12744,1.0,25.875198249240626,25.875198249240626,0.0,False,1614014654.0,1614014654.0,20.21641210018472,11.809720949313983,2484.0,0,0,0,0,0,0,0,3.617500007,4.048600003,1.1191706966595176,0.089399993,True,0924139044160ee636774bb02767d0a37d4a9fb369684ff1656c427259a4d280,c642f58f0da724edab05ae9d2ac01e27460d68151edd0bb9a2df6e3d009adf41,1a3460aa39f42d5a,2952c58e8a339384
oculus_audio_pack/interaction_valve_01_turn.wav,oculus_audio_pack,low,1,40137,1,44100,12322,12794,1.0383054698912515,22.10050319079447,24.2364605717871,2.135957380992629,False,3849257630.0,2353863319.0,20.37721624052438,11.871274157591142,2661.0,0,0,0,0,0,0,0,3.639799997,6.379599988,1.7527336648327383,0.079899997,True,ec57540c4c05bdb9e4a480c57089e5c22ba3c7a954e0dbc1a30a11df91178cd5,161e6de1c9f1f5f354feae4f99253885cb6d121801038a5568f094cf5375c5d4,85b52a211b4a2316,eb962c1c3c37cb9f
oculus_audio_pack/interaction_whoosh_medium_02.wav,oculus_audio_pack,high,1,10878,1,44100,4436,4436,1.0,36.72759991938983,36.72759991938983,0.0,False,77069743.0,77069743.0,32.283349111167354,8.073488764591106,743.0,0,0,0,0,0,0,0,0.440899998,0.529899999,1.2018598353452474,0.022100002,True,abeaaee7623dd5bb76bb378863c7d841ff0408fc0fbc79a1a7d9ccd53256cda1,8f115dde0389132f55b5768a9f3c37e4278ba93c42134a4b62f46d47adcf3b53,67114fa2a4950658,568dd5f2bbaeab10
oculus_audio_pack/interaction_whoosh_medium_02.wav,oculus_audio_pack,medium,1,10878,1,44100,3410,3410,1.0,30.167542907749013,30.167542907749013,0.0,False,349051583.0,349051583.0,26.09955530701994,9.43268043394586,1707.0,0,0,0,0,0,0,0,1.015500009,1.062299997,1.0460856598574388,0.022499993,True,10de02c99d2c2ce2ff408b17c833e36f0cda0c1bd7ee1579dc61c86fffc84ad5,76cb452b1e055d1bd976debe54e9bca0bd87677d53ee769e6ad65c1cf7c4d8bc,d85e695f603791f0,c6c141bab89b6574
oculus_audio_pack/interaction_whoosh_medium_02.wav,oculus_audio_pack,low,1,10878,1,44100,3348,3348,1.0,28.778741123280906,28.778741123280906,0.0,False,480584534.0,480584534.0,25.718592236160262,9.630353111479346,1923.0,0,0,0,0,0,0,0,1.021400005,1.068299994,1.0459173573236862,0.02170001,True,91a7824264c32e02b8e9559afd4fc7b8388c74c98e53293b38039f6dedf4a79d,4124b6049833ce578cf0bc5f6da42dd824d77a8e3e09cd9971f3f0894622b3b5,0ce5ce6f44b68d62,4a1ca9fb1c3b6d6d
oculus_audio_pack/machine_power_tool_04.wav,oculus_audio_pack,high,1,462874,1,44100,187348,187348,1.0,17.40479554409398,17.438064776483383,0.03326923238940438,False,131104685910.0,130104192381.0,17.596305722607784,9.982491913644516,10413.0,0,0,0,0,0,0,0,31.429700002,87.362299994,2.7796097318282,0.934599996,True,e856570dea34f9c1fdfb14d1261e96af5c0609472ff0a51de5371c7fcacaa916,b3be8c81051c789d682585efe57245dbfd16270c748547772e832a27d36fa40e,793948f1a687f261,ceee08f460df3e7c
oculus_audio_pack/machine_power_tool_04.wav,oculus_audio_pack,medium,1,462874,1,44100,176784,183390,1.0373676350800978,16.31691994068329,17.336064783339605,1.0191448426563134,False,168424697012.0,133196033038.0,17.100101710936624,10.089285713105651,10388.0,0,0,0,0,0,0,0,75.158000007,528.560800001,7.032661858375307,0.973299995,True,1d3373fa2814ea2c598e1579a0ed59b7f37ee78bea33fa63816b3a4851333c3c,71eec99527499352485e2753b9db6d0e777a86df38bb47efbb8dd20c3d070b89,07349fd50517dacb,565845bc31da0377
oculus_audio_pack/machine_power_tool_04.wav,oculus_audio_pack,low,1,462874,1,44100,146316,184648,1.2619809180130677,11.597663246459472,17.35185393450824,5.754190688048769,False,499265370653.0,132712666543.0,17.198218130339725,10.059482790526602,10959.0,0,0,1,0,0,1,0,75.537799999,321.615100011,4.257670994062015,0.910699993,True,eb01422e1dc2a4024c5aaba445d0ba77309ca6e07806824b8cc79b2ae9ae304a,0223402ac2d4dfe6999950e1eec5d3dd93de2f9905c8b7adfe0377420e610b68,11a89a8a9bcce04d,47fc356d0438f7a8
oculus_audio_pack/sting_acoustic_guit_pos_01.wav,oculus_audio_pack,high,1,158152,2,44100,127780,127780,1.0,40.55075191891373,40.55075191891373,0.0,False,430102793.0,430102793.0,39.35086450298274,9.655325354933469,2102.0,0,0,0,0,0,0,0,9.255099997,10.321400002,1.1152121538768502,0.831399992,True,3f1bda19be830d4f29c38090cbc9a18635d694e73607675b08032d70b27b8599,edb206a3bb06516694817bb8cf27688fcd68016c3d76a6508f4cfafe0ea082b3,75b6b153223769b3,5aa5cd06da676ef0
oculus_audio_pack/sting_acoustic_guit_pos_01.wav,oculus_audio_pack,medium,1,158152,2,44100,96460,96460,1.0,33.53686058954745,33.53686058954745,0.0,False,2162526289.0,2162526289.0,32.83544959567961,12.932793558533154,1872.0,0,0,0,0,0,0,0,23.841800004,24.987499997,1.0480542573466678,0.762700006,True,76fab26534da0fea45ad73e565963d187b199494a976518214bf3f3825da7ea3,6ed4108d25d7fd0daa634d899fa8dd0297a46337614659d9a4852b6557d73774,9fdbdb8b7b2cfe40,a674d6221dac0493
oculus_audio_pack/sting_acoustic_guit_pos_01.wav,oculus_audio_pack,low,1,158152,2,44100,96148,96148,1.0,33.10237896074351,33.10237896074351,0.0,False,2390064155.0,2390064155.0,32.8586461861273,12.951052600775329,3020.0,0,0,0,0,0,0,0,22.7905,24.462899998,1.0733814527105592,0.784299999,True,77fbd129ed8125776db39081c6d0c588204990e2bee39b4f8403fa2e6cb5172b,36cad36a70221eb24d673b35fab687e6de4e4fa7f26a76a9e553d22e467623f4,2d784d72bc2e3ae7,f13900d64d4a4d11
oculus_audio_pack/sting_banjo_humorous_02.wav,oculus_audio_pack,high,1,138382,2,44100,111852,111852,1.0,37.67926172860701,37.67926172860701,0.0,False,1099342561.0,1099342561.0,34.403575403695285,10.95961738248467,1917.0,0,0,0,0,0,0,0,9.920699999,10.595899999,1.0680597135351397,0.707199991,True,f7a4e22773589f841d2fb950d69a3558b132047db786a5592445548c3050482b,e8c5e626a587d1a04ca8f3a7339ba1dee763749ffa102b4a98d5ce842694ab04,bed7bd1276451b99,ebffd1054c6ba4db
oculus_audio_pack/sting_banjo_humorous_02.wav,oculus_audio_pack,medium,1,138382,2,44100,84916,84916,1.0,30.991667941298825,30.991667941298825,0.0,False,5127343586.0,5127343586.0,27.80013858106972,14.103997611203315,2287.0,0,0,0,0,0,0,0,22.949900001,24.409500003,1.0635994057462734,0.6919,True,beb64597698a03c06ae51a05b122781f35c194db5859c848048f22fadcea95a8,38f1abdd435408523f48497007d928f1bcf60224f953798e715979bf758fa75f,049110f179811242,facdf694362559ff
oculus_audio_pack/sting_banjo_humorous_02.wav,oculus_audio_pack,low,1,138382,2,44100,84376,84376,1.0,29.579262166498765,29.579262166498765,0.0,False,7097951021.0,7097951021.0,27.606486070644678,14.25590601750606,3304.0,0,0,0,0,0,0,0,23.106299996,24.644299999,1.0665619334669008,0.662499994,True,ae925b385294bb81162b3d35072c0c41bffca82e0a829392bffe703d80ae15e2,b4893d23e8711f8997300cd510b7b8957e9560b7d0a6029d9047c019e53c6b58,05b504720c440172,26d66cbf444bac81
oculus_audio_pack/sting_loss_mallet.wav,oculus_audio_pack,high,1,175503,2,44100,141828,141828,1.0,48.04569453582402,48.04569453582402,0.0,False,77969542.0,77969542.0,46.294863154730876,10.707601528377042,446.0,0,0,0,0,0,0,0,8.588500008,9.819100007,1.1432846245390607,0.901299998,True,650c38610a527074be54f8ee719edddfaf12ab1ee759d4b1e7ec81163d64f1a1,910f8b81769b7b23c1a459c19fae7679d38b10a8d39c65a4ca710d8f95ff1133,e911ae74066deaa8,0601d5a57df401c1
oculus_audio_pack/sting_loss_mallet.wav,oculus_audio_pack,medium,1,175503,2,44100,106868,106868,1.0,38.43394614278082,38.43394614278082,0.0,False,713016898.0,713016898.0,38.19226933434417,15.273332891563541,1175.0,0,0,0,0,0,0,0,21.654400006,22.249400005,1.0274770946706044,0.880200014,True,2474d47028e79e3f67b0ddeb9d54adb0f30e9e3247fada5913958b619807e474,884bdeb0db9788c56393ac4d9d677854b5f7994d17bf6e20fc7d42aac55ddbf8,1d38ec9276a094a9,8f380227f81d16b1
oculus_audio_pack/sting_loss_mallet.wav,oculus_audio_pack,low,1,175503,2,44100,106724,106724,1.0,38.229760329546274,38.229760329546274,0.0,False,747340303.0,747340303.0,38.35754311149275,15.10047901694577,1703.0,0,0,0,0,0,0,0,20.649099991,21.752499998,1.053435743324451,0.889500007,True,43022592275d5c7954678969ff5dbbab56690942beb03017786e88c945eff3ed,e861247e027304145129048c19b89babbe9209d90b16d3dac4ef66aa25569203,4191ac44851408a2,6db5866b48337279
oculus_audio_pack/sting_loss_piano.wav,oculus_audio_pack,high,1,176315,2,44100,142468,142468,1.0,47.73339612587258,47.73339612587258,0.0,False,91232902.0,91232902.0,42.88421603977138,10.767840027326852,182.0,0,0,0,0,0,0,0,10.119000003,11.499500006,1.13642652461614,0.974599987,True,9284d8af8f39e5db0e8055983a9aab6ae66f5edee04acbecdbf77b2d4f7d7018,3f68916a4d9cfaddbdba0c704fcf10e9c165c284c38ad842a94b3a8c7b291a3d,846f6abb7bd67a08,dbec14ba5c669ebd
oculus_audio_pack/sting_loss_piano.wav,oculus_audio_pack,medium,1,176315,2,44100,107204,107204,1.0,37.97833785659713,37.97833785659713,0.0,False,862297876.0,862297876.0,34.31863317408749,15.00228952789033,637.0,0,0,0,0,0,0,0,24.600500003,28.054499999,1.14040365015259,1.586199999,True,314305824f209719a53e953f04c2e05aef578ffaeabb7054e0cca2df4e20a4b1,67fe6ecec4d8db50d6b936e2a72da607e50ef4e0953e4078ca391e4a710ca41b,44b23ecdea990aae,27b8951a41f7ba46
oculus_audio_pack/sting_loss_piano.wav,oculus_audio_pack,low,1,176315,2,44100,107204,107204,1.0,37.97833785659713,37.97833785659713,0.0,False,862297876.0,862297876.0,34.31863317408749,15.00228952789033,637.0,0,0,0,0,0,0,0,25.777499989,28.252299994,1.0960062071983734,1.552000001,True,314305824f209719a53e953f04c2e05aef578ffaeabb7054e0cca2df4e20a4b1,67fe6ecec4d8db50d6b936e2a72da607e50ef4e0953e4078ca391e4a710ca41b,44b23ecdea990aae,27b8951a41f7ba46
oculus_audio_pack/sting_victory_mallet.wav,oculus_audio_pack,high,1,165375,2,44100,133636,133636,1.0,49.40580100021977,49.40580100021977,0.0,False,56300476.0,56300476.0,43.36940601786709,8.973802565761519,461.0,0,0,0,0,0,0,0,8.116700009,9.793799996,1.2066233795927397,0.868000001,True,9163eeaeafc4a0956639f0706f5e1aa36c8d9f6b96baa888d21da66dc8680003,b8975806b560edb3cfc071019b3433f234e80bb7b025a941f56a5a30f15f79a4,5f3bc1a5b3f798f7,58cf882f4dd5595c
oculus_audio_pack/sting_victory_mallet.wav,oculus_audio_pack,medium,1,165375,2,44100,100560,100560,1.0,39.8166756079811,39.8166756079811,0.0,False,512182347.0,512182347.0,36.137322362134285,12.838311915401794,1083.0,0,0,0,0,0,0,0,19.218500003,26.868599996,1.3980591613188242,0.774399996,True,6af602995d3dc0618802f182ac8b388e85782bd7026ae25c12b76d97ca39b5fe,0c91b092654f30596423cd44eaeb520a83e18306c1fdeb2b20fb503873383dad,215b8ea4bddeff89,5bf7cce209fb37d3
oculus_audio_pack/sting_victory_mallet.wav,oculus_audio_pack,low,1,165375,2,44100,100560,100560,1.0,39.8166756079811,39.8166756079811,0.0,False,512182347.0,512182347.0,36.137322362134285,12.838311915401794,1083.0,0,0,0,0,0,0,0,18.525199994,20.171199992,1.0888519421400638,0.795200005,True,6af602995d3dc0618802f182ac8b388e85782bd7026ae25c12b76d97ca39b5fe,0c91b092654f30596423cd44eaeb520a83e18306c1fdeb2b20fb503873383dad,215b8ea4bddeff89,5bf7cce209fb37d3
oculus_audio_pack/sting_victory_orch_03.wav,oculus_audio_pack,high,1,260436,2,44100,210404,210404,1.0,34.697267534269514,34.697267534269514,0.0,False,5701813137.0,5701813137.0,35.87575134442184,12.634146591357482,1826.0,0,0,0,0,0,0,0,22.403099999,24.165999994,1.0786900025031665,1.288599998,True,c56be865082002ea311d0d5fb9b3afde450a6f95e5b839b9116e60e5e8296727,3bf78ecc037c795ad9508ae1be44d079adc49cc65bfc8ec12be79c2e193f8efa,97def088fd621cf7,36b01e99a92fcef9
oculus_audio_pack/sting_victory_orch_03.wav,oculus_audio_pack,medium,1,260436,2,44100,162196,162196,1.0,27.39789308537267,27.39789308537267,0.0,False,30616139296.0,30616139296.0,27.58161673490683,16.38510989969071,3320.0,0,0,0,0,0,0,0,57.130600005,59.266100004,1.0373792678321794,1.250300005,True,71dd4106bab56c8f3cd21968140556891c1a4b363bbdac81050012fc5b8aa875,17d5f54bcf6a6520133f63afc2e01c357b8f8089982a259640feb10bd26ba814,3fbb75c7a15b1b1e,34e5a6df65bdf62f
oculus_audio_pack/sting_victory_orch_03.wav,oculus_audio_pack,low,1,260436,2,44100,158386,158386,1.0,26.19298393785241,26.19298393785241,0.0,False,40405579507.0,40405579507.0,27.17126356068592,16.62116118710044,4299.0,0,0,0,0,0,0,0,57.932100013,60.473000005,1.0438599669514796,1.25559999,True,9f98630e5e4747e6f5d8d1ced8ac3c39adc4ac90c7d82639259fbad18d794348,5e71749a0630b371a30f91de1f9553afd192224c252f985757221cdcaff6d2cd,55efa690350ce798,487f99991e4e52e8
oculus_audio_pack/sting_xp_level_up_orch_01.wav,oculus_audio_pack,high,1,88173,2,44100,71276,71276,1.0,36.963562925585876,36.963562925585876,0.0,False,559900915.0,559900915.0,37.20881716207952,9.746471278956431,1052.0,0,0,0,0,0,0,0,5.665600002,6.388000011,1.127506355680773,0.449400008,True,5d3ffc64ecd6fccdd90aa832aff0c93b536dc133fefebcf8aed58329e13d3d0b,46a349020448e2354d1b5b2c4509808f592454f8c74e71297bd21b94036ae1ae,b51d8079d8d30c14,24fe95ad42b53972
oculus_audio_pack/sting_xp_level_up_orch_01.wav,oculus_audio_pack,medium,1,88173,2,44100,53934,53934,1.0,29.64538156283315,29.64538156283315,0.0,False,3019460228.0,3019460228.0,29.665821210840253,12.900177596753265,1889.0,0,0,0,0,0,0,0,20.6479,14.873099998,0.7203202261731217,0.417300001,True,5d3d968b09edc540951365c7a185cd909929a0b1cd0c96ee9c5028dccc8469e8,16deab0e29732d3fd228c227f6b70b6faecb5b265b01589691c2d2fad2bded36,832896f854401574,9ed2fbd7f07c1868
oculus_audio_pack/sting_xp_level_up_orch_01.wav,oculus_audio_pack,low,1,88173,2,44100,53640,53640,1.0,29.209210966729934,29.209210966729934,0.0,False,3338461507.0,3338461507.0,29.622023651852114,12.918220814017959,2115.0,0,0,0,0,0,0,0,14.642999992,17.334700003,1.183821622104116,0.424699992,True,22ae65fcf4bdc3c89f9a205f94369d353f8f7c22e82ebd1f233f93ef52695f49,2a20294fdd0b276f6746712e96c222f2f5a43fe2e094529a533d13dbecbff154,bff4f979242f96bb,04f009a8cc7a406c
oculus_audio_pack/swoosh_03.wav,oculus_audio_pack,high,1,33827,1,44100,13716,13716,1.0,28.98810500058453,28.98810500058453,0.0,False,423457700.0,423457700.0,19.70838415304226,8.624254071181872,1919.0,0,0,0,0,0,0,0,1.144299999,1.328699991,1.1611465456271488,0.075800002,True,e01864e2b1198462174393b8e9b7ddd055f6f60c3a3809cf7431908035ea731d,bd3fb6889466c945cc19951f252a442eda462a305850f0cfa5fe21e4ac08de67,40e567b9fa993b9f,52393dd3dba35d76
oculus_audio_pack/swoosh_03.wav,oculus_audio_pack,medium,1,33827,1,44100,10566,10566,1.0,25.068433791085262,25.068433791085262,0.0,False,1044184291.0,1044184291.0,14.940328522296392,9.934241177088593,2085.0,0,0,0,0,0,0,0,2.609099999,2.755799994,1.056226283031017,0.080400005,True,66f75dd2498feec7341a60c03bffca7597ea1fad63d9bd19e307175d238b5f4d,f040846eece898b26f07bbefe4a889a7c06feca070bac3ad99fdd2f1e7a2be5f,9b589c1bd9a44ba0,2c7ed51eafdba6a9
oculus_audio_pack/swoosh_03.wav,oculus_audio_pack,low,1,33827,1,44100,10376,10376,1.0,21.977868740293616,21.977868740293616,0.0,False,2127324101.0,2127324101.0,14.684591689477477,10.143990780847032,3727.0,0,0,0,0,0,0,0,2.642700002,2.751499996,1.0411700132128732,0.0722,True,617e6f7ccf9ed32c67deb74236f1c3a6f347d30afa80c5a0c8514fa63cc87f4c,2775bab255074c8c096584950421a77d79fdd8b3cb437131f523eb754748366e,b6dbf65756d2905f,6dc1737d081992c4
oculus_audio_pack/ui_casual_musical_open.wav,oculus_audio_pack,high,1,47569,1,44100,19284,19284,1.0,41.066254353187446,41.066254353187446,0.0,False,45022620.0,45022620.0,34.985036403452334,9.786535204018364,625.0,0,0,0,0,0,0,0,1.486400008,1.553299993,1.0450080628632505,0.101500005,True,2b54e958053b623d9847831ac6a11aa0586b941dae4d5391358a6317b285e0ac,6a50f775511117052309880caf5432b67838d04e3aff4aacd8ebc597f9b95aef,1a34cd5219b1ee74,f23b74df52f50b18
oculus_audio_pack/ui_casual_musical_open.wav,oculus_audio_pack,medium,1,47569,1,44100,14598,14598,1.0,33.421694760698315,33.421694760698315,0.0,False,261750020.0,261750020.0,29.321741750000463,12.432350372169758,1000.0,0,0,0,0,0,0,0,3.628600001,3.193900004,0.8802017315548141,0.103499994,True,1e440a901bb0eef28d3f0c137a477452de90d543b91c7ed0e5e5d41f23a7dc3b,9b5f68daac980ae09ce7c9cbbfa0dae1657a4beed7d7d15c060c14349ca1f0a2,e0278da244bfc177,d5172b7549a7181e
oculus_audio_pack/ui_casual_musical_open.wav,oculus_audio_pack,low,1,47569,1,44100,14526,14526,1.0,33.287136906594085,33.287136906594085,0.0,False,269986786.0,269986786.0,29.186805451475212,12.40729872811284,1204.0,0,0,0,0,0,0,0,3.016899988,3.23619999,1.072690511078354,0.098100007,True,157dc56e1abcd7d554fa3d20c3cb5259710c220ca2d96cb14b36f96845613d21,23fb6b1d38883421d03aa2177625033e9e4bb5db88fb722210d8207f72486e65,f74f025938cdd500,e580dd8bcd39b24f
oculus_audio_pack/ui_laser_shoot_02.wav,oculus_audio_pack,high,1,36574,1,44100,14836,14836,1.0,26.263355215011867,26.263355215011867,0.0,False,3728763550.0,3728763550.0,36.11961045263789,8.356898676518432,10117.0,0,0,0,0,0,0,0,1.570900008,1.928499997,1.2276401980895528,0.077299997,True,fc1ba78325924bb025e48bfe8d55b94d4dd7d1ea34041593c799acbb42cb6a36,1a7f0dc90225deff2cd4a2eec18a90aa48de8d19c851a28b2fa9f740fb5bae8f,b1acce85e5b3ee15,57962ebdc18b8388
oculus_audio_pack/ui_laser_shoot_02.wav,oculus_audio_pack,medium,1,36574,1,44100,11994,11994,1.0,25.43847817935534,25.43847817935534,0.0,False,4508712551.0,4508712551.0,30.674614973858013,10.08193088106279,9665.0,0,0,0,0,0,0,0,3.253999993,3.557599992,1.093300553058729,0.083300009,True,1474c98adac00d6da8c93d7a8368447dcad0507cb0c6434bc35c5d2c24e0e194,70f6515a46a5d1ae8823a2d47cf46c6f31b6d0694417ef20d86482c6ec665d1f,e8759971ae883d75,d28ef08c63f5c732
oculus_audio_pack/ui_laser_shoot_02.wav,oculus_audio_pack,low,1,36574,1,44100,11362,11834,1.0415419820454146,21.18743878654461,23.218630958706,2.03119217216139,False,11999315913.0,7516873994.0,30.23563863217927,10.21543511683686,8310.0,1,1,0,0,0,0,0,3.286300004,6.269599989,1.9077990388487975,0.078500003,True,253ce9050f35e439004c2e4849bd29d29e58f3687927c6ef047acec5dbf8928a,581aaf7fc7e79922620b2f842972b0bd8f6e50321e3de84a43b9881273f1c97c,5c32890430fb11bd,3ed04ee2c552d6f4
oculus_audio_pack/ui_magical_open.wav,oculus_audio_pack,high,1,76595,1,44100,31012,31012,1.0,18.029910995322346,18.029910995322346,0.0,False,3608570031.0,3608570031.0,17.77001521864027,8.395726676124085,5761.0,0,0,0,0,0,0,0,2.743199989,3.907600001,1.4244677809380089,0.154100001,True,8a339e230967b1d52799e348510e7de4fd0d5e998e13409ec6b8073c5316e3cb,c7a79ea93dd2f78b187c9684594ba0f7017d686c8070bcd8952c9fa4fe36480d,533c55752cecb706,155278b0dca9bdba
oculus_audio_pack/ui_magical_open.wav,oculus_audio_pack,medium,1,76595,1,44100,24294,25018,1.0298015971021652,15.64790273823486,16.936637898364403,1.2887351601295425,False,6245050631.0,4641543743.0,13.467960002802466,10.164014571714803,5694.0,0,0,0,0,0,0,0,6.376399994,22.664100006,3.554372377411429,0.159600005,True,45cc2bb6dc2426a66f4ba0ef8f439eacf7d4a71466affd755331e7b5fca6842c,53e9ec40a66188180f91a9ce503618805afe386c38450ca527988f8f2dd7c11c,d7c717904a4b115b,a89056c5c6accb6b
oculus_audio_pack/ui_magical_open.wav,oculus_audio_pack,low,1,76595,1,44100,23506,24888,1.0587934995320343,12.264497065208333,16.660197068916712,4.395700003708379,False,13610576817.0,4946597010.0,13.376058385621102,10.219197012655735,5694.0,0,0,0,0,0,0,0,6.239500001,14.580899999,2.3368699409669254,0.15110001,True,f786e58ac8c2f2f934e967237009149c222d8bcf172c61429aa3ea9e927a506a,4dc580edd3072b0e113b82615c9977c447b127f3e2806f71a39089f5dbddbf86,c62d6956a7cbb64e,601996e000540b89
oculus_audio_pack/ui_metal_open.wav,oculus_audio_pack,high,1,40740,1,44100,16500,16500,1.0,18.767552440259003,18.767552440259003,0.0,False,1604788344.0,1604788344.0,29.27190575712673,7.871990946332119,16840.0,0,0,0,0,0,0,0,1.462099999,2.268700004,1.5516722560369824,0.078400001,True,a85bb99023d05691ed97ddd4b111f662790792a56bc53b65bcbb63fc01e45636,e7cccd50e154b6cf97ef180577cd7ec7fc9c62df39b95d3e31ac3dfc7f69f7ed,ed06bf9d60ea1722,929b74c06d62fbb8
oculus_audio_pack/ui_metal_open.wav,oculus_audio_pack,medium,1,40740,1,44100,12776,13094,1.0248904195366313,15.593620817633525,17.113297119404088,1.5196763017705628,False,3332812823.0,2348785155.0,24.338145340822404,9.141339155981099,15012.0,0,0,0,0,0,0,0,3.188699991,8.549199998,2.681092615213044,0.080600008,True,8440b5ee386c9835e4b7328e9f874243b5e08bcf6933b11b6fdc2be61cacb467,143adad126749c8e53b4393a37eef928e06d23fb40b68f9cee0242a38e8be483,4d7fe7ee1b77d101,0bb3c01eab7d9df8
oculus_audio_pack/ui_metal_open.wav,oculus_audio_pack,low,1,40740,1,44100,12464,13450,1.0791078305519897,13.623417528579886,17.821018506255925,4.197600977676039,False,5246035830.0,1995589245.0,24.921372600042247,8.951394684705855,14352.0,0,0,0,0,0,0,0,3.288699999,9.109799996,2.770030710849281,0.081399992,True,904f8f67decc76d733dccb57a6ded48982213e1598a0d93347740ad041654619,a9bb2056f8bc0d43f8e83f889c94d1d589f2e3875fe1346f09e0c8169308456f,f010be17babfec80,954d3b5fd950027e
oculus_audio_pack/ui_notification_03.wav,oculus_audio_pack,high,1,23608,1,44100,9580,9580,1.0,32.40861335535142,32.40861335535142,0.0,False,34287730.0,34287730.0,20.03664079815638,6.897526455476389,1266.0,0,0,0,0,0,0,0,0.753100008,0.842399999,1.1185765370487155,0.047499999,True,3bb0f950d741551d936d456bd695b975802f346c6d55f2d2f064975d1e8023e4,1fad00454ef3499d9118fa88ee1436e5e58d03e4c36c29bcf2c8e95853c0efc7,9b0b50c4f8a2edd0,d270669471806a44
oculus_audio_pack/ui_notification_03.wav,oculus_audio_pack,medium,1,23608,1,44100,7298,7298,1.0,27.643031067844078,27.643031067844078,0.0,False,102729923.0,102729923.0,15.023437060688606,8.734815787171968,2508.0,0,0,0,0,0,0,0,1.674500003,1.738099992,1.0379814803738763,0.047700003,True,19b3a0c2118eb2718ab70150a5898c62ba48b389f4957bd61da7d26de88e9591,aa116aa7e3c14f1f9c47924bef7bfea1aab25f9c0be95d4a1cc0882943f2b10f,521edd4b4a74f60a,ed7cae68d4b72207
oculus_audio_pack/ui_notification_03.wav,oculus_audio_pack,low,1,23608,1,44100,7252,7252,1.0,24.740913497622333,24.740913497622333,0.0,False,200405077.0,200405077.0,14.723256665216228,8.915767931788476,2508.0,0,0,0,0,0,0,0,1.612399995,1.743800014,1.081493437985281,0.047299996,True,408fd5d4f2426448d6d5f9f599b9d562c2bda78f198a89359c1c0832f89b5049,f8dcccd67a3529024f97dd15524aeaba861eb73b227332aca4a9b0958cf6f65a,125096f226fcda0d,231b9b361aeabb4b
oculus_audio_pack/ui_powerup_01.wav,oculus_audio_pack,high,1,75323,1,44100,30508,30508,1.0,32.07567208546608,32.07567208546608,0.0,False,1414607225.0,1414607225.0,35.17593740089787,9.620155654451516,3030.0,0,0,0,0,0,0,0,2.768800005,3.06719999,1.1077723145265597,0.196200013,True,380a866c6eb843e15e636ddd61db4a19eda1e726afccc1c12c438aae74b2f3a9,c8ef80ed82a2950aef440a56ce70a5e34964d17da717321cebc290e8d36b7634,aa41d8e762f92f1e,4c2211f95a640cf8
oculus_audio_pack/ui_powerup_01.wav,oculus_audio_pack,medium,1,75323,1,44100,23692,23692,1.0,27.80515549114934,27.80515549114934,0.0,False,3781703986.0,3781703986.0,29.943412175662107,11.752296308075648,2955.0,0,0,0,0,0,0,0,6.238600001,6.499799997,1.0418683672551745,0.159000009,True,efe240324a1542d574178c93ea1788f1977a6fec7457d883b88ebdb4b89b5a6e,fb79e1ee898dc1084426a561134ca799ed75018d7690c69c24dfd4d9293ac1d9,da3deeb82847213f,6769c25524f4dbb8
oculus_audio_pack/ui_powerup_01.wav,oculus_audio_pack,low,1,75323,1,44100,23058,23058,1.0,25.004475001997356,25.004475001997356,0.0,False,7207017560.0,7207017560.0,29.256126441727652,12.043804604416934,4703.0,0,0,0,0,0,0,0,6.210099995,6.52319999,1.0504178669026407,0.152199998,True,84de24b34cc6cb629816f21b77a3e4549909e1212284f8cb9344c9328dee4982,ff58543cd5ed0e845405b8a33c58c0412daa42bdbcc50b95cdfb56eb47b00b04,56fed27272822057,493596f473125343
oculus_audio_pack/ui_scifi_traditional_confirm.wav,oculus_audio_pack,high,1,28205,1,44100,11444,11444,1.0,25.86693132386104,25.86693132386104,0.0,False,818351461.0,818351461.0,28.074395231641464,8.33115354382371,11667.0,0,0,0,0,0,0,0,1.00590001,1.114399999,1.1078635927242908,0.056500003,True,07c1d1ea0173597cab309c32c7b9ba6ca00dbea57587a243322ef7e435317d6a,ced5ec84347b8938016af6b755e43ab8d6aab6cb67ee8120f308f3e9b5a0f0ed,7877673b29ae5c34,fe7c15d37e9ed3d2
oculus_audio_pack/ui_scifi_traditional_confirm.wav,oculus_audio_pack,medium,1,28205,1,44100,8728,8728,1.0,21.900512616812975,21.900512616812975,0.0,False,2039772502.0,2039772502.0,22.27657638888771,10.367732235290239,12252.0,0,0,0,0,0,0,0,2.338799998,2.4692,1.0557550889821747,0.057000011,True,cbb12de9b611c6bbce0473b49ce175667c8da8137b894efcf7fc9372bbcde4d6,daa329accfc266d8987fadaf756c169975505b7e86238969b1e4222a6e94cee3,1dc67fe0fa06ef87,7c7688529fe44fe7
oculus_audio_pack/ui_scifi_traditional_confirm.wav,oculus_audio_pack,low,1,28205,1,44100,8664,9134,1.0542474607571561,20.075993605536226,26.091358757341823,6.015365151805597,False,3104800030.0,777136163.0,23.34812827215155,10.161648376894,5013.0,0,0,0,0,0,0,0,2.436499998,6.516599998,2.6745741856553042,0.056899995,True,c028e1fca57378c8f88a94c3067ea6359e553f4a09238bc65b0b0fc71a3952b0,60493b44ebd8dc9d62357e38fe191f1166decaa42f0b398bf74f068c4b98ff8d,35349850d72f0f4f,7ecdfb462c7d5c89
oculus_audio_pack/ui_wood_error.wav,oculus_audio_pack,high,1,17704,1,44100,7196,7196,1.0,34.66220606821917,34.66220606821917,0.0,False,60793903.0,60793903.0,38.030182504354855,7.859429229820632,2569.0,0,0,0,0,0,0,0,0.476899996,0.637699991,1.3371775977117013,0.036400005,True,4cfc600768735b8099f5f3dbc0c54830d1686eec7e7fbbc7d467623276372d7c,44872ad3470bf8450c00bd479e2282656d48ae188a220d7b7671e3a7b54b389a,c56ca3dacb716980,24f22cdbae48cc42
oculus_audio_pack/ui_wood_error.wav,oculus_audio_pack,medium,1,17704,1,44100,5466,5466,1.0,31.388088117214032,31.388088117214032,0.0,False,129202769.0,129202769.0,32.94109581838901,9.278465617429088,3179.0,0,0,0,0,0,0,0,1.017800003,1.085299999,1.0663195085488715,0.035700008,True,7440148a783feda38b546633d4d7d1865ace55b6a465722dff84bda7c7901dcf,ccae91227fbc8feaf7e0e29774b06e249a64a1b798b6c3a18289611b583dcb30,30002fa5787f0d64,bb2da77ecb6820c3
oculus_audio_pack/ui_wood_error.wav,oculus_audio_pack,low,1,17704,1,44100,5458,5458,1.0,29.916937115867377,29.916937115867377,0.0,False,181295457.0,181295457.0,32.96623098447901,9.47002254391225,3179.0,0,0,0,0,0,0,0,1.0132,1.096500009,1.082214773983419,0.035699993,True,7dbe545ffcfe97b0701a8b574129750bf6c5977840eb12e626b371bf2c9c4666,d99b06bf0fc7f57574995e683785e1c95d91189dc79b4569d8b1ffc50e575366,4fa84d1df0eff757,e9a57d8cab4eecd9
oculus_audio_pack/voice_animal_duck_01.wav,oculus_audio_pack,high,1,107949,1,44100,43724,43724,1.0,34.28044028943234,34.28044028943234,0.0,False,287617359.0,287617359.0,29.79681733602852,8.581120620326955,755.0,0,0,0,0,0,0,0,3.577900007,3.853199989,1.0769445712460908,0.216200009,True,3577d7150cffca2fb5df76a4bfed2514e4166dea55c45dc5351337d9ba44417e,8fd6a5e9fc1f360645bbe6097e732fb694e8d9f00d668fcf40279da126d418ac,0c67c24373bbff62,9196fcb79fc25962
oculus_audio_pack/voice_animal_duck_01.wav,oculus_audio_pack,medium,1,107949,1,44100,33274,33274,1.0,26.78551581118309,26.78551581118309,0.0,False,1615502156.0,1615502156.0,23.03088579179789,10.839118517480488,1674.0,0,0,0,0,0,0,0,8.113400012,8.626800001,1.063278032420522,0.216000006,True,c6867a198ff4fbcfbf929f2a9f80c375689b7f5fc3fa9ae50ffb608810df00b7,45ea6d009f4daa10a4cd7b13fa24c9adccab759dd442c40c5c508394143251b3,7dabbab0f78f8ddd,88fbec429fed5315
oculus_audio_pack/voice_animal_duck_01.wav,oculus_audio_pack,low,1,107949,1,44100,32928,32928,1.0,25.790168049339872,25.790168049339872,0.0,False,2031619245.0,2031619245.0,22.890197221738845,11.010449656106417,1983.0,0,0,0,0,0,0,0,8.162100002,8.641300008,1.0587103816275931,0.218699992,True,0b587ec8e162143b708fba973508d26965aad11abca1ffb76ed06c39fa35d868,70fefd1cb01a8aa4e806802304023d62f1cb87b5ee75723417d90c82de0e9642,369d07f0da8e8506,9a8df9b654286be3
oculus_audio_pack/voice_animal_sheep_01.wav,oculus_audio_pack,high,1,42336,1,44100,17164,17164,1.0,33.597460912086746,33.597460912086746,0.0,False,292387297.0,292387297.0,31.960197759496243,10.559486887480872,1208.0,0,0,0,0,0,0,0,1.73619999,1.963200003,1.1307453140810122,0.084999993,True,0614984c71adf493d40bc057f89dc7da81ceb0d8ff6bd3d3a78c781f97ae5304,4a3e2f2477c1c286c55548b0b748605923915102c5e5403f1602b6fea41e3b71,9002f02618187485,c632dca57b826648
oculus_audio_pack/voice_animal_sheep_01.wav,oculus_audio_pack,medium,1,42336,1,44100,13224,13224,1.0,26.56164697160611,26.56164697160611,0.0,False,1477542203.0,1477542203.0,25.20339103974491,13.035759260152888,2412.0,0,0,0,0,0,0,0,4.151800007,4.411499992,1.0625511789012336,0.103300005,True,b33d31b649028bc4b155888200940a2e482683a946295eb99458e8506e82fc60,4c6c6047d8ae4c4732648e4464b89610fbba586364105339497520c7f50f3df1,49b2a25db21e350a,f0c50f17a17fab01
oculus_audio_pack/voice_animal_sheep_01.wav,oculus_audio_pack,low,1,42336,1,44100,13002,13002,1.0,25.04166221599519,25.04166221599519,0.0,False,2096710017.0,2096710017.0,24.374913786445223,13.502063877217243,2749.0,0,0,0,0,0,0,0,4.248099998,4.5484,1.0706904268123116,0.085199997,True,011b6123f52ac031015414834fdce5559a53e13439e1e83d0f11837148c2d643,434dbbc9a74308cbc8d8c8643e628cfd3cf565ad91f34241fad589d44a815aeb,2f09de5015770821,b6349edfe8d21c6c
oculus_audio_pack/voice_evil_laugh_02.wav,oculus_audio_pack,high,1,113866,1,44100,46116,46116,1.0,37.81709211957816,37.81709211957816,0.0,False,225920857.0,225920857.0,37.93648990246809,9.424251440241795,982.0,0,0,0,0,0,0,0,3.643800005,4.272,1.1724024354075382,0.236100003,True,2695b4deb0207b227aa954fb8155e6f482c70a064bbf8c152e065f2a402616ac,ab61046462dbda84bfc893d07a23b3b0b0b0bee3f76ef5c5a2e87842aaf6e8ca,9b902243a8cc13bb,223f706ab7b11e40
oculus_audio_pack/voice_evil_laugh_02.wav,oculus_audio_pack,medium,1,113866,1,44100,34998,34998,1.0,30.462154831961552,30.462154831961552,0.0,False,1228711875.0,1228711875.0,30.982919105798562,12.340456154708988,1662.0,0,0,0,0,0,0,0,8.726999998,9.060900003,1.0382605712245354,0.231399998,True,3330c04b69e702169b633c64a97f3a8cd1c069b5a007e9a6d39269a4f3c61246,7e6ae1ed2b444969bd6e6639f2b33501d226628b71f7cc93081808f01529b1a0,a7aaf7f44b0234e2,864807b25110a965
oculus_audio_pack/voice_evil_laugh_02.wav,oculus_audio_pack,low,1,113866,1,44100,34728,34728,1.0,29.876532577605982,29.876532577605982,0.0,False,1406087285.0,1406087285.0,30.833478284397756,12.423830323538064,3123.0,0,0,0,0,0,0,0,8.490600005,9.1417,1.0766848037378485,2.259900004,True,30156b5d095c4954d9cbede7a9e1cb272881cd3bebf5e333b8dbfa003992b6d3,e9d3d44e0b85fc4cb75b6fdd6ba6a3d8f845f598fc67b8190c64c4fe7b1da389,cf1e4006a5d3e0ef,46c4d8d15c11931c
oculus_audio_pack/voice_horse_neigh_01.wav,oculus_audio_pack,high,1,70974,1,44100,28740,28740,1.0,35.815222766995376,35.815222766995376,0.0,False,846221167.0,846221167.0,35.64483448554398,10.969914215218497,782.0,0,0,0,0,0,0,0,3.504799992,3.7465,1.0689625680642834,0.142199993,True,05f94ccc14c0cf0832dadb6f2d8162a2d31f54ea125c07220c4af4ef6446458a,9cdfb82e2542e95adaa82ec0c4e5028bc2b379e7e5a47b5350518bd423714e41,325a33c1573fe577,9d61b7ea265215db
oculus_audio_pack/voice_horse_neigh_01.wav,oculus_audio_pack,medium,1,70974,1,44100,22408,22408,1.0,27.436385467236825,27.436385467236825,0.0,False,5825961554.0,5825961554.0,27.132708237354553,14.113601023127629,1795.0,0,0,0,0,0,0,0,8.708200008,9.225299999,1.0593808123980792,0.149800003,True,043523b9f2a65057257fa0299cbdd1d8fae5208710ab8d29ed93e72cbe184ae4,d79b82901ab21d9fd23e9cb241287dbdfdd6f5320d12f72f6ca7d15d5d8c334b,00542db4b1c2dac3,6552dca69a5bd4f2
oculus_audio_pack/voice_horse_neigh_01.wav,oculus_audio_pack,low,1,70974,1,44100,21676,21676,1.0,26.302217618562253,26.302217618562253,0.0,False,7564572668.0,7564572668.0,26.43893198302369,14.60704213071749,3630.0,0,0,0,0,0,0,0,8.790099993,9.235499993,1.0506706408749267,0.141199991,True,4912c7f0b3256b09e3e0ea52de7552dfe768e8e264b3ac44ab3ece18e82edf0b,8cd8acdf8174652c54f20bd346c51dc41d475dc79cdcacf823c41017fe863cb6,217b670f41eb68ac,cf088aeb5a1ae439
oculus_audio_pack/voice_male_breathing_01.wav,oculus_audio_pack,high,1,478758,1,44100,193772,193772,1.0,26.375438339165388,26.375438339165388,0.0,False,5202369722.0,5202369722.0,25.48837777216274,9.041595790761093,2319.0,0,0,0,0,0,0,0,17.872099996,20.212399989,1.1309471183310182,0.995499998,True,19488a9ab8de2bdbd9146a55992b09e1c620531854b5ea488a04e227369979a9,9f953206a063c7a487121b5d0af3186e987050d7090add40aaf487b1c9102954,0d797d0dfea1da6b,187bc49cbe8b16b7
oculus_audio_pack/voice_male_breathing_01.wav,oculus_audio_pack,medium,1,478758,1,44100,149184,149184,1.0,21.58571544756247,21.58571544756247,0.0,False,15673771191.0,15673771191.0,18.770278985783353,11.253643570805705,2906.0,0,0,0,0,0,0,0,45.303000003,52.604199991,1.1611637195663975,0.995800003,True,61a4adc822f58204dad883e82170ac4ab96902959fa23bd00ed4c2d8d0496fe3,e4463358539d428bd56eca4202c908b1c3a987f93a7f8eeecca6d5d237d9b605,d6d39db6ceb75358,d1140bf3891e62ce
oculus_audio_pack/voice_male_breathing_01.wav,oculus_audio_pack,low,1,478758,1,44100,146172,150032,1.0264072462578333,18.41108347238055,21.651773571640298,3.240690099259748,False,32556424313.0,15437170119.0,18.97181189794385,11.241808719502327,3965.0,0,0,0,0,0,0,0,44.191200003,68.484899998,1.5497406722005915,0.983799994,True,aedd62ccec2ee7099b26c60536045d52d6a26dac7a4a0abbe3c9d44db77ecd2a,29c54316ec1f58f4e3806cc3bfd958beef8b71f159bb170f50ac4e61abd1bb87,2540722a45848239,00779162fc84097e
oculus_audio_pack/voice_male_scream_01.wav,oculus_audio_pack,high,1,46245,1,44100,18756,18756,1.0,34.74063333847076,34.74063333847076,0.0,False,906112584.0,906112584.0,33.801585724258516,10.381453900198572,1246.0,0,0,0,0,0,0,0,2.393399999,2.504800007,1.0465446678559975,0.090999991,True,478c56417f704756a22d77a8cb2f14582c919ade00960469380b882c18ad9274,d8bf0ae39160d637bfc49e488e9267af16cdd10a2bc942b48e64f3cf7b1b4244,4c13f9bc320b42e6,bfb6973c6a6f5d75
oculus_audio_pack/voice_male_scream_01.wav,oculus_audio_pack,medium,1,46245,1,44100,14748,14748,1.0,27.765589289316274,27.765589289316274,0.0,False,4515299546.0,4515299546.0,26.995490664157213,12.71127686607081,2163.0,0,0,0,0,0,0,0,5.583100006,5.721200004,1.0247353616900268,0.097100005,True,e42cf9a5dd1905b243549f02b5a405240c3c2c48deb16d93be89175efa0d0be5,d6e4ae572cda6665ff7d01113cc40c2476d3b6682211015a9dff0249f371a24c,e860cc4aa347d53f,c9bfa680c873cb96
oculus_audio_pack/voice_male_scream_01.wav,oculus_audio_pack,low,1,46245,1,44100,14130,14130,1.0,26.32350200205766,26.32350200205766,0.0,False,6293544329.0,6293544329.0,25.883159660715325,13.471988536530876,2681.0,0,0,0,0,0,0,0,5.751000002,5.953099996,1.0351417134289196,0.091700003,True,623d941cceb83722a080fb2df09d3d3c4399c8d38ef872bddf7fc307db8cb2a0,707f62471140f52209efe605671d08aa8052fc954dc89c1a8f87b4a58fec4b65,620bff88a1f5746d,d2ac241fb6f8d588
sqam/01_sine_wave_1khz_20db_10db_0db_mono.wav,sqam,high,1,4498200,2,44100,3633732,3633732,1.0,73.99116030058917,73.99116030058917,0.0,False,62723237.0,62723237.0,59.909842572190485,12.122536166726674,318.0,7000,7000,0,0,0,0,0,227.177100003,259.673299998,1.1430434669452638,22.837399989,True,88c7bc4225f385bb2bb9c74e57f3183353ee2b05e570c6b779edb8cda994aacb,ed1e519443d421dadda13ee73e2c45caaa124029297d91e1f645005d3801d3c2,0af99ea251aa7cf3,f5938e8ddbb80da3
sqam/01_sine_wave_1khz_20db_10db_0db_mono.wav,sqam,medium,1,4498200,2,44100,2734936,2734936,1.0,56.23700511884826,56.23700511884826,0.0,False,3739762146.0,3739762146.0,56.54803849146949,25.240469882497436,1668.0,32252,32252,0,0,0,0,0,420.573500007,445.278699994,1.058741694344957,20.440699995,True,4266aada5b02e41621913b87b6d19026706eb665ccbb471f67065bfe136d84aa,fc4e2d48fe2fc9ca3d371b34bd55d9d7dac984d687a976753d3dfff0bf2d7f27,58d2614b48e99b6d,d0d9aac5c9ed9441
sqam/01_sine_wave_1khz_20db_10db_0db_mono.wav,sqam,low,1,4498200,2,44100,2734248,2734248,1.0,54.87011742666404,54.87011742666404,0.0,False,5123099026.0,5123099026.0,56.24409717866559,26.049871103170553,2654.0,36270,36270,0,0,0,0,0,408.232600003,448.482199997,1.0985947716907083,20.367300004,True,0ec8c00b91acc5cf70ce1f5a1a0180ed885cbfdd494cb52a1983e85add2f0767,055730aab79cc7bcb9ee6946d32e5a36aa90f98e27ccbc715afeb1663aee569d,f5d6f688fa5220d8,53ec3f6a15c09919
sqam/02_band_limited_pink_noise_stereo.wav,sqam,high,1,2160900,2,44100,1745652,1745652,1.0,20.141201819888334,20.141201819888334,0.0,False,550958637.0,550958637.0,19.937709369378457,7.425985099480576,110.0,0,0,0,0,0,0,0,128.299100012,130.6611,1.0184101056654262,10.905499995,True,a2ff370304dd9569d55aafa83f9779769765bf2cd20efcc6387e759675d6cfa5,d0f7d73540653782b8076973590a85bb18e9caff6a3cc6c278b9b32dd7da2b8a,8c13127cb7326b66,aaafc3cc42e40936
sqam/02_band_limited_pink_noise_stereo.wav,sqam,medium,1,2160900,2,44100,1313472,1313472,1.0,13.379107441347378,13.379107441347378,0.0,False,2614137538.0,2614137538.0,13.256103725936862,8.994091965226678,232.0,0,0,0,0,0,0,0,273.601799995,296.412499994,1.0833718930190401,10.170600012,True,bfd6ec6ef488c6b3bc407d5e8c91c244f31da4a2b93beb7c714b872dcbf066ba,910dfe64a3cf75cf5de888aede0dde089e2376e1bffeaafc72b4559e3cf0aea0,5cf8a7ce9f919283,33da03a04633e85b
sqam/02_band_limited_pink_noise_stereo.wav,sqam,low,1,2160900,2,44100,1313472,1313472,1.0,13.379107441347378,13.379107441347378,0.0,False,2614137538.0,2614137538.0,13.256103725936862,8.994091965226678,232.0,0,0,0,0,0,0,0,266.282499999,285.997500002,1.0740379108768847,10.257100001,True,bfd6ec6ef488c6b3bc407d5e8c91c244f31da4a2b93beb7c714b872dcbf066ba,910dfe64a3cf75cf5de888aede0dde089e2376e1bffeaafc72b4559e3cf0aea0,5cf8a7ce9f919283,33da03a04633e85b
sqam/03_electronic_gong_100hz_mono.wav,sqam,high,1,1190700,2,44100,961892,961892,1.0,73.55051111913367,73.55051111913367,0.0,False,7556510.0,7556510.0,50.93947393258778,9.863427125107926,67.0,22,22,0,0,0,0,0,41.001200005,50.602300003,1.2341663170060675,5.945500001,True,27bc7e9bb98080c795cc8ccfd757ee93792a6d7c93b9d62874d652798fda0b7c,0a134f9c28194bde282e45deeec69688b74e3cf21f0de4420afd57b77d17c03a,0a5f32466913b0b1,67a029d1846c5321
sqam/03_electronic_gong_100hz_mono.wav,sqam,medium,1,1190700,2,44100,723752,723752,1.0,61.85691274258649,61.85691274258649,0.0,False,111604344.0,111604344.0,49.25132419800749,15.136296101935757,526.0,62,62,0,0,0,0,0,83.549800009,85.360400006,1.0216709076120467,6.149700001,True,c2d27d5ae9aa5c126c1e0e26376b9029316c5079d9d63d33cda372fbd4f50ad8,516e3150fb1b1c1f6256d1b98630924b5179e129dde03cf0c34a3c7559e0a4ce,796069f0dbf534f8,df0a4bea14da60e9
sqam/03_electronic_gong_100hz_mono.wav,sqam,low,1,1190700,2,44100,723752,723752,1.0,61.85691274258649,61.85691274258649,0.0,False,111604344.0,111604344.0,49.25132419800749,15.136296101935757,526.0,62,62,0,0,0,0,0,74.795200005,84.023400009,1.1233795752051348,5.401299998,True,c2d27d5ae9aa5c126c1e0e26376b9029316c5079d9d63d33cda372fbd4f50ad8,516e3150fb1b1c1f6256d1b98630924b5179e129dde03cf0c34a3c7559e0a4ce,796069f0dbf534f8,df0a4bea14da60e9
sqam/04_electronic_gong_400hz_mono.wav,sqam,high,1,1190700,2,44100,961892,961892,1.0,73.23973039028621,73.23973039028621,0.0,False,8117077.0,8117077.0,50.90743865785747,9.714643230748052,86.0,10,10,0,0,0,0,0,41.818100005,53.6523,1.282992292657606,6.620299995,True,d81117b27a07b098829a928c6026c1fbc3d1aeb0024e4c505e0e4dc9e3394e60,0ebb92ef1444652b451f42f7da1a3717fe5d3823cbcc997b565c124528e6376b,06524b4349bc309c,75acfa1648e917ae
sqam/04_electronic_gong_400hz_mono.wav,sqam,medium,1,1190700,2,44100,723752,723752,1.0,61.42867879741219,61.42867879741219,0.0,False,123169967.0,123169967.0,50.28923093783618,13.68133225670987,884.0,77,77,0,0,0,0,0,75.800999999,88.707600012,1.1702695216840182,5.585499987,True,e4830f7336a79c2cc9d697e12933c477d04ec58206f03265ed136130ed3f617c,6438fc0215808565af0c428838aae1f8f1da12246e13b792e6b42f65ec75f159,51b4ad97e15552bd,b0d5b0df656a6264
sqam/04_electronic_gong_400hz_mono.wav,sqam,low,1,1190700,2,44100,723752,723752,1.0,61.42867879741219,61.42867879741219,0.0,False,123169967.0,123169967.0,50.28923093783618,13.68133225670987,884.0,77,77,0,0,0,0,0,85.867799997,86.875199988,1.0117319879050726,5.244900003,True,e4830f7336a79c2cc9d697e12933c477d04ec58206f03265ed136130ed3f617c,6438fc0215808565af0c428838aae1f8f1da12246e13b792e6b42f65ec75f159,51b4ad97e15552bd,b0d5b0df656a6264
sqam/05_electronic_gong_5khz_mono.wav,sqam,high,1,1234800,2,44100,997532,997532,1.0,72.47534704926858,72.47534704926858,0.0,False,9679167.0,9679167.0,50.54159266151332,8.303448209802044,212.0,17,17,0,0,0,0,0,45.9877,54.584099993,1.186928243704295,6.163200006,True,d8fccbc824c2b287f0acc648870f9f6b11affd0dccd1d2472fcacfe92d16aa5e,aee3d097a6a3bcd18276beaaefb7156316fe234277862b10fa516f4de97c82c1,de2e0148aa629362,97646c0f3d332a93
sqam/05_electronic_gong_5khz_mono.wav,sqam,medium,1,1234800,2,44100,752174,752174,1.0,48.68439251932591,48.68439251932591,0.0,False,2317039492.0,2317039492.0,47.67142177850346,16.267586339830753,1571.0,426,426,0,0,0,0,0,84.440799996,94.132100001,1.114770348048089,5.487800002,True,351e6335e300da701f4d3bcffc788b2d77b6dc5b73910bba02c235f1d28e847b,c0d60d8ae6638b5f6abc97aeb192b0313e242d0ca8b190bb8bd5653e760f5418,e305c42659787f39,299fdbd0377d6817
sqam/05_electronic_gong_5khz_mono.wav,sqam,low,1,1234800,2,44100,751000,751000,1.0,46.19737533132732,46.19737533132732,0.0,False,4108044646.0,4108044646.0,48.32326155903777,15.69330825976321,4865.0,622,622,0,0,0,0,0,85.753800005,94.968500003,1.1074552964120858,5.489099994,True,448e64f2d490bd29b2adf13a21d57f22f4fb2b88622e56c644aec5610f7c1792,b961727b7fa710ec8338a5e9d96f5e1657adefa041e43b0c134ad5957c4dd64c,4ad075c83c5770fc,89d6f7db9036eb4d
sqam/06_electronic_gong_500hz_vibrato_mono.wav,sqam,high,1,1014300,2,44100,819412,819412,1.0,65.98353052883837,65.98353052883837,0.0,False,19631900.0,19631900.0,51.60292270563071,8.622159865809987,316.0,0,0,0,0,0,0,0,35.006099999,41.865800008,1.1959572762803041,5.050300002,True,6426a7a9b7fae9f6896f317e712ddd47e3aba58924bb02ade88ff440a9141fb0,ef104df333d6f86e1caed96deca588a4d91c27d8b54b90e71c8b713534146866,80cf1ea9d7f90dbc,9d2fde9595a0cb5d
sqam/06_electronic_gong_500hz_vibrato_mono.wav,sqam,medium,1,1014300,2,44100,616552,616552,1.0,57.177619647103946,57.177619647103946,0.0,False,149126018.0,149126018.0,51.14931399855612,10.952205030364198,756.0,4,4,0,0,0,0,0,59.831599995,70.137800008,1.1722534582705673,4.831999987,True,29035ad5e837c0ff17363a3cb8c2621a836e744b502c771079c97c02bd273574,3aa79c5260a88bb28a22feef2e4b43048b4e873b428f0a460833c45a0d4a688c,58b71c0d88cbbbdc,bcc61a1240ad46d5
sqam/06_electronic_gong_500hz_vibrato_mono.wav,sqam,low,1,1014300,2,44100,616552,616552,1.0,57.177619647103946,57.177619647103946,0.0,False,149126018.0,149126018.0,51.14931399855612,10.952205030364198,756.0,4,4,0,0,0,0,0,63.803000003,71.109700009,1.114519693519998,4.554999992,True,29035ad5e837c0ff17363a3cb8c2621a836e744b502c771079c97c02bd273574,3aa79c5260a88bb28a22feef2e4b43048b4e873b428f0a460833c45a0d4a688c,58b71c0d88cbbbdc,bcc61a1240ad46d5
sqam/07_electronic_tune_frere_jacques_mono.wav,sqam,high,1,1543500,2,44100,1246892,1246892,1.0,71.9078969175936,71.9078969175936,0.0,False,10918263.0,10918263.0,49.83252944436346,8.80598028379938,72.0,0,0,0,0,0,0,0,60.09480001,70.395899996,1.1714141653568337,7.948400006,True,0fdf8e60a8c0c9f82fa78a392427b12925a5bb4d429123d0fc4484b9b617b74d,ebdc9d5be95e2b3c9943bbe7ef725e5a77fab0ac944df186124332cc884fb977,6435660c9802dad3,30928a637715c8c6
sqam/07_electronic_tune_frere_jacques_mono.wav,sqam,medium,1,1543500,2,44100,938192,938192,1.0,59.97021177317202,59.97021177317202,0.0,False,170577626.0,170577626.0,44.23468073610698,13.843412132990883,818.0,0,0,0,0,0,0,0,112.300699994,128.467099994,1.1439563600303804,7.07980001,True,257fb0a8e69464f2807afa45428ae3f4d56012bda2828878779bdd7d5926f6b7,d67c85bbf8cc25256d3f62c0681d39f1c52376a45db916c04d1c60d26644389f,7acc6ee4c6c054e6,4fdba8480ba0739a
sqam/07_electronic_tune_frere_jacques_mono.wav,sqam,low,1,1543500,2,44100,938192,938192,1.0,59.97021177317202,59.97021177317202,0.0,False,170577626.0,170577626.0,44.23468073610698,13.843412132990883,818.0,0,0,0,0,0,0,0,113.15990001,127.47649999,1.12651654851882,7.048700005,True,257fb0a8e69464f2807afa45428ae3f4d56012bda2828878779bdd7d5926f6b7,d67c85bbf8cc25256d3f62c0681d39f1c52376a45db916c04d1c60d26644389f,7acc6ee4c6c054e6,4fdba8480ba0739a
sqam/08_violin_arpegio_melodious_phrase_stereo.wav,sqam,high,1,3131100,2,44100,2529372,2529372,1.0,36.964113458574644,36.964113458574644,0.0,False,9473100573.0,9473100573.0,38.23764279797473,9.17386759489559,1302.0,0,0,0,0,0,0,0,197.418600008,214.903200001,1.0885661229098549,15.377799988,True,e76b506046b74e0189bbab276a16be24d1ab59b8899f67bd53267f24daa8a486,6b6ae0a6be3d31ef68ac92bba2ab0a7c05e6b9849531db985a7ab5d2d41daab6,7ce85762a65cb8a3,43a92cc0dad3181a
sqam/08_violin_arpegio_melodious_phrase_stereo.wav,sqam,medium,1,3131100,2,44100,1905214,1905214,1.0,29.271060536156387,29.271060536156387,0.0,False,55692593205.0,55692593205.0,29.79528717172105,12.804460081692564,2415.0,0,0,0,0,0,0,0,454.591000006,483.465299994,1.0635170955597866,14.128800005,True,727c2faf89659c26aa62769b9e8f53c20f449cecbb559b91330e621671803ec6,43a7a6c1f9fda09d55d08ebc3d8a4fd52d6f608d88abf6d7a24bd679468c9c5b,5d6036fc1e0d3275,e2af8a5da2621e6b
sqam/08_violin_arpegio_melodious_phrase_stereo.wav,sqam,low,1,3131100,2,44100,1903152,1903152,1.0,28.993410542473633,28.993410542473633,0.0,False,59369369903.0,59369369903.0,29.774417352909197,12.837183963055558,2843.0,0,0,0,0,0,0,0,463.861599997,495.796599999,1.0688459661291354,14.21329999,True,b3ca4e2ae255bfc0e442a49fde7113e1d8e3a9ab3d0b8033dd5756eea735c4f6,ca6dbda1449be97735a9db5efd49209082c5b07d4fe053b83d485d1f7c91bc13,0bc0caa604b85304,e9945ef734cb736a
sqam/09_viola_arpegio_melodious_phrase_stereo.wav,sqam,high,1,2469600,2,44100,1995012,1995012,1.0,43.00273417694428,43.00273417694428,0.0,False,3792949003.0,3792949003.0,42.753814309066584,8.369202285997682,1063.0,0,0,0,0,0,0,0,150.231700003,170.070299998,1.1320533548818514,12.186999992,True,d4502a1c3c37eefe5ca2a78f9d723864bf13d6b4bce367b03e102434c0da67b4,838ed05d46ae863156f84b3e0655aadf5a0a405abb442fbb9a8f43b0cde6bdb9,3f702e23da778aeb,9279add1f525de4b
sqam/09_viola_arpegio_melodious_phrase_stereo.wav,sqam,medium,1,2469600,2,44100,1501092,1501092,1.0,34.04757076429495,34.04757076429495,0.0,False,29819018526.0,29819018526.0,33.90085026155629,11.97871004892671,1528.0,0,0,0,0,0,0,0,348.03490001,378.586699992,1.0877837250836688,11.313500002,True,e4dda2ad0aa6dbf039a40e5c33a9d975916b75b3c9f3df25e512926a9884998c,6faade99fb46a8aee8ec7221ff7e8857d6600d85068fda23f29856a3057cc43d,5d5c270bb39a0f6c,6f531842632eba39
sqam/09_viola_arpegio_melodious_phrase_stereo.wav,sqam,low,1,2469600,2,44100,1501092,1501092,1.0,34.04757076429495,34.04757076429495,0.0,False,29819018526.0,29819018526.0,33.90085026155629,11.97871004892671,1528.0,0,0,0,0,0,0,0,348.625400007,368.385100007,1.0566788879972695,10.90699999,True,e4dda2ad0aa6dbf039a40e5c33a9d975916b75b3c9f3df25e512926a9884998c,6faade99fb46a8aee8ec7221ff7e8857d6600d85068fda23f29856a3057cc43d,5d5c270bb39a0f6c,6f531842632eba39
sqam/10_violoncello_arpegio_melodious_phrase_stereo.wav,sqam,high,1,3263400,2,44100,2636252,2636252,1.0,43.090349877857136,43.090349877857136,0.0,False,1027736713.0,1027736713.0,40.530467431639494,8.952669588670593,266.0,0,0,0,0,0,0,0,168.065300003,192.270199999,1.144020806172172,15.971000001,True,64e4d38d989074fee1674d15ae644a9ebd0c23cc3f05a876c8034023851e115c,66f4347093e5d4d89ed3a5aa1a5c50e5074f8ad1686668227ba3a95c033b8938,ed866bd735488b1e,07cae3b5af0cf52d
sqam/10_violoncello_arpegio_melodious_phrase_stereo.wav,sqam,medium,1,3263400,2,44100,1983572,1983572,1.0,34.50140857893818,34.50140857893818,0.0,False,7426360041.0,7426360041.0,32.710199980427454,12.644506456942933,699.0,0,0,0,0,0,0,0,426.679700002,401.007200003,0.9398319160745644,14.606199995,True,2a3d99cd337e3844b4c2b5ee20fe0d728b25d5f2848910d76cfdaefe3229505d,fee308e06ebece316d275d2e234f33678dca5746b78deecdcd62263e49949908,39aa2b370f14bab7,c378ceca8a06cef0
sqam/10_violoncello_arpegio_melodious_phrase_stereo.wav,sqam,low,1,3263400,2,44100,1983572,1983572,1.0,34.50140857893818,34.50140857893818,0.0,False,7426360041.0,7426360041.0,32.710199980427454,12.644506456942933,699.0,0,0,0,0,0,0,0,371.293299988,410.4428,1.105440900800702,15.160600007,True,2a3d99cd337e3844b4c2b5ee20fe0d728b25d5f2848910d76cfdaefe3229505d,fee308e06ebece316d275d2e234f33678dca5746b78deecdcd62263e49949908,39aa2b370f14bab7,c378ceca8a06cef0
sqam/11_double_bass_arpegio_melodious_phrase_stereo.wav,sqam,high,1,2910600,2,44100,2351252,2351252,1.0,55.106925204751164,55.106925204751164,0.0,False,200437267.0,200437267.0,51.08035144640021,6.5317728095748775,197.0,0,0,0,0,0,0,0,128.441499993,147.704999998,1.1499787841628277,14.298299998,True,fab55cc226033d17007054c2d6b752f37555859347fa859d3928892a5ce473d1,4ae3f8633ca37faca975249e6491e7e63ab95ae07e979c06bd94195d79c3988f,92755b7ab37ef738,306ecbe9df45bd63
sqam/11_double_bass_arpegio_melodious_phrase_stereo.wav,sqam,medium,1,2910600,2,44100,1769132,1769132,1.0,48.09237751539902,48.09237751539902,0.0,False,1007936660.0,1007936660.0,44.495077632350615,8.749368649249822,543.0,0,0,0,0,0,0,0,278.255400002,301.673000008,1.0841586542645054,13.314899996,True,ee5f06f908ba05b5e833da61d2bea43562c4133a1d00e29093b34ea0ce3e3599,c55fde0e22bda2f5d093076a6dc8cca896d5db6f84d6f32c24ef99024eff3a25,966b82ea1fc3975d,c3be51e1542e4250
sqam/11_double_bass_arpegio_melodious_phrase_stereo.wav,sqam,low,1,2910600,2,44100,1769132,1769132,1.0,48.09237751539902,48.09237751539902,0.0,False,1007936660.0,1007936660.0,44.495077632350615,8.749368649249822,543.0,0,0,0,0,0,0,0,288.032600001,319.410699993,1.1089394047475565,13.491600007,True,ee5f06f908ba05b5e833da61d2bea43562c4133a1d00e29093b34ea0ce3e3599,c55fde0e22bda2f5d093076a6dc8cca896d5db6f84d6f32c24ef99024eff3a25,966b82ea1fc3975d,c3be51e1542e4250
sqam/12_piccolo_melodious_phrase_stereo.wav,sqam,high,1,1190700,2,44100,961892,961892,1.0,40.90310866215569,40.90310866215569,0.0,False,487442109.0,487442109.0,40.54151966287449,9.439722218868287,267.0,0,0,0,0,0,0,0,61.576100007,75.892099991,1.2324928013039562,7.797399998,True,2adfb7f5f05ccc3d9e4688a19b560d036a1f0b2f1beb6bbf2fd5edd38f9bb1c9,f88daf12497ecf4deda24021d49753dd52be690f574e4e9963714ba7336985d2,11b715ebd4022f1c,c2ab437cb5b90f88
sqam/12_piccolo_melodious_phrase_stereo.wav,sqam,medium,1,1190700,2,44100,723752,723752,1.0,32.5933776771175,32.5933776771175,0.0,False,3302905458.0,3302905458.0,32.566032271946796,13.32596513074243,503.0,0,0,0,0,0,0,0,137.566,148.921199992,1.082543651716267,5.603400007,True,7c3f5298a2fca4e8cab42be72d544d66dced6731053a8a1f60bf2dcfe47a9813,b718473937d35ae782b99f08d0f04e8c0c5d72f32d1f3e770a395bad9b91ad45,b3b760e0e73f4bb3,e1f87315167e267a
sqam/12_piccolo_melodious_phrase_stereo.wav,sqam,low,1,1190700,2,44100,723752,723752,1.0,32.5933776771175,32.5933776771175,0.0,False,3302905458.0,3302905458.0,32.566032271946796,13.32596513074243,503.0,0,0,0,0,0,0,0,143.186299995,151.6039,1.05878774718876,5.723200008,True,7c3f5298a2fca4e8cab42be72d544d66dced6731053a8a1f60bf2dcfe47a9813,b718473937d35ae782b99f08d0f04e8c0c5d72f32d1f3e770a395bad9b91ad45,b3b760e0e73f4bb3,e1f87315167e267a
sqam/13_flute_arpegio_melodious_phrase_stereo.wav,sqam,high,1,2028600,2,44100,1638772,1638772,1.0,45.4238382877608,45.4238382877608,0.0,False,1325835964.0,1325835964.0,43.87781942713225,9.575446080938153,331.0,0,0,0,0,0,0,0,107.629800007,124.706699997,1.1586633068991057,10.185400009,True,995e4afaab2a98f75862acf18d489d524ac81434773b847104b9f4e31699bd4e,01fc27ec9094e01278c24264bd7cedb4ee9412de900d20e215669ab03021534d,6d4cd8a50b4f21e0,1739d90a928ec00f
sqam/13_flute_arpegio_melodious_phrase_stereo.wav,sqam,medium,1,2028600,2,44100,1233118,1233118,1.0,36.29651993750802,36.29651993750802,0.0,False,10844802077.0,10844802077.0,35.46907921582656,13.717839588791687,1379.0,0,0,0,0,0,0,0,240.904499993,261.24409999,1.0844301372435592,9.184600011,True,b747c22b5ff1d10acc49e212167bf4ab3c8e8d17d78c08d8a2e3f878e114e680,751ef734867a329c5189d175ec93daf6a0fbdd0f6b2b4378bcfd50bf94623661,f8ef390ec4ebd011,702792a5b68faa67
sqam/13_flute_arpegio_melodious_phrase_stereo.wav,sqam,low,1,2028600,2,44100,1233052,1233052,1.0,36.27881737985205,36.27881737985205,0.0,False,10889097491.0,10889097491.0,35.45110029345032,13.733955569966682,1137.0,0,0,0,0,0,0,0,235.481299996,253.911299989,1.0782652380181064,8.970899999,True,d9aea2de44a8320bf7b060ed0e65419e1df66555940791424151172f997fc1ce,14b9b540ff49ac5f1b9542690b55e8722f85769bc66e2b73c841c8a31d62dc10,b4a3c61beaa192f0,6388873cf5218d62
sqam/14_oboe_arpegio_melodious_phrase_stereo.wav,sqam,high,1,2160900,2,44100,1745652,1745652,1.0,46.107877585718775,46.107877585718775,0.0,False,1829632967.0,1829632967.0,44.773672575509096,11.071015771158013,480.0,0,0,0,0,0,0,0,122.276999995,136.4551,1.1159506694274455,10.780100003,True,2fb3cc529e2fb7841c7a45045600bfddd0323a97374f80ff2083efe1ec08bb12,1c812ea61490add8af9b53089b9f813de93255eace3554ed1919186dcde1de5b,4a2183d17ea3bc53,52100f8a4dcbe3bb
sqam/14_oboe_arpegio_melodious_phrase_stereo.wav,sqam,medium,1,2160900,2,44100,1313472,1313472,1.0,35.889291193112236,35.889291193112236,0.0,False,19240777445.0,19240777445.0,35.33248150087541,16.4683602608443,1019.0,0,0,0,0,0,0,0,287.972300008,314.736099988,1.0929387999444964,10.524800003,True,7e68839992786042cdae9fc43f3aae29539ef6a4576f0ef58a824003472e5798,12b74a9d6036ba6a6d11df1cd3cb60d43e7b44c3da8a8f2cb56b79452a770b97,90464cc4773790dc,9fcff5c73fedcee2
sqam/14_oboe_arpegio_melodious_phrase_stereo.wav,sqam,low,1,2160900,2,44100,1313472,1313472,1.0,35.889291193112236,35.889291193112236,0.0,False,19240777445.0,19240777445.0,35.33248150087541,16.4683602608443,1019.0,0,0,0,0,0,0,0,292.623599991,308.047299996,1.0527083256629828,9.838499993,True,7e68839992786042cdae9fc43f3aae29539ef6a4576f0ef58a824003472e5798,12b74a9d6036ba6a6d11df1cd3cb60d43e7b44c3da8a8f2cb56b79452a770b97,90464cc4773790dc,9fcff5c73fedcee2
sqam/15_cor_anglais_arpegio_stereo.wav,sqam,high,1,1058400,2,44100,855012,855012,1.0,46.820194259934205,46.820194259934205,0.0,False,477692206.0,477692206.0,45.10425515394584,9.098474311637341,467.0,0,0,0,0,0,0,0,55.784299999,64.344300002,1.1534481924690898,5.182300001,True,fb13f868d42c20529a711b285d38f77bc95ed85268786e2f1da2850879d6c2f1,e34f16c8e0947a3f922e8d67ec7392e8dde6ee139b51f4fef2b6b22497f15f11,ba7d345297d02969,ce8041b852cc5e10
sqam/15_cor_anglais_arpegio_stereo.wav,sqam,medium,1,1058400,2,44100,643332,643332,1.0,38.54685517701828,38.54685517701828,0.0,False,3209830236.0,3209830236.0,37.44795200293723,12.599729382257491,1092.0,0,0,0,0,0,0,0,135.521500006,135.083999991,0.9967717298363683,4.773800001,True,b1cb649bf7a79314f376ad7467dc63042cd57d4e398a05bfc64c6c846fbd6676,a0e236750d149a641ca413b4c8135f591904c4ef07d5bcc7c2c2855823157794,ddf01b3f49275275,07f415da15827be5
sqam/15_cor_anglais_arpegio_stereo.wav,sqam,low,1,1058400,2,44100,643332,643332,1.0,38.54685517701828,38.54685517701828,0.0,False,3209830236.0,3209830236.0,37.44795200293723,12.599729382257491,1092.0,0,0,0,0,0,0,0,130.163399994,135.31660001,1.0395902382408384,4.849499986,True,b1cb649bf7a79314f376ad7467dc63042cd57d4e398a05bfc64c6c846fbd6676,a0e236750d149a641ca413b4c8135f591904c4ef07d5bcc7c2c2855823157794,ddf01b3f49275275,07f415da15827be5
sqam/16_clarinet_arpegio_melodious_phrase_stereo.wav,sqam,high,1,1719900,2,44100,1389372,1389372,1.0,46.801111548936525,46.801111548936525,0.0,False,1675237499.0,1675237499.0,44.969902050853904,11.936585087950618,490.0,0,0,0,0,0,0,0,97.150399998,107.788400009,1.109500321267015,9.738299996,True,8da27e04f128462d54dcf9e78567423bfc71c516bda957782f193fa36f6f710a,b04b37228cd54cdf6a972fd0c42b27c1dcca56182a19941b0878a04623c622b0,bb05e6c4b3cf6986,a43ae5b0ecdc85be
sqam/16_clarinet_arpegio_melodious_phrase_stereo.wav,sqam,medium,1,1719900,2,44100,1045526,1045526,1.0,36.177960246499836,36.177960246499836,0.0,False,19337107699.0,19337107699.0,35.435130709822104,17.43107663354648,1568.0,0,0,0,0,0,0,0,224.030100003,235.912399992,1.0530388549968994,7.590600014,True,c8ac7745abcfbbb3f75e09a0f17e213b4f4961fc3370cdad64335983faee6e7e,c3903fc70ff44fdb6573c9cf2e4f2b174e19c150d3476a267a0c66971b441b5f,3cfb4c9e647a4838,56e2ed2c8f9a4a54
sqam/16_clarinet_arpegio_melodious_phrase_stereo.wav,sqam,low,1,1719900,2,44100,1045392,1045392,1.0,36.2696712434772,36.2696712434772,0.0,False,18933042787.0,18933042787.0,35.63984317261535,17.25629911316203,1705.0,0,0,0,0,0,0,0,221.365999997,233.347200006,1.0541239395804343,7.837699994,True,f95d689906e0d00da4478c1fc20d31590822662c13a43e220b82a8bba622f489,2f0604359691fbafaea04234cefd7e59d6ff55a200cf2dca94a6d0529195a056,e2cb8ef29d6482d2,2585d1f91013ff1b
sqam/17_bass_clarinet_arpegio_stereo.wav,sqam,high,1,1014300,2,44100,819412,819412,1.0,45.72822936490684,45.72822936490684,0.0,False,1029512751.0,1029512751.0,43.64162089486226,11.087692757564604,308.0,0,0,0,0,0,0,0,58.589399993,66.143800005,1.1289379992439343,4.895500004,True,511cb99b69d2bab16a567994502bfe9811264c4c0a6889d7fddb5c4399db910b,32b06c75780c095c8e6506f4279d422fd8c7d58e5f2f1a301b1f92c14c81963e,e77aa08f7b21f09a,3dc8d9932392a463
sqam/17_bass_clarinet_arpegio_stereo.wav,sqam,medium,1,1014300,2,44100,616552,616552,1.0,36.117964352834974,36.117964352834974,0.0,False,9411486663.0,9411486663.0,34.791485505586635,15.634721188559658,1077.0,0,0,0,0,0,0,0,134.4155,147.336099997,1.0961243308770192,4.694899991,True,80397cc9f5c06e1624834295d18d72ebcf92009a9762b24dd16b46feed40a400,9f322589031246f55298c0705c2319d60fbe4f0f8418bf3063f57adb8437e3c5,cccbfda0e3cb41ce,c51d6b72022e3cf8
sqam/17_bass_clarinet_arpegio_stereo.wav,sqam,low,1,1014300,2,44100,616552,616552,1.0,36.117964352834974,36.117964352834974,0.0,False,9411486663.0,9411486663.0,34.791485505586635,15.634721188559658,1077.0,0,0,0,0,0,0,0,134.466600001,146.262899995,1.0877266175683202,4.564899996,True,80397cc9f5c06e1624834295d18d72ebcf92009a9762b24dd16b46feed40a400,9f322589031246f55298c0705c2319d60fbe4f0f8418bf3063f57adb8437e3c5,cccbfda0e3cb41ce,c51d6b72022e3cf8
sqam/18_bassoon_arpegio_melodious_phrase_stereo.wav,sqam,high,1,1675800,2,44100,1353772,1353772,1.0,55.71637560800076,55.71637560800076,0.0,False,113746279.0,113746279.0,52.920122143388326,6.5989740158777375,126.0,0,0,0,0,0,0,0,73.8521,90.743799999,1.228723353824739,8.3609,True,9bb93870d73c1b4d93ec065c76ca8189a3ffa5235fc53417ec70568552474a25,c02974ef3568f9a1e5f217cd57eeeb32e7d7af833b7726e6052cfd19b19df2b1,83fc7a72b9fc27bb,3c8aa7c171a63b59
sqam/18_bassoon_arpegio_melodious_phrase_stereo.wav,sqam,medium,1,1675800,2,44100,1018612,1018612,1.0,47.246229514232176,47.246229514232176,0.0,False,799745505.0,799745505.0,44.85711397843148,9.517852237505085,510.0,0,0,0,0,0,0,0,170.189500004,181.355100006,1.0656068676489299,7.532600001,True,9ae7ef9e49bdcdb8c100ff8c40ac06abf098524020b14d8d21538cf0162ca06f,7bb177cd95dea36a20594e37c981855af69fbe9ae3d7fed9dfa28310cc1aefa8,c036d96cc576b52f,31c3a71467ac4b6e
sqam/18_bassoon_arpegio_melodious_phrase_stereo.wav,sqam,low,1,1675800,2,44100,1018612,1018612,1.0,47.246229514232176,47.246229514232176,0.0,False,799745505.0,799745505.0,44.85711397843148,9.517852237505085,510.0,0,0,0,0,0,0,0,159.018100008,169.618200004,1.0666597072626745,7.515599996,True,9ae7ef9e49bdcdb8c100ff8c40ac06abf098524020b14d8d21538cf0162ca06f,7bb177cd95dea36a20594e37c981855af69fbe9ae3d7fed9dfa28310cc1aefa8,c036d96cc576b52f,31c3a71467ac4b6e
sqam/19_contra_bassoon_arpegio_stereo.wav,sqam,high,1,970200,2,44100,783772,783772,1.0,53.06721704800334,53.06721704800334,0.0,False,61511279.0,61511279.0,49.81035675713148,6.701490762563874,176.0,0,0,0,0,0,0,0,41.867200002,49.476600006,1.1817508695025343,4.878199995,True,4ed85a20c65cdae0ebbb486342ae184bd0015c17ac36c370e61f834e8d4a52fc,9fcf28c6ec2ef3b38b567cb19f865f18e36fed9284aeca22fde6692ac72fae20,eb2ef9facdf270ca,f40ff0d7593df217
sqam/19_contra_bassoon_arpegio_stereo.wav,sqam,medium,1,970200,2,44100,589732,589732,1.0,45.55611619665409,45.55611619665409,0.0,False,346788624.0,346788624.0,42.71765138334126,8.925518731709314,366.0,0,0,0,0,0,0,0,91.467399999,101.966099992,1.114780785209974,4.254700005,True,253b20c08aad1d018859612d9e6207b9e4d9235847772391ef6c484cb6e96dd1,ca9a1c79ab9bf5fbaaef5e6d4f69362a1f02020341ec5a537f1fc61e8e5c92ac,253c2a305845dd50,b7a25d9215bda83c
sqam/19_contra_bassoon_arpegio_stereo.wav,sqam,low,1,970200,2,44100,589732,589732,1.0,45.55611619665409,45.55611619665409,0.0,False,346788624.0,346788624.0,42.71765138334126,8.925518731709314,366.0,0,0,0,0,0,0,0,95.298799992,100.460900009,1.0541675238033779,4.402400002,True,253b20c08aad1d018859612d9e6207b9e4d9235847772391ef6c484cb6e96dd1,ca9a1c79ab9bf5fbaaef5e6d4f69362a1f02020341ec5a537f1fc61e8e5c92ac,253c2a305845dd50,b7a25d9215bda83c
sqam/20_saxophone_arpegio_melodious_phrase_stereo.wav,sqam,high,1,1719900,2,44100,1389372,1389372,1.0,48.23207930400215,48.23207930400215,0.0,False,338742668.0,338742668.0,45.10595407488262,7.316682823866064,263.0,0,0,0,0,0,0,0,80.188800007,92.121600002,1.148808811130212,8.433099985,True,3dbf282dfea31e524ccd9031d4b309dab4b7bade4ae692ba77245991d6dd0f8e,eec03662edf2a6d1819631428ed9f18d75e8c45a4ddea7bc96ef0676abb379a2,8abc8e9bed0f1464,0835e2175e09e051
sqam/20_saxophone_arpegio_melodious_phrase_stereo.wav,sqam,medium,1,1719900,2,44100,1045392,1045392,1.0,39.067912908313026,39.067912908313026,0.0,False,2794386943.0,2794386943.0,37.16989657275545,10.428749476576817,772.0,0,0,0,0,0,0,0,176.739800006,194.848299995,1.1024585293656848,7.952699989,True,95f34f4e35199fdaf5ddf1ca246a24a1ea04f3d434ed29ba175fb0147708ca4b,9ad154e4fac4dcbd38049db0841576ccc06400c58a1351a8e7d5d5d430d82846,46df15a34fa41a35,0d912ec0eac9e0cf
sqam/20_saxophone_arpegio_melodious_phrase_stereo.wav,sqam,low,1,1719900,2,44100,1045392,1045392,1.0,39.067912908313026,39.067912908313026,0.0,False,2794386943.0,2794386943.0,37.16989657275545,10.428749476576817,772.0,0,0,0,0,0,0,0,177.0502,191.273800001,1.0803365373267018,7.912300006,True,95f34f4e35199fdaf5ddf1ca246a24a1ea04f3d434ed29ba175fb0147708ca4b,9ad154e4fac4dcbd38049db0841576ccc06400c58a1351a8e7d5d5d430d82846,46df15a34fa41a35,0d912ec0eac9e0cf
sqam/21_trumpet_arpegio_melodious_phrase_stereo.wav,sqam,high,1,1587600,2,44100,1282532,1282532,1.0,39.40408527609366,39.40408527609366,0.0,False,1402623105.0,1402623105.0,40.10783814047947,12.160578593385502,825.0,0,0,0,0,0,0,0,83.046000004,94.149900004,1.1337078245727086,8.157800004,True,53b3acfb26c57a0922930fabddd9cc041e03398e0a5f770095e9d6a2ba869de5,b56670f2403564c23e4ac06ffb7b939c693b4287a590ddcf9c4c5f4935e0952e,d391e042f86ccf4b,d811d71f74902c11
sqam/21_trumpet_arpegio_melodious_phrase_stereo.wav,sqam,medium,1,1587600,2,44100,965720,965720,1.0,29.795379620712605,29.795379620712605,0.0,False,12817742840.0,12817742840.0,30.799219670530213,17.927836289988598,1425.0,0,0,0,0,0,0,0,175.8935,190.128199995,1.0809279478491247,31.659100011,True,0110270fa56e21d974c50369c91e6c4ffbae87f8207a204eff0f454cf164b526,60a724e6556ca45fdb9db54a8ce91af9f6692b99613b0d1134f73a3d361d2942,e6358fff1322a52b,d15c11b643e8c42f
sqam/21_trumpet_arpegio_melodious_phrase_stereo.wav,sqam,low,1,1587600,2,44100,965012,965012,1.0,29.737773665237217,29.737773665237217,0.0,False,12988893315.0,12988893315.0,30.72453226255644,17.97351873837281,2014.0,0,0,0,0,0,0,0,178.654200003,190.296400011,1.0651661142464297,8.178499997,True,0e0b5bdf1559cc0d3d8ca844932a1ca2f3c5eefc2d3f4934fef6ed30e48bc0cb,1f0d6a11a76c4531e31e34ccf7736682eb255c94335bf870dad3b6b8abf38970,f436f2966a44799c,7d0c66a67e67e4fc
sqam/22_trombone_arpegio_melodious_phrase_stereo.wav,sqam,high,1,1764000,2,44100,1425012,1425012,1.0,52.572417765905,52.572417765905,0.0,False,71746675.0,71746675.0,49.30112759632005,10.054548355871832,126.0,0,0,0,0,0,0,0,71.308400005,84.946999997,1.1912621793651759,8.735300004,True,7a463ab9d62e9513d45caccbe25c31553d14162f14f608abeaa27a9811b0bcfc,ca8ecd9eba36cbfc5632ca48b673ef75a7f71d00a47623b383ac6ae6d8f9246d,75a6093019317407,01bbc3f39ca5608e
sqam/22_trombone_arpegio_melodious_phrase_stereo.wav,sqam,medium,1,1764000,2,44100,1072212,1072212,1.0,43.02244725392021,43.02244725392021,0.0,False,646842922.0,646842922.0,40.87531672686271,14.925190483514632,367.0,0,0,0,0,0,0,0,152.298099995,170.549699992,1.1198412849378896,7.70570001,True,b7a42ce9ca4639734a5268b00394ac0212e14d60e5b29108b2c147e48036c43e,97838fab25d8ee34ce925978d8826da5defec685786fb11f3042f65a8951e273,e8f617d02f991d68,3dad7e0a96985710
sqam/22_trombone_arpegio_melodious_phrase_stereo.wav,sqam,low,1,1764000,2,44100,1072212,1072212,1.0,43.02244725392021,43.02244725392021,0.0,False,646842922.0,646842922.0,40.87531672686271,14.925190483514632,367.0,0,0,0,0,0,0,0,150.980199993,168.711400002,1.1174405651192811,7.843899995,True,b7a42ce9ca4639734a5268b00394ac0212e14d60e5b29108b2c147e48036c43e,97838fab25d8ee34ce925978d8826da5defec685786fb11f3042f65a8951e273,e8f617d02f991d68,3dad7e0a96985710
sqam/23_horn_arpegio_melodious_phrase_stereo.wav,sqam,high,1,1940400,2,44100,1567492,1567492,1.0,58.34962477582218,58.34962477582218,0.0,False,51823394.0,51823394.0,54.432578597894974,9.433266062098076,125.0,0,0,0,0,0,0,0,76.886100009,90.637999997,1.1788606781510604,10.3583,True,86e03992b836e54c45970a87d5431e9c752ba1e121c52caac7eca5b9378d2701,faafdc65f890eb40a498b690f2890d0a9fd763b5212b36c3f9ed971b4bcaf9dd,b16bacddaa95b93e,bef7cf99b1b05404
sqam/23_horn_arpegio_melodious_phrase_stereo.wav,sqam,medium,1,1940400,2,44100,1179412,1179412,1.0,47.83475170652935,47.83475170652935,0.0,False,583462783.0,583462783.0,45.3474786269571,15.331597257302024,338.0,0,0,0,0,0,0,0,166.865500003,182.590299994,1.094236375947798,8.717900008,True,3db107320eb4a60492ae2d4f28333849b40768164100620d2a7344eac14f8b03,bcd8544c154573a3a233968e70ac507d06dcd528e41cd1b92af8adc5e6563736,4f7f3f2a938aa136,20dc972a81b9d228
sqam/23_horn_arpegio_melodious_phrase_stereo.wav,sqam,low,1,1940400,2,44100,1179412,1179412,1.0,47.83475170652935,47.83475170652935,0.0,False,583462783.0,583462783.0,45.3474786269571,15.331597257302024,338.0,0,0,0,0,0,0,0,172.323600009,201.544400007,1.1695693450953548,8.603200004,True,3db107320eb4a60492ae2d4f28333849b40768164100620d2a7344eac14f8b03,bcd8544c154573a3a233968e70ac507d06dcd528e41cd1b92af8adc5e6563736,4f7f3f2a938aa136,20dc972a81b9d228
sqam/24_tuba_arpegio_melodious_phrase_stereo.wav,sqam,high,1,2160900,2,44100,1745652,1745652,1.0,63.61298030081016,63.61298030081016,0.0,False,29815409.0,29815409.0,56.26922611226392,9.193021482104921,314.0,0,0,0,0,0,0,0,85.704899997,101.14320001,1.180133224746081,10.658299997,True,001a3cacb7207208a3b7e9a905e3520b9c69bf619d0d1fec2962d54fe1442654,f508b8321cca4ca11b999c0760928da591284b551edca424b4057b8099b4a8ef,298dd256736f8f48,34f4efa31037025f
sqam/24_tuba_arpegio_melodious_phrase_stereo.wav,sqam,medium,1,2160900,2,44100,1313472,1313472,1.0,54.87293154275018,54.87293154275018,0.0,False,223072301.0,223072301.0,51.486180174057125,13.954032258481128,647.0,0,0,0,0,0,0,0,171.628600001,191.767299995,1.117338835100226,9.821500003,True,725482cd0cada45faadf3bd1325ad5b7a461b0a49ada2a4f0d0763c25febd653,6123a1f9e400e66f802718477c28a4fbc6917faafa8d323fa640cbac052e41a9,b728d82ea875f473,7389b4610f5b26a6
sqam/24_tuba_arpegio_melodious_phrase_stereo.wav,sqam,low,1,2160900,2,44100,1313472,1313472,1.0,54.87293154275018,54.87293154275018,0.0,False,223072301.0,223072301.0,51.486180174057125,13.954032258481128,647.0,0,0,0,0,0,0,0,173.260099992,186.28199999,1.0751581004432138,9.620800003,True,725482cd0cada45faadf3bd1325ad5b7a461b0a49ada2a4f0d0763c25febd653,6123a1f9e400e66f802718477c28a4fbc6917faafa8d323fa640cbac052e41a9,b728d82ea875f473,7389b4610f5b26a6
sqam/25_harp_arpegio_melodious_phrase_stereo.wav,sqam,high,1,2998800,2,44100,2422492,2422492,1.0,56.88871323615875,56.88871323615875,0.0,False,75628735.0,75628735.0,48.015001529080976,6.83028630081658,219.0,0,0,0,0,0,0,0,120.086600006,142.479000002,1.1864687649986025,14.373999998,True,bc7f8d2fbbe64af27e9348441331e802bdbd74694ba27814db8184eca3249723,987e5ec1321e86836bf10eda39165c73821955f7da545722fc9e0fd05c79f935,0e721bc359a66c14,40c09890c3d5ec73
sqam/25_harp_arpegio_melodious_phrase_stereo.wav,sqam,medium,1,2998800,2,44100,1822732,1822732,1.0,48.316115470879325,48.316115470879325,0.0,False,544435722.0,544435722.0,41.79317931425846,9.811284569791999,323.0,0,0,0,0,0,0,0,266.310800001,274.948799998,1.0324357855444375,13.519999996,True,c8bd689c419df4c3cd422bee353284f6ceaf2627e923d2a3caac13671da57549,bc9d2619918f549065ffe6306de6dbb2bff09bee9e2c683dc941b501193d36b4,601a7976061d6d3e,79ab77aa295f8c60
sqam/25_harp_arpegio_melodious_phrase_stereo.wav,sqam,low,1,2998800,2,44100,1822732,1822732,1.0,48.316115470879325,48.316115470879325,0.0,False,544435722.0,544435722.0,41.79317931425846,9.811284569791999,323.0,0,0,0,0,0,0,0,250.118699998,282.080699995,1.1277873265663685,14.320299998,True,c8bd689c419df4c3cd422bee353284f6ceaf2627e923d2a3caac13671da57549,bc9d2619918f549065ffe6306de6dbb2bff09bee9e2c683dc941b501193d36b4,601a7976061d6d3e,79ab77aa295f8c60
sqam/26_claves_single_tone_single_tone_rhythm_stereo.wav,sqam,high,1,1719900,2,44100,1389372,1389372,1.0,41.75502979784216,41.75502979784216,0.0,False,327113533.0,327113533.0,36.456520858110125,8.353954953142601,1114.0,0,0,0,0,0,0,0,68.406100005,80.493300006,1.1766976921665833,8.797299996,True,5b88149f788fd5e2abc26f2c86ed88b86896666b70601fb6977eea270843eaa5,9bb161b2388dff62933accddf7d4d8b912b46f769c4bd38ce12a0d97890b2338,f9db1ca47ec9e1c9,fedb1b9f209fe0d4
sqam/26_claves_single_tone_single_tone_rhythm_stereo.wav,sqam,medium,1,1719900,2,44100,1046404,1046404,1.0,33.571578281539104,33.571578281539104,0.0,False,2152998183.0,2152998183.0,29.9979267444049,11.588710611426343,1534.0,0,0,0,0,0,0,0,136.965699986,151.267700002,1.1044203038969749,8.021300003,True,e05a4cfe72375e0c5e89bc2230f9d7da07879dc75cb9ad10884592d59a956d46,53a3db7e0d9184a7dc2bc62fa70a659f6939f4dff7246b381d12a4b4e6167d5a,f0f441cbfd797d40,9dc87f73e1bf1268
sqam/26_claves_single_tone_single_tone_rhythm_stereo.wav,sqam,low,1,1719900,2,44100,1045392,1045392,1.0,33.24768167466245,33.24768167466245,0.0,False,2319708020.0,2319708020.0,29.97497052463835,11.593505331645515,1988.0,0,0,0,0,0,0,0,138.274099991,150.430500001,1.087915235107596,7.740600005,True,032fca2e57b17acd28523b0557a8e2937acbfe284cc004c834fce38acbc58b78,24f0fcc8315588689a4de026b15f7b0ce37aa6c979aa1e9f89ed83c1e4e296b3,814865c824dec585,290347487d1e4f70
sqam/27_castanets_single_tone_rhythm_stereo.wav,sqam,high,1,882000,2,44100,712532,712532,1.0,15.371958774295218,16.736241341254562,1.3642825669593446,False,41582517732.0,30372638749.0,26.03659288914021,9.216995093201643,25141.0,0,0,0,0,0,0,0,50.785599992,63.0123,1.2407513155289296,4.5264,True,3dbac15544ac768a49cefde2506193c54c7f3870149d6895348c84c5f919c0ba,a46f71e11e084c7008eeff0bcafabbf5f2dcab41f71415607c653a970656865f,d966d0e97cf739a1,6075e7bfadf7ebd8
sqam/27_castanets_single_tone_rhythm_stereo.wav,sqam,medium,1,882000,2,44100,542576,545890,1.0061079000914157,14.128621183313324,15.552087560879702,1.4234663775663776,False,55366177472.0,39893110756.0,19.849382419876648,11.427803262485972,24382.0,0,0,2,0,0,2,0,121.79339999,144.131699994,1.1834114164300702,4.437199995,True,d617d93b8e0556f71307e73ca8dd10a4f2cf166920b4eeea52ace8b82fc786a3,9ce3a992528c649f9989e6c5374922bf51ad0e5dc9e621ac938e94af0a6075ee,12d8e310f8695590,ee6d9e38b0e82707
sqam/27_castanets_single_tone_rhythm_stereo.wav,sqam,low,1,882000,2,44100,540556,547558,1.0129533295347752,12.376743683208627,13.963098137714045,1.5863544545054182,False,82876669576.0,57517082009.0,19.657521497669222,11.471006159262311,24382.0,0,0,2,0,0,2,2,109.391599998,146.724999994,1.3412821459479756,5.287799999,True,d75e8599cdaff7ffcbef8bfa39cf73530bb862233ddb8d035a39ce89db2d002b,4466b16d4a3eea903abf6fc56f45c1852716d6f69f31bdbbb5dd8c8932c8f3ce,599007c31961e2e8,825ffdeb88b62f76
sqam/28_side_drum_stereo.wav,sqam,high,1,3351600,2,44100,2707492,2707492,1.0,35.47683416031722,35.47683416031722,0.0,False,4365604401.0,4365604401.0,30.397181457714503,6.889266163257141,1125.0,0,0,0,0,0,0,0,155.884599999,181.996199995,1.1675059627196498,16.985699996,True,24eb3415f5277bf1adf7abfe3fe0947892c73475df3580b3c25f4f5db6f31ab9,6d35792ec26b40356bafeb48d35a9c5b5f088e981ccc5a4533ec7a9fc68fe6de,c48f4f64d7321e66,d0f840c06213a343
sqam/28_side_drum_stereo.wav,sqam,medium,1,3351600,2,44100,2037374,2037374,1.0,28.143865821902658,28.143865821902658,0.0,False,23623335204.0,23623335204.0,24.76593540097714,8.783520886791418,1670.0,0,0,0,0,0,0,0,325.621299997,351.438899994,1.0792871964986255,14.861499995,True,76a75c433d65012a109fa86758fcfe8416bd0d30180c3345fead43d61fa7bd01,1fe2ee33dd542f1411c671a47d005d8f70c19c902862b2840c5e746761b26bf6,333e91a78e2885af,7f5757d5a2ec860b
sqam/28_side_drum_stereo.wav,sqam,low,1,3351600,2,44100,2037172,2037172,1.0,28.139254769900603,28.139254769900603,0.0,False,23648430221.0,23648430221.0,24.77385510233685,8.776034364374905,1677.0,0,0,0,0,0,0,0,331.551500008,356.537499994,1.0753608413335396,15.135800004,True,d344a9a43efd136461facce0d6c2f2a49b83c6cd13f8dc965366cd91b7f31083,16021469f72498a6eac6491d1207d016de1a6cfbf2eae0ebeb03d3734e715bb7,811b048a4f06da35,b065ac62d787fe28
sqam/29_bass_drum_single_tone_stereo.wav,sqam,high,1,1058400,2,44100,855012,855012,1.0,56.5277444702481,56.5277444702481,0.0,False,11644277.0,11644277.0,44.21548863595164,6.688504526793923,350.0,0,0,0,0,0,0,0,36.03109999,43.350799993,1.203149501542598,5.161500007,True,fd3542a9fc85ad7cdfbbaff26843d84fbdbe44502c6c701d8bfc9ecafeff96e3,efe5648c90419ac95f089ec68275c1a75e279e0cadf0f6033646de6b6ff1285a,593f448fc3ff6b37,623afafa3db18161
sqam/29_bass_drum_single_tone_stereo.wav,sqam,medium,1,1058400,2,44100,643332,643332,1.0,48.39529547836794,48.39529547836794,0.0,False,75745603.0,75745603.0,38.74760770276859,9.897437283025198,798.0,0,0,0,0,0,0,0,69.739800006,74.094600007,1.0624435401395664,4.632499993,True,ddef8a61d3c50cefc585b62de00d4d001b11da14b2d5b44e5cfa0f27fa3b4690,31d73d777eb3a6d0d90d5a5f9f04c644fc46ce35a093a57113b278171b06dc73,8fb7cfea9d264810,e2c411f11d692b88
sqam/29_bass_drum_single_tone_stereo.wav,sqam,low,1,1058400,2,44100,643332,643332,1.0,48.39529547836794,48.39529547836794,0.0,False,75745603.0,75745603.0,38.74760770276859,9.897437283025198,798.0,0,0,0,0,0,0,0,66.092700005,74.193399996,1.122565729503972,4.675300002,True,ddef8a61d3c50cefc585b62de00d4d001b11da14b2d5b44e5cfa0f27fa3b4690,31d73d777eb3a6d0d90d5a5f9f04c644fc46ce35a093a57113b278171b06dc73,8fb7cfea9d264810,e2c411f11d692b88
sqam/30_kettle_drums_single_tone_stereo.wav,sqam,high,1,1146600,2,44100,926252,926252,1.0,49.28904000620327,49.28904000620327,0.0,False,18643438.0,18643438.0,44.66920873488275,7.434134642969661,445.0,0,0,0,0,0,0,0,41.265600011,48.886999995,1.1846913647679518,6.349199995,True,c2ec0d2f9a9641002e29260e7fb92c8e12268ef476d6616eef62947ae0717299,5118842c99aa67cf0309801a044246a19c98d3b306ba541913046845d478d584,9f98be2ee3cc9c2f,55c6457f81f35882
sqam/30_kettle_drums_single_tone_stereo.wav,sqam,medium,1,1146600,2,44100,696932,696932,1.0,42.78702420923896,42.78702420923896,0.0,False,83315841.0,83315841.0,39.638129797596555,10.289070917049287,478.0,0,0,0,0,0,0,0,74.006600007,92.108400002,1.2445971034108825,5.077800006,True,514043ad83fd3143a2c4a47512f3ff13f0738be47bb1e63d718baff970bf79ff,e667730ebd92509c790057f784ad7bd9931a10858178968ed15a71bc221e44a1,23dafa76151f43b5,43c2aba6ae93fe13
sqam/30_kettle_drums_single_tone_stereo.wav,sqam,low,1,1146600,2,44100,696932,696932,1.0,42.78702420923896,42.78702420923896,0.0,False,83315841.0,83315841.0,39.638129797596555,10.289070917049287,478.0,0,0,0,0,0,0,0,73.735100001,88.79460001,1.2042378732624728,5.251200005,True,514043ad83fd3143a2c4a47512f3ff13f0738be47bb1e63d718baff970bf79ff,e667730ebd92509c790057f784ad7bd9931a10858178968ed15a71bc221e44a1,23dafa76151f43b5,43c2aba6ae93fe13
sqam/31_cymbal.wav,sqam,high,1,5468400,2,44100,4417492,4417492,1.0,23.581119402740836,23.586341414649375,0.00522201190853977,False,43457511501.0,43405289041.0,30.834269872416826,9.250439155842173,9158.0,0,0,0,0,0,0,0,296.363800004,329.603799999,1.1121594472555398,27.605400011,True,4fc169f1652ab62bb6c9e121131151d0c6eed8894aea0faeb8e0ddc06bf91362,753a0a527fba0b47dc090bcb78afc9eb385e272c1d05eddfc52722a2a366a247,862f838cfa8d3ce6,a549c2b03105d1c1
sqam/31_cymbal.wav,sqam,medium,1,5468400,2,44100,3348004,3349944,1.0005794497258664,18.757375847715153,18.9252395339349,0.16786368621974646,False,131959058802.0,126955885993.0,24.695348721638357,12.241775849001073,9618.0,0,0,0,0,0,0,0,554.723800004,698.642100006,1.2594413652361087,26.725100011,True,aafd755ff81ea0751dbf9cb4a7a7cde574b4986d7364b6419400d18dcaa18cec,1af703491c55d74bdd38289f4af26f804d8342a8ca58081d957161277f7056ce,65fa2c9d5bb04799,ef6ad52b944ab522
sqam/31_cymbal.wav,sqam,low,1,5468400,2,44100,3325244,3363300,1.0114445736914344,16.068764184190773,20.083085663410678,4.014321479219905,False,245075769896.0,97245212059.0,24.83290506753083,12.204546409862372,9188.0,0,0,0,0,0,0,0,545.345200002,790.882799998,1.4502425252759161,26.196199998,True,bb3fb0c6a0be80382492a1e0e05e2274f488da17cde054bd7d7835b6128fff1c,26ae70426bdc0241e8d18126fafeced303d5316d31932f8869458338043a4b43,39570fcf109e47b1,d6d55d3b0bf79d88
sqam/32_triangles-triangle_roll_stereo.wav,sqam,high,1,3263400,2,44100,2636252,2636252,1.0,22.41336986038376,22.41336986038376,0.0,False,20356926907.0,20356926907.0,34.60232440567896,12.59139742263691,9249.0,0,0,0,0,0,0,0,248.725099996,263.736699998,1.0603541821964948,16.178299993,True,17d0a4d23b7364a25014868ec5c2eff3e2a19c2e79a277234c213deb7c0d7480,9488f4f1765aa07eef314baad49adc29511ae228baa9b1c65ffd569b64709708,da2f8c8e444f712b,c71fefea2955db18
sqam/32_triangles-triangle_roll_stereo.wav,sqam,medium,1,3263400,2,44100,1991034,1996546,1.0027684107855517,16.644265573508,17.256747003858372,0.6124814303503712,False,76846244096.0,66738202126.0,27.10072183264569,17.006468003418593,3729.0,0,0,0,0,0,0,0,383.001300007,482.912499994,1.260863866480803,15.390300006,True,ee6968874aa64989a5301df0b1d7b7d3f15fb4fb03d7ec679c7c52a924037a63,2b79a23a9af82120be087e9f1eabb18f59ca0ce56df63fe6736d568e103c7ed9,0bfedcab3de2d91f,73fbf87dc361f0cc
sqam/32_triangles-triangle_roll_stereo.wav,sqam,low,1,3263400,2,44100,1984650,2002556,1.009022245736024,15.610416789621196,17.723860046250433,2.113443256629237,False,97500653001.0,59932611039.0,27.199907279986302,16.94820759876254,5411.0,0,0,0,0,0,0,0,379.003100008,494.410300002,1.3045019948163061,14.98969999,True,2608160f0194cc4190314fa0c2252dec956783eb319afaf102551b95dcbe465b,5516c67b6fa4f79c7a3428dcd8897e189d5037c3a91f92a2027d5d8590e8541c,0b939e12f0290b01,fb7bb6a2f764cdfc
sqam/33_gong_single_tone_forte_single_tone_piano_roll_stereo.wav,sqam,high,1,11730600,2,44100,9476172,9476172,1.0,39.551110326929674,39.551110326929674,0.0,False,2845242090.0,2845242090.0,44.30560251180043,8.175896745859434,526.0,0,0,0,0,0,0,0,467.06750001,568.436100006,1.2170320135608443,58.964499995,True,b5598657dbdd685d9258dbe601629bfcb3dae3b6abf6b73054e9113528a2bb4b,0dbdfd3b8e532f795883d2f55aa8e4f23f439bb6bdf9e49d6b64240a9eb39010,0aa8da5e5aca4304,85413a342bd84033
sqam/33_gong_single_tone_forte_single_tone_piano_roll_stereo.wav,sqam,medium,1,11730600,2,44100,7131010,7131010,1.0,29.52612934214251,29.52612934214251,0.0,False,28616553223.0,28616553223.0,37.75677947567282,11.814056041666236,1517.0,0,0,0,0,0,0,0,907.642900005,988.029299989,1.0885661089659349,53.33160001,True,8f4fb9983005289baa2069c6afbfa8bc4f67b6755dff67747061fe698bae5dc1,d10647795b65ebf925918c80f8d4d2df69fcb002d4d907d4fd420814b5ffbf34,e2fedabe33d887aa,667667009f01df4e
sqam/33_gong_single_tone_forte_single_tone_piano_roll_stereo.wav,sqam,low,1,11730600,2,44100,7130052,7130052,1.0,29.462654848811965,29.462654848811965,0.0,False,29037871059.0,29037871059.0,37.7710931140554,11.826440822280746,1652.0,0,0,0,0,0,0,0,917.200499997,993.247600004,1.0829121876920573,53.299500003,True,19e3109a6c5a86e5554045972e263c2e5fb35a8de908905036ac836b89db7a9a,dfa29d2c569a48bdd01227855547a21b1e92588b7715f047d465866a80e098d7,92b7e771efef4f0e,f2978e41993063df
sqam/34_tubular_bells_melodious_phrase_stereo.wav,sqam,high,1,1190700,2,44100,961892,961892,1.0,44.612945073301866,44.612945073301866,0.0,False,149346422.0,149346422.0,45.347888724720924,8.861812297151792,1029.0,0,0,0,0,0,0,0,49.940200001,62.753900006,1.2565808708163648,7.920299992,True,eb29b99a822a909153fcf19194b085b3eb3a625f84b485dc4082d199f944fe62,43d66d5fb5a984ef832be7faaac9639fbd1a6b2ee316f3caf9ed684172ef8ede,97f825fc4a621133,5a046e70b7940d19
sqam/34_tubular_bells_melodious_phrase_stereo.wav,sqam,medium,1,1190700,2,44100,723818,723818,1.0,35.38256878250861,35.38256878250861,0.0,False,1250928397.0,1250928397.0,37.39092074544215,13.350049840554597,1039.0,0,0,0,0,0,0,0,104.3539,112.709100008,1.0800660062345537,5.196899995,True,348f8700549dfcc1f1b3220432f199345fcae3c890867b5c8875d8bc03194402,d0d70d10a3561a750bbcaf8dd990cd489eab4d91cabaa79ef9554f96adcd2ad4,8c3f77171493f36c,c101eafeb0c0c59e
sqam/34_tubular_bells_melodious_phrase_stereo.wav,sqam,low,1,1190700,2,44100,723752,723752,1.0,35.25735118358337,35.25735118358337,0.0,False,1287520674.0,1287520674.0,37.290923928789226,13.412491277702276,1433.0,0,0,0,0,0,0,0,102.731099993,113.172100008,1.10163426669929,5.648599997,True,32341db25c6f9b4c98688d66d1c0e6211aeddbc071bf0e7f091ab51c8b25ce50,233b3caa7d66fa65530db32a0555860097533b34ab27726889621b452f6bc7b0,a7e102151bb031a6,d4693886868d8a93
sqam/35_glockenspiel_arpegio_melodious_phrase_stereo.wav,sqam,high,1,2601900,2,44100,2101892,2101892,1.0,31.184315257269994,31.184315257269994,0.0,False,9995156074.0,9995156074.0,39.41535074432189,13.231685571814689,9711.0,0,0,0,0,0,0,0,133.794100001,152.623699993,1.140735652707102,13.054499999,True,e416ad1eda80f52b999401083f65474d24dbd1d369dba9f772be7b4bc2929dd8,e16d072802b4301f8e14a4ff8ff0533e2e0fd35c75fb0c511bf510863a106aff,c85447349f0ff690,3a9b14a17219db15
sqam/35_glockenspiel_arpegio_melodious_phrase_stereo.wav,sqam,medium,1,2601900,2,44100,1588612,1588612,1.0,25.218539338520966,25.218539338520966,0.0,False,39479093484.0,39479093484.0,31.811006789609483,17.766186395574714,15628.0,0,0,0,0,0,0,0,262.455599993,285.601600006,1.0881901548818822,12.103499994,True,a4b5c5b2b0b0be6ab94d266d8a453eda2042f6f0a9b8b36212a4b11529a490fa,d44b09b864e5598b8ca4a3e3208dfcc3f20b49da5317327c23a2a120ab6bfee8,9559edcf6018e959,82283d998dba3399
sqam/35_glockenspiel_arpegio_melodious_phrase_stereo.wav,sqam,low,1,2601900,2,44100,1583028,1590404,1.0046594248490868,23.185395330235345,24.537006055528852,1.351610725293508,False,63049489236.0,46187079325.0,31.87318919493498,17.738481229723266,6468.0,0,0,0,0,0,0,0,259.743199989,313.315099999,1.2062494803031176,12.198499992,True,ab53c613766399e1e2f2b6a1b47d6fd7dc9a6228ed642d0208b11bf7cb281879,ebf05191b872628cbd7a42d83398ae268c95e10bb18a2cd85b178fcc129c2134,86c5c920adf5bca9,4490fbcad14d97c4
sqam/36_xylophone_single_tone_melodious_phrase_stereo.wav,sqam,high,1,2205000,2,44100,1781252,1781252,1.0,32.33062397254216,32.33062397254216,0.0,False,1465644691.0,1465644691.0,31.167741725574746,8.974995077875974,1547.0,0,0,0,0,0,0,0,104.00469999,114.737000003,1.103190529024476,10.789900005,True,311059eef893e0804d1bcfd068be22692fa0af7c95d92745c8e50b84e0bca915,cdfd9ada5c63b88395a7b63ee31756e60a68fa7440486d04b214a01e4b42af43,387cf1752662b8b3,de049bbe90fac7d2
sqam/36_xylophone_single_tone_melodious_phrase_stereo.wav,sqam,medium,1,2205000,2,44100,1342442,1342442,1.0,23.505107034863673,23.505107034863673,0.0,False,11183568263.0,11183568263.0,24.529311485150874,12.219927425293838,1741.0,0,0,0,0,0,0,0,207.064099997,227.078099996,1.096656059641869,10.920100003,True,f118b03c1b659835535c65aaef9305a83e376f46bfaf247942befbc485a9b498,45b75aec905856b6101cf270f86636ae9dd9c603e36287786cdd8a9cf7bbf7ae,b2228a735b3ac022,075ea874498a4817
sqam/36_xylophone_single_tone_melodious_phrase_stereo.wav,sqam,low,1,2205000,2,44100,1340252,1340252,1.0,23.099711631348853,23.099711631348853,0.0,False,12277782435.0,12277782435.0,24.484517041510472,12.287118723978896,3162.0,0,0,0,0,0,0,0,207.452600002,223.691100001,1.078275712133005,10.066399992,True,2ebb3e6b91d4f427d08cf65af67289c1b85c279095475a0222f1f1a268bf5cef,6c717dc30abc4f0c5bfbdc218eaf7ee8b32e0ee2316ec3c22a394b2cceaf56d5,5780007e3cd835c4,daccb29855dfb08d
sqam/37_vibraphone_arpegio_stereo.wav,sqam,high,1,661500,2,44100,534412,534412,1.0,48.896604995814165,48.896604995814165,0.0,False,99527339.0,99527339.0,47.12669355125425,8.503826289260118,717.0,0,0,0,0,0,0,0,29.944299996,32.295000002,1.078502419703049,3.232499987,True,4b92df83fa0ae2a965b3e3649e8192a4e0820540f845fa21a33227093525a89f,9acf52848defc9f072a64980391ab976deb5998585f3784068e49c4bd8137be9,0a2fbadea2dbec96,cb7e7c96926457e3
sqam/37_vibraphone_arpegio_stereo.wav,sqam,medium,1,661500,2,44100,402246,402246,1.0,39.489620219123076,39.489620219123076,0.0,False,868242160.0,868242160.0,38.864427776832756,13.021952427877329,1496.0,0,0,0,0,0,0,0,57.595799997,62.429499999,1.0839245223132898,3.002100006,True,baf9bed37da72c788781cd5f020b48896566522904b6f2593e5bd48193895741,9ea3fc8aba75a387529fdca290e11b95ee2f63281676c5276b2b91230c9cbee6,0b175d22f4c9f436,371f5e8b65ba9915
sqam/37_vibraphone_arpegio_stereo.wav,sqam,low,1,661500,2,44100,402112,402112,1.0,39.38724362111969,39.38724362111969,0.0,False,888952448.0,888952448.0,38.850826910040055,12.922325819256852,2576.0,0,0,0,0,0,0,0,57.028899997,62.240999997,1.0913940125142547,2.893100008,True,829754a32a427ce46ab2ce49195f78548fa389482691146acd0c49eb2337ee1c,a0605bd95db4763267e300a626d0b4a06285701cc9f5aa262fe39669a852a56c,8dec1317280debf1,3f84a64a3ce3ba9d
sqam/38_marimba_single_tone_stereo.wav,sqam,high,1,926100,2,44100,748132,748132,1.0,46.79480625642917,46.79480625642917,0.0,False,7747196.0,7747196.0,40.70125433895589,5.8259377509401205,548.0,0,0,0,0,0,0,0,32.530399993,38.738000005,1.1908245829542758,4.53459999,True,e406bc985e806a0c16678d7ae2598da91389683b480947a3f6de170b2a113655,5a4a8659fe4e11f146c46db6e75115c596792ecb90630970151199497094f9d8,5f0f8d76812fe40d,10af4a5c4d4b40ff
sqam/38_marimba_single_tone_stereo.wav,sqam,medium,1,926100,2,44100,562912,562912,1.0,44.910030488910635,44.910030488910635,0.0,False,11956997.0,11956997.0,35.850306794168276,7.954116298626179,107.0,0,0,0,0,0,0,0,56.831699997,64.263899997,1.1307756058747551,4.023299992,True,92cb06e0eeda03930664837cd2ffb86b5321834bf05633df6ba828719b3628dc,4065e203b3190d0145d87c8128f5a0687d23b97a26c9216903322ec88f20bb5f,dc424abea4029df3,df361fed276c8ee4
sqam/38_marimba_single_tone_stereo.wav,sqam,low,1,926100,2,44100,562912,562912,1.0,44.910030488910635,44.910030488910635,0.0,False,11956997.0,11956997.0,35.850306794168276,7.954116298626179,107.0,0,0,0,0,0,0,0,58.185800001,72.74180001,1.2501641295427723,4.279700011,True,92cb06e0eeda03930664837cd2ffb86b5321834bf05633df6ba828719b3628dc,4065e203b3190d0145d87c8128f5a0687d23b97a26c9216903322ec88f20bb5f,dc424abea4029df3,df361fed276c8ee4
sqam/39_grand_piano_arpegio_stereo.wav,sqam,high,1,6041700,2,44100,4880612,4880612,1.0,48.66341517162313,48.66341517162313,0.0,False,822908900.0,822908900.0,44.83371450590545,10.586192027752409,496.0,0,0,0,0,0,0,0,258.429999992,315.942699999,1.2225465310094819,31.153400004,True,655b4f41f44b8b4627eab51263e6d69ae39861fbd264ad9a74385b7e5fdc6513,acbd72ad19808dad9a13e11207eb55130f34904cb4c3187359c42a972339eda7,a5b86df72af922c9,af985d4386d15fdb
sqam/39_grand_piano_arpegio_stereo.wav,sqam,medium,1,6041700,2,44100,3672406,3672406,1.0,38.5539350750947,38.5539350750947,0.0,False,8439170652.0,8439170652.0,36.91583895548181,15.53027042852674,1243.0,0,0,0,0,0,0,0,571.603499994,630.386599988,1.1028389434190256,34.528800011,True,d5fe28d9586fecb83967be72949ce38857dba099e4768317afb542bfad9fb7a6,b2bc33e5f58caa9a0bb332778d4bf5f4aabeea467ae476497b83429a7e635d86,d0fc4702fe3d8cc8,75683e8f7e880601
sqam/39_grand_piano_arpegio_stereo.wav,sqam,low,1,6041700,2,44100,3672272,3672272,1.0,38.56729354642775,38.56729354642775,0.0,False,8413252474.0,8413252474.0,36.93433605344291,15.506357913496498,1828.0,0,0,0,0,0,0,0,571.048600003,629.722299993,1.1027472967969656,27.074900001,True,0df2764023e81cb2afc372fbc2959060af2fd0aaf590c74e297080e7cdc1ff4a,d67f1697578e00d0f5a46e332edca1e041a6d8387d4e7a9c878b7ce52c7e8993,4bb299772ec2393e,e42807f806faf529
sqam/40_harpsichord_arpegio_melodious_phrase_stereo.wav,sqam,high,1,2337300,2,44100,1888132,1888132,1.0,24.478092479227517,24.478092479227517,0.0,False,9372485390.0,9372485390.0,31.915416362578423,10.636995807888459,2171.0,0,0,0,0,0,0,0,126.907800004,143.817400008,1.1332431891772374,11.800699994,True,c775e4c4d2b6e660a598804203f05b64e07313132c887ca3719947d3f8b7f1f5,fa24e9687ba7fc3ff2bfb93892258a0a25097d51ee17a6ed2c44dae67e1a70ca,2cfafc8e58bb431c,afc029e2499c0b83
sqam/40_harpsichord_arpegio_melodious_phrase_stereo.wav,sqam,medium,1,2337300,2,44100,1423244,1423244,1.0,18.211947114063157,18.211947114063157,0.0,False,39670649289.0,39670649289.0,25.24658281809988,13.8181868733561,2504.0,0,0,0,0,0,0,0,282.590499997,303.259399995,1.0731408168293677,10.727699995,True,aee919c63d64073c53d99edc280201a864f8f38fcae937cdb3a0e1f2fc3d11b9,3ad90d03108824bb504d4a0df6de17b262e54a95a96ab012a8c1d120b6ee37f0,350839cac54655c4,0a2def9751cc3e46
sqam/40_harpsichord_arpegio_melodious_phrase_stereo.wav,sqam,low,1,2337300,2,44100,1420672,1420672,1.0,17.928654417498734,17.928654417498734,0.0,False,42344652996.0,42344652996.0,25.236078229649785,13.824449945568512,5829.0,0,0,0,0,0,0,0,289.3495,306.328699991,1.0586805921247489,10.671599999,True,a841e2bd350638e828dddd782b105290acebd9c8839a3accad386481e197dcc0,0a7b16377145da0c4ee648844e49e513326860778f80f51f26b609f65707db83,3d7750e6543c9a8a,11463353fbbb8a37
sqam/41_celesta_arpegio_single_tone_melodious_phrase_stereo.wav,sqam,high,1,2910600,2,44100,2351252,2351252,1.0,52.00800688698084,52.00800688698084,0.0,False,290840802.0,290840802.0,49.15162083455478,8.337366641367971,284.0,0,0,0,0,0,0,0,125.851500005,146.427599996,1.16349507149444,14.487000003,True,9c82d0710fa29e738fb010e5e89f23d30ecc9edb4c03cdaabd15b95be04f2b41,97e88a1fb993ffc97c46f2aec7d95f6f957682f473e9f786e2b72f58b7a8001b,e15bf4cd66429a41,f090be1e35f15ab3
sqam/41_celesta_arpegio_single_tone_melodious_phrase_stereo.wav,sqam,medium,1,2910600,2,44100,1769132,1769132,1.0,44.197417147674074,44.197417147674074,0.0,False,1756767577.0,1756767577.0,42.325372176627084,11.71328290340682,627.0,0,0,0,0,0,0,0,255.968400002,278.0361,1.0862125949837071,13.420100003,True,ae76ca7ddcde5ac3c13b0f6ad6b9dbd9ec4fba5c3796b1db3709078f9a63cf0e,60b09195dc5034cfbd74a2dc8e425e18ab228ce362f6c113aa278e59a6df1668,0adfb4e35a41cded,aff201b2e3100d49
sqam/41_celesta_arpegio_single_tone_melodious_phrase_stereo.wav,sqam,low,1,2910600,2,44100,1769132,1769132,1.0,44.197417147674074,44.197417147674074,0.0,False,1756767577.0,1756767577.0,42.325372176627084,11.71328290340682,627.0,0,0,0,0,0,0,0,255.837099999,278.196199998,1.0873958468067664,13.004999995,True,ae76ca7ddcde5ac3c13b0f6ad6b9dbd9ec4fba5c3796b1db3709078f9a63cf0e,60b09195dc5034cfbd74a2dc8e425e18ab228ce362f6c113aa278e59a6df1668,0adfb4e35a41cded,aff201b2e3100d49
sqam/42_accordion_melodious_phrase_stereo.wav,sqam,high,1,970200,2,44100,783772,783772,1.0,37.351473308792976,37.351473308792976,0.0,False,812607916.0,812607916.0,36.81298699732431,13.391780960331003,269.0,0,0,0,0,0,0,0,54.052200004,59.608099997,1.1027876754801627,4.770500004,True,c413f980b3b6eb6e95219b35dfa15fe3317483a50ba28fcf0558b422b6509135,1d2fc5f62de699a0692ebcd78591342eea03f676cdc9057bc4ade2d992fcd7ee,8bf898716a0cb198,ba935a91530d30fc
sqam/42_accordion_melodious_phrase_stereo.wav,sqam,medium,1,970200,2,44100,589732,589732,1.0,28.639022810930754,28.639022810930754,0.0,False,6041240128.0,6041240128.0,28.672194420703736,17.936518648471363,635.0,0,0,0,0,0,0,0,123.009199992,131.659400001,1.0703215695213248,4.590700001,True,ebb76545aa6933d45a598a4993fadcc1c12aca27640fab910e392d67216ad38c,ded8d5d1f2c60245b3f34515fcadd4e450eb7039e77be8cf0d27b64d35e5e012,eee0b69a19bf8c16,71ee9f5fef44fa25
sqam/42_accordion_melodious_phrase_stereo.wav,sqam,low,1,970200,2,44100,589732,589732,1.0,28.639022810930754,28.639022810930754,0.0,False,6041240128.0,6041240128.0,28.672194420703736,17.936518648471363,635.0,0,0,0,0,0,0,0,123.342800006,132.689599991,1.0757790481855878,4.507200003,True,ebb76545aa6933d45a598a4993fadcc1c12aca27640fab910e392d67216ad38c,ded8d5d1f2c60245b3f34515fcadd4e450eb7039e77be8cf0d27b64d35e5e012,eee0b69a19bf8c16,71ee9f5fef44fa25
sqam/43_organ_arpegio_stereo.wav,sqam,high,1,3880800,2,44100,3134972,3134972,1.0,37.988604988991604,37.988604988991604,0.0,False,21133364689.0,21133364689.0,37.21312036472794,12.58079761498851,698.0,0,0,0,0,0,0,0,283.302399993,308.465599999,1.0888209913033626,19.083200008,True,d04bb8e478de90963622fbfa8d3d45336363b3f52c7bb2e6a3b1027cef25ab7d,c146b6b84075f5a28485b7cbab1aef7e4ee990ba830618dd2b2cd2882ee7b5f4,4e27998bba6d7c7b,2bba89f4942ba450
sqam/43_organ_arpegio_stereo.wav,sqam,medium,1,3880800,2,44100,2368640,2368640,1.0,28.29813536605152,28.29813536605152,0.0,False,196795702260.0,196795702260.0,28.312714253960618,17.32713617984655,1724.0,0,0,0,0,0,0,0,654.903500006,690.548600003,1.0544280187793675,17.340299994,True,895b5418544feb8b8e1d1e87a8fe589286c3715ca8e033356ce279acc7b5cfce,fd9bd253e32a299e60d28d7e49b96c7be0933dcd3899eb1eb1c0f3357e4ec99c,e8f99cc3f0818f49,0a84f5609d7fde85
sqam/43_organ_arpegio_stereo.wav,sqam,low,1,3880800,2,44100,2358812,2358812,1.0,28.227275743183796,28.227275743183796,0.0,False,200032964887.0,200032964887.0,28.27253935818026,17.369630719992102,2293.0,0,0,0,0,0,0,0,656.257699996,722.659500003,1.101182508041284,19.336400002,True,eca357ffefbf6593bdfd2126b6bdf91ab68b2f678858947020ca8deafb1a2df7,12fef624aed92e70bfab33fb1f0ea94553d226f0b780b1b2d2c4f1ea4a863c26,8a4bc3b90f09137a,1832f1227e5a7a3a
sqam/44_soprano_stereo.wav,sqam,high,1,1234800,2,44100,997532,997532,1.0,45.08533250367259,45.08533250367259,0.0,False,403885653.0,403885653.0,43.929200908714634,9.76315687878608,363.0,0,0,0,0,0,0,0,61.956599995,71.100799993,1.1475904100408665,6.062400013,True,cca6f46d31c2332f2028418149b873ca09c9f594ab3cc3872336e5279d1981f3,ee3d98e55b9f2c18656ad3f511515ae48cc4e08f754715c5afcf8928817dc0f7,6b7efbb4b577f70e,5a3948f62ff45c77
sqam/44_soprano_stereo.wav,sqam,medium,1,1234800,2,44100,750572,750572,1.0,36.82718835306205,36.82718835306205,0.0,False,2704411919.0,2704411919.0,36.13395312708759,13.608242601664593,604.0,0,0,0,0,0,0,0,138.213599995,150.425699994,1.088356717424637,5.428900003,True,9e9e91a00a8ffdfb79fb46c7d08eb56d859a4a1cb733e0efd15c91b7e21fd035,0fe406665c20451da1b4c4f4140dd4ae0eca402bf50e48e356d3e273e19b575b,17f8549d25e05181,2eaedee51a8d2399
sqam/44_soprano_stereo.wav,sqam,low,1,1234800,2,44100,750572,750572,1.0,36.82718835306205,36.82718835306205,0.0,False,2704411919.0,2704411919.0,36.13395312708759,13.608242601664593,604.0,0,0,0,0,0,0,0,145.1285,148.673000008,1.024423183647595,5.46800001,True,9e9e91a00a8ffdfb79fb46c7d08eb56d859a4a1cb733e0efd15c91b7e21fd035,0fe406665c20451da1b4c4f4140dd4ae0eca402bf50e48e356d3e273e19b575b,17f8549d25e05181,2eaedee51a8d2399
sqam/45_alto_stereo.wav,sqam,high,1,1323000,2,44100,1068772,1068772,1.0,41.293963859174895,41.293963859174895,0.0,False,369094456.0,369094456.0,40.24376985084146,9.558256237042244,297.0,0,0,0,0,0,0,0,65.9507,74.591700003,1.1310221120170068,6.609999999,True,df0be7fb849885d1df37a759c1ac2a36ca447419765bd17480da294f4433f0f0,127a6165c1d932acd21c76b782ca4719c3c2a5692941732a91c3d0c5f418f5bd,e5fb091ca01ef12d,9a3a249a93fc6f29
sqam/45_alto_stereo.wav,sqam,medium,1,1323000,2,44100,804172,804172,1.0,32.33270531747217,32.33270531747217,0.0,False,2905784321.0,2905784321.0,31.76102181179015,13.518249816914198,513.0,0,0,0,0,0,0,0,151.540600002,161.745399997,1.0673403694776538,5.837499991,True,635bf2f8f7ec098269658b9e9e6872eea9672dfe68a15346e94161b89bd54540,0764bda428462d7b4fc933fb8f83dc316ac39ae673e3af9b4cd3a1bc434a1116,4d88d0da2039e4cc,6804bc84ab265667
sqam/45_alto_stereo.wav,sqam,low,1,1323000,2,44100,804172,804172,1.0,32.33270531747217,32.33270531747217,0.0,False,2905784321.0,2905784321.0,31.76102181179015,13.518249816914198,513.0,0,0,0,0,0,0,0,151.464599997,162.095899999,1.0701899982055911,5.855700001,True,635bf2f8f7ec098269658b9e9e6872eea9672dfe68a15346e94161b89bd54540,0764bda428462d7b4fc933fb8f83dc316ac39ae673e3af9b4cd3a1bc434a1116,4d88d0da2039e4cc,6804bc84ab265667
sqam/46_tenor_stereo.wav,sqam,high,1,1278900,2,44100,1033132,1033132,1.0,41.93097972283739,41.93097972283739,0.0,False,354063787.0,354063787.0,41.05316240547619,10.647479966944505,273.0,0,0,0,0,0,0,0,63.130499989,72.299999997,1.1452467509301798,6.354599997,True,9653de19d2c96f2c5a4635fa77f9479c079c840af029b162d362e1f363c83e4b,1756db7822af381b24b44a89dc37a2cbc5e07e348ccae28ac055f1b196a671a3,44c8e4deb153b44e,7e7329e79bdbdbba
sqam/46_tenor_stereo.wav,sqam,medium,1,1278900,2,44100,777352,777352,1.0,32.46800064798886,32.46800064798886,0.0,False,3128811633.0,3128811633.0,31.927537281523342,15.62079302693679,664.0,0,0,0,0,0,0,0,147.032500014,156.435200006,1.063949806954957,5.809300005,True,cb7409c38a0d5b5fa2090546b5c91fec08f9beb8e2f17241d2c9b408a016ee44,555696067d5921851fe17d1eff1c8c06721867ba7365d12e60f1232066e3dfc6,286193db4d7b1295,322bd18f7c063522
sqam/46_tenor_stereo.wav,sqam,low,1,1278900,2,44100,777352,777352,1.0,32.46800064798886,32.46800064798886,0.0,False,3128811633.0,3128811633.0,31.927537281523342,15.62079302693679,664.0,0,0,0,0,0,0,0,144.956900001,158.721400008,1.0949558110507678,6.293499991,True,cb7409c38a0d5b5fa2090546b5c91fec08f9beb8e2f17241d2c9b408a016ee44,555696067d5921851fe17d1eff1c8c06721867ba7365d12e60f1232066e3dfc6,286193db4d7b1295,322bd18f7c063522
sqam/47_bass_stereo.wav,sqam,high,1,1323000,2,44100,1068772,1068772,1.0,43.99204254395958,43.99204254395958,0.0,False,585233095.0,585233095.0,42.98408666422237,9.8913589846834,373.0,0,0,0,0,0,0,0,66.372199997,86.040600002,1.2963349113919536,7.609999999,True,cf627337042639318b0172cad6a267c371c8f65678628c22ff5c214b613b68ff,299c116dcdd2c8dc6ace6d84fb366bfc011c69cdac86adaaa88cee18ef16e4ec,c64e176188d1a660,6f133a76c9b60036
sqam/47_bass_stereo.wav,sqam,medium,1,1323000,2,44100,804172,804172,1.0,34.02204192459066,34.02204192459066,0.0,False,5812044616.0,5812044616.0,33.69353002875341,14.476127164605098,854.0,0,0,0,0,0,0,0,153.268099993,163.095699996,1.064120322516224,6.102200001,True,1cb9fcc8d5be7554dfd5ce354a3a665235cfe02182c8e0ba12fd84ca11a75a7b,2105c84e9179c2e7918858246942b38b0616327833abfa801d4e0bfa8e540986,75d79139c51e3fd4,635a0a2a43979c0b
sqam/47_bass_stereo.wav,sqam,low,1,1323000,2,44100,804172,804172,1.0,34.02204192459066,34.02204192459066,0.0,False,5812044616.0,5812044616.0,33.69353002875341,14.476127164605098,854.0,0,0,0,0,0,0,0,155.1206,166.583100006,1.0738941185503408,7.490699992,True,1cb9fcc8d5be7554dfd5ce354a3a665235cfe02182c8e0ba12fd84ca11a75a7b,2105c84e9179c2e7918858246942b38b0616327833abfa801d4e0bfa8e540986,75d79139c51e3fd4,635a0a2a43979c0b
sqam/48_quartet_stereo.wav,sqam,high,1,1234800,2,44100,997532,997532,1.0,43.16745709245161,43.16745709245161,0.0,False,895828680.0,895828680.0,42.249990597930505,9.554145995850867,333.0,0,0,0,0,0,0,0,67.284199998,76.306399986,1.1340909156721515,6.439400002,True,3832b1a92f22c37cc2b21fc171818b03b69bda21cfc67e0d7bfe603f4440c2ad,f8bd4bf1dbe743249ff7229dc34f9abe6922f1ed91c0b40e738c295adf5fecaf,dfe793280d442a30,76789e1dbc96653e
sqam/48_quartet_stereo.wav,sqam,medium,1,1234800,2,44100,750572,750572,1.0,34.23046562091738,34.23046562091738,0.0,False,7013327337.0,7013327337.0,33.99583531844747,13.083908871400492,803.0,0,0,0,0,0,0,0,165.862799987,167.337500006,1.0088910835890603,5.479900002,True,10fef357a055fbdbd42a6747e413aa323ee346bebbb7e852ab5cb3e8d413e9fb,1e35d8bb2e6d7d5d5a605c5615544c52e777b68c6d562b16d20a0ed7aada64e6,a54eab84a0ce1ee6,d16a48375106462b
sqam/48_quartet_stereo.wav,sqam,low,1,1234800,2,44100,750572,750572,1.0,34.23046562091738,34.23046562091738,0.0,False,7013327337.0,7013327337.0,33.99583531844747,13.083908871400492,803.0,0,0,0,0,0,0,0,157.406199992,166.0942,1.0551947763712075,6.296700001,True,10fef357a055fbdbd42a6747e413aa323ee346bebbb7e852ab5cb3e8d413e9fb,1e35d8bb2e6d7d5d5a605c5615544c52e777b68c6d562b16d20a0ed7aada64e6,a54eab84a0ce1ee6,d16a48375106462b
sqam/49_female_speech_english_mono.wav,sqam,high,1,1014300,2,44100,819412,819412,1.0,34.73901484842515,34.73901484842515,0.0,False,3243242309.0,3243242309.0,36.681046174924454,7.217504292500045,1187.0,0,0,0,0,0,0,0,61.087300003,65.40259999,1.070641524290451,5.139600009,True,0cd5ae6586c2df0a2a259320fb6ec602eba73dd3a4d755f2219239bc0cc0bedc,69ee5f7126aa030fa178b9a37eba5db5c40a1a262e117a3f3c907e4883f53365,0f8c053cf09b80a3,98ffad5d0868d68c
sqam/49_female_speech_english_mono.wav,sqam,medium,1,1014300,2,44100,618150,618150,1.0,27.48607411471253,27.48607411471253,0.0,False,17229531573.0,17229531573.0,29.310822894526343,9.97496785600474,2355.0,0,0,0,0,0,0,0,135.495499998,139.563599989,1.0300238752656734,5.114199996,True,83490dabefac92337ae7e0316c36b57785ce00e3624dbc2b8ba9438b03d2d611,7ad8d6d060fb50f1f52636ef158b5028c4925257de6fe567c2701635a92a43e6,dea216e87b995240,8192abdfd16fc52a
sqam/49_female_speech_english_mono.wav,sqam,low,1,1014300,2,44100,616552,616552,1.0,27.033640988270623,27.033640988270623,0.0,False,19121272155.0,19121272155.0,29.288362991415045,9.98652136218983,2796.0,0,0,0,0,0,0,0,137.107500002,135.061000004,0.9850737560091888,4.612100005,True,993287b4587225c3c3204c18a75c90607eea6d7d4540d80805b72b9d1d9330e1,2522cec87e92c93fef73fda9932d9e506698609ddd231cc715efada33745221b,a23a27ff39d78455,ebba52f405f07c7b
sqam/50_male_speech_english_mono.wav,sqam,high,1,970200,2,44100,783772,783772,1.0,40.46458962627456,40.46458962627456,0.0,False,1104915498.0,1104915498.0,36.94446152731637,7.544483814100505,605.0,0,0,0,0,0,0,0,53.032499999,62.055299997,1.1701371799966083,5.556199998,True,1d3ca4c1b1ab001cf1df50e65656c5759310b641bb1c2334eec2008b17331f8c,ba606cceda67d21eed5530fd13ee5fe77a2b68f580d94f70fb5e0a6cc095bc0f,9313e885e5d54a30,0675680092741c60
sqam/50_male_speech_english_mono.wav,sqam,medium,1,970200,2,44100,589934,589934,1.0,32.3402853300555,32.3402853300555,0.0,False,7173968986.0,7173968986.0,29.6317322316191,10.488051485639412,1776.0,0,0,0,0,0,0,0,123.386500001,136.348799989,1.1050544426488713,4.606700003,True,bbc3f5606c2763fc447157b8953f4055d9d500ad0801323f7831208ea5c04d9c,d519702ca9ba68ee671bf19bd4d6d25e4020ff1c5d31129799cb6f5bc3f86514,94edf65760bfaf24,969015aa11f45f8a
sqam/50_male_speech_english_mono.wav,sqam,low,1,970200,2,44100,589732,589732,1.0,32.3179865478241,32.3179865478241,0.0,False,7210898343.0,7210898343.0,29.617476815603496,10.479579795179205,1776.0,0,0,0,0,0,0,0,119.996399999,139.476400003,1.162338203514125,4.590599999,True,73ec7cb125af83a9d786537a03debfc4e1e83d464ec0ce3c79d3f8305f64fd4f,ba6d02291ee41f39b0811bf88629c4d6a63e60dafc8a58b1524e39ca4027ed1b,33d96a2585d80f80,53281849272f9f3a
sqam/51_female_speech_french_mono.wav,sqam,high,1,926100,2,44100,748132,748132,1.0,36.409046072479974,36.409046072479974,0.0,False,3256817686.0,3256817686.0,31.054461423033285,5.6683452997979105,1210.0,0,0,0,0,0,0,0,59.019299999,74.005500004,1.2539203278462117,5.153499991,True,dfd1e3d680beba4e7c392138ec6ea100b4e184e5c21744edc907cc81b44834c8,bc57b6ecaafbcdedb4f9595185b0d41b5c9c53ef00209e75b4dcd41086491197,f2f4e1ed1f7152ff,91f970a006f816f7
sqam/51_female_speech_french_mono.wav,sqam,medium,1,926100,2,44100,563636,563636,1.0,29.217289746100672,29.217289746100672,0.0,False,17059609289.0,17059609289.0,24.48564923155179,8.017519985388493,1786.0,0,0,0,0,0,0,0,132.71419999,142.666699991,1.0749919752501986,4.298700005,True,4fa38edc8ada484e0706a167357d8804772bd7465215e07f095ca2663fe0dce0,5b6b84da3d82f9c24d28e324471e7743e59fddfd9750403738aa97765e11e025,d4173d170edeabf2,9a49d52b50c788e1
sqam/51_female_speech_french_mono.wav,sqam,low,1,926100,2,44100,562912,562912,1.0,29.12386233723405,29.12386233723405,0.0,False,17430579313.0,17430579313.0,24.482484550465475,8.017442450567335,2393.0,0,0,0,0,0,0,0,125.939500004,135.269999996,1.0740871608328098,4.273100004,True,bd906bd31d139810d4c020d1a2feb164374f013a2bc200fe5c043582c828a81a,49b31d98e402dcd7abc7d05d668dd042b486a3f13bfdf6a46b3893fb842ec11e,c817698a82130a70,268050614a96b656
sqam/52_male_speech_french_mono.wav,sqam,high,1,1058400,2,44100,855012,855012,1.0,37.52822620332135,37.52822620332135,0.0,False,2007575511.0,2007575511.0,32.978426593253786,7.6627462262974975,858.0,0,0,0,0,0,0,0,57.938000008,66.838799998,1.1536262899784422,5.401900008,True,b5de3f6b32baae72498cc4987d43131fc0cb8255ae971ab48b4fa001e0f01f39,2a8030a06cf216a2ee3c4a332ec1ba1c88b1e686ecd8670a25472271411569ac,400c935fb4cdd0e2,e73d524003e54b3e
sqam/52_male_speech_french_mono.wav,sqam,medium,1,1058400,2,44100,644494,644494,1.0,30.093971243697595,30.093971243697595,0.0,False,11119810478.0,11119810478.0,26.086595995315516,10.410137288702346,1869.0,0,0,0,0,0,0,0,129.181899995,138.976899996,1.0758233158157535,4.799199998,True,308ce269ddd5a03272a55aaa5a5c3690dfcc50ebd2b8bcc791f51a474b5b41ec,4f1657fe1c734f1b61663de9cf722c6ded1d70c4200727f5c3c736daef47a5d4,346490f6658d3785,bdcf0c1b4ba12450
sqam/52_male_speech_french_mono.wav,sqam,low,1,1058400,2,44100,643332,643332,1.0,29.87103164986561,29.87103164986561,0.0,False,11705537072.0,11705537072.0,26.05140805132076,10.438659990974074,2256.0,0,0,0,0,0,0,0,134.261099994,136.831,1.019141061752919,4.760199994,True,be46507a2613039e3c9a0ca3591bdd459c2d85b482aff5c99556295212ca93ff,e68d275f6a6bf2ac45a3ae40bf24a11da47993d70e9bb509a1e75a6efed23c6b,196ac3efbf47b8e5,70c975ce50b187a4
sqam/53_female_speech_german_mono.wav,sqam,high,1,926100,2,44100,748132,748132,1.0,34.40616087459904,34.40616087459904,0.0,False,2434595570.0,2434595570.0,33.36885310816266,7.812773493233194,1159.0,0,0,0,0,0,0,0,52.918699995,56.704300001,1.0715361489673345,4.531299993,True,bb775d19fb2d2b4076963bd3d2020556c8584493d150ba84dd211c94e7aebab5,ad9f82787c780e2ef6401cce218aa9a3857d26e0f5fa100b085372b1aaa33c0e,f8bf35a1dafc6ece,34f17451f8cebb7d
sqam/53_female_speech_german_mono.wav,sqam,medium,1,926100,2,44100,563888,563888,1.0,27.33784141451851,27.33784141451851,0.0,False,12395349408.0,12395349408.0,26.86838474350037,10.075114360041203,1769.0,0,0,0,0,0,0,0,109.557400003,116.374300003,1.0622221775965233,4.060400009,True,6ebc15c1bea039fdecf748ea41fba36d2ae6756e3a0c5ac6aa405d8c3efdcc2c,3da0aaab4350b1b9128fd44d766add9d670b8c3cab776fef11a3b66a3225f010,ff8e21eb8f735198,e88844f4d9637135
sqam/53_female_speech_german_mono.wav,sqam,low,1,926100,2,44100,562912,562912,1.0,27.14160802781027,27.14160802781027,0.0,False,12968272035.0,12968272035.0,26.803041831326592,10.115674628181159,2373.0,0,0,0,0,0,0,0,109.787100002,117.903999999,1.0739330941144465,4.023200005,True,d63517766ca1882f5afbec31ebc9573f9ba8a49818213d2a770d83964a1bc18f,bd2b823f8fbdc418c19966bac3b8efb9bceb98a66d718ef9227b1b2ec07b00e3,94f3f245066e32f4,c6ce7ab100ede224
sqam/54_male_speech_german_mono.wav,sqam,high,1,926100,2,44100,748132,748132,1.0,35.784798804574216,35.784798804574216,0.0,False,1776333492.0,1776333492.0,32.66084640908831,8.220066361082205,901.0,0,0,0,0,0,0,0,49.715299994,57.509899989,1.1567847321838691,4.545400009,True,d07bfd3b0c2e67e9c7f1b44251fc0960ec310dccfa39f41cc021d100ad9565b5,f1c6706693c490ba21ad3be477db0b24573c6adaca6377cbe7ecfb25c77ba857,924093afae841547,3af3fd251b9d0531
sqam/54_male_speech_german_mono.wav,sqam,medium,1,926100,2,44100,563870,563870,1.0,28.337090817115325,28.337090817115325,0.0,False,9869503447.0,9869503447.0,26.030360575633278,10.6506830533537,1594.0,0,0,0,0,0,0,0,110.218600005,118.281300008,1.073151899975451,4.198300004,True,2dc1545da5100c51a98c8abe96f2e2909609235451fca2cb933f81a4ddbc6812,d740abf0ee5de2986ead31c0f6df298e243dee89abb7e39cfa5462b818a75c5f,8cf5e520bbf51575,73f8ba3206536dc6
sqam/54_male_speech_german_mono.wav,sqam,low,1,926100,2,44100,562912,562912,1.0,28.279616040944124,28.279616040944124,0.0,False,10000985110.0,10000985110.0,26.01118743284318,10.657570140088584,1982.0,0,0,0,0,0,0,0,109.904899999,116.946899995,1.0640735763015488,4.162200004,True,088947494c46f6bdb83b45e5b59fd909c2e05ecd4762d29d1ba41115b6d76b4a,7b209db8a9df97a414d609b1984c4c2bc022017ea79ef5b3231d4a53e536eb78,642845268b1e2e50,6c749a9b22451de3
sqam/55_trumpet_haydn_stereo.wav,sqam,high,1,1411200,2,44100,1140012,1140012,1.0,44.92679265895626,44.92679265895626,0.0,False,333158385.0,333158385.0,45.42810310885125,10.648911342958126,316.0,0,0,0,0,0,0,0,66.756099999,88.946700007,1.3324130679942718,7.206,True,64d4ab62c631f5a18ff43f7fa77eca726b65430469ff4d68a6ce5dee82c25f95,d1fa1d8d2749fa881503d588076354761d5916474373d0e68ca2d8b0432fcc13,c6b1348c166882b9,b7ac45175904f760
sqam/55_trumpet_haydn_stereo.wav,sqam,medium,1,1411200,2,44100,857904,857904,1.0,34.49508325704292,34.49508325704292,0.0,False,3679778591.0,3679778591.0,35.481197431906246,15.844178790034315,1058.0,0,0,0,0,0,0,0,160.524100006,168.533799991,1.0498971804526587,6.297000006,True,0b18dbafba193d8544aea89400a2302489106005b01b7ecfddc44ede49c8f66d,7dbdae7151df956bb342aa315638ac801d9fffd337bfbfa53ec26b8a3a0b0814,088f9de724f1b849,0584b43722519af6
sqam/55_trumpet_haydn_stereo.wav,sqam,low,1,1411200,2,44100,857772,857772,1.0,34.45445778846326,34.45445778846326,0.0,False,3714362065.0,3714362065.0,35.46089963411031,15.85516518423523,1390.0,0,0,0,0,0,0,0,185.234699994,170.889799997,0.9225582463897712,6.382100001,True,29086c956b9611c0c953157c79701ae7d993d6f69545806ac30210fa6d1c35fd,3e5819bc70ac3825a55178972c22136e8eb310a77f38d098db5fa4c5dbb7badc,a5a69368f09cd3d4,91099cd935fb1dcb
sqam/56_organ_händel_stereo.wav,sqam,high,1,1499400,2,44100,1211252,1211252,1.0,36.96318819986266,36.96318819986266,0.0,False,6879639324.0,6879639324.0,36.814005537282156,14.937046916383943,512.0,0,0,0,0,0,0,0,160.146799996,152.71069999,0.9535669772597034,7.437600002,True,48eb4f9fda693e04b31ab83c198f3543b7e40a96c89ec6cb09f8a1588c3470bf,61016cf23db2f0cff8f22f1fd34bf9cf989fb3cd70df713bff0da7df1bd50886,990de7ee84e0b95a,621ecb3f712e58a1
sqam/56_organ_händel_stereo.wav,sqam,medium,1,1499400,2,44100,913650,913650,1.0,26.752966460073853,26.752966460073853,0.0,False,72208420329.0,72208420329.0,27.110428631935545,20.15349894539746,1702.0,0,0,0,0,0,0,0,275.9824,283.199499995,1.026150580598618,6.672900006,True,e48dc4ba22a13c09d610aa312c0469267110ce59fab9206939b2ec11d5db75b0,d72ec2a478f6a5faf072bbc9a117e2516b74b50e4cd8e72e123c4d67cf65cd36,e15a6c6b55dd7f9b,0bed7edd49de93fa
sqam/56_organ_händel_stereo.wav,sqam,low,1,1499400,2,44100,911372,911372,1.0,26.75342235859622,26.75342235859622,0.0,False,72200840683.0,72200840683.0,27.11194093037036,20.141068536481907,1703.0,0,0,0,0,0,0,0,288.134000003,299.739700004,1.0402788286036329,7.225099996,True,57c40cd15d4111d19a891e720cf19dd7697cfcca3202380c99e347a4e1a45197,a5b804c70633f585842833049fa11a6001af496651c3cae912de50ddb2622aad,11e8de3b4969ad0d,b67ee3e921b9c932
sqam/57_organ_bach_stereo.wav,sqam,high,1,882000,2,44100,712532,712532,1.0,29.117355306502233,29.117355306502233,0.0,False,1160713426.0,1160713426.0,30.64541156521001,13.544617683912843,450.0,0,0,0,0,0,0,0,52.099300012,68.197400004,1.3089887961698552,8.370499998,True,8d67d0314dc152cf84206bb91554dc2e77ba49020364d889c32e8a15d93bbab9,257189efc7395f2ffdad8354a04d235f6e8224a081517056a72c3ee8ecaa2f44,ba92b1deaefac35b,d3540823a12209d5
sqam/57_organ_bach_stereo.wav,sqam,medium,1,882000,2,44100,536132,536132,1.0,21.185590723565035,21.185590723565035,0.0,False,7209438912.0,7209438912.0,22.792591252766165,17.67878461716247,995.0,0,0,0,0,0,0,0,126.709000006,132.00909999,1.041828914944866,7.64230001,True,b3085959725bf2adee0f3a866cf03af7c27a149ec402ed46b100082193c1afce,cee2945f45856b7c8c311868c48bdc64ce5c9a683b18b8a171d853bf17e71cb0,fdcc6a70783f484b,48168b0d21f0a2e9
sqam/57_organ_bach_stereo.wav,sqam,low,1,882000,2,44100,536132,536132,1.0,21.185590723565035,21.185590723565035,0.0,False,7209438912.0,7209438912.0,22.792591252766165,17.67878461716247,995.0,0,0,0,0,0,0,0,123.136599988,133.700200006,1.085787653865946,4.095699996,True,b3085959725bf2adee0f3a866cf03af7c27a149ec402ed46b100082193c1afce,cee2945f45856b7c8c311868c48bdc64ce5c9a683b18b8a171d853bf17e71cb0,fdcc6a70783f484b,48168b0d21f0a2e9
sqam/58_guitar_sarasate_stereo.wav,sqam,high,1,705600,2,44100,570012,570012,1.0,33.60062359499454,33.60062359499454,0.0,False,831504094.0,831504094.0,38.914501599398996,8.950008185543357,1045.0,0,0,0,0,0,0,0,36.008599997,41.279400006,1.1463761437389717,3.629300013,True,6039486ac38b624fd55e9d51f7a05ee6c516774f94eb1182f8dc766907fa7d5f,17cec7187fd33985dafc45c4f5b56033297f1c761d47f62d8237d63b9e597fb6,8cd9031206db6bb4,9c850bc763a9888d
sqam/58_guitar_sarasate_stereo.wav,sqam,medium,1,705600,2,44100,429424,429424,1.0,26.905898973414523,26.905898973414523,0.0,False,3884515458.0,3884515458.0,31.346559789276448,11.97575725861604,1920.0,0,0,0,0,0,0,0,79.224399999,92.092399999,1.1624247075416465,3.367800012,True,990796c4d3c148b445d65ec37d5719364b1804c17d5106f5bc3c7ee9cec17440,d7e4a65d2e7609a190ed069349a60c61fe07129d5fea2ca5d3584587aa0e4be6,83652c5b31e4335e,f51d4764ee9c2be9
sqam/58_guitar_sarasate_stereo.wav,sqam,low,1,705600,2,44100,428892,428892,1.0,26.26624966812826,26.26624966812826,0.0,False,4500925086.0,4500925086.0,31.318186801264485,11.955748913699656,2898.0,0,0,0,0,0,0,0,85.624600008,83.269599989,0.9724962216608315,3.371300012,True,e1fa564e06a67905b5d2fde8ccc1b86d0e3baca64494bc5d7b9d037b58989834,0d756712da9244aa08c4d3eb8d42d1da0af36bda3f145bb1376b146b631e8ebf,e752151d3f1a5c1d,cdd1d00cde2c157b
sqam/59_violin_ravel_stereo.wav,sqam,high,1,1278900,2,44100,1033132,1033132,1.0,38.36957372951155,38.36957372951155,0.0,False,525144896.0,525144896.0,32.59853875604548,7.975442253841786,285.0,0,0,0,0,0,0,0,69.250300005,77.662599996,1.1214767299259731,6.628299996,True,3747e85cd4287707ff7100230b8b9fb2e748586d1745a21354893a6176dd8b5b,6bc5ef94d2f8346db2cf3c8ff600c37ddeef4f6b0773245110c4b1ffa5976db9,bf90064e26824c58,158e2bcb34355312
sqam/59_violin_ravel_stereo.wav,sqam,medium,1,1278900,2,44100,777352,777352,1.0,29.50482301246496,29.50482301246496,0.0,False,4043469956.0,4043469956.0,25.000476985542328,11.168967125718167,733.0,0,0,0,0,0,0,0,161.071899995,172.591499999,1.0715183716362544,6.027400002,True,aaab6ccfb43e54f7e4af5924695b126de04c597796280c3574742a14e62552a7,8b6f709169a102724b35791d1c58978b793cd7d78fa9c1825f2f6aa51ce92441,0eb026f451bf3997,b8e39ac3fefa38f2
sqam/59_violin_ravel_stereo.wav,sqam,low,1,1278900,2,44100,777352,777352,1.0,29.50482301246496,29.50482301246496,0.0,False,4043469956.0,4043469956.0,25.000476985542328,11.168967125718167,733.0,0,0,0,0,0,0,0,158.534299999,171.875799999,1.0841552900544813,5.918000013,True,aaab6ccfb43e54f7e4af5924695b126de04c597796280c3574742a14e62552a7,8b6f709169a102724b35791d1c58978b793cd7d78fa9c1825f2f6aa51ce92441,0eb026f451bf3997,b8e39ac3fefa38f2
sqam/60_piano_schubert_stereo.wav,sqam,high,1,4057200,2,44100,3277492,3277492,1.0,49.06979259305067,49.06979259305067,0.0,False,177798560.0,177798560.0,43.080466161224514,8.968991197117726,313.0,0,0,0,0,0,0,0,161.571099997,188.925699994,1.1693037925563912,20.705600008,True,7c4ba89280b756f07f9c2b587163da401d0afe37f51314a5aa892ff72b4768ab,ddb265240369fd651e089adafd2b6342d740f0bfa4cac844530a9f03adc146d0,eccb6c835eeda4cf,f2792573751af3ca
sqam/60_piano_schubert_stereo.wav,sqam,medium,1,4057200,2,44100,2466052,2466052,1.0,38.958717856940915,38.958717856940915,0.0,False,1824045691.0,1824045691.0,35.64348397146641,13.510613743877933,1034.0,0,0,0,0,0,0,0,345.193200007,371.047200009,1.0748971880137723,18.866099998,True,173f13bed3ad701c69fe04bc0aec4d90ffca8bcbab262547cc6cb1c8ffe25512,44f09440715d0cbde7b4cabd351a1d5267e85ef8c02598499c702cc4f5bb760a,a8860b377911ea6f,04209a4b68472889
sqam/60_piano_schubert_stereo.wav,sqam,low,1,4057200,2,44100,2466052,2466052,1.0,38.958717856940915,38.958717856940915,0.0,False,1824045691.0,1824045691.0,35.64348397146641,13.510613743877933,1034.0,0,0,0,0,0,0,0,338.328000009,371.269400001,1.0973652786382555,17.996000007,True,173f13bed3ad701c69fe04bc0aec4d90ffca8bcbab262547cc6cb1c8ffe25512,44f09440715d0cbde7b4cabd351a1d5267e85ef8c02598499c702cc4f5bb760a,a8860b377911ea6f,04209a4b68472889
sqam/61_soprano_mozart_stereo.wav,sqam,high,1,7893900,2,44100,6376812,6376812,1.0,41.04633565603692,41.04633565603692,0.0,False,4352254350.0,4352254350.0,40.96225938365774,11.145455800303765,569.0,0,0,0,0,0,0,0,441.409899995,503.519299999,1.1407068577408517,40.310499996,True,dd1d8a47fe01f27d773925ebeca7fdbe731ba0f9cf2135ae6a4548b909be0838,5c5686e4dd21a1d0ef49c2ada3cdaf013fe2351384437bdf1f5b055d55e3c9e4,f6c8d58d0ee92d62,ac9ec87228079f4a
sqam/61_soprano_mozart_stereo.wav,sqam,medium,1,7893900,2,44100,4798164,4798164,1.0,31.240840709164083,31.240840709164083,0.0,False,41616328474.0,41616328474.0,31.670933694692735,15.966537215565372,1298.0,0,0,0,0,0,0,0,1068.287200004,1139.783800006,1.066926384591833,37.020199999,True,4184f0ac79b7e4ac748fcc3220e466088353fb416a05191a1cba76d892a27497,cbbcd42513047ccff4b0f84ddcbbcf68f65c98f21d1a031dd180ce2658d5404b,efbb339902365932,b0e49b1c34a15f26
sqam/61_soprano_mozart_stereo.wav,sqam,low,1,7893900,2,44100,4798032,4798032,1.0,31.25096154277233,31.25096154277233,0.0,False,41519458364.0,41519458364.0,31.666414870000654,15.96921401588524,1312.0,0,0,0,0,0,0,0,1048.323699996,1132.722299993,1.080508148387108,40.0634,True,869c36658f37f6fbe10f7697c29d7f8910b6043315e6b45096ff4f46404603e1,73b7684758d7c98d612d8384a2c0be50a98d3754d190d7435140abe2d87b9fc6,c1490e5a3da4655b,3d5ebc9e58e26970
sqam/62_soprano_spiritual_stereo.wav,sqam,high,1,1367100,2,44100,1104412,1104412,1.0,43.754988850323535,43.754988850323535,0.0,False,317762260.0,317762260.0,38.185261942604676,8.982492419278227,247.0,0,0,0,0,0,0,0,63.077900007,74.702399999,1.1842879992946813,6.645600006,True,95d1b3eb8b1aa81e81374a77743ddee996c604382281d40b52c98501af141134,563c7c839474eebf8add0023a0e0d1a3ccd85aba86e36551513905a06289cce2,3a0bbd3595b9e12b,3ded49f18f19414a
sqam/62_soprano_spiritual_stereo.wav,sqam,medium,1,1367100,2,44100,830992,830992,1.0,33.86694768864155,33.86694768864155,0.0,False,3096752036.0,3096752036.0,30.841837108045254,12.929666148769794,738.0,0,0,0,0,0,0,0,146.040800005,151.449699998,1.0370369101841048,6.062899992,True,266ccf666a161e85fa510ec92c5c9c0a9a042e7aa61b0b68fc8212ad4c445ff4,36bbbbe280833c870bd97119f1569f520835b9b749e031b7df02447ba6631d3f,567931ee40e36aaa,501af254d5963e2f
sqam/62_soprano_spiritual_stereo.wav,sqam,low,1,1367100,2,44100,830992,830992,1.0,33.86694768864155,33.86694768864155,0.0,False,3096752036.0,3096752036.0,30.841837108045254,12.929666148769794,738.0,0,0,0,0,0,0,0,140.2773,151.8204,1.0822877258116603,6.132300004,True,266ccf666a161e85fa510ec92c5c9c0a9a042e7aa61b0b68fc8212ad4c445ff4,36bbbbe280833c870bd97119f1569f520835b9b749e031b7df02447ba6631d3f,567931ee40e36aaa,501af254d5963e2f
sqam/63_soloists_verdi_stereo.wav,sqam,high,1,2513700,2,44100,2030612,2030612,1.0,39.30021954652573,39.30021954652573,0.0,False,2653290226.0,2653290226.0,38.629442103823976,9.229639187934044,746.0,0,0,0,0,0,0,0,140.386299998,162.850999996,1.160020600288775,12.579400003,True,13037f1f35502ef34cb816864848e8b0842e46f345283b54ee7cc7fafcd4b8a3,08a9e94dba6068dcc562271d8ae8d780c1a1da7bc79b84d2f597adaee42d91e4,a3df98137c413478,13edaec836a4dce2
sqam/63_soloists_verdi_stereo.wav,sqam,medium,1,2513700,2,44100,1528890,1528890,1.0,30.056188543087345,30.056188543087345,0.0,False,22293992852.0,22293992852.0,30.113768014210912,13.139563156218667,1512.0,0,0,0,0,0,0,0,331.698899999,343.811900005,1.036518059016887,11.431099996,True,d28aa2ad8cc696fd6e91602cc045e6ec4d023df2a63d2cdab96d77c963078cdc,af90b9dbbba5597599cbb93eec3218866a77b23af63ae7fa2961741afa9b9dd6,ee4ecc0f433cfa6e,67767f72664715f8
sqam/63_soloists_verdi_stereo.wav,sqam,low,1,2513700,2,44100,1527872,1527872,1.0,30.022172493216427,30.022172493216427,0.0,False,22469295848.0,22469295848.0,30.11850462811306,13.126485147419986,2099.0,0,0,0,0,0,0,0,334.240899995,353.927000001,1.0588979386014532,11.881799996,True,2b028d6ef289d374b30113c2295a398c565d5e273ea5e40cf75c1cc67e08d574,af5da5e367054e5e47ab7706138ea943404dbc16b3f364b10adecd96e5aefe3e,852225f4cf01dc2e,8b3191e0206f5b59
sqam/64_choir_orff_stereo.wav,sqam,high,1,1367100,2,44100,1104412,1104412,1.0,35.59878688032061,35.59878688032061,0.0,False,15835217863.0,15835217863.0,36.92247123584072,11.611909541872052,1789.0,0,0,0,0,0,0,0,109.305799991,121.016800001,1.107139785912223,7.216000006,True,e53fcbf40b2e5e28031a742feb7925e1a46f3740bd351b0c81be1fb3348684da,a64da886147a57de6c330bf357faf5cd7846661bbe7f7f06bcd2f890cc4d6ad7,05e2d75ae310a4dc,1fff3bbf7e844fe0
sqam/64_choir_orff_stereo.wav,sqam,medium,1,1367100,2,44100,840810,840810,1.0,27.49574807972699,27.49574807972699,0.0,False,102312317690.0,102312317690.0,28.426775896726607,15.273956920583894,2345.0,0,0,0,0,0,0,0,269.413499996,271.600600004,1.008118004509917,6.548500001,True,578c7643cd651570a54274f85729b03d50c994c9d36fa48f4cc36215ba64e444,021495ea3758fc1fc866c9b7b958b92e5759850db4b3f2478c1e3eb4cd4257ad,f501f2464fb52ecb,921220969b8477de
sqam/64_choir_orff_stereo.wav,sqam,low,1,1367100,2,44100,831124,833618,1.0030007556032554,26.853361052616034,27.21493228698928,0.36157123437324756,False,118622377890.0,109146421692.0,28.341695326399943,15.329569587473491,3175.0,0,0,0,0,0,0,0,253.656800002,285.128800005,1.1240731571270783,6.366099998,True,b1ce9ad28ab8925c34c7fd00e9f969d7e29dc1832c6cad7789440ebe51ec447d,d3271a17d5e1ed613b48fdb518792415b7c6eb6252854049df26100d64accb09,2424eeaface78cb0,71515111cacac5ba
sqam/65_orchestra_strauss_stereo.wav,sqam,high,1,4939200,2,44100,3989972,3989972,1.0,31.78338741890512,31.78268361368954,-0.0007038052155827756,False,57824849055.0,57834220744.0,42.3888541345126,11.08277058993607,6154.0,0,0,0,0,0,0,0,289.411899999,342.080500007,1.1819849149540222,25.007300004,True,c8e1c82b7575b96b0233d0202c2a3c61eb5166c7a4ed7f8bb4fdfd8992618cf9,1ca08323ebfd8853778518add83f4ee5061a5c078a662f9b0b7cd06a75e30fcc,2ebe1999de6e39de,9ff626724e05d8ec
sqam/65_orchestra_strauss_stereo.wav,sqam,medium,1,4939200,2,44100,3031306,3031144,0.9999465576883363,26.331838127306124,26.333784564986512,0.0019464376803881578,False,202894108714.0,202803195228.0,33.67717147168246,15.686232624309635,5391.0,0,0,0,0,0,0,0,663.631099999,737.75379999,1.111692625603459,23.033800006,True,e449362ef9ce3485edc79bbcdb0c83805b2651b9fdcbaa861085adb88330185b,640a4f28e6ded5d12099a25e814fccfce91cabc91a329a1dffc9e2e9e6150bf0,37acd1766d8a8f09,9608cd565b98dbfb
sqam/65_orchestra_strauss_stereo.wav,sqam,low,1,4939200,2,44100,3004310,3012450,1.0027094407700936,24.300155810253294,25.240337566263342,0.9401817560100483,False,323919929050.0,260867209784.0,33.54874784405411,15.74591454516889,7121.0,0,0,0,0,0,0,0,714.503899992,775.256300002,1.0850273875491514,23.828699991,True,a3867292d2b801ddd7452992e71043090cd2f40cd927533c4b845338a064bec5,1eb687d9a45241f237f66d0174379719eb73c05474d761eab9655416869cec61,973b31b4b5b4d05c,6d6aebdf5e5c7332
sqam/66_wind_ensemble_stravinsky_stereo.wav,sqam,high,1,793800,2,44100,641292,641292,1.0,32.56765547862808,32.56765547862808,0.0,False,4794426512.0,4794426512.0,36.34765133860545,10.055101913762003,2621.0,0,0,0,0,0,0,0,57.235999987,55.112800002,0.9629044659745223,4.14639999,True,1a89b313ec99d2ff8f38c9d892966fceada0cabd853571cacdef24484182c8c3,caf214993a8f45cb74641f48ccbf5ee7f3f60939c0f5bb9fd94861f963319e39,04fd14fcd6a06ccc,f8465ecf9108d699
sqam/66_wind_ensemble_stravinsky_stereo.wav,sqam,medium,1,793800,2,44100,485892,485892,1.0,24.8879501709056,24.8879501709056,0.0,False,28100056751.0,28100056751.0,28.18294387772395,13.40172362694216,3429.0,0,0,0,0,0,0,0,119.50559999,123.834000006,1.036219223336498,3.5713,True,b14660429b6ffda1ab8ffe623c9e7300be3b47dc9387132ac85c58557f2da645,c18ea92adc60117fe9993cb93476fe83b3a781e4830a18bc0623dc24f158300c,15057d756a0179f5,09a317ca08b184a4
sqam/66_wind_ensemble_stravinsky_stereo.wav,sqam,low,1,793800,2,44100,482598,482598,1.0,24.505815842707264,24.505815842707264,0.0,False,30684611557.0,30684611557.0,28.055183186918146,13.446868463289833,9128.0,0,0,0,0,0,0,0,121.037700012,122.1611,1.0092814056107198,3.618100002,True,b873eb8b1916f73b33da73a68bc7614f7e6dfb1a5a44e2cc9e483b0c87fb0a0a,ff45d597e8b0539b5f47d2ee4437d57b01b09e3c4bac0445010001ac98ee4ca1,e2a1832439a170d7,8dc617eacc3b83a6
sqam/67_wind_ensemble_mozart_stereo.wav,sqam,high,1,3616200,2,44100,2921252,2921252,1.0,45.9112739306238,45.9112739306238,0.0,False,353726339.0,353726339.0,45.205505380797504,8.534375693422403,169.0,0,0,0,0,0,0,0,168.133300006,194.003000006,1.1538642255821827,17.769600004,True,e8e7643a87cf0200d35185ffe6cf29d684eee083c5209da5ba7b2375a2ab6806,1713e67bd7b8dcafcb4360e3e32bd099e50df331c8d960d2e856804480bf577c,9f5aeab7463b8ac3,b297371346243953
sqam/67_wind_ensemble_mozart_stereo.wav,sqam,medium,1,3616200,2,44100,2198012,2198012,1.0,36.53674559669738,36.53674559669738,0.0,False,3062811243.0,3062811243.0,36.89762939748277,13.106501557370002,440.0,0,0,0,0,0,0,0,392.556700006,421.99589999,1.0749934977126872,16.980399996,True,0c907f302849aa84bd9912e0103c1b187e3a24f10e575706bc78a1c53743a345,298c1c92a467f3fb97b84d70dd4af386a88073020a84660b8d6b71e522f8ff51,b2f0ccf0dd088219,660743e4341b4d11
sqam/67_wind_ensemble_mozart_stereo.wav,sqam,low,1,3616200,2,44100,2198012,2198012,1.0,36.53674559669738,36.53674559669738,0.0,False,3062811243.0,3062811243.0,36.89762939748277,13.106501557370002,440.0,0,0,0,0,0,0,0,378.487399995,408.385499999,1.07899364682786,17.028099999,True,0c907f302849aa84bd9912e0103c1b187e3a24f10e575706bc78a1c53743a345,298c1c92a467f3fb97b84d70dd4af386a88073020a84660b8d6b71e522f8ff51,b2f0ccf0dd088219,660743e4341b4d11
sqam/68_orchestra_baird_stereo.wav,sqam,high,1,7232400,2,44100,5842452,5842452,1.0,42.74283481176225,42.74283481176225,0.0,False,1221596241.0,1221596241.0,38.466136934999675,7.423600115584482,453.0,0,0,0,0,0,0,0,326.938800007,386.042899996,1.1807803172573417,34.7271,True,c5e7e22cac122c9ed5d264b674be2fa3dc7d520cf20a480022da4bfba021125b,2fcbcfbd3a8ca3c85b964d10682b6cb5bfb5623719459334656b723185f6b6fc,a43c7e8ea88afa39,7e8de3bab7d0e208
sqam/68_orchestra_baird_stereo.wav,sqam,medium,1,7232400,2,44100,4396104,4396104,1.0,33.98135486549509,33.98135486549509,0.0,False,9184926436.0,9184926436.0,31.598441715673946,10.911596050130738,1506.0,0,0,0,0,0,0,0,691.57540001,725.770499989,1.049445223150658,31.926300004,True,e90f8de7db343330e1dc4fb71ce4dea982b5c645c5c2f8e3ae00253dc1ffbaba,cfa8ba4bbf2b3faa62c8a9ec0d753e65bdacbdcff7198ebebe630e3acf163547,92940c8a2da8ffb4,4889c8b15c5f6f5d
sqam/68_orchestra_baird_stereo.wav,sqam,low,1,7232400,2,44100,4395972,4395972,1.0,33.96834077127158,33.96834077127158,0.0,False,9212491321.0,9212491321.0,31.586872506542413,10.925942245480284,1506.0,0,0,0,0,0,0,0,673.386199996,738.226400003,1.0962897665669198,32.623400003,True,345c46c3d54be9eb3454a092abb846a8d077918d2ba17a710d978765c3f832ac,75c956fe721401ce3e4dffc8f0afb82c72126b625eec10a12e99724dd2f9f557,ae4ba15813248748,2b86e9fd32e3572d
sqam/69_abba_stereo.wav,sqam,high,1,1455300,2,44100,1175652,1175652,1.0,33.2330436395424,33.2330436395424,0.0,False,3246081945.0,3246081945.0,36.29823880401886,10.438752672149969,996.0,0,0,0,0,0,0,0,85.687299997,99.862999991,1.1654352511340222,7.74530001,True,8f702179bae7207a9197b1bbd02a80c404104a20b4e54ae5f83e3ad48a7ecaf5,e8a03017c249a549a1d46a608a90f70c4be622f0c0916d87e4c0f950a88f0e2b,f655c1502e626969,8fcf117ddf6c8501
sqam/69_abba_stereo.wav,sqam,medium,1,1455300,2,44100,886548,886548,1.0,25.61795663707859,25.61795663707859,0.0,False,18744254805.0,18744254805.0,28.539686962004875,13.440969973398678,1953.0,0,0,0,0,0,0,0,202.291800007,227.67750001,1.1254905043215866,6.586400002,True,0bdb55d097eb4c6b7806780aa5bfe098c8fc16c9ed5943faeaa9a9286d2eb1b2,37af69d2d6c89b129a5fb086e8b0ea81ffa31da5f0cb56b6fd567ed024198d6c,b1e7f0ca24b0c616,b955bd9f878a0f2f
sqam/69_abba_stereo.wav,sqam,low,1,1455300,2,44100,884592,884592,1.0,25.53294034849349,25.53294034849349,0.0,False,19114802195.0,19114802195.0,28.533774248248402,13.451483145795727,2850.0,0,0,0,0,0,0,0,206.586300001,220.500100002,1.0673510295742392,6.820299998,True,c1f5109e82d91f905f10feca6b33204bca4c58619f92911e75349727b7f1a77a,67f7c9b9ffce1accdbaa9f7c04fc9ec956f6d911a3e09c6575c7a9ff5454a87b,d3d655102012217d,31a1c19eccd7fcb2
sqam/70_eddie_rabbitt_stereo.wav,sqam,high,1,926100,2,44100,748132,748132,1.0,32.00912346930769,32.00912346930769,0.0,False,5500722297.0,5500722297.0,33.39326904526864,8.144473120398525,1923.0,0,0,0,0,0,0,0,55.309599996,61.699000001,1.115520633044934,4.529700011,True,9de6383d80f1aa95125b6886985694031c63a0200a3b61d054bd0203cbe9e009,d5f78d3e985e0027697c088c76fa757c9c9655d641128a150f4c6fdeaecd7357,74373a4f8172eee4,af0a35bc735e4d4f
sqam/70_eddie_rabbitt_stereo.wav,sqam,medium,1,926100,2,44100,567032,567032,1.0,25.205775932820934,25.205775932820934,0.0,False,26348413708.0,26348413708.0,26.900400497241932,9.802394074470538,2011.0,0,0,0,0,0,0,0,123.30399999,131.046100006,1.0627887174514037,4.221199989,True,1d8ae879a6e647b514155b67dae65a1ee6f184d2abc82c45194d2d26f1c29afe,6fa29b845377f1c9c55062b30f5f46ae59ce5cca1fd6b86d40c68ed45ce8c234,96ec0d50f16d3fde,468e71f35521bc80
sqam/70_eddie_rabbitt_stereo.wav,sqam,low,1,926100,2,44100,562912,562912,1.0,24.696585605302378,24.696585605302378,0.0,False,29626033298.0,29626033298.0,26.788429794353167,9.846688221237281,4127.0,0,0,0,0,0,0,0,123.758200005,132.269699991,1.0687752406358215,4.184400007,True,fc51e5a899d63284d7183d07ea868a16d7411fbedf01db77de3f26b2f053afd8,78564011c76020d729bd3d517b1c0006c4c56b233bf326220578a8332e353461,4fe79f406f14840e,316c4b74c9eac75b
