asset,category,lane,revision,codec,quality,source_frames,source_rate,stored_frames,stored_rate,channels,encoded_bytes,trials,duration_seconds,kbps,encode_median_ms,encode_p95_ms,encode_p99_ms,decode_median_ms,decode_p95_ms,decode_p99_ms,decode_realtime,encoded_sha256,decoded_sha256,encoded_fnv64,decoded_fnv64,decoder_state_bytes,four_slot_pcm_bytes,init_first_frame_median_ms,stream_decode_median_ms,snr_db,segmental_snr_db,log_spectral_rms_db,exact_pcm,compared_frames,reference_frames,decoded_frames,max_abs_error
bandcamp/allegaeon-beasts-and-worms.wav,bandcamp,normalized,baseline,rgs,high,6712438,44100,6712438,44100,2,5422444,7,152.2094784580499,284.9990187171934,1059.976299997,1071.5069300026998,1071.82970600294,101.619800001,105.7298900003,106.49493800006,1497.832887454532,ce9ec7484b8706cbb55b4f978b51aa1c29bb0ec6b41a61ebedf74e267a6c7b76,14a8ea614f73310cf83de81b93119f34de7bda48e420d39277afa3b3573f07b4,57c3de7ed91a377f,8fe40e92b4227916,48,81920,0.060870909,102.7216,29.15853697408004,34.8413440951535,9.843381623786476,False,6712438,6712438,6712438,36385.0
bandcamp/allegaeon-beasts-and-worms.wav,bandcamp,normalized,candidate,rgs,high,6712438,44100,6712438,44100,2,5422444,7,152.2094784580499,284.9990187171934,1042.079100002,1058.9583399992998,1059.54110799906,87.9476,90.3557900003,90.50619800006001,1730.6837077765613,ce9ec7484b8706cbb55b4f978b51aa1c29bb0ec6b41a61ebedf74e267a6c7b76,14a8ea614f73310cf83de81b93119f34de7bda48e420d39277afa3b3573f07b4,57c3de7ed91a377f,8fe40e92b4227916,48,81920,0.04653907,86.126699999,29.15853697408004,34.8413440951535,9.843381623786476,False,6712438,6712438,6712438,36385.0
bandcamp/allegaeon-beasts-and-worms.wav,bandcamp,normalized,baseline,rgs,medium,6712438,44100,6712438,44100,2,4746884,7,152.2094784580499,249.49216293692396,2479.034400001,2564.3242300006,2565.7594060001197,107.0119,114.0330999997,116.32245999994,1422.3603025275684,65df51254c14da5f74e2c749184cdc9ddbf8a9d6f91d3697793eea3d2034003d,bf85a991a50d032c347017ef21f878d6e3885259e8135f012e39a99017a1ae55,ea612de391fecf5b,1e62e874965fe3aa,48,81920,0.064161538,104.164500002,27.89409289659046,30.26252233660551,11.78968453724396,False,6712438,6712438,6712438,39308.0
bandcamp/allegaeon-beasts-and-worms.wav,bandcamp,normalized,candidate,rgs,medium,6712438,44100,6712438,44100,2,4746884,7,152.2094784580499,249.49216293692396,2247.889199998,2308.0402999996,2316.28741999912,89.317200001,92.65426999990001,93.25333399918,1704.14520894459,65df51254c14da5f74e2c749184cdc9ddbf8a9d6f91d3697793eea3d2034003d,bf85a991a50d032c347017ef21f878d6e3885259e8135f012e39a99017a1ae55,ea612de391fecf5b,1e62e874965fe3aa,48,81920,0.048407729,89.3112,27.89409289659046,30.26252233660551,11.78968453724396,False,6712438,6712438,6712438,39308.0
bandcamp/allegaeon-beasts-and-worms.wav,bandcamp,normalized,baseline,rgs,low,6712438,44100,6712438,44100,2,4218194,7,152.2094784580499,221.7046687358602,2627.334600002,2654.0109400001,2658.47210800082,103.4087,109.78223999999999,111.482688,1471.921399824675,87e20ddce3ca0d1b5b36398f920d897ce25163e915b40db85979c005c82a4638,e2afa871469ff2ceda48d498f6cef9ce4763775f7595ef0f7c8182a32a7dc2df,c3822bba7f088b4e,b7ed16a69b615471,48,81920,0.062424224,103.080700003,22.914783443784458,27.107809580933854,12.707008326859373,False,6712438,6712438,6712438,61688.0
bandcamp/allegaeon-beasts-and-worms.wav,bandcamp,normalized,candidate,rgs,low,6712438,44100,6712438,44100,2,4218194,7,152.2094784580499,221.7046687358602,2258.948399998,2334.1205800010002,2347.013236001,90.1296,94.05334999930001,94.19002999906,1688.7845775200365,87e20ddce3ca0d1b5b36398f920d897ce25163e915b40db85979c005c82a4638,e2afa871469ff2ceda48d498f6cef9ce4763775f7595ef0f7c8182a32a7dc2df,c3822bba7f088b4e,b7ed16a69b615471,48,81920,0.049681683,89.0275,22.914783443784458,27.107809580933854,12.707008326859373,False,6712438,6712438,6712438,61688.0
bandcamp/allegaeon-beasts-and-worms.wav,bandcamp,normalized,reference,pcm,default,6712438,44100,6712438,44100,2,26849796,7,152.2094784580499,1411.202312602366,1.215288889,1.5148985716999999,1.52716257194,1.3257375,1.7338954168999996,1.8453524169799997,114811.17374898869,9b66a8b3f1a1ba42db71b114a7ad08445538c938e4ff064c00b5765e9e5819a1,9b66a8b3f1a1ba42db71b114a7ad08445538c938e4ff064c00b5765e9e5819a1,00498a780d477ed5,625b58b2df20856a,,,,,,60.0,0.0,True,6712438,6712438,6712438,0.0
bandcamp/allegaeon-beasts-and-worms.wav,bandcamp,normalized,reference,qoa,default,6712438,44100,6712438,44100,2,5422440,7,152.2094784580499,284.9988084806146,668.595800001,786.4298999993998,821.9306999998798,38.987200003,41.1516099976,41.32736199712,3904.088481510281,0133acf8629a64ab36a7b7276c5125519aa01ff28e286d5904d35ff6fbd1fff6,14a8ea614f73310cf83de81b93119f34de7bda48e420d39277afa3b3573f07b4,cd638c00e616c2d7,8fe40e92b4227916,268,81920,0.030108408,,29.15853697408004,34.8413440951535,9.843381623786476,False,6712438,6712438,6712438,36385.0
bandcamp/allegaeon-beasts-and-worms.wav,bandcamp,normalized,reference,ima,default,6712438,44100,6712438,44100,2,6735932,7,152.2094784580499,354.0348245451206,145.7291,150.53412999929998,151.02562599906,99.1294,102.2760800016,103.26161600112,1535.462521290857,f68d159466a8101046d99bc750279e3787c907775e63ab455c1d9d011cf50150,6f0a5d81824aaae247808e3d0316f78e79e70841b293f2823f70acc3e645c83d,2d02488c0d6efcae,d9f1e08ecc934f13,,,,,29.693208668101946,34.40788342631297,10.171290590395616,False,6712438,6712438,6712438,20311.0
bandcamp/darkside_narrow_road.wav,bandcamp,normalized,baseline,rgs,high,6440706,44100,6440706,44100,2,5202908,7,146.0477551020408,284.9976295145284,587.4362,603.0659000011,604.48862000182,88.861900002,91.8288200012,92.67736400263999,1643.5362635590025,56321bc3486b7246b157ea0e1512adb83744e110a30e3863ee43bf6f56531644,a705b706d61f8f83d05d05838a069b75cc138986e5ec1faec74a41a512076fc1,da9a32b421e85b14,e1a9da5274f6d1e0,48,81920,0.053956989,88.901500002,36.090542401809344,44.42103174412854,7.109029177631912,False,6440706,6440706,6440706,35485.0
bandcamp/darkside_narrow_road.wav,bandcamp,normalized,candidate,rgs,high,6440706,44100,6440706,44100,2,5202908,7,146.0477551020408,284.9976295145284,572.544500001,583.8833599997,584.11803199994,75.299199998,77.2539100003,77.38862200006001,1939.5658268071895,56321bc3486b7246b157ea0e1512adb83744e110a30e3863ee43bf6f56531644,a705b706d61f8f83d05d05838a069b75cc138986e5ec1faec74a41a512076fc1,da9a32b421e85b14,e1a9da5274f6d1e0,48,81920,0.044813839,74.569200002,36.090542401809344,44.42103174412854,7.109029177631912,False,6440706,6440706,6440706,35485.0
bandcamp/darkside_narrow_road.wav,bandcamp,normalized,baseline,rgs,medium,6440706,44100,6440706,44100,2,3949156,7,146.0477551020408,216.32135309389997,1686.398000002,1732.7294699983,1740.57557399806,90.721100003,98.60363999929999,100.97104799905999,1609.8543238255625,b92b4d3dfe904387a96b47ad872342c8eb39ebf042799a64b8a331c698de1295,f984299ddf5c420aac00725cdd1c26df8c9bf1fd9afce90402d519d170ccbc3a,194112418d20d0cc,7916adf6e94a6559,48,81920,0.065395425,89.3827,32.949514645052474,36.56395282525325,10.11354749688811,False,6440706,6440706,6440706,33620.0
bandcamp/darkside_narrow_road.wav,bandcamp,normalized,candidate,rgs,medium,6440706,44100,6440706,44100,2,3949156,7,146.0477551020408,216.32135309389997,1225.832699999,1237.5148099993,1237.6720819990599,76.787,78.49159999929999,78.63223999905999,1901.9854285496344,b92b4d3dfe904387a96b47ad872342c8eb39ebf042799a64b8a331c698de1295,f984299ddf5c420aac00725cdd1c26df8c9bf1fd9afce90402d519d170ccbc3a,194112418d20d0cc,7916adf6e94a6559,48,81920,0.046433796,76.2128,32.949514645052474,36.56395282525325,10.11354749688811,False,6440706,6440706,6440706,33620.0
bandcamp/darkside_narrow_road.wav,bandcamp,normalized,baseline,rgs,low,6440706,44100,6440706,44100,2,3925468,7,146.0477551020408,215.0238049058597,1763.642700002,1824.6206000008,1831.91012000176,90.436999999,96.0345700014,96.89979400188,1614.911541776659,f553d730094da54de093e7e15e1c4db10687b3863dfd7a2b0d92a0d5b94dab5a,718ebf0162926dd177f030d9b8004a8d6c0e5015f47b9c62f1cfc559d325ab4e,787f2e3e195474df,dced720a7d5d8a82,48,81920,0.06685,90.9472,30.7243213392616,36.3966503919079,10.292169424131771,False,6440706,6440706,6440706,41312.0
bandcamp/darkside_narrow_road.wav,bandcamp,normalized,candidate,rgs,low,6440706,44100,6440706,44100,2,3925468,7,146.0477551020408,215.0238049058597,1226.919100001,1255.0270500001,1260.8742900008199,77.602299999,79.0685500007,79.42819000093999,1882.0029187784744,f553d730094da54de093e7e15e1c4db10687b3863dfd7a2b0d92a0d5b94dab5a,718ebf0162926dd177f030d9b8004a8d6c0e5015f47b9c62f1cfc559d325ab4e,787f2e3e195474df,dced720a7d5d8a82,48,81920,0.047062911,75.870300002,30.7243213392616,36.3966503919079,10.292169424131771,False,6440706,6440706,6440706,41312.0
bandcamp/darkside_narrow_road.wav,bandcamp,normalized,reference,pcm,default,6440706,44100,6440706,44100,2,25762868,7,146.0477551020408,1411.2024101705622,1.09097,1.4217437497999998,1.44993732116,1.2553375,1.44205375,1.49953075,116341.42619179368,ea582e392f4145e0c45ed3a72525e6b13c94fd73b8fafa769eddf1e5e89c02d8,ea582e392f4145e0c45ed3a72525e6b13c94fd73b8fafa769eddf1e5e89c02d8,87ac62b0a1fba71a,7929ef207464799d,,,,,,60.0,0.0,True,6440706,6440706,6440706,0.0
bandcamp/darkside_narrow_road.wav,bandcamp,normalized,reference,qoa,default,6440706,44100,6440706,44100,2,5202904,7,146.0477551020408,284.9974104081137,378.655000001,499.7483800012999,538.51591600106,37.579500001,38.4478999996,38.65765999912,3886.367703086907,1f0de8f9cc3f7da9c02ec1f41568012daa7adb3a9ee8e7c969984e2ffc7389bc,a705b706d61f8f83d05d05838a069b75cc138986e5ec1faec74a41a512076fc1,39a9113d270b6c5c,e1a9da5274f6d1e0,268,81920,0.029875224,,36.090542401809344,44.42103174412854,7.109029177631912,False,6440706,6440706,6440706,35485.0
bandcamp/darkside_narrow_road.wav,bandcamp,normalized,reference,ima,default,6440706,44100,6440706,44100,2,6463548,7,146.0477551020408,354.0512071813245,131.835200001,132.8498800001,133.09165600082,96.710899998,100.2791499997,100.65918999994,1510.1478231001995,647306f35371ad7b7d6a6e8a19a33b8b3bc80fc498afb9264f677f6d06567dfa,6cd6a6f860d31d684859418a6493854ab8973e06cc772a0ee29f08ec7815e4a3,a9f3ecec2c92317a,2e8efb2eb4ea184a,,,,,36.55340354011833,42.91059312196878,7.807935559288044,False,6440706,6440706,6440706,24390.0
bandcamp/forest_swords_annekas_battle.wav,bandcamp,normalized,baseline,rgs,high,6216862,44100,6216862,44100,2,5022116,7,140.9719274376417,284.99949408560144,645.5623,651.0900499994,652.3794499998801,81.7993,82.5906500017,82.67597000194,1723.3879438777803,5efa5fb1a2de67edac2402eba72554fb5ee3ccbc9fd0974e9540901cfaa4098d,4b2e2c1bcff83d0820d5a3feaf0840c9e97a86429960532d154db24cf7f74ab9,6a7483409551e83c,4a2ad59613467582,48,81920,0.057066477,80.813900001,48.67600906850452,50.44802913091439,10.684918914848321,False,6216862,6216862,6216862,915.0
bandcamp/forest_swords_annekas_battle.wav,bandcamp,normalized,candidate,rgs,high,6216862,44100,6216862,44100,2,5022116,7,140.9719274376417,284.99949408560144,628.385200001,635.1161100016001,636.86146200112,68.616900001,69.2457900023,69.24715800205999,2054.478232557682,5efa5fb1a2de67edac2402eba72554fb5ee3ccbc9fd0974e9540901cfaa4098d,4b2e2c1bcff83d0820d5a3feaf0840c9e97a86429960532d154db24cf7f74ab9,6a7483409551e83c,4a2ad59613467582,48,81920,0.04458,67.407399997,48.67600906850452,50.44802913091439,10.684918914848321,False,6216862,6216862,6216862,915.0
bandcamp/forest_swords_annekas_battle.wav,bandcamp,normalized,baseline,rgs,medium,6216862,44100,6216862,44100,2,3790244,7,140.9719274376417,215.0921289872608,1709.5766,1716.1091099973,1717.04422199706,84.470799997,85.1676100014,85.32392200188,1668.8835365907316,a9d04c5f5fefe43bd2742e052ef0adda3a54ebebd42adc0086a479b79713542c,cb8bd7fd792d3a96ebedf53fba1c242b0fff14e64b0008272aa5e60d426a1562,c26058937a559944,adc627f372d0bcb8,48,81920,0.060856364,84.197799999,38.28192834365643,40.95330496227979,16.13529719987844,False,6216862,6216862,6216862,2271.0
bandcamp/forest_swords_annekas_battle.wav,bandcamp,normalized,candidate,rgs,medium,6216862,44100,6216862,44100,2,3790244,7,140.9719274376417,215.0921289872608,1188.246100001,1194.0878400010001,1194.338928001,72.913599998,73.4821800006,73.48395600011999,1933.4106043523916,a9d04c5f5fefe43bd2742e052ef0adda3a54ebebd42adc0086a479b79713542c,cb8bd7fd792d3a96ebedf53fba1c242b0fff14e64b0008272aa5e60d426a1562,c26058937a559944,adc627f372d0bcb8,48,81920,0.043664783,71.9005,38.28192834365643,40.95330496227979,16.13529719987844,False,6216862,6216862,6216862,2271.0
bandcamp/forest_swords_annekas_battle.wav,bandcamp,normalized,baseline,rgs,low,6216862,44100,6216862,44100,2,3778938,7,140.9719274376417,214.45052606926134,1818.862300001,1822.7051999990001,1823.0299199990002,85.9463,86.6721899999,86.82715799918,1640.2326503600705,099f0f972b1e66d84d3e33a145c3fbcf4d68524f0e545505e239ba27a7a4825f,9bad649fbdebbde6645ee6821361fff4cf4c2214eeacac9a6bffb38745d7268d,6ea395d8d9967f2e,e5a1baa8bccb5e6d,48,81920,0.061938272,84.813200001,38.049253331517704,40.91516807255031,16.153260746986064,False,6216862,6216862,6216862,3609.0
bandcamp/forest_swords_annekas_battle.wav,bandcamp,normalized,candidate,rgs,low,6216862,44100,6216862,44100,2,3778938,7,140.9719274376417,214.45052606926134,1193.303599998,1200.46742,1200.646844,72.6417,74.4473200017,74.78250400194,1940.647416534053,099f0f972b1e66d84d3e33a145c3fbcf4d68524f0e545505e239ba27a7a4825f,9bad649fbdebbde6645ee6821361fff4cf4c2214eeacac9a6bffb38745d7268d,6ea395d8d9967f2e,e5a1baa8bccb5e6d,48,81920,0.043259483,72.081299998,38.049253331517704,40.91516807255031,16.153260746986064,False,6216862,6216862,6216862,3609.0
bandcamp/forest_swords_annekas_battle.wav,bandcamp,normalized,reference,pcm,default,6216862,44100,6216862,44100,2,24867492,7,140.9719274376417,1411.2024969510344,1.122744445,1.4226049999,1.46719528558,1.09706,1.3801825,1.3923265,128499.74243673247,f3454c5ee62bf11fae705bb4afbcef67fb4e1bd5a43d9bdffcf3912f0240befa,f3454c5ee62bf11fae705bb4afbcef67fb4e1bd5a43d9bdffcf3912f0240befa,abfda5d569a5fec7,6f929fd428b61b04,,,,,,60.0,0.0,True,6216862,6216862,6216862,0.0
bandcamp/forest_swords_annekas_battle.wav,bandcamp,normalized,reference,qoa,default,6216862,44100,6216862,44100,2,5022112,7,140.9719274376417,284.99926709005285,418.470000003,430.13704999730004,433.81492999706,36.4476,37.09032,37.162944,3867.7972606602825,bfa338d5c258f518bbb3a4afee942931d8129990dea8203767f96589a6d1fe79,4b2e2c1bcff83d0820d5a3feaf0840c9e97a86429960532d154db24cf7f74ab9,5a840f5e89592c92,4a2ad59613467582,268,81920,0.029585251,,48.67600906850452,50.44802913091439,10.684918914848321,False,6216862,6216862,6216862,915.0
bandcamp/forest_swords_annekas_battle.wav,bandcamp,normalized,reference,ima,default,6216862,44100,6216862,44100,2,6238268,7,140.9719274376417,354.01476667810874,117.930299997,121.7340500017,122.63897000194,88.181599997,91.0711300006,91.36174600012,1598.6546790082928,bd6b5a64af5c8ff4120be0c85542a4f0041a18b951c6a910c8a651e7ac72238b,da6d82d03aa2ba7051fbda38b6bed8374575806a19077d2bf427aa9eed1b3e66,c36ecc885dedc4e5,2296bfd36f9233b0,,,,,43.154614745577575,43.972318031470294,14.795628902715684,False,6216862,6216862,6216862,4899.0
bandcamp/four_tet_baby.wav,bandcamp,normalized,baseline,rgs,high,2978836,44100,2978836,44100,2,2406364,7,67.54730158730159,284.9989791985863,306.248300001,310.2563600002,311.23311199924,41.293099999,41.659110000300004,41.770542000060004,1635.8011771685194,59f375e6430fcb90207ddc9493a8f33b66909e7eeb58c807632a9dc5c625e42d,880c15a5fc09ca9036aecfd28c13371731627479289b75936c17a97ea9d036be,84f59dc554456eb3,36946886a0516d1b,48,81920,0.053133333,40.914799999,38.98932946656028,44.69802080058999,7.044398024833027,False,2978836,2978836,2978836,3975.0
bandcamp/four_tet_baby.wav,bandcamp,normalized,candidate,rgs,high,2978836,44100,2978836,44100,2,2406364,7,67.54730158730159,284.9989791985863,298.3422,301.1847999991,301.53183999982,34.798900001,35.1834100006,35.23772200012,1941.075769215708,59f375e6430fcb90207ddc9493a8f33b66909e7eeb58c807632a9dc5c625e42d,880c15a5fc09ca9036aecfd28c13371731627479289b75936c17a97ea9d036be,84f59dc554456eb3,36946886a0516d1b,48,81920,0.043450649,34.5524,38.98932946656028,44.69802080058999,7.044398024833027,False,2978836,2978836,2978836,3975.0
bandcamp/four_tet_baby.wav,bandcamp,normalized,baseline,rgs,medium,2978836,44100,2978836,44100,2,1840032,7,67.54730158730159,217.92515250923515,873.260300003,885.0412199996,888.6773639991201,42.217799999,42.6068600002,42.70689199924,1599.972087339974,901ac99e81194cb39c8186343a54798967cc82bbc8af7325925c3be0d8998af8,4d5c6c293fd02855e9daa54c29d7077843ddee37f80b221c54048329337f31e3,0b5e54fa387801b4,43fce40dd3e5f3ee,48,81920,0.058212209,41.701200001,32.754030046014236,36.97034788048804,10.086722896136681,False,2978836,2978836,2978836,3847.0
bandcamp/four_tet_baby.wav,bandcamp,normalized,candidate,rgs,medium,2978836,44100,2978836,44100,2,1840032,7,67.54730158730159,217.92515250923515,672.048299998,679.5178899993,681.37925799906,35.544399999,36.2621099973,36.32290199706,1900.3640964315603,901ac99e81194cb39c8186343a54798967cc82bbc8af7325925c3be0d8998af8,4d5c6c293fd02855e9daa54c29d7077843ddee37f80b221c54048329337f31e3,0b5e54fa387801b4,43fce40dd3e5f3ee,48,81920,0.046115207,35.189800002,32.754030046014236,36.97034788048804,10.086722896136681,False,2978836,2978836,2978836,3847.0
bandcamp/four_tet_baby.wav,bandcamp,normalized,baseline,rgs,low,2978836,44100,2978836,44100,2,1816498,7,67.54730158730159,215.1378909077237,966.8354,988.7935300004,993.69238600088,41.910100002,42.1429599989,42.15491199818,1611.718931333453,51ebe8421d24321719dc6728ab496d04706797d8ad5e19ee2267672db5fb30e8,2ae54476a8351fd5526efd2c431618078dcb71a78adc6e580ff1bff61d2a21db,b54db675e98b4ce5,2cfd0328c83c7d03,48,81920,0.058152907,41.408300001,30.753869315742723,36.6517014444555,10.329396176065071,False,2978836,2978836,2978836,8452.0
bandcamp/four_tet_baby.wav,bandcamp,normalized,candidate,rgs,low,2978836,44100,2978836,44100,2,1816498,7,67.54730158730159,215.1378909077237,674.010300003,679.1890500001,679.44789000082,35.425900001,35.867390001,35.887238001,1906.72083377966,51ebe8421d24321719dc6728ab496d04706797d8ad5e19ee2267672db5fb30e8,2ae54476a8351fd5526efd2c431618078dcb71a78adc6e580ff1bff61d2a21db,b54db675e98b4ce5,2cfd0328c83c7d03,48,81920,0.046032569,34.840800002,30.753869315742723,36.6517014444555,10.329396176065071,False,2978836,2978836,2978836,8452.0
bandcamp/four_tet_baby.wav,bandcamp,normalized,reference,pcm,default,2978836,44100,2978836,44100,2,11915388,7,67.54730158730159,1411.2052111630178,0.341643333,0.41731961549999996,0.42822392309999996,0.355031035,0.40537752309999997,0.41220190462,190257.45618915142,e6d06419ad06d8740f4eac5afe2880dfc650f15d8b9a18f0efedd6b4fdeaa1b5,e6d06419ad06d8740f4eac5afe2880dfc650f15d8b9a18f0efedd6b4fdeaa1b5,d373d6afbba5ceff,ed16ec4599ebaca0,,,,,,60.0,0.0,True,2978836,2978836,2978836,0.0
bandcamp/four_tet_baby.wav,bandcamp,normalized,reference,qoa,default,2978836,44100,2978836,44100,2,2406360,7,67.54730158730159,284.9985054564938,196.1052,200.7913700008,201.13531400175998,16.980500001,17.580539998899997,17.71882799818,3977.9336052132535,2ed57b904b9f05cd881e77e739e4eb377bf078f317247744b91643c28d6b673a,880c15a5fc09ca9036aecfd28c13371731627479289b75936c17a97ea9d036be,dba27d253fa559e5,36946886a0516d1b,268,81920,0.029565192,,38.98932946656028,44.69802080058999,7.044398024833027,False,2978836,2978836,2978836,3975.0
bandcamp/four_tet_baby.wav,bandcamp,normalized,reference,ima,default,2978836,44100,2978836,44100,2,2990140,7,67.54730158730159,354.1387951535432,57.596899997,58.2197900009,58.230038000179995,42.411199998,42.5018200016,42.52116400112,1592.6760287491732,7d8575acbf2d63031f7cdd582452a234d08052fee1c34837640eecce052477b1,44d35b8dbceba17ea71e4389be7b873345f9e7d49b549b37e6c0accb411286cd,ea599dd176c7cdb0,96b428e860f3a631,,,,,38.03965824413353,42.77533186157108,7.986971192276582,False,2978836,2978836,2978836,10573.0
bandcamp/inverse_phase_atarible_lie.wav,bandcamp,normalized,baseline,rgs,high,2580303,44100,2580303,44100,2,2084428,7,58.51027210884354,284.99993930945317,523.9474,561.0197999994,561.02051999988,33.918099999,39.280299998,40.433979998,1725.045686832947,b49e27732157ca9e36af635d7877f9bbb508bd9bd73b75306c8c20294c1b9e76,74fcc3af98d9491c2bb83ccb21e5025eb211d508c64497a442cb6cc07f96da2d,bd81d4a2b3c7d7c8,958fde5f85d38adb,48,81920,0.050321608,33.820900001,24.42881185497186,23.99727401921627,5.315847732708314,False,2580303,2580303,2580303,16770.0
bandcamp/inverse_phase_atarible_lie.wav,bandcamp,normalized,candidate,rgs,high,2580303,44100,2580303,44100,2,2084428,7,58.51027210884354,284.99993930945317,515.514400002,556.5506499997,558.10380999994,29.369800001,31.8087399992,31.914627998239997,1992.1917107658662,b49e27732157ca9e36af635d7877f9bbb508bd9bd73b75306c8c20294c1b9e76,74fcc3af98d9491c2bb83ccb21e5025eb211d508c64497a442cb6cc07f96da2d,bd81d4a2b3c7d7c8,958fde5f85d38adb,48,81920,0.044615111,29.137899999,24.42881185497186,23.99727401921627,5.315847732708314,False,2580303,2580303,2580303,16770.0
bandcamp/inverse_phase_atarible_lie.wav,bandcamp,normalized,baseline,rgs,medium,2580303,44100,2580303,44100,2,1680254,7,58.51027210884354,229.73798472504973,1014.699900001,1069.8633999986,1070.40147999812,35.6184,38.9569600001,39.09707200082,1642.6979344620627,ed68e4dfe6ad3f09deba0804201f575116db9c4ecdee1751048aca3ed384f2f9,6af5811c8361f80faea29374227c433370422034ecb766a37ab867d0a06eb316,27335c091da29961,af4863820c9e38e4,48,81920,0.053913978,36.038699999,22.08578958078781,21.095261527034857,6.226781595012501,False,2580303,2580303,2580303,21022.0
bandcamp/inverse_phase_atarible_lie.wav,bandcamp,normalized,candidate,rgs,medium,2580303,44100,2580303,44100,2,1680254,7,58.51027210884354,229.73798472504973,1010.9399,1049.3341000008,1052.15194000176,30.9461,32.4020899987,32.546017998939995,1890.7155379464143,ed68e4dfe6ad3f09deba0804201f575116db9c4ecdee1751048aca3ed384f2f9,6af5811c8361f80faea29374227c433370422034ecb766a37ab867d0a06eb316,27335c091da29961,af4863820c9e38e4,48,81920,0.045515909,31.998300001,22.08578958078781,21.095261527034857,6.226781595012501,False,2580303,2580303,2580303,21022.0
bandcamp/inverse_phase_atarible_lie.wav,bandcamp,normalized,baseline,rgs,low,2580303,44100,2580303,44100,2,1588280,7,58.51027210884354,217.16255183984205,1206.0744,1264.3321399996,1265.4781879991199,36.8554,37.062540000300004,37.113228000060005,1587.5630737651343,f7bd1e64fb0af00cfbea4a67eb9b384fce02291342f289193f8ace221de15ba5,c95222e0ced53bfc3718b128e8f6562e7152f5679440fd6339e96db4f9012f1f,ace37fb535195e5d,9883a49860ee90f4,48,81920,0.053197872,36.506499998,19.77354171554523,19.63801006395495,6.672876971408701,False,2580303,2580303,2580303,21769.0
bandcamp/inverse_phase_atarible_lie.wav,bandcamp,normalized,candidate,rgs,low,2580303,44100,2580303,44100,2,1588280,7,58.51027210884354,217.16255183984205,1015.096500002,1055.2121699995,1060.9901940007,31.215,32.4815299977,32.54270599794,1874.4280669179414,f7bd1e64fb0af00cfbea4a67eb9b384fce02291342f289193f8ace221de15ba5,c95222e0ced53bfc3718b128e8f6562e7152f5679440fd6339e96db4f9012f1f,ace37fb535195e5d,9883a49860ee90f4,48,81920,0.047572038,31.0132,19.77354171554523,19.63801006395495,6.672876971408701,False,2580303,2580303,2580303,21769.0
bandcamp/inverse_phase_atarible_lie.wav,bandcamp,normalized,reference,pcm,default,2580303,44100,2580303,44100,2,10321256,7,58.51027210884354,1411.2060160376514,0.318184375,0.3701693652,0.37442498424,0.33681,0.4026836769,0.40366313538,173718.92790844553,f0417dfc53ad3fb742652c1d684e838ab6fb921ecde9fefae079a59a7acd725b,f0417dfc53ad3fb742652c1d684e838ab6fb921ecde9fefae079a59a7acd725b,9eb7c14af47acf54,3918eb13ba7365ab,,,,,,60.0,0.0,True,2580303,2580303,2580303,0.0
bandcamp/inverse_phase_atarible_lie.wav,bandcamp,normalized,reference,qoa,default,2580303,44100,2580303,44100,2,2084424,7,58.51027210884354,284.99939239693947,348.783600003,364.3388000024,366.40064000288,15.671800002,16.5724000003,16.65832000006,3733.4749104363627,307036460a980752c66b4e95e83498108f9f90e005d274133116d06685e544fc,74fcc3af98d9491c2bb83ccb21e5025eb211d508c64497a442cb6cc07f96da2d,c33916d328a4184d,958fde5f85d38adb,268,81920,0.030229909,,24.42881185497186,23.99727401921627,5.315847732708314,False,2580303,2580303,2580303,16770.0
bandcamp/inverse_phase_atarible_lie.wav,bandcamp,normalized,reference,ima,default,2580303,44100,2580303,44100,2,2590780,7,58.51027210884354,354.2325006016735,30.899299998,37.26142000069999,39.309724000939994,22.404999997,22.5507700004,22.590154000880002,2611.4827992268683,8de0ba93a2f7938bea1ef971564b7da97604d5ab5f21d774bd2c5bc90a15d385,6a09bfe8a3d50432bcdcfe52142f42b37554de5ea176d2f8c7622b130704aed5,885f783f21cbbbaf,57ef59c7bdba5872,,,,,13.705149537746832,13.315572601578355,7.720189475570255,False,2580303,2580303,2580303,25177.0
bandcamp/julien_baker_sprained_ankle.wav,bandcamp,normalized,baseline,rgs,high,2394122,44100,2394122,44100,2,1934044,7,54.288480725623586,285.0024865900735,297.209400002,305.0641699987,306.03283399893996,35.761,36.0365199983,36.03714399806,1518.091796247968,bbdf67f03c82c808b8f7f6edf3ebaaf99f3621d8aacfd7c1a28c3f7915c7a417,a04da54f0a2aade3f4c6086756e0e7b9fb6b4ad2ad00127d4b5991eca6753087,edbdbfe748133a7e,dc967c48991a36c1,48,81920,0.059142353,36.934700001,38.309167025242616,43.55161052247378,10.597364418891123,False,2394122,2394122,2394122,1803.0
bandcamp/julien_baker_sprained_ankle.wav,bandcamp,normalized,candidate,rgs,high,2394122,44100,2394122,44100,2,1934044,7,54.288480725623586,285.0024865900735,286.489099998,297.9121499996,297.98906999912,29.707800001,30.7674999973,30.888219997060002,1827.415046681214,bbdf67f03c82c808b8f7f6edf3ebaaf99f3621d8aacfd7c1a28c3f7915c7a417,a04da54f0a2aade3f4c6086756e0e7b9fb6b4ad2ad00127d4b5991eca6753087,edbdbfe748133a7e,dc967c48991a36c1,48,81920,0.046814953,30.0066,38.309167025242616,43.55161052247378,10.597364418891123,False,2394122,2394122,2394122,1803.0
bandcamp/julien_baker_sprained_ankle.wav,bandcamp,normalized,baseline,rgs,medium,2394122,44100,2394122,44100,2,1471798,7,54.288480725623586,216.88549472416193,868.721899997,902.8949700004,905.8985940008799,36.067299999,40.320200000999996,41.661800001,1505.1994667504578,42ccc5a819adb5e315ac284680d1618bc3cc85b3da926d9fa986016dc3f4d728,6dc3f23eeab029425e82574ebb839f995f37af93e4b0da0a92b6d3417b4556d0,9817905e831ee572,a747acd871de0df5,48,81920,0.063069811,36.557700001,31.125876799073787,35.12375780207452,14.543061379466655,False,2394122,2394122,2394122,2472.0
bandcamp/julien_baker_sprained_ankle.wav,bandcamp,normalized,candidate,rgs,medium,2394122,44100,2394122,44100,2,1471798,7,54.288480725623586,216.88549472416193,621.581500001,655.934210001,660.473882001,30.035799999,30.8862599986,31.054451998119998,1807.4591230275553,42ccc5a819adb5e315ac284680d1618bc3cc85b3da926d9fa986016dc3f4d728,6dc3f23eeab029425e82574ebb839f995f37af93e4b0da0a92b6d3417b4556d0,9817905e831ee572,a747acd871de0df5,48,81920,0.050814721,29.856399998,31.125876799073787,35.12375780207452,14.543061379466655,False,2394122,2394122,2394122,2472.0
bandcamp/julien_baker_sprained_ankle.wav,bandcamp,normalized,baseline,rgs,low,2394122,44100,2394122,44100,2,1455552,7,54.288480725623586,214.4914693570336,976.292099997,1011.8628999987,1015.74225999894,35.155200001,36.36687,36.544494,1544.251795582996,7592ddffc96710aa72311bdbb64885660bdc5bb50b14ce5c687dfc1ba763da53,9ed876826a144d69d6b4fb937259f8c73b2c1ad47668532d37332355ffb2bd02,f5a59464934cda5d,9cfdd97897f541fb,48,81920,0.061196341,34.787,30.038396656784844,34.9569161958178,14.65398441116486,False,2394122,2394122,2394122,4781.0
bandcamp/julien_baker_sprained_ankle.wav,bandcamp,normalized,candidate,rgs,low,2394122,44100,2394122,44100,2,1455552,7,54.288480725623586,214.4914693570336,640.083299998,655.4976599989,659.72233199818,30.232000001,31.1543699995,31.4337539983,1795.7290527860498,7592ddffc96710aa72311bdbb64885660bdc5bb50b14ce5c687dfc1ba763da53,9ed876826a144d69d6b4fb937259f8c73b2c1ad47668532d37332355ffb2bd02,f5a59464934cda5d,9cfdd97897f541fb,48,81920,0.049108333,29.6197,30.038396656784844,34.9569161958178,14.65398441116486,False,2394122,2394122,2394122,4781.0
bandcamp/julien_baker_sprained_ankle.wav,bandcamp,normalized,reference,pcm,default,2394122,44100,2394122,44100,2,9576532,7,54.288480725623586,1411.206483880103,0.297861765,0.30058588259999997,0.30075247092,0.294985294,0.3049551425,0.3067679981,184037.92266886221,54a2024a6c236187f0f9f02afd5526a274cd027240f5e80879e55388163b17bb,54a2024a6c236187f0f9f02afd5526a274cd027240f5e80879e55388163b17bb,efa8a20edbd9008c,d3ed80b4cfd99e87,,,,,,60.0,0.0,True,2394122,2394122,2394122,0.0
bandcamp/julien_baker_sprained_ankle.wav,bandcamp,normalized,reference,qoa,default,2394122,44100,2394122,44100,2,1934040,7,54.288480725623586,285.0018971464278,189.7139,196.352590002,198.11075800199998,14.5363,15.740879999299999,15.93897599906,3734.683566356197,4a1be82415087342e8607a08fe4c93d3df7a898e10870953b60161d324b7be8a,a04da54f0a2aade3f4c6086756e0e7b9fb6b4ad2ad00127d4b5991eca6753087,c929a305bd899c9d,dc967c48991a36c1,268,81920,0.030689264,,38.309167025242616,43.55161052247378,10.597364418891123,False,2394122,2394122,2394122,1803.0
bandcamp/julien_baker_sprained_ankle.wav,bandcamp,normalized,reference,ima,default,2394122,44100,2394122,44100,2,2404412,7,54.288480725623586,354.3163437786378,48.476999998,50.423629998900005,50.55224599818,35.2685,36.550900000700004,36.74386000094,1539.2908891964098,252fed9dbaf8298acbcbeff4ccca8d3be455bea820efd9fe5a8f638ac2c8626a,b0bebc9ec756e59a9393acbc82266a40e041b796a7bd64b9d1b5ee0227396373,c4ac918eab3723f7,dd772416fa04eee0,,,,,37.54971375714165,41.52465702580068,11.671020609385854,False,2394122,2394122,2394122,3810.0
bandcamp/lorn_drawn_out_like_an_ache.wav,bandcamp,normalized,baseline,rgs,high,1873317,44100,1873317,44100,2,1513308,7,42.47884353741497,284.9998491445922,182.787099998,187.6369999998,187.97444000076,25.685800001,27.495670001,27.724894001,1653.787054939351,9b5a22da7ec9d432a93ac94701ceac0624ef9b8d41dc71fc46f38b1ef9f58c22,fef12e5cd3dffd5027823c59018c7004233abe4ff1a51d42266782f681269b85,18c74127135826b4,c4e4acbec5e7c5a1,48,81920,0.057415429,25.527600002,40.97052512224052,46.701671274548445,10.987070854743425,False,1873317,1873317,1873317,16343.0
bandcamp/lorn_drawn_out_like_an_ache.wav,bandcamp,normalized,candidate,rgs,high,1873317,44100,1873317,44100,2,1513308,7,42.47884353741497,284.9998491445922,180.637200002,184.6681100001,185.61378200081998,21.993299998,22.4360699989,22.53833399818,1931.4447373189953,9b5a22da7ec9d432a93ac94701ceac0624ef9b8d41dc71fc46f38b1ef9f58c22,fef12e5cd3dffd5027823c59018c7004233abe4ff1a51d42266782f681269b85,18c74127135826b4,c4e4acbec5e7c5a1,48,81920,0.044555556,21.441000003,40.97052512224052,46.701671274548445,10.987070854743425,False,1873317,1873317,1873317,16343.0
bandcamp/lorn_drawn_out_like_an_ache.wav,bandcamp,normalized,baseline,rgs,medium,1873317,44100,1873317,44100,2,1153632,7,42.47884353741497,217.26241186088632,536.898499999,551.42928,555.037776,26.763599999,30.125510001099997,30.91374200182,1587.1872072143567,991deef1ff5b50e82524296c38c8ef023e8378c86b9b98b5b7b2e0a51d52cfa7,2dd74fcf27e58f5b1ddb9f0a2498ba95a35eaa0715a2388ecef07b150be7b911,bdd3a7f02b6807ac,d432d4d5015ae58d,48,81920,0.062118012,26.615700003,35.800875575267725,38.941259283912196,14.25072232347438,False,1873317,1873317,1873317,20808.0
bandcamp/lorn_drawn_out_like_an_ache.wav,bandcamp,normalized,candidate,rgs,medium,1873317,44100,1873317,44100,2,1153632,7,42.47884353741497,217.26241186088632,406.519299999,418.3327900006,419.50439800012,22.781800002,23.8138600013,24.06653200106,1864.5955777719837,991deef1ff5b50e82524296c38c8ef023e8378c86b9b98b5b7b2e0a51d52cfa7,2dd74fcf27e58f5b1ddb9f0a2498ba95a35eaa0715a2388ecef07b150be7b911,bdd3a7f02b6807ac,d432d4d5015ae58d,48,81920,0.048026794,22.3946,35.800875575267725,38.941259283912196,14.25072232347438,False,1873317,1873317,1873317,20808.0
bandcamp/lorn_drawn_out_like_an_ache.wav,bandcamp,normalized,baseline,rgs,low,1873317,44100,1873317,44100,2,1142508,7,42.47884353741497,215.16743957376138,587.973700002,636.3973400005,648.0213080017,26.489100002,29.8540699986,30.48145399812,1603.6348359969836,09287bc2a6ca24d339a3bdde3266d31176fb0dc6518944bcb85176d2c00b5fec,822d609221cbb9ca7e8c835ecc861e460154cb10384b7fb9ac5bbf0dbd806910,9b074cdcfabae110,c0f89743abc6fde0,48,81920,0.062526875,26.206700001,33.65254053950019,38.71667877054638,14.509861231983214,False,1873317,1873317,1873317,23089.0
bandcamp/lorn_drawn_out_like_an_ache.wav,bandcamp,normalized,candidate,rgs,low,1873317,44100,1873317,44100,2,1142508,7,42.47884353741497,215.16743957376138,413.913699999,422.6910699997,423.62853399994003,22.576400001,23.654110001599996,24.00938200112,1881.559661218503,09287bc2a6ca24d339a3bdde3266d31176fb0dc6518944bcb85176d2c00b5fec,822d609221cbb9ca7e8c835ecc861e460154cb10384b7fb9ac5bbf0dbd806910,9b074cdcfabae110,c0f89743abc6fde0,48,81920,0.049292118,22.418000001,33.65254053950019,38.71667877054638,14.509861231983214,False,1873317,1873317,1873317,23089.0
bandcamp/lorn_drawn_out_like_an_ache.wav,bandcamp,normalized,reference,pcm,default,1873317,44100,1873317,44100,2,7493312,7,42.47884353741497,1411.2082864779425,0.218969565,0.3197152146999999,0.34395959493999995,0.221323913,0.27138102059999997,0.28401398172,191930.65476578198,5e7cb3288911c40518e1f1d726436e7ecb89c14e2571dc26edd66940a7ad40c1,5e7cb3288911c40518e1f1d726436e7ecb89c14e2571dc26edd66940a7ad40c1,437f02b7cb639df7,659fca3088d5e640,,,,,,60.0,0.0,True,1873317,1873317,1873317,0.0
bandcamp/lorn_drawn_out_like_an_ache.wav,bandcamp,normalized,reference,qoa,default,1873317,44100,1873317,44100,2,1513304,7,42.47884353741497,284.9990958284156,119.356699999,121.3412599994,121.36209199988,11.076900002,11.736879998700001,11.79361599894,3834.9035858177976,c40a6a92c8001faffc4ffacb1b7b6be6ac3436c69453a26ebc4fa9eddcf2f9a3,fef12e5cd3dffd5027823c59018c7004233abe4ff1a51d42266782f681269b85,64c8635ed027bb89,c4e4acbec5e7c5a1,268,81920,0.029893731,,40.97052512224052,46.701671274548445,10.987070854743425,False,1873317,1873317,1873317,16343.0
bandcamp/lorn_drawn_out_like_an_ache.wav,bandcamp,normalized,reference,ima,default,1873317,44100,1873317,44100,2,1880124,7,42.47884353741497,354.08195580352924,38.714199997,39.0619600011,39.13535200182,27.8869,28.85013,29.101386,1523.254414704215,4506ac0d55bc2aab282cc92ffb389f41bed00b2743e34b1b75627c48aec9d95b,531d1294d1faa6c56657b20775b50146bf826e990d2175556cdc5692c7311b57,bf21009e7679c857,66c80f0321db6f20,,,,,39.343940956958676,45.41762068096808,11.856867294692488,False,1873317,1873317,1873317,17981.0
bandcamp/lorn_drawn_out_like_an_ache.wav,bandcamp,legacy_import,baseline,rgs,high,2038985,48000,1873318,44100,2,1513308,7,42.478854166666665,284.9997778306364,266.5638,281.73132000100003,284.913384001,24.922999997,25.2740799997,25.28017599994,1704.4037303607058,fa5d4897f2f45564553e9503142a6b80f8d0341b6dbaf1cee5e7c917b51d1155,7933bb5d5e83448d702dc41b05b720b27c2abebf2d554d7810eac6926d03e73f,6a1a86d7bbf8fc86,ed6b01e207a550eb,48,81920,0.055996089,25.073599998,29.782194238181617,38.5950842058781,11.03161500086696,False,1873317,1873317,1873318,14926.0
bandcamp/lorn_drawn_out_like_an_ache.wav,bandcamp,legacy_import,baseline,rgs,medium,2038985,48000,1873318,44100,2,1146748,7,42.478854166666665,215.96590068097606,511.150200002,518.1557699983,518.1725939980599,26.379799999,26.8932299987,27.020165998939998,1610.279614260796,66a1c20d4f8384cb9df8815ef42f01b7c3625928ea18bba96bf0443f1e740952,5153a1c7a2a5c6f5b3af3e1178edf7334f07f73d0796aaf16fc6825fae536ac1,ade2b261cf45d27d,6bfef36baf1d455c,48,81920,0.061221341,26.4859,29.493231482394616,37.4049631081551,12.941503446432153,False,1873317,1873317,1873318,14467.0
bandcamp/lorn_drawn_out_like_an_ache.wav,bandcamp,legacy_import,baseline,rgs,low,2038985,48000,1873318,44100,2,1140460,7,42.478854166666665,214.78168794767987,542.716900002,558.5436799983,561.65441599806,26.318,29.925310001699998,30.641302001939998,1614.0608772196467,37353f55e9fa093ec9595900e4cba0e7f20721818d18477e65da606c7e6de72c,16f639b100b934e4c05488fb165469908d0ca2a460c570c17e118e9afc729f99,f3991e21705783dc,836d0d85e44420ac,48,81920,0.061733333,26.580400001,29.254028951735215,37.365576105213265,13.17000079393499,False,1873317,1873317,1873318,15864.0
bandcamp/nils_frahm_all_melody.wav,bandcamp,normalized,baseline,rgs,high,4358017,44100,4358017,44100,2,3520508,7,98.82124716553288,285.0000865990197,390.9397,395.3054199997,395.77164399994,61.676199999,63.761350000099995,64.01587000082,1602.2590102362847,df52e8d18929be42c704b3c3e7d527b146e81ef211db6db5847343a12c2cf9a6,8045c2c5d4575ba45acb8413de37438e5bdbd231683b0f829ee32154280090a1,99936bbf41187450,393b3c20e80a3ec6,48,81920,0.058773099,61.7733,45.39122212783262,48.42153943267272,9.178537523234318,False,4358017,4358017,4358017,5897.0
bandcamp/nils_frahm_all_melody.wav,bandcamp,normalized,candidate,rgs,high,4358017,44100,4358017,44100,2,3520508,7,98.82124716553288,285.0000865990197,383.5845,392.66702000189997,393.34156400117996,52.813499998,53.6227999992,53.683279998239996,1871.1361142373667,df52e8d18929be42c704b3c3e7d527b146e81ef211db6db5847343a12c2cf9a6,8045c2c5d4575ba45acb8413de37438e5bdbd231683b0f829ee32154280090a1,99936bbf41187450,393b3c20e80a3ec6,48,81920,0.045929817,51.572899997,45.39122212783262,48.42153943267272,9.178537523234318,False,4358017,4358017,4358017,5897.0
bandcamp/nils_frahm_all_melody.wav,bandcamp,normalized,baseline,rgs,medium,4358017,44100,4358017,44100,2,2669152,7,98.82124716553288,216.07919969105214,1169.737300001,1186.9719300001,1190.33598600082,61.591800001,62.268870001399996,62.41265400188,1604.4546053846198,b470d7812d513120f7c30dc9e85c6b438aa07a77c3fb858cbd6aafd5e8a69361,0fcd91049f90a309b66a775c3d9c793761872e264504ba9c78ceb8f82f059200,0769479155efdd6b,969df272c5f93ed7,48,81920,0.060943636,61.412799999,37.900406604743715,39.729953376682694,12.564622141635043,False,4358017,4358017,4358017,8700.0
bandcamp/nils_frahm_all_melody.wav,bandcamp,normalized,candidate,rgs,medium,4358017,44100,4358017,44100,2,2669152,7,98.82124716553288,216.07919969105214,867.414799999,891.5902699989,892.3556539981801,52.707199998,53.6770299998,53.81836600076,1874.9098257786925,b470d7812d513120f7c30dc9e85c6b438aa07a77c3fb858cbd6aafd5e8a69361,0fcd91049f90a309b66a775c3d9c793761872e264504ba9c78ceb8f82f059200,0769479155efdd6b,969df272c5f93ed7,48,81920,0.048274519,52.290400002,37.900406604743715,39.729953376682694,12.564622141635043,False,4358017,4358017,4358017,8700.0
bandcamp/nils_frahm_all_melody.wav,bandcamp,normalized,baseline,rgs,low,4358017,44100,4358017,44100,2,2651936,7,98.82124716553288,214.68549131405405,1299.650899999,1321.8667800004,1326.62919600088,60.2762,63.835410000399996,64.29916200088,1639.4737419666947,6b34e27c8c701e2f3d14196e7851c483c5b7f026ead128151303325060b5c284,2f0842c8131fae8fddee0ccc7068e06f977120ca1556fa087576baa93f8fedda,d4c42e2347ee5a11,23d10b758b7af24b,48,81920,0.061866667,60.5154,36.96131432865366,39.51995143840848,12.753604751239584,False,4358017,4358017,4358017,13039.0
bandcamp/nils_frahm_all_melody.wav,bandcamp,normalized,candidate,rgs,low,4358017,44100,4358017,44100,2,2651936,7,98.82124716553288,214.68549131405405,874.214300003,900.9595199992,903.86366399824,52.196699999,53.1890500009,53.45029000018,1893.2470284026792,6b34e27c8c701e2f3d14196e7851c483c5b7f026ead128151303325060b5c284,2f0842c8131fae8fddee0ccc7068e06f977120ca1556fa087576baa93f8fedda,d4c42e2347ee5a11,23d10b758b7af24b,48,81920,0.047873684,51.786899999,36.96131432865366,39.51995143840848,12.753604751239584,False,4358017,4358017,4358017,13039.0
bandcamp/nils_frahm_all_melody.wav,bandcamp,normalized,reference,pcm,default,4358017,44100,4358017,44100,2,17432112,7,98.82124716553288,1411.2035619870228,0.606170588,0.6578402353999999,0.6741760470799999,0.614241176,0.7609684617,0.76904907714,160883.46243582485,b7c3e72fa83ffc9e20ac3653a1d3981470eb88b3fa8bc41ac3893958011c06cf,b7c3e72fa83ffc9e20ac3653a1d3981470eb88b3fa8bc41ac3893958011c06cf,17d2f0e4ab0ffc89,b9bd55b926b83fa6,,,,,,60.0,0.0,True,4358017,4358017,4358017,0.0
bandcamp/nils_frahm_all_melody.wav,bandcamp,normalized,reference,qoa,default,4358017,44100,4358017,44100,2,3520504,7,98.82124716553288,284.99976278201757,255.525899999,263.27581999800003,264.98956399800005,25.274300002,25.83631,25.853902,3909.9499158320104,1c0931e2cf1c2386684b49ab358be297d53dd2f13e384e92ae44c59c9fbdaada,8045c2c5d4575ba45acb8413de37438e5bdbd231683b0f829ee32154280090a1,fe80254ff4b884b9,393b3c20e80a3ec6,268,81920,0.029604438,,45.39122212783262,48.42153943267272,9.178537523234318,False,4358017,4358017,4358017,5897.0
bandcamp/nils_frahm_all_melody.wav,bandcamp,normalized,reference,ima,default,4358017,44100,4358017,44100,2,4374588,7,98.82124716553288,354.14149288541097,84.777600002,86.89913,86.945666,63.517699998,64.317169999,64.342633999,1555.8064471579496,27eeb7264ab02363752d684ad6b5d0780a9cf8a5156b7a701c9047e35db82596,18c64d90769dc05e15ae3bd1aff068115f953589c5ab481a384b75710ffd78ab,b76b60346a58b133,b93a69477282900d,,,,,33.646008303672986,43.03094710643525,11.69018987956137,False,4358017,4358017,4358017,23740.0
bandcamp/nils_frahm_all_melody.wav,bandcamp,legacy_import,baseline,rgs,high,9486839,96000,4358017,44100,2,3520508,7,98.82123958333334,285.0001084660549,443.7326,447.0854599994,447.09669199987997,61.9824,63.1437400015,63.5061880027,1594.3435488676357,c5f7e35b9373cdd5ef2913035231651eacb0ba2e02b26a580492a51227698b93,958484d4e905d3acb9c4e94d158bef49f3d3e057610950f1d1c358bbdb227076,d557412fb55d85a9,8bba0eff1565b9c2,48,81920,0.056784746,61.235999998,43.63268549584919,46.87435504908525,8.826021107158466,False,4358017,4358017,4358017,5115.0
bandcamp/nils_frahm_all_melody.wav,bandcamp,legacy_import,baseline,rgs,medium,9486839,96000,4358017,44100,2,2665862,7,98.82123958333334,215.8128767653799,1203.244899999,1232.6353000003,1238.6638600000601,61.320100002,61.899400000600004,61.94380000012,1611.5635750775068,6de9d5c1ccb0462e9a8ae0488b4e5e00475d3bc22520e876b790b443b2dd15f1,5ffe3a169d1f55bbdc0fabfb9dff5a4995f101d2d2bbfa7bbb953e435e6b5c50,ed4fb91c9ddefba8,68de781c56baf627,48,81920,0.059971257,60.390099999,38.1927076707947,40.33279427245892,12.165920070514057,False,4358017,4358017,4358017,7599.0
bandcamp/nils_frahm_all_melody.wav,bandcamp,legacy_import,baseline,rgs,low,9486839,96000,4358017,44100,2,2650914,7,98.82123958333334,214.60277253572025,1318.6325,1342.3947599998999,1349.3278319991798,60.644200001,61.277159997599995,61.379591997119995,1629.5249930200055,435f8a1f1c03395da03b6d61739b3f138823ff85279c8948a82a5e1c81e9788f,ded5871e2c1d449a0bab3bcf87e571732dfb683e76d23907f37d87bce332a7c7,e74d9d4d3888317d,a5cab8bb35a92edd,48,81920,0.05977619,59.134400003,37.35772861525623,40.16511089196616,12.28653159687514,False,4358017,4358017,4358017,6829.0
bandcamp/planes_mistaken_for_stars_one_fucked_pony.wav,bandcamp,normalized,baseline,rgs,high,2677638,44100,2677638,44100,2,2163044,7,60.71741496598639,284.9981674894067,403.0792,423.084209999,428.891801999,40.413699999,40.9631600004,41.066072000880006,1502.3968349220384,afe53b9f1bd7c2e6c84cc809c18f870044e76f28e9ee1e32c84bb6ad3d084bc5,3f115cb166d45131559f81a1fd1660401541f22bfdf35c29c814a8e7c86a6622,35bd0c14e0c16df0,1216e22eda4185a5,48,81920,0.060873939,40.064000003,32.24177757252265,37.327804058297865,10.834583664192186,False,2677638,2677638,2677638,18607.0
bandcamp/planes_mistaken_for_stars_one_fucked_pony.wav,bandcamp,normalized,candidate,rgs,high,2677638,44100,2677638,44100,2,2163044,7,60.71741496598639,284.9981674894067,387.998499997,402.398239999,405.000367999,35.010499999,35.0339599972,35.03655199624,1734.2630058902519,afe53b9f1bd7c2e6c84cc809c18f870044e76f28e9ee1e32c84bb6ad3d084bc5,3f115cb166d45131559f81a1fd1660401541f22bfdf35c29c814a8e7c86a6622,35bd0c14e0c16df0,1216e22eda4185a5,48,81920,0.043850218,34.487199999,32.24177757252265,37.327804058297865,10.834583664192186,False,2677638,2677638,2677638,18607.0
bandcamp/planes_mistaken_for_stars_one_fucked_pony.wav,bandcamp,normalized,baseline,rgs,medium,2677638,44100,2677638,44100,2,1842974,7,60.71741496598639,242.8264116359269,910.978600003,935.67246,937.6651320000001,41.629700001,43.091249999,43.223129999,1458.5119509515532,f2b2bdc1c9765ad81f8c33b1341c0bc2a305495df6864b0814909d0b937c2e0a,504a07459caa2664cccad89560dc86b18f75d248de06cca25215201c70b50c57,d2d4dfc9575623ee,920374fcc1b4aaa8,48,81920,0.064484615,41.356700003,29.504039811465255,31.52906783458802,13.235279419709578,False,2677638,2677638,2677638,21958.0
bandcamp/planes_mistaken_for_stars_one_fucked_pony.wav,bandcamp,normalized,candidate,rgs,medium,2677638,44100,2677638,44100,2,1842974,7,60.71741496598639,242.8264116359269,836.136100002,855.2719700017,855.28831400194,35.510600001,37.3946199986,37.815963998120004,1709.8391737756206,f2b2bdc1c9765ad81f8c33b1341c0bc2a305495df6864b0814909d0b937c2e0a,504a07459caa2664cccad89560dc86b18f75d248de06cca25215201c70b50c57,d2d4dfc9575623ee,920374fcc1b4aaa8,48,81920,0.045373756,35.206900001,29.504039811465255,31.52906783458802,13.235279419709578,False,2677638,2677638,2677638,21958.0
bandcamp/planes_mistaken_for_stars_one_fucked_pony.wav,bandcamp,normalized,baseline,rgs,low,2677638,44100,2677638,44100,2,1661662,7,60.71741496598639,218.93712055176988,996.2414,1023.542589999,1026.284517999,40.295600001,41.6197499993,41.89394999906,1506.8001212162021,ed78afc23ae7266972d31f199d5073a8210d065ff8c240e94af7b0465eadb920,06f00e289c8baf55fef315719344f0bef88db6927daa147bdc64ee7a5398f22c,21abcd0e9a54d6a3,13e213e3f89752db,48,81920,0.063863694,39.831,23.926702849234182,28.382048333024308,14.814833854774806,False,2677638,2677638,2677638,8115.0
bandcamp/planes_mistaken_for_stars_one_fucked_pony.wav,bandcamp,normalized,candidate,rgs,low,2677638,44100,2677638,44100,2,1661662,7,60.71741496598639,218.93712055176988,849.941100001,877.8561100004,885.63938200088,34.8983,36.4083199989,36.71398399818,1739.8387590795653,ed78afc23ae7266972d31f199d5073a8210d065ff8c240e94af7b0465eadb920,06f00e289c8baf55fef315719344f0bef88db6927daa147bdc64ee7a5398f22c,21abcd0e9a54d6a3,13e213e3f89752db,48,81920,0.045546818,34.8334,23.926702849234182,28.382048333024308,14.814833854774806,False,2677638,2677638,2677638,8115.0
bandcamp/planes_mistaken_for_stars_one_fucked_pony.wav,bandcamp,normalized,reference,pcm,default,2677638,44100,2677638,44100,2,10710596,7,60.71741496598639,1411.20579734826,0.317846875,0.47615455569999987,0.5107269111399999,0.328396774,0.5243424836999998,0.5760967319399999,184890.4123704528,98d1d3e420cb5a31ec6416e56d929bb55bd719462b363c0f9c674ddf590dabb0,98d1d3e420cb5a31ec6416e56d929bb55bd719462b363c0f9c674ddf590dabb0,c05f7e6a2ac7f671,8f862fdcf889e62a,,,,,,60.0,0.0,True,2677638,2677638,2677638,0.0
bandcamp/planes_mistaken_for_stars_one_fucked_pony.wav,bandcamp,normalized,reference,qoa,default,2677638,44100,2677638,44100,2,2163040,7,60.71741496598639,284.99764045774674,249.494800001,260.79937999929996,262.86107599905995,14.916500002,15.713709999699999,15.756981999939999,4070.486706522671,675f7d11b4b411433d10f106b8f32d192afe9f73afc582254eb300c4bf25697f,3f115cb166d45131559f81a1fd1660401541f22bfdf35c29c814a8e7c86a6622,96a452844024850e,1216e22eda4185a5,268,81920,0.029549558,,32.24177757252265,37.327804058297865,10.834583664192186,False,2677638,2677638,2677638,18607.0
bandcamp/planes_mistaken_for_stars_one_fucked_pony.wav,bandcamp,normalized,reference,ima,default,2677638,44100,2677638,44100,2,2687036,7,60.71741496598639,354.03826088515325,54.596900001,59.0414400016,59.20324800112,39.050799999,40.6382600011,40.962452001820004,1554.831526307815,9e75b9c4bb2b29bd80045f6c047f7b5d3436a802f79ab968240805b843ed4701,33e418036cd5ae21010f35d2a8751a4b082ab5c590354b083dc5c2973e1f7b57,aaa88077776aa0b1,01ef3f71dff3dc51,,,,,30.770466983674307,32.48743983318224,13.742333723185451,False,2677638,2677638,2677638,11177.0
bandcamp/whalerider_devil_got_me.wav,bandcamp,normalized,baseline,rgs,high,4319545,44100,4319545,44100,2,3489420,7,97.94886621315193,284.99931728920524,709.906399999,775.1122999986,795.2857399981199,63.529400002,68.3927100011,69.14782200181999,1541.7879943784824,483f7411e0ce6388e2c9fad9eca32c07481ad692dc1d864e671f069bd7463c4a,444d705e6482088f0189f673c8674922e4b982033430cf9994af84277f3a1805,db20d29e8b250439,8511e4d0416fb70c,48,81920,0.058072254,63.639399998,32.712773015714085,35.69264110596654,8.011335042484054,False,4319545,4319545,4319545,31303.0
bandcamp/whalerider_devil_got_me.wav,bandcamp,normalized,candidate,rgs,high,4319545,44100,4319545,44100,2,3489420,7,97.94886621315193,284.99931728920524,698.473700002,752.2236499978999,764.3627299971799,55.0383,60.3575700009,61.951434000179994,1779.6491936188424,483f7411e0ce6388e2c9fad9eca32c07481ad692dc1d864e671f069bd7463c4a,444d705e6482088f0189f673c8674922e4b982033430cf9994af84277f3a1805,db20d29e8b250439,8511e4d0416fb70c,48,81920,0.045742009,54.174699999,32.712773015714085,35.69264110596654,8.011335042484054,False,4319545,4319545,4319545,31303.0
bandcamp/whalerider_devil_got_me.wav,bandcamp,normalized,baseline,rgs,medium,4319545,44100,4319545,44100,2,2900396,7,97.94886621315193,236.8906236189228,1579.024799999,1729.8556000018,1770.95560000276,64.637700003,72.01104000139999,73.64860800187999,1515.3519727435516,c2b44c70093d10c1db4c05e1fce21d5dfc0e523042a7537670718369a45987ee,0b61755bc7aa6654bc52dcc93f6e624194929523f923f01c599447c89bc04842,011ac4cbbb3ef587,f49f4dbe50966341,48,81920,0.056864773,65.467399999,29.119766694726714,29.9331602796354,10.320249245178324,False,4319545,4319545,4319545,34265.0
bandcamp/whalerider_devil_got_me.wav,bandcamp,normalized,candidate,rgs,medium,4319545,44100,4319545,44100,2,2900396,7,97.94886621315193,236.8906236189228,1523.296500001,1563.6081200007,1566.68434400094,56.361400001,58.0497800004,58.09115600088,1737.8714192943055,c2b44c70093d10c1db4c05e1fce21d5dfc0e523042a7537670718369a45987ee,0b61755bc7aa6654bc52dcc93f6e624194929523f923f01c599447c89bc04842,011ac4cbbb3ef587,f49f4dbe50966341,48,81920,0.04672093,56.185399998,29.119766694726714,29.9331602796354,10.320249245178324,False,4319545,4319545,4319545,34265.0
bandcamp/whalerider_devil_got_me.wav,bandcamp,normalized,baseline,rgs,low,4319545,44100,4319545,44100,2,2665980,7,97.94886621315193,217.74463375193451,1883.3816,1946.6339500013,1956.64903000106,63.625,65.4652300011,65.66920600182,1539.4713746664352,423f26111a4f1cf5c3a499c19e05151433604d66bb699f145176866e78a94343,14bb5cfedfde2baa72a670e2631fa279876ea9588f6929cb56a57c0afbd51a73,fe777885c4e3672e,31ee95f6dca5f971,48,81920,0.058260465,63.552899998,25.508013374361475,27.637388382866494,11.216207793028032,False,4319545,4319545,4319545,39551.0
bandcamp/whalerider_devil_got_me.wav,bandcamp,normalized,candidate,rgs,low,4319545,44100,4319545,44100,2,2665980,7,97.94886621315193,217.74463375193451,1541.327599999,1642.5777499995,1663.9481899983,54.116599999,58.94132,60.257624,1809.9597205841071,423f26111a4f1cf5c3a499c19e05151433604d66bb699f145176866e78a94343,14bb5cfedfde2baa72a670e2631fa279876ea9588f6929cb56a57c0afbd51a73,fe777885c4e3672e,31ee95f6dca5f971,48,81920,0.046455093,54.090500001,25.508013374361475,27.637388382866494,11.216207793028032,False,4319545,4319545,4319545,39551.0
bandcamp/whalerider_devil_got_me.wav,bandcamp,normalized,reference,pcm,default,4319545,44100,4319545,44100,2,17278224,7,97.94886621315193,1411.2035937118376,0.604070588,0.6908386670000001,0.696061067,0.603529412,0.686046125,0.695561225,162293.44297996192,c622d81e4fcdc1e5e834a455b4aa6fcaf10f9ebdd31c5c6306d89ac1c7259c2d,c622d81e4fcdc1e5e834a455b4aa6fcaf10f9ebdd31c5c6306d89ac1c7259c2d,3c9adb650c0c7d7e,b2444494a0ced25a,,,,,,60.0,0.0,True,4319545,4319545,4319545,0.0
bandcamp/whalerider_devil_got_me.wav,bandcamp,normalized,reference,qoa,default,4319545,44100,4319545,44100,2,3489416,7,97.94886621315193,284.9989905881291,445.431699999,456.5435200023,458.02110400206,24.2918,25.355720002,25.420904002,4032.17819235923,1c74877636f5749a09af0c02b844beb388d91df9998c26cf056920c8afb219f1,444d705e6482088f0189f673c8674922e4b982033430cf9994af84277f3a1805,3af0be81a3334491,8511e4d0416fb70c,268,81920,0.02981369,,32.712773015714085,35.69264110596654,8.011335042484054,False,4319545,4319545,4319545,31303.0
bandcamp/whalerider_devil_got_me.wav,bandcamp,normalized,reference,ima,default,4319545,44100,4319545,44100,2,4335676,7,97.94886621315193,354.1175037648641,93.300499998,99.3950299999,101.22260599918,63.764899999,67.29206999899999,67.90697399899999,1536.093779096149,ab369c76caf000581f043c27c45929b640c29ec36b4338cba570deee571a1023,6cf3c8737905b3bca1e7ca082845a170aecb469f43e9b992a61a68ddeddaa3d4,37a43c27351b93c2,3de72c689ed4bdf7,,,,,33.23048577996548,35.74182744216302,8.118281260912173,False,4319545,4319545,4319545,11489.0
oculus_audio_pack/Indoor_drawer_close_02.wav,oculus_audio_pack,normalized,baseline,rgs,high,61270,44100,61270,44100,1,24812,7,1.389342403628118,142.87046841847558,4.432399999,4.5612166669,4.57421666698,0.471981818,0.4752540908,0.47609081816,2943.6354339143586,32a1d54241b78ea747a060b89e2ec037254852c04d9ece0ddc29c0d45ce249a8,fd69dac6ef36273ccd6736620adee27df1fbddd370ed605bb2d697e4b707956d,f4a5b19544ce83de,daf941ebe4d96d12,48,40960,0.025088221,0.487219048,25.207354092708947,28.235509459114372,8.85966756548519,False,61270,61270,61270,8622.0
oculus_audio_pack/Indoor_drawer_close_02.wav,oculus_audio_pack,normalized,candidate,rgs,high,61270,44100,61270,44100,1,24812,7,1.389342403628118,142.87046841847558,4.387933334,4.424276667,4.4303486670000005,0.412668,0.41420039999999997,0.41457768,3366.7316187058796,32a1d54241b78ea747a060b89e2ec037254852c04d9ece0ddc29c0d45ce249a8,fd69dac6ef36273ccd6736620adee27df1fbddd370ed605bb2d697e4b707956d,f4a5b19544ce83de,daf941ebe4d96d12,48,40960,0.022144027,0.417645833,25.207354092708947,28.235509459114372,8.85966756548519,False,61270,61270,61270,8622.0
oculus_audio_pack/Indoor_drawer_close_02.wav,oculus_audio_pack,normalized,baseline,rgs,medium,61270,44100,61270,44100,1,19354,7,1.389342403628118,111.44265056308144,10.554100003,10.7107300017,10.726066001940001,0.489233333,0.5036195,0.5039159000000001,2839.835943124746,3cee515fe23f9894c5b8cae7207054bbc170635b6661d84898f3d25381102e54,cd1605c5bde2b63cded7aac03dbea14153917a82c515e79233dafc5014b75a12,fd8b8123808b35cf,b9ef8f3d467ae8a9,48,40960,0.025382741,0.493152381,19.734926549090098,21.826552967404634,10.224564188078828,False,61270,61270,61270,14830.0
oculus_audio_pack/Indoor_drawer_close_02.wav,oculus_audio_pack,normalized,candidate,rgs,medium,61270,44100,61270,44100,1,19354,7,1.389342403628118,111.44265056308144,9.649900001,9.72532,9.726664,0.4266,0.4394683698,0.44204323955999997,3256.7801303987762,3cee515fe23f9894c5b8cae7207054bbc170635b6661d84898f3d25381102e54,cd1605c5bde2b63cded7aac03dbea14153917a82c515e79233dafc5014b75a12,fd8b8123808b35cf,b9ef8f3d467ae8a9,48,40960,0.02231559,0.4213,19.734926549090098,21.826552967404634,10.224564188078828,False,61270,61270,61270,14830.0
oculus_audio_pack/Indoor_drawer_close_02.wav,oculus_audio_pack,normalized,baseline,rgs,low,61270,44100,61270,44100,1,18722,7,1.389342403628118,107.80351885098743,14.376600001,14.6385700014,14.69067400188,0.487071429,0.4913338095,0.4913372379,2852.440773380115,2f7ecfd74f6c25f3a60b425688ae7737f66e28699a0b664dc3951eef30ffb547,150944f54bc95f5872dd407431affdf1890ce9464ce6d7c6765e9dee36e0223b,a5655f59340c45d5,3fe6aecbacf75739,48,40960,0.025258586,0.491952381,18.44978391152596,21.169364274063067,10.473217326607964,False,61270,61270,61270,13870.0
oculus_audio_pack/Indoor_drawer_close_02.wav,oculus_audio_pack,normalized,candidate,rgs,low,61270,44100,61270,44100,1,18722,7,1.389342403628118,107.80351885098743,9.657950001,9.7187250007,9.71950500094,0.41885,0.4261691669,0.42763716698,3317.040476610046,2f7ecfd74f6c25f3a60b425688ae7737f66e28699a0b664dc3951eef30ffb547,150944f54bc95f5872dd407431affdf1890ce9464ce6d7c6765e9dee36e0223b,a5655f59340c45d5,3fe6aecbacf75739,48,40960,0.021960965,0.414552,18.44978391152596,21.169364274063067,10.473217326607964,False,61270,61270,61270,13870.0
oculus_audio_pack/Indoor_drawer_close_02.wav,oculus_audio_pack,normalized,reference,pcm,default,61270,44100,61270,44100,1,122584,7,1.389342403628118,705.8533572710952,0.002546982,0.0025993849,0.0026110217799999997,0.003040651,0.0030672434,0.00307182068,456922.67992220016,d8ef7334c2b45fa6d13b2d76de1498ca12032c25dee687cdc7792dd3fba91bbf,d8ef7334c2b45fa6d13b2d76de1498ca12032c25dee687cdc7792dd3fba91bbf,619b05a01041e343,3ccf65febbb79eb1,,,,,,60.0,0.0,True,61270,61270,61270,0.0
oculus_audio_pack/Indoor_drawer_close_02.wav,oculus_audio_pack,normalized,reference,qoa,default,61270,44100,61270,44100,1,24808,7,1.389342403628118,142.84743593928513,2.726525,2.7694475,2.7741695,0.132609211,0.13444,0.1344976,10476.967573754117,da4d584078850c61d3324cb9a6b45578f108fc5a49eeffa5c85dda012aa22018,fd69dac6ef36273ccd6736620adee27df1fbddd370ed605bb2d697e4b707956d,1b82b4b8cb014154,daf941ebe4d96d12,268,40960,0.011131479,,25.207354092708947,28.235509459114372,8.85966756548519,False,61270,61270,61270,8622.0
oculus_audio_pack/Indoor_drawer_close_02.wav,oculus_audio_pack,normalized,reference,ima,default,61270,44100,61270,44100,1,30780,7,1.389342403628118,177.23492737065447,0.680486667,0.6912540000999999,0.69469880002,0.446713043,0.4582477075,0.46099499590000004,3110.1451488805487,c3c1679d7a4034c15c9683a6171f1a72dab6a14ca2bccd3bbd413fbdf5f38970,a63ca2e1f59ef199c8a76ed1a8178f6503d568162e3ed95fd3e59535488d0813,59a98ea171842cb8,2d8f7ac2ca05e7bd,,,,,25.819322663548014,29.23252485731982,8.681844809182572,False,61270,61270,61270,3310.0
oculus_audio_pack/Indoor_drawer_close_02.wav,oculus_audio_pack,legacy_import,baseline,rgs,high,66688,48000,61270,44100,1,24812,7,1.3893333333333333,142.8714011516315,3.7254,3.8252466663,3.84478266606,0.432079167,0.4350656519,0.43516269518,3215.4601273181343,04ba9cc47fa984e18d546a3ce1f90bccbd66148ed52b50ab82efed565bd530ab,d01858ccac7b6d2496d0244e83d74c9d380ad4ccb6a41577ebab340a54440441,be67df3d4e13bee8,2390272ba2fc7879,48,40960,0.024875622,0.441782609,13.359543339174941,17.434255421372036,13.272632878355747,False,61270,61270,61270,11364.0
oculus_audio_pack/Indoor_drawer_close_02.wav,oculus_audio_pack,legacy_import,baseline,rgs,medium,66688,48000,61270,44100,1,18796,7,1.3893333333333333,108.23032629558541,10.957599998,11.1358199988,11.15132399736,0.448795652,0.4627540914,0.46351445508,3095.6924986727217,1919b591558edd64d27133a65fedab7fb6797a0caf810e22843fb80d486afccb,b3fb59648fd938a905514416a255bf11d78c01e8d697fe2621d7db01095425b8,e2ad9273756346c4,f682011736d7bb77,48,40960,0.025330886,0.460268182,13.099349897978614,17.069693740072257,11.61601947370941,False,61270,61270,61270,11693.0
oculus_audio_pack/Indoor_drawer_close_02.wav,oculus_audio_pack,legacy_import,baseline,rgs,low,66688,48000,61270,44100,1,18684,7,1.3893333333333333,107.58541266794626,12.138299998,12.2282000021,12.24524000282,0.438986957,0.4615640908,0.46235281816,3164.8624433580453,ffd67c83dd17e18a71d99737c0d1bb9f553e44b164a60e603a606a1ed98b4644,b336f20539382c6b95b2bd9eb82ab78f42b19945abc64a53712d950dc09df3f9,b9cbc4f9e46a152e,d285b03e6bb3f693,48,40960,0.025326835,0.458672727,13.089506472199439,17.049171230366262,11.607757492902643,False,61270,61270,61270,12652.0
oculus_audio_pack/Indoor_fan_off.wav,oculus_audio_pack,normalized,baseline,rgs,high,337652,44100,337652,44100,1,136660,7,7.6565079365079365,142.79094452276308,12.244000003,12.3508200001,12.35312400082,2.376180001,2.413046,2.4198092,3222.1918934111663,23afe34c086ee59f87dd63c737cab54afa9a77e446a1d99d5bc7fac359a96f9d,996a746edd105196fa929f000ecaad068a86d14ae28185ac95694f270814c0ce,1989373ad596b077,61d301a7dcd10bc1,48,40960,0.025519898,2.35402,44.65855808848388,35.00577433551901,6.776238523371657,False,337652,337652,337652,498.0
oculus_audio_pack/Indoor_fan_off.wav,oculus_audio_pack,normalized,candidate,rgs,high,337652,44100,337652,44100,1,136660,7,7.6565079365079365,142.79094452276308,12.012400001,12.042769999,12.043033999,1.970016666,2.013392,2.0141984,3886.519372475165,23afe34c086ee59f87dd63c737cab54afa9a77e446a1d99d5bc7fac359a96f9d,996a746edd105196fa929f000ecaad068a86d14ae28185ac95694f270814c0ce,1989373ad596b077,61d301a7dcd10bc1,48,40960,0.022136283,1.933983333,44.65855808848388,35.00577433551901,6.776238523371657,False,337652,337652,337652,498.0
oculus_audio_pack/Indoor_fan_off.wav,oculus_audio_pack,normalized,baseline,rgs,medium,337652,44100,337652,44100,1,102962,7,7.6565079365079365,107.5811593001078,38.532600001,38.97574,39.058348,2.40088,2.4217719997,2.4268023999399997,3189.042324692586,74183bfcba297ca062ce855bda0382fb4e60234cc2beef94fb489a280b4ee1ae,168d0a93b45da3681d02d2e8564c0657a3e4d8d0a97ea7b0902ea667f1e79706,68833a6ed886c862,fafa7934a1c13ccc,48,40960,0.026222251,2.38704,36.65341650250922,29.49177589937866,8.471500680766123,False,337652,337652,337652,1364.0
oculus_audio_pack/Indoor_fan_off.wav,oculus_audio_pack,normalized,candidate,rgs,medium,337652,44100,337652,44100,1,102962,7,7.6565079365079365,107.5811593001078,26.047599997,26.3457099993,26.37770199906,2.011533333,2.018538,2.0189556,3806.304280868676,74183bfcba297ca062ce855bda0382fb4e60234cc2beef94fb489a280b4ee1ae,168d0a93b45da3681d02d2e8564c0657a3e4d8d0a97ea7b0902ea667f1e79706,68833a6ed886c862,fafa7934a1c13ccc,48,40960,0.023127252,1.993166667,36.65341650250922,29.49177589937866,8.471500680766123,False,337652,337652,337652,1364.0
oculus_audio_pack/Indoor_fan_off.wav,oculus_audio_pack,normalized,baseline,rgs,low,337652,44100,337652,44100,1,102894,7,7.6565079365079365,107.5101086325566,39.711000003,40.0002299999,40.02660599918,2.39828,2.461178,2.4655316,3192.4995982570576,6c2c6e670545399b73edb72fcc003bb3eff706e93257c20b4581465fc6888aed,742b59b959418d695de91b1572f80e5a0ce86f649cdb283e444272662c113834,75f472678dc95392,e46066116e1dffd6,48,40960,0.026024675,2.43584,36.584710012948506,29.50248236658162,8.458050901921853,False,337652,337652,337652,1525.0
oculus_audio_pack/Indoor_fan_off.wav,oculus_audio_pack,normalized,candidate,rgs,low,337652,44100,337652,44100,1,102894,7,7.6565079365079365,107.5101086325566,25.957200002,26.9818899994,27.163977999879997,2.04312,2.099954,2.1118148,3747.4587574434863,6c2c6e670545399b73edb72fcc003bb3eff706e93257c20b4581465fc6888aed,742b59b959418d695de91b1572f80e5a0ce86f649cdb283e444272662c113834,75f472678dc95392,e46066116e1dffd6,48,40960,0.022574492,2.00568,36.584710012948506,29.50248236658162,8.458050901921853,False,337652,337652,337652,1525.0
oculus_audio_pack/Indoor_fan_off.wav,oculus_audio_pack,normalized,reference,pcm,default,337652,44100,337652,44100,1,675348,7,7.6565079365079365,705.6459739613567,0.015676019,0.016276450999999997,0.0162859094,0.016620598,0.0171216551,0.017164296620000002,460663.8062305542,df40134cdab249a9505b1819fa7b38094774d18507f337f824f36ccc71174434,df40134cdab249a9505b1819fa7b38094774d18507f337f824f36ccc71174434,2a86d710a5482ad7,020d46d47c8e9a64,,,,,,60.0,0.0,True,337652,337652,337652,0.0
oculus_audio_pack/Indoor_fan_off.wav,oculus_audio_pack,normalized,reference,qoa,default,337652,44100,337652,44100,1,136656,7,7.6565079365079365,142.78676507173066,8.203,8.2389149996,8.24826299912,0.771692308,0.7972361542,0.79744107724,9921.710838807448,3bd1a1bf1f7ddd55036117cdc3d0851ea28d31bd4f905263eeac7b7c207701a6,996a746edd105196fa929f000ecaad068a86d14ae28185ac95694f270814c0ce,728d3fab614cb11d,61d301a7dcd10bc1,268,40960,0.0116461,,44.65855808848388,35.00577433551901,6.776238523371657,False,337652,337652,337652,498.0
oculus_audio_pack/Indoor_fan_off.wav,oculus_audio_pack,normalized,reference,ima,default,337652,44100,337652,44100,1,170044,7,7.6565079365079365,177.67264283937308,3.711533334,4.315766665999999,4.506326666,2.583149999,2.698529999,2.7248459990000002,2964.019874754449,376166c2173db33fc203242abcd0bea1d4a7d4f5af3a85ea63542ad6d47b23b2,665fbd312414f78ac43f183123e36bef4574672a3847dd18452bf8fa82b7d6e4,ad9f92c4eed9a089,b3f7e19928f64d27,,,,,47.41143559529091,40.660217527770406,5.081901473767722,False,337652,337652,337652,634.0
oculus_audio_pack/Indoor_fan_off.wav,oculus_audio_pack,legacy_import,baseline,rgs,high,367512,48000,337652,44100,1,136660,7,7.6565,142.79109253575393,12.355,12.5209900007,12.56267800094,2.1538,2.1913240000000003,2.1941368000000003,3554.879747423159,07a5f8349ed65a5a64ddeb8cb101c0e37f06f010630d9d226f57f64f3931072e,f57464b3f1e634d66f0c2606985c36288f5929fd53e3c538d1444b4cad47eb16,c4f3014c02fb52df,f50c4f5c10ba1b1a,48,40960,0.026045833,2.17748,37.24528433063302,30.60570254375228,10.2428327058371,False,337652,337652,337652,680.0
oculus_audio_pack/Indoor_fan_off.wav,oculus_audio_pack,legacy_import,baseline,rgs,medium,367512,48000,337652,44100,1,102894,7,7.6565,107.51022007444654,34.737500001,35.0699700003,35.09711400006,2.241760001,2.264616,2.2701072,3415.3968295377754,6ca1ba6db65515ebefab8e4fae911befa57d5bd58cbd164838280615b0c08210,872f19fbf6cfc4eb945fef1e1fc00eb88be773b5edc945e372333ae2cc0501fd,aeebbbeadac9db74,33b9c8970560c3ed,48,40960,0.026610904,2.29156,36.5485840719172,29.051389119838507,9.410161136304863,False,337652,337652,337652,896.0
oculus_audio_pack/Indoor_fan_off.wav,oculus_audio_pack,legacy_import,baseline,rgs,low,367512,48000,337652,44100,1,102894,7,7.6565,107.51022007444654,34.901000001,35.6407800003,35.682396000059995,2.26658,2.2766080007,2.27700160094,3377.9968057602205,6ca1ba6db65515ebefab8e4fae911befa57d5bd58cbd164838280615b0c08210,872f19fbf6cfc4eb945fef1e1fc00eb88be773b5edc945e372333ae2cc0501fd,aeebbbeadac9db74,33b9c8970560c3ed,48,40960,0.02658382,2.27996,36.5485840719172,29.051389119838507,9.410161136304863,False,337652,337652,337652,896.0
oculus_audio_pack/Indoor_switch_small_on_01.wav,oculus_audio_pack,normalized,baseline,rgs,high,19764,44100,19764,44100,1,8020,7,0.44816326530612244,143.16211293260474,0.678773333,0.6936633331,0.69371933302,0.121540964,0.1222523169,0.12227192658000001,3687.343349573255,ff82ed7d45cf3e6b200b792ceeed3cad39814daa0d6c29c6ffcf7ffffb0bc8dc,00dcbec3b951951d553dd2eb2b0b9afdcf34f50286db74edbb1fc45513df482a,3ca081589fddca69,2324cf4d06810155,48,40960,0.027439178,0.139725,18.087500421793894,19.507415067933675,6.92870819804607,False,19764,19764,19764,11172.0
oculus_audio_pack/Indoor_switch_small_on_01.wav,oculus_audio_pack,normalized,candidate,rgs,high,19764,44100,19764,44100,1,8020,7,0.44816326530612244,143.16211293260474,0.6614125,0.6674838331,0.66899543302,0.102328571,0.10546775709999999,0.10607207782,4379.649407066599,ff82ed7d45cf3e6b200b792ceeed3cad39814daa0d6c29c6ffcf7ffffb0bc8dc,00dcbec3b951951d553dd2eb2b0b9afdcf34f50286db74edbb1fc45513df482a,3ca081589fddca69,2324cf4d06810155,48,40960,0.022266667,0.102555102,18.087500421793894,19.507415067933675,6.92870819804607,False,19764,19764,19764,11172.0
oculus_audio_pack/Indoor_switch_small_on_01.wav,oculus_audio_pack,normalized,baseline,rgs,medium,19764,44100,19764,44100,1,6114,7,0.44816326530612244,109.13879781420765,1.7264,1.7472749998000001,1.7498149999600001,0.1221,0.1243418128,0.12471823936000001,3670.460813317956,a99e214da2a17c6b209a3685f49e3693a4bcb658a78003849bf45d48ef246ad1,de185ea5cd8ffd3bd186aa6dc9822dd330160a36e952100ca15b327bf2de6c91,c3ad52849d02f741,b762354fe6d1fc45,48,40960,0.027575758,0.139461111,16.358692323619252,15.298101594035346,8.353716469328845,False,19764,19764,19764,10913.0
oculus_audio_pack/Indoor_switch_small_on_01.wav,oculus_audio_pack,normalized,candidate,rgs,medium,19764,44100,19764,44100,1,6114,7,0.44816326530612244,109.13879781420765,1.3624375,1.379465,1.382633,0.100502,0.1023799856,0.10293232352000001,4459.247231956801,a99e214da2a17c6b209a3685f49e3693a4bcb658a78003849bf45d48ef246ad1,de185ea5cd8ffd3bd186aa6dc9822dd330160a36e952100ca15b327bf2de6c91,c3ad52849d02f741,b762354fe6d1fc45,48,40960,0.023409813,0.101663636,16.358692323619252,15.298101594035346,8.353716469328845,False,19764,19764,19764,10913.0
oculus_audio_pack/Indoor_switch_small_on_01.wav,oculus_audio_pack,normalized,baseline,rgs,low,19764,44100,19764,44100,1,6082,7,0.44816326530612244,108.56757741347906,1.734166667,1.7506616671,1.75262566702,0.1254575,0.1268756962,0.12695893684,3572.231754228503,d72e6a18fe2201fdad1cf45e334695e32466ea50248c0245c57d4965d153fb11,77207ae768f18e236007f44cc9b4d743e9b0ef4352f3de108ffe0a1174291199,d98fa9fb70f3f3fb,33c175a46cebad60,48,40960,0.027874373,0.143664286,14.438079722532258,14.966059507196398,8.479012455794026,False,19764,19764,19764,11830.0
oculus_audio_pack/Indoor_switch_small_on_01.wav,oculus_audio_pack,normalized,candidate,rgs,low,19764,44100,19764,44100,1,6082,7,0.44816326530612244,108.56757741347906,1.374775,1.40423125,1.41072625,0.101706061,0.1034558014,0.10364951068,4406.455828685789,d72e6a18fe2201fdad1cf45e334695e32466ea50248c0245c57d4965d153fb11,77207ae768f18e236007f44cc9b4d743e9b0ef4352f3de108ffe0a1174291199,d98fa9fb70f3f3fb,33c175a46cebad60,48,40960,0.023290698,0.104065979,14.438079722532258,14.966059507196398,8.479012455794026,False,19764,19764,19764,11830.0
oculus_audio_pack/Indoor_switch_small_on_01.wav,oculus_audio_pack,normalized,reference,pcm,default,19764,44100,19764,44100,1,39572,7,0.44816326530612244,706.3854280510019,0.001183456,0.0012318691999999999,0.00124414904,0.001707736,0.0017477300999999999,0.0017532796199999999,262431.2336954438,4ce78a2e5e2b31898bee181b22a249fa9700bcd65043e5a0990c170616c57afa,4ce78a2e5e2b31898bee181b22a249fa9700bcd65043e5a0990c170616c57afa,031cf2c6a3783c6d,878b2c1f7e749bef,,,,,,60.0,0.0,True,19764,19764,19764,0.0
oculus_audio_pack/Indoor_switch_small_on_01.wav,oculus_audio_pack,normalized,reference,qoa,default,19764,44100,19764,44100,1,8016,7,0.44816326530612244,143.09071038251366,0.435569565,0.44387565240000004,0.44413860888,0.044480444,0.0452320526,0.045325143320000004,10075.51240509475,a2848d8d1e48d880888636f9dbfc07dd9b4da0b46939086090704bc50e8cf78a,00dcbec3b951951d553dd2eb2b0b9afdcf34f50286db74edbb1fc45513df482a,d09a379ff1d1a324,2324cf4d06810155,268,40960,0.011804599,,18.087500421793894,19.507415067933675,6.92870819804607,False,19764,19764,19764,11172.0
oculus_audio_pack/Indoor_switch_small_on_01.wav,oculus_audio_pack,normalized,reference,ima,default,19764,44100,19764,44100,1,10300,7,0.44816326530612244,183.8615664845173,0.173010345,0.17576347850000001,0.1760004149,0.12620125,0.1290521666,0.12946889492,3551.1792894771047,12be8b788c565def44b433c6329a106bcf351394317399051d8af1abb7304ed8,2956c13b779746495ddbae06769f7e1ade5af7b3a136bc6655c3c41096354110,39fb674b6d289338,15addf6c6ffe8002,,,,,19.74906727142447,22.44461326792479,5.997931486308929,False,19764,19764,19764,7598.0
oculus_audio_pack/Indoor_switch_small_on_01.wav,oculus_audio_pack,legacy_import,baseline,rgs,high,21512,48000,19765,44100,1,8020,7,0.44816666666666666,143.16102640386762,0.738685714,0.7601992855999999,0.76118842832,0.111793333,0.1133240079,0.11379661998,4008.8854553309247,a63c7ebe2543a48508d8b39661fb09f6c197c5505363e6dad23f3b185b690a2f,4b2b77ae9b7f4006ccf784cdf62788edb5c0e4e4c85a7c633c0a702694c88e5f,936784b71fc133cc,d10d845dfb174b3e,48,40960,0.026339211,0.12695443,8.4018950498849,12.544991108430038,10.243826007001635,False,19764,19764,19765,16749.0
oculus_audio_pack/Indoor_switch_small_on_01.wav,oculus_audio_pack,legacy_import,baseline,rgs,medium,21512,48000,19765,44100,1,6086,7,0.44816666666666666,108.63815544812198,1.616542857,1.6440271428,1.64507971416,0.114357955,0.1166964633,0.11698766466,3918.9811208731976,fd36404da6e70b8ae381433f9723cdfa025d90540c4dc8b9937d579731a23c13,c4e6ce93b2796a0d060ac2e596c4f35b97389c03837d74ea216aab57c05b766a,2da1e661f32f5a1e,f8e286f5bee3e713,48,40960,0.02742,0.124569136,8.403778123198682,11.958418038969217,10.673413890021472,False,19764,19764,19765,16245.0
oculus_audio_pack/Indoor_switch_small_on_01.wav,oculus_audio_pack,legacy_import,baseline,rgs,low,21512,48000,19765,44100,1,6042,7,0.44816666666666666,107.8527333581257,1.899933333,1.9283616661,1.93380566602,0.114622727,0.1152232182,0.11524418364,3909.9284966991468,d66ff2a7e628ad6e0d73aa5e76fb85b99585a1c3eda2c296e9655342abc1b4f8,810859b546b51fd29b01aba9bde3a3b9558de7124399b4ff746d6ea20c8316f1,335507a3dd36cc98,f30ca6f30e4cf000,48,40960,0.027430685,0.12513875,8.173446155269891,11.957187757765007,10.460581450154642,False,19764,19764,19765,16215.0
oculus_audio_pack/action_drop_coin_01.wav,oculus_audio_pack,normalized,baseline,rgs,high,36227,44100,36227,44100,1,14700,7,0.8214739229024943,143.15731360587407,2.20008,2.2526339993,2.2643027990599998,0.293228571,0.2956135298,0.29603564756,2801.4798152206467,6ff8e257684fb8dce80b0f1185dc88146e14ae2739300672018116eea4be0dd4,d64cbc68d97f584a41c4885a4c1d9bcc6150d3c049356296d414fe5d56964a8b,abc1e9f5b6b0d338,8748ca452d0b55f1,48,40960,0.039635573,0.314378125,17.977345803761054,17.379058335034813,18.579115642809214,False,36227,36227,36227,13762.0
oculus_audio_pack/action_drop_coin_01.wav,oculus_audio_pack,normalized,candidate,rgs,high,36227,44100,36227,44100,1,14700,7,0.8214739229024943,143.15731360587407,2.1572,2.182808,2.1847376,0.2546425,0.2574979617,0.25819497714,3225.989074496576,6ff8e257684fb8dce80b0f1185dc88146e14ae2739300672018116eea4be0dd4,d64cbc68d97f584a41c4885a4c1d9bcc6150d3c049356296d414fe5d56964a8b,abc1e9f5b6b0d338,8748ca452d0b55f1,48,40960,0.022900229,0.25469,17.977345803761054,17.379058335034813,18.579115642809214,False,36227,36227,36227,13762.0
oculus_audio_pack/action_drop_coin_01.wav,oculus_audio_pack,normalized,baseline,rgs,medium,36227,44100,36227,44100,1,11392,7,0.8214739229024943,110.94204874817125,5.60125,5.696975,5.7252350000000005,0.299132353,0.3033468808,0.30350816416,2746.1888179728066,f0abe00da222338411bc40c367dbe725b1819a7bd79bf2e5d1e3ada23e9f3450,359e1685a11b2dd41160a1bc7a973c38069abb3253f48a7e5dae333d7dff4c97,8a91a3c164d42d99,df9e7cb42e83a23a,48,40960,0.038142205,0.31441875,14.752118392294895,12.356310638343876,21.410314279326325,False,36227,36227,36227,17210.0
oculus_audio_pack/action_drop_coin_01.wav,oculus_audio_pack,normalized,candidate,rgs,medium,36227,44100,36227,44100,1,11392,7,0.8214739229024943,110.94204874817125,4.737933333,4.825906666,4.830994666,0.262046154,0.26393552659999997,0.26405868452,3134.8444171498677,f0abe00da222338411bc40c367dbe725b1819a7bd79bf2e5d1e3ada23e9f3450,359e1685a11b2dd41160a1bc7a973c38069abb3253f48a7e5dae333d7dff4c97,8a91a3c164d42d99,df9e7cb42e83a23a,48,40960,0.023665721,0.26058718,14.752118392294895,12.356310638343876,21.410314279326325,False,36227,36227,36227,17210.0
oculus_audio_pack/action_drop_coin_01.wav,oculus_audio_pack,normalized,baseline,rgs,low,36227,44100,36227,44100,1,11158,7,0.8214739229024943,108.66321804179204,6.194750002,6.2856500003999995,6.29381000088,0.295705882,0.3024617737,0.30445841554,2778.010086733731,7dfe0dcaffe6789d3bd2412ae60e116c688b2738b72925c466940b51d1684eaf,63d65e2ecc27b6bd3ad330024329e195c6305ec300a3a12488ac87c02aa0dec2,e55040e3620099b6,f5eea6ac9a26b40f,48,40960,0.040888571,0.311954545,12.923908651644018,11.84136885346916,21.656268197880223,False,36227,36227,36227,16116.0
oculus_audio_pack/action_drop_coin_01.wav,oculus_audio_pack,normalized,candidate,rgs,low,36227,44100,36227,44100,1,11158,7,0.8214739229024943,108.66321804179204,4.7878,4.8270000001,4.82732000002,0.262846154,0.2651073684,0.26555200008,3125.303187439807,7dfe0dcaffe6789d3bd2412ae60e116c688b2738b72925c466940b51d1684eaf,63d65e2ecc27b6bd3ad330024329e195c6305ec300a3a12488ac87c02aa0dec2,e55040e3620099b6,f5eea6ac9a26b40f,48,40960,0.023711611,0.25878718,12.923908651644018,11.84136885346916,21.656268197880223,False,36227,36227,36227,16116.0
oculus_audio_pack/action_drop_coin_01.wav,oculus_audio_pack,normalized,reference,pcm,default,36227,44100,36227,44100,1,72498,7,0.8214739229024943,706.0284980815414,0.001774242,0.0018149765,0.0018160865,0.002300506,0.0023300965,0.0023354401,357084.01669132547,a7551592ea9e2083039a241d2a44ede893989dd36931064503a345bfaf357235,a7551592ea9e2083039a241d2a44ede893989dd36931064503a345bfaf357235,742f8a6d7f8ee87d,8724c1aa9525a46b,,,,,,60.0,0.0,True,36227,36227,36227,0.0
oculus_audio_pack/action_drop_coin_01.wav,oculus_audio_pack,normalized,reference,qoa,default,36227,44100,36227,44100,1,14696,7,0.8214739229024943,143.11835923482485,1.328325,1.33994625,1.3417792499999999,0.084307563,0.0865204904,0.08686685648,9743.774979031174,b6b62231e0bc3049c74e09450a6aaf22ae893c045946e975490fe4a7a720687a,d64cbc68d97f584a41c4885a4c1d9bcc6150d3c049356296d414fe5d56964a8b,11056cdef3b779e4,8748ca452d0b55f1,268,40960,0.011866429,,17.977345803761054,17.379058335034813,18.579115642809214,False,36227,36227,36227,13762.0
oculus_audio_pack/action_drop_coin_01.wav,oculus_audio_pack,normalized,reference,ima,default,36227,44100,36227,44100,1,18492,7,0.8214739229024943,180.0860573605322,0.339996667,0.35070965509999996,0.35101089661999996,0.241095238,0.24500024350000002,0.24519517030000001,3407.2590139772665,f58e29ace5a9786965d2ff5e0cbafba2ee6464784d2059b006c35baf4e8a20b3,ea1e69b324a157787096ec6c0809e9a4a3ec40453aa658911dbe25b7b5c8387a,c90f46c4599fc5ac,d8735be0ec4eb7ac,,,,,14.782642974638252,17.80022979575381,21.34129897803644,False,36227,36227,36227,11669.0
oculus_audio_pack/action_drop_coin_01.wav,oculus_audio_pack,legacy_import,baseline,rgs,high,39431,48000,36228,44100,1,14700,7,0.8214791666666666,143.15639978696964,1.80735,1.8586933331,1.8648453330199999,0.267039474,0.2711179586,0.27173494292,3076.2461982181203,5b64c2529f1a23978ba893ff6fe75cb2cb0171ce7b1b994457b41e01ec64b601,da6c845a142fe4a7f0d0b6a3400ea19e1e5a1d6df369857ad01ba95da8ab428c,4ba07e2138904924,744f11ec5ef1571c,48,40960,0.034107823,0.288222857,1.5054957016285162,3.4923251969107474,14.779967728543484,False,36227,36227,36228,17138.0
oculus_audio_pack/action_drop_coin_01.wav,oculus_audio_pack,legacy_import,baseline,rgs,medium,39431,48000,36228,44100,1,11116,7,0.8214791666666666,108.25350612462276,4.887866667,4.9736799998,4.99545599996,0.273878378,0.276524054,0.27709291880000003,2999.430523378763,f0018d0a80c9eadb788f7671636c5be3fe6723b545d8fa49b091efab81bfb912,4502202d89272a7825c7b311358e0f72046663bda9e7d863e51376b9f00c4648,db5ea6f16d975a36,8470ba452a384139,48,40960,0.034616955,0.29016,1.453924600515789,2.989685613618743,16.550698509468223,False,36227,36227,36228,16730.0
oculus_audio_pack/action_drop_coin_01.wav,oculus_audio_pack,legacy_import,baseline,rgs,low,39431,48000,36228,44100,1,11110,7,0.8214791666666666,108.19507494103625,4.910433333,5.1266950005,5.162979000899999,0.270862162,0.27420891869999997,0.27505151334,3032.831018555728,7d4351f2966e52ef615f94cc6577f78173b4c4e6aa1bfbff78fe257bb747b05e,4a1bd1a49ad34774282476a261cdd8b96f53ad605277c793a530cc0602e92c7a,704b730ea9e08f82,ff4001e1a634e622,48,40960,0.034809028,0.287882857,1.4519995902188128,2.9485908805978327,16.52375467194133,False,36227,36227,36228,16650.0
oculus_audio_pack/action_drop_paper_ball.wav,oculus_audio_pack,normalized,baseline,rgs,high,52926,44100,52926,44100,1,21452,7,1.2001360544217687,142.99712050787892,1.897416666,1.9057899993,1.90583799906,0.397330769,0.40464599999999995,0.405246,3020.4961408910385,12e5939e18bccb8ff2922a1c390f6bb2993370fecfc069451e521d27207d3fca,270ef2ecd2cf6f4a900311485edae3379672f3b43b5d7401b29036effa9153f3,ed900154a8954188,bead3389b7821bcd,48,40960,0.030350606,0.417575,13.429151262444305,20.44212193081536,6.0895822036869545,False,52926,52926,52926,20337.0
oculus_audio_pack/action_drop_paper_ball.wav,oculus_audio_pack,normalized,candidate,rgs,high,52926,44100,52926,44100,1,21452,7,1.2001360544217687,142.99712050787892,1.847316667,1.8825883329,1.88734433298,0.342196667,0.3450528967,0.34558988974,3507.1529624856594,12e5939e18bccb8ff2922a1c390f6bb2993370fecfc069451e521d27207d3fca,270ef2ecd2cf6f4a900311485edae3379672f3b43b5d7401b29036effa9153f3,ed900154a8954188,bead3389b7821bcd,48,40960,0.022680726,0.344903448,13.429151262444305,20.44212193081536,6.0895822036869545,False,52926,52926,52926,20337.0
oculus_audio_pack/action_drop_paper_ball.wav,oculus_audio_pack,normalized,baseline,rgs,medium,52926,44100,52926,44100,1,16242,7,1.2001360544217687,108.26772474776102,5.429850001,5.4754500004,5.47893000088,0.408556,0.41535985000000003,0.41702197,2937.506864228573,e9fe9386ac2bf491b6b22619bbe36e2fb64396f9d3ddc64c5d63d358ea37b09f,d48a7568d190a06274c63514ec8961bfe3068f0859a75140ec5099f885b5e490,3c71295f076c563a,383e6672a6575335,48,40960,0.02974184,0.42475,12.151804455034513,15.817496574397065,7.196341816897981,False,52926,52926,52926,17938.0
oculus_audio_pack/action_drop_paper_ball.wav,oculus_audio_pack,normalized,candidate,rgs,medium,52926,44100,52926,44100,1,16242,7,1.2001360544217687,108.26772474776102,3.858033333,3.9085199998,3.92266399996,0.346913793,0.3500900001,0.35032420722,3459.464796840086,e9fe9386ac2bf491b6b22619bbe36e2fb64396f9d3ddc64c5d63d358ea37b09f,d48a7568d190a06274c63514ec8961bfe3068f0859a75140ec5099f885b5e490,3c71295f076c563a,383e6672a6575335,48,40960,0.023442155,0.349831034,12.151804455034513,15.817496574397065,7.196341816897981,False,52926,52926,52926,17938.0
oculus_audio_pack/action_drop_paper_ball.wav,oculus_audio_pack,normalized,baseline,rgs,low,52926,44100,52926,44100,1,16204,7,1.2001360544217687,108.01442013377168,5.399049999,5.460984999,5.4768369990000005,0.404688,0.4124428,0.41314456,2965.583497464142,273c6701071b443565bdbe67c5c26dea0da36b9191d37232545eeaba23f2bdce,741940e829e2282d68303fa53c591b3af10ea35bfa2d2e54ab0ba66bfd4be71d,56f674a68fd1e9d0,82c05b0d84271b34,48,40960,0.030166867,0.425479167,11.690087905944797,15.925898736317846,7.204655163035937,False,52926,52926,52926,18209.0
oculus_audio_pack/action_drop_paper_ball.wav,oculus_audio_pack,normalized,candidate,rgs,low,52926,44100,52926,44100,1,16204,7,1.2001360544217687,108.01442013377168,3.824866666,3.8603066671,3.8676346670200004,0.344831035,0.3469279308,0.34737731016,3480.3597490050993,273c6701071b443565bdbe67c5c26dea0da36b9191d37232545eeaba23f2bdce,741940e829e2282d68303fa53c591b3af10ea35bfa2d2e54ab0ba66bfd4be71d,56f674a68fd1e9d0,82c05b0d84271b34,48,40960,0.02400024,0.347175862,11.690087905944797,15.925898736317846,7.204655163035937,False,52926,52926,52926,18209.0
oculus_audio_pack/action_drop_paper_ball.wav,oculus_audio_pack,normalized,reference,pcm,default,52926,44100,52926,44100,1,105896,7,1.2001360544217687,705.8933000793561,0.002347418,0.0024098146,0.00241639252,0.002833484,0.0028753062000000003,0.00287987724,423554.9078172909,8e82bc6c3dfe3a266e0c0f509d5e47afb567dbd64b0e2deb54456b0cc144f8d2,8e82bc6c3dfe3a266e0c0f509d5e47afb567dbd64b0e2deb54456b0cc144f8d2,9e2ffa8bce491456,10772b62622bab20,,,,,,60.0,0.0,True,52926,52926,52926,0.0
oculus_audio_pack/action_drop_paper_ball.wav,oculus_audio_pack,normalized,reference,qoa,default,52926,44100,52926,44100,1,21448,7,1.2001360544217687,142.9704568643011,1.2018,1.2312666663,1.23267999966,0.121642169,0.1229542681,0.12296451202,9866.118503869893,feaf0652c6a59c38ae43bc5de7ba280599ff8ef0bd253e1342a2636c414415a2,270ef2ecd2cf6f4a900311485edae3379672f3b43b5d7401b29036effa9153f3,991e5adec5d93082,bead3389b7821bcd,268,40960,0.012023678,,13.429151262444305,20.44212193081536,6.0895822036869545,False,52926,52926,52926,20337.0
oculus_audio_pack/action_drop_paper_ball.wav,oculus_audio_pack,normalized,reference,ima,default,52926,44100,52926,44100,1,26684,7,1.2001360544217687,177.87316630767486,0.542247369,0.5528026317,0.5541352631400001,0.383862963,0.3874526924,0.38797053848,3126.470042961057,e5d106f0028020b1bdf6d76c66aada08a801ab2b8cd9081ed84f2531a8878f25,8dee2b38bce83efe353996807df87762a9d72beb9ee55785cdf955e5c7d6c4e2,25f1c9cd0227340d,d7b9e1f577dd2861,,,,,16.679021567324867,24.41739595579075,4.933508616624514,False,52926,52926,52926,10967.0
oculus_audio_pack/action_drop_paper_ball.wav,oculus_audio_pack,legacy_import,baseline,rgs,high,57606,48000,52926,44100,1,21452,7,1.200125,142.99843766274344,1.9699,2.0121650002,2.02107300004,0.3682,0.37341814840000004,0.37421548168,3259.437805540467,29e5f53e3f3075d663c492e5dcf8b6d08079615a6bf7cf974792cbbdfd7afe0c,3105840ec021da9d15ef6bb0c93aedcaafbb4f1a64ef7f97ce10ecefc590d9d2,f0bbfaef90d909ab,a57ceb3cfd156d0e,48,40960,0.028060224,0.391023077,6.37277149823443,13.759935999564878,10.734697102588044,False,52926,52926,52926,18669.0
oculus_audio_pack/action_drop_paper_ball.wav,oculus_audio_pack,legacy_import,baseline,rgs,medium,57606,48000,52926,44100,1,16204,7,1.200125,108.01541506093115,4.797566667,4.8427133341,4.84480933402,0.377955556,0.3834277774,0.38344999948,3175.307204638632,9d216f6563c3abcae8db476894edf57258b6622890d5223824c71180afd6916b,074e3562e1e0bb5a240db4c8fe31f1524d52d6c85cf1ca0a4a83a1f2d586f1e7,5ea169479dff40f6,a69d2d7ead2459ab,48,40960,0.029162974,0.392323077,6.165332270624811,13.07325768347919,9.611954887704355,False,52926,52926,52926,18618.0
oculus_audio_pack/action_drop_paper_ball.wav,oculus_audio_pack,legacy_import,baseline,rgs,low,57606,48000,52926,44100,1,16158,7,1.200125,107.70878033538172,5.06085,5.105875000299999,5.117935000059999,0.37717037,0.3813348149,0.38211881498,3181.917497920105,6a8809342d75394a991b4a999417bf337d2d36540bbbd4563b24b6588f7c0be7,b8eb5472f01dc7195c5d72918286941939ac812e920d6928e6bf8085bad62eaa,64c34aa93fe85036,2b842b97674e1dce,48,40960,0.028993913,0.395226923,6.301230890736126,13.084687608562612,9.680959317187687,False,52926,52926,52926,19015.0
oculus_audio_pack/action_shell_casing_on_grass_01.wav,oculus_audio_pack,normalized,baseline,rgs,high,21386,44100,21386,44100,1,8692,7,0.4849433106575964,143.3899560460114,1.481171429,1.5047457141999998,1.50630914284,0.168103333,0.170804585,0.1714124426,2884.7929544478243,36122a225eb97141bfe0b15e86a385afe77dc291f3edc7bc1aa0fd841d96146c,8e1b99cffd2325db867b7259adfd4a06b0d2618999c50268fee1237dcbf3399c,eadffae3ddbf367a,102a5dd5814c395c,48,40960,0.032156592,0.192838462,17.811780213578533,19.271888771919887,8.870832250776274,False,21386,21386,21386,11807.0
oculus_audio_pack/action_shell_casing_on_grass_01.wav,oculus_audio_pack,normalized,candidate,rgs,high,21386,44100,21386,44100,1,8692,7,0.4849433106575964,143.3899560460114,1.447842857,1.4619899997,1.46370085674,0.148930882,0.151836714,0.1525043124,3256.1635581906808,36122a225eb97141bfe0b15e86a385afe77dc291f3edc7bc1aa0fd841d96146c,8e1b99cffd2325db867b7259adfd4a06b0d2618999c50268fee1237dcbf3399c,eadffae3ddbf367a,102a5dd5814c395c,48,40960,0.023259535,0.150353731,17.811780213578533,19.271888771919887,8.870832250776274,False,21386,21386,21386,11807.0
oculus_audio_pack/action_shell_casing_on_grass_01.wav,oculus_audio_pack,normalized,baseline,rgs,medium,21386,44100,21386,44100,1,6798,7,0.4849433106575964,112.14506686617413,4.060899999,4.1171900001,4.12079800002,0.179239286,0.1812858928,0.18135146416,2705.563727014603,bc189a95193d515e4ddf794072439222cb29d1a3863fe446584525fb63e1cb01,cfd7db40891192af56336b90909204ed8ac6c19e49fea06408b603b7a497ebca,baf238b10ad93967,5aaef24d982261af,48,40960,0.033686532,0.196843137,16.642924599976613,13.151930218110943,10.495646778039735,False,21386,21386,21386,7126.0
oculus_audio_pack/action_shell_casing_on_grass_01.wav,oculus_audio_pack,normalized,candidate,rgs,medium,21386,44100,21386,44100,1,6798,7,0.4849433106575964,112.14506686617413,3.27415,3.3195725,3.3264545,0.151616667,0.155289287,0.15579262700000002,3198.482859787416,bc189a95193d515e4ddf794072439222cb29d1a3863fe446584525fb63e1cb01,cfd7db40891192af56336b90909204ed8ac6c19e49fea06408b603b7a497ebca,baf238b10ad93967,5aaef24d982261af,48,40960,0.023703555,0.150423881,16.642924599976613,13.151930218110943,10.495646778039735,False,21386,21386,21386,7126.0
oculus_audio_pack/action_shell_casing_on_grass_01.wav,oculus_audio_pack,normalized,baseline,rgs,low,21386,44100,21386,44100,1,6628,7,0.4849433106575964,109.34061535584027,4.508266666,4.576363333,4.598419333,0.177784211,0.1803324998,0.18078507116,2727.7074152417076,27b20002b3b505c73689f88f0f7b6f6afd9de5fbe19e58ac293fde032cf6ac1a,13276ced7f8b48e38c2bf3b28ebb9e44dbd9692f9f31e5867ca25da5cd891391,901d65e684e6e32c,07f0bedd9aada968,48,40960,0.033291694,0.19637451,13.373106943218321,12.636584245321577,10.654581132157283,False,21386,21386,21386,10516.0
oculus_audio_pack/action_shell_casing_on_grass_01.wav,oculus_audio_pack,normalized,candidate,rgs,low,21386,44100,21386,44100,1,6628,7,0.4849433106575964,109.34061535584027,3.294025,3.3666724997,3.38933449994,0.151754545,0.1549455385,0.1551626461,3195.576848506227,27b20002b3b505c73689f88f0f7b6f6afd9de5fbe19e58ac293fde032cf6ac1a,13276ced7f8b48e38c2bf3b28ebb9e44dbd9692f9f31e5867ca25da5cd891391,901d65e684e6e32c,07f0bedd9aada968,48,40960,0.02372109,0.150210448,13.373106943218321,12.636584245321577,10.654581132157283,False,21386,21386,21386,10516.0
oculus_audio_pack/action_shell_casing_on_grass_01.wav,oculus_audio_pack,normalized,reference,pcm,default,21386,44100,21386,44100,1,42816,7,0.4849433106575964,706.3258580379687,0.001268692,0.0013168483,0.00132731686,0.001792811,0.0017967071,0.00179701262,270493.2704326314,4d623e05f312f61235742a443ac659d74e95a77637a2aa48d7c38212b27d25c7,4d623e05f312f61235742a443ac659d74e95a77637a2aa48d7c38212b27d25c7,e087a88e052c3a58,2a55d00d304da6ca,,,,,,60.0,0.0,True,21386,21386,21386,0.0
oculus_audio_pack/action_shell_casing_on_grass_01.wav,oculus_audio_pack,normalized,reference,qoa,default,21386,44100,21386,44100,1,8688,7,0.4849433106575964,143.3239689516506,0.880458334,0.8910441668,0.89210216696,0.0500725,0.0505139119,0.05055813598,9684.823219483676,4e05f4d0c70c3a5eb32b707c39518579e622459a2286cd0a7ffc5f6946815f5a,8e1b99cffd2325db867b7259adfd4a06b0d2618999c50268fee1237dcbf3399c,1520c7d65485f74f,102a5dd5814c395c,268,40960,0.011991018,,17.811780213578533,19.271888771919887,8.870832250776274,False,21386,21386,21386,11807.0
oculus_audio_pack/action_shell_casing_on_grass_01.wav,oculus_audio_pack,normalized,reference,ima,default,21386,44100,21386,44100,1,12348,7,0.4849433106575964,203.70216029177968,0.25191,0.2557229682,0.25677741444,0.170669492,0.21988066589999994,0.23608704197999997,2841.417672102735,925cc808a323ee038c116924aa422cb6f22f51fa03345e24351d27757761eb8e,50c76efba6516529beb410c17e1a2ed3938d1335f01b59c1860568e941edf88c,4e5edaefe3c7f684,cbbe8d8a6a79c5c1,,,,,18.223649950880066,19.832521364139982,8.958300275243015,False,21386,21386,21386,8511.0
oculus_audio_pack/action_shell_casing_on_grass_01.wav,oculus_audio_pack,legacy_import,baseline,rgs,high,23277,48000,21386,44100,1,8692,7,0.4849375,143.39167418481762,1.256,1.27359625,1.27434925,0.157234375,0.1578731248,0.15790837455999998,3084.169730696611,7cf993b95fd500c9124c865c7e1587a8089eebfda657566975dec6095bdc81b8,af1b5d23f731f53852346e7b8bb7b1b68dfd506fe5b64b3a297263fd996addc5,65628f4e8e0e35bc,e5ab479fb56d7a04,48,40960,0.03034697,0.183838182,4.72750767104273,7.069207552685886,14.214294062694986,False,21386,21386,21386,15597.0
oculus_audio_pack/action_shell_casing_on_grass_01.wav,oculus_audio_pack,legacy_import,baseline,rgs,medium,23277,48000,21386,44100,1,6640,7,0.4849375,109.53988916097434,3.5977,3.6652966662999997,3.68087266606,0.168408333,0.1721372881,0.17221864402,2879.533876747061,8f4cc1c5eba77a20ea952c21a419f319a3f4ee8be3f4c8a36051ac3a66c9cc62,0f20d257f3d273be0d135f36f3b74a5870387cc1e8b128af16125f7b84f426b8,ac7931afd1e99ac3,aeba0880f3eb50af,48,40960,0.032948684,0.19295,4.671290990609039,6.8169586293959155,12.308614427799544,False,21386,21386,21386,16084.0
oculus_audio_pack/action_shell_casing_on_grass_01.wav,oculus_audio_pack,legacy_import,baseline,rgs,low,23277,48000,21386,44100,1,6588,7,0.4849375,108.68204665549685,3.569633334,3.6333166659,3.64007666598,0.16816,0.1689784999,0.16898369997999999,2883.786274976213,71b206756be8f60108eb9fa6f9ff7b428ba5079a8fd790639b2cb7d9ea7ebc4b,c0fc5f7c5a892c2e201600c70180b7b072a217d02dd1165b765e2214e7190a24,f5675260ca0c07a3,d570104c3610c47e,48,40960,0.034485862,0.188631481,4.6083299752509586,6.818091900433051,12.209427842968724,False,21386,21386,21386,16228.0
oculus_audio_pack/action_sword_scrape_02.wav,oculus_audio_pack,normalized,baseline,rgs,high,58904,44100,58904,44100,1,23868,7,1.3356916099773242,142.955154149124,2.8149,2.8560875003,2.85911750006,0.471677273,0.4808466668,0.48185695256,2831.7913252040958,19a3e1e3b3e081cb4f8f54072a83b44926d6a8dfd4ba83945e1fbccb63e5ed0a,f96086d8a80886128fd77be93faf0649e3de9cf360875f4258ddf46a9fcd0c32,240be5a9cc101702,8facb1e3046447f6,48,40960,0.032302581,0.491842857,24.42574170078555,26.052237592510146,9.716104172900502,False,58904,58904,58904,2635.0
oculus_audio_pack/action_sword_scrape_02.wav,oculus_audio_pack,normalized,candidate,rgs,high,58904,44100,58904,44100,1,23868,7,1.3356916099773242,142.955154149124,2.748875,2.7842399997,2.78506799994,0.404616,0.4121036,0.41409752,3301.1339392839736,19a3e1e3b3e081cb4f8f54072a83b44926d6a8dfd4ba83945e1fbccb63e5ed0a,f96086d8a80886128fd77be93faf0649e3de9cf360875f4258ddf46a9fcd0c32,240be5a9cc101702,8facb1e3046447f6,48,40960,0.023071198,0.413076,24.42574170078555,26.052237592510146,9.716104172900502,False,58904,58904,58904,2635.0
oculus_audio_pack/action_sword_scrape_02.wav,oculus_audio_pack,normalized,baseline,rgs,medium,58904,44100,58904,44100,1,18456,7,1.3356916099773242,110.54048621485809,7.9331,7.990855,8.000131,0.485128571,0.5047510000000001,0.5052382000000001,2753.2734409438112,8801c233b51481318c57311ed12691e06c959a994885145863546324bbf56de2,851188353fe63e69b99e9f99cf4ef1e65f61dd9b194e3dd1f4bdfccd209741ba,dc4ddc06e6036c56,74192c54c1f58680,48,40960,0.032291613,0.496661905,21.35856224547578,20.760793720624005,12.008086884010542,False,58904,58904,58904,3149.0
oculus_audio_pack/action_sword_scrape_02.wav,oculus_audio_pack,normalized,candidate,rgs,medium,58904,44100,58904,44100,1,18456,7,1.3356916099773242,110.54048621485809,5.91265,6.0367449986,6.04186899812,0.413664,0.41921165,0.42063233,3228.928816569303,8801c233b51481318c57311ed12691e06c959a994885145863546324bbf56de2,851188353fe63e69b99e9f99cf4ef1e65f61dd9b194e3dd1f4bdfccd209741ba,dc4ddc06e6036c56,74192c54c1f58680,48,40960,0.023324942,0.420520833,21.35856224547578,20.760793720624005,12.008086884010542,False,58904,58904,58904,3149.0
oculus_audio_pack/action_sword_scrape_02.wav,oculus_audio_pack,normalized,baseline,rgs,low,58904,44100,58904,44100,1,18074,7,1.3356916099773242,108.25253293494501,7.9706,8.037705000699999,8.05274100094,0.484652381,0.49402952359999996,0.49599066632,2755.9786402397226,072f845dbc1cbe2801155a9c93bb9fba31bcd92b22143302626fed03b489213a,f574f6819ce2e97a518b627507df84846923679a4b2e621114214dab7253bfd4,79b1731bdb740883,3a914befcf1469b2,48,40960,0.032094231,0.492280952,17.44889169818845,20.359903831227726,12.364657315319466,False,58904,58904,58904,5488.0
oculus_audio_pack/action_sword_scrape_02.wav,oculus_audio_pack,normalized,candidate,rgs,low,58904,44100,58904,44100,1,18074,7,1.3356916099773242,108.25253293494501,5.9015,5.9745599996,5.98879199912,0.407892,0.41573135,0.41687627,3274.620757399812,072f845dbc1cbe2801155a9c93bb9fba31bcd92b22143302626fed03b489213a,f574f6819ce2e97a518b627507df84846923679a4b2e621114214dab7253bfd4,79b1731bdb740883,3a914befcf1469b2,48,40960,0.023440515,0.406004,17.44889169818845,20.359903831227726,12.364657315319466,False,58904,58904,58904,5488.0
oculus_audio_pack/action_sword_scrape_02.wav,oculus_audio_pack,normalized,reference,pcm,default,58904,44100,58904,44100,1,117852,7,1.3356916099773242,705.8635338856445,0.002534313,0.0025721426,0.00257608292,0.003079889,0.0031623922,0.0031780464400000003,433681.73657470255,59573be3aeb3baf074617f8a8ee5bd53dd6b68e95738ec7ddb0c6fe366df1ea6,59573be3aeb3baf074617f8a8ee5bd53dd6b68e95738ec7ddb0c6fe366df1ea6,0120c4eaff3853c3,54763d0e260409cd,,,,,,60.0,0.0,True,58904,58904,58904,0.0
oculus_audio_pack/action_sword_scrape_02.wav,oculus_audio_pack,normalized,reference,qoa,default,58904,44100,58904,44100,1,23864,7,1.3356916099773242,142.93119652315633,1.733333334,1.7675983339,1.7726663339800002,0.135675676,0.1377212179,0.13804725718000002,9844.738934466957,6a876c2a4f1156416ed34c897951b4843223d7ea094f697a210e9b207fcb80b1,f96086d8a80886128fd77be93faf0649e3de9cf360875f4258ddf46a9fcd0c32,ad8557d522f7a79f,8facb1e3046447f6,268,40960,0.012133929,,24.42574170078555,26.052237592510146,9.716104172900502,False,58904,58904,58904,2635.0
oculus_audio_pack/action_sword_scrape_02.wav,oculus_audio_pack,normalized,reference,ima,default,58904,44100,58904,44100,1,30780,7,1.3356916099773242,184.35393182126853,0.584277778,0.5879617644999999,0.5887029409,0.424241667,0.430230417,0.431499417,3148.4215575112853,84feb8d9524a85ac32029342933651339b977ace209c289314449127511193d5,d971aa518a398da5bd111ee8a51b5e05ba3897170877fa2c1c77d6344fcc5555,c8fc6cd2ffdcb97e,45119b87707234e9,,,,,21.868853537981337,25.59633040900622,11.589462228020757,False,58904,58904,58904,6857.0
oculus_audio_pack/action_sword_scrape_02.wav,oculus_audio_pack,legacy_import,baseline,rgs,high,64113,48000,58904,44100,1,23868,7,1.3356875,142.95559402929203,2.772875,2.8674774996,2.87007549912,0.4325875,0.4414721198,0.44380398956,3087.670124541278,cdce2dfff80c6eae070ba434835712368645f8368da643eedb8b1353f8d375cd,fff554523b2ebcbc7c5bb306d0b28050fc6e4b2759bd6a287c77bb1b7d0f2a5c,8055012c16a0c8aa,d0c9c64da4f66999,48,40960,0.028405666,0.448308696,11.106490775108425,15.423394474239826,10.683285971449681,False,58904,58904,58904,9068.0
oculus_audio_pack/action_sword_scrape_02.wav,oculus_audio_pack,legacy_import,baseline,rgs,medium,64113,48000,58904,44100,1,18126,7,1.3356875,108.56431612933416,7.214000002,7.2794050003,7.29372100006,0.462886364,0.4711327269,0.47247018138,2885.5624271532874,58d8136368cd64de29301adeaa29a0722b3d169814c6f6b4e614c80b0ec4988b,a419429bd08c8b07fa9f38be2cf0bae1a27bcfea0dd3aedca76c3aa17adafe16,b70b2ee6d2970e77,54541af26d2d0cd0,48,40960,0.030688344,0.465586364,10.907707860667234,15.021929748116552,11.655658502132793,False,58904,58904,58904,9844.0
oculus_audio_pack/action_sword_scrape_02.wav,oculus_audio_pack,legacy_import,baseline,rgs,low,64113,48000,58904,44100,1,18010,7,1.3356875,107.86954283842591,7.729700001,7.7599050003,7.766421000059999,0.465745454,0.4815684845,0.4843784585,2867.848711197512,3cf589d32ebc6c40b83638d6c4f50196ffb20dbb99f306101b26504a2233f04f,6b14f1a3db791535ce2e546b04d73a7648db88628de28cdd6ab9c7db9bb615b4,ee5cbce0ae232c4c,a9e236fcb14c446c,48,40960,0.030691104,0.46755,10.906960488514326,15.009097668460733,11.589865317756537,False,58904,58904,58904,9249.0
oculus_audio_pack/action_typing.wav,oculus_audio_pack,normalized,baseline,rgs,high,812851,44100,812851,44100,1,328972,7,18.43199546485261,142.78302124251553,34.3981,35.4088699991,35.718733999819996,6.8364,7.1031100003,7.17722200006,2696.1552081289283,3f9bf0e841c6f7cb8c81afbeb63c402675afb1790466c472be3e8be25ac2a9de,e1eb9fc871c5d8d82192fccc7e1645b1f3d1bda1040157319e0e95d13f55abd2,4d78f5fed59b0e04,2207f2284c886ee6,48,40960,0.025632992,6.908749999,24.534984303203696,24.53222523250799,7.819391875778932,False,812851,812851,812851,2868.0
oculus_audio_pack/action_typing.wav,oculus_audio_pack,normalized,candidate,rgs,high,812851,44100,812851,44100,1,328972,7,18.43199546485261,142.78302124251553,32.765500002,33.4684800008,33.49785600176,5.898700001,5.990190000699999,6.013758000939999,3124.755532867895,3f9bf0e841c6f7cb8c81afbeb63c402675afb1790466c472be3e8be25ac2a9de,e1eb9fc871c5d8d82192fccc7e1645b1f3d1bda1040157319e0e95d13f55abd2,4d78f5fed59b0e04,2207f2284c886ee6,48,40960,0.022833257,5.83915,24.534984303203696,24.53222523250799,7.819391875778932,False,812851,812851,812851,2868.0
oculus_audio_pack/action_typing.wav,oculus_audio_pack,normalized,baseline,rgs,medium,812851,44100,812851,44100,1,248966,7,18.43199546485261,108.05818630966806,102.514400002,102.9686100027,102.99772200294001,6.972349999,7.0899599997,7.0915919999399994,2643.5843678955002,f3f636c071d033446429c1fcb7cbdee82f09bb363d594e1779ee530e7ae80982,c90912308b3b33fd8a6d50399495ad70eab9c19361c3e01c9edb71be0375db6d,6b9c56104bc0e43d,696d07820f2192a7,48,40960,0.025073434,6.946799999,19.248958491695188,17.851713528081053,9.895141194257631,False,812851,812851,812851,5244.0
oculus_audio_pack/action_typing.wav,oculus_audio_pack,normalized,candidate,rgs,medium,812851,44100,812851,44100,1,248966,7,18.43199546485261,108.05818630966806,73.2192,73.5499200014,73.56062400188,5.98405,6.115839998299999,6.116487998059999,3080.187409004371,f3f636c071d033446429c1fcb7cbdee82f09bb363d594e1779ee530e7ae80982,c90912308b3b33fd8a6d50399495ad70eab9c19361c3e01c9edb71be0375db6d,6b9c56104bc0e43d,696d07820f2192a7,48,40960,0.023095381,5.9824,19.248958491695188,17.851713528081053,9.895141194257631,False,812851,812851,812851,5244.0
oculus_audio_pack/action_typing.wav,oculus_audio_pack,normalized,baseline,rgs,low,812851,44100,812851,44100,1,247898,7,18.43199546485261,107.59464452894811,110.262700003,111.0245400007,111.12274800094,6.988599999,7.0171699997,7.02175399994,2637.4374649414826,61a8ed7e9b88f002b28eb36ec1d5ba1384c3878463db723697dbcff4c2fafa9a,e6cd026e51346243e4aea21abac1e310e227e055939c73a339d6b5fa9fea6fbd,81f181b41b4c0b23,ec122b8e3c660c78,48,40960,0.025042,6.94125,17.8345831646647,17.766444968696305,9.943695920363497,False,812851,812851,812851,6960.0
oculus_audio_pack/action_typing.wav,oculus_audio_pack,normalized,candidate,rgs,low,812851,44100,812851,44100,1,247898,7,18.43199546485261,107.59464452894811,73.4307,73.8307200004,73.90790400088001,6.013499999,6.13655,6.15779,3065.102763435222,61a8ed7e9b88f002b28eb36ec1d5ba1384c3878463db723697dbcff4c2fafa9a,e6cd026e51346243e4aea21abac1e310e227e055939c73a339d6b5fa9fea6fbd,81f181b41b4c0b23,ec122b8e3c660c78,48,40960,0.022963991,5.958149999,17.8345831646647,17.766444968696305,9.943695920363497,False,812851,812851,812851,6960.0
oculus_audio_pack/action_typing.wav,oculus_audio_pack,normalized,reference,pcm,default,812851,44100,812851,44100,1,1625746,7,18.43199546485261,705.619097226921,0.05157268,0.0538242326,0.05435093372,0.04872233,0.0498713929,0.049911392980000004,378306.9378014682,7e2416a2cd19307fcb13993bb921b2bb3f572ca7282308d000176332ae324840,7e2416a2cd19307fcb13993bb921b2bb3f572ca7282308d000176332ae324840,8f996350be5c2231,b9ea09ad3a2d33eb,,,,,,60.0,0.0,True,812851,812851,812851,0.0
oculus_audio_pack/action_typing.wav,oculus_audio_pack,normalized,reference,qoa,default,812851,44100,812851,44100,1,328968,7,18.43199546485261,142.78128513097724,21.307,21.6970500018,21.745170002760002,1.873483334,1.90235,1.9027100000000001,9838.35571437894,e3f92c5aed5bb9508517e7422cf4ec056e3785c0840c3d1d4c7f1e6d09305b76,e1eb9fc871c5d8d82192fccc7e1645b1f3d1bda1040157319e0e95d13f55abd2,7083961e247b926c,2207f2284c886ee6,268,40960,0.01214818,,24.534984303203696,24.53222523250799,7.819391875778932,False,812851,812851,812851,2868.0
oculus_audio_pack/action_typing.wav,oculus_audio_pack,normalized,reference,ima,default,812851,44100,812851,44100,1,407612,7,18.43199546485261,176.91497408504142,9.38555,9.551494999,9.572218999,6.335750001,6.4415199990000005,6.445143999000001,2909.204981563888,a50ea09fbea9d8021ae6843915fec121d4e90cbf463fe3c671e93a13fd4c94a7,d0d33edee0e2d3e1753c7ede536f093843f7b2b97997aa5da79b637aab03acac,f7d2ca2d80153677,291aec379a680cfd,,,,,23.826588504443734,27.181303844444248,7.112054551389594,False,812851,812851,812851,7268.0
oculus_audio_pack/action_typing.wav,oculus_audio_pack,legacy_import,baseline,rgs,high,884736,48000,812852,44100,1,328972,7,18.432,142.78298611111111,34.412900001,34.516100001,34.536020001,6.289249999,6.4876700003,6.5407340000600005,2930.715109580747,6c1ef3965a3d5c16d249f9491bc6a28e91acef23bc4dafba9e70797b541d026f,126f08444ae3e8af6b6c2a91134a40ba7ee024c4bc364bf7645b25c9f9bf81a0,1e437cbc9170e6e3,f24ec9237c7e64b6,48,40960,0.025214106,6.36545,12.864989429404787,16.264158486055347,11.039206076237324,False,812851,812851,812852,10125.0
oculus_audio_pack/action_typing.wav,oculus_audio_pack,legacy_import,baseline,rgs,medium,884736,48000,812852,44100,1,248050,7,18.432,107.66059027777779,97.171799999,97.81518999789999,97.84055799718,6.592449998,6.631394999299999,6.633998999059999,2795.9256430601445,a367adc76b96bcf72e5b38338690e27cc6a89143f497e693d140166061eda700,121cb60b347e03a16787e32739b845576229d79d59604da5bf0bc8b0cb0ddd8c,7d5dc94b0ebfe33d,e1f9bbd2b90df741,48,40960,0.0250055,6.5265,12.595704486450622,15.241485347715793,10.245224192810896,False,812851,812851,812852,9723.0
oculus_audio_pack/action_typing.wav,oculus_audio_pack,legacy_import,baseline,rgs,low,884736,48000,812852,44100,1,247686,7,18.432,107.50260416666667,99.983100001,100.921190001,101.176718001,6.566,6.6467549997,6.66755099994,2807.1885470606153,1906b198d528721fe3489211feeadd88d050b71f91819b4ee6b069ebe29d855f,8f1e677e925d02189f8a12c28989c98e25c3099cee7a13d4e6d4f48d566bca9d,a576e13b1437b5c3,620673b51d6c9a26,48,40960,0.025106266,6.532149998,12.53231204873378,15.23186295651032,10.231603056638974,False,812851,812851,812852,10146.0
oculus_audio_pack/ambience_forest_birds_02.wav,oculus_audio_pack,normalized,baseline,rgs,high,321754,44100,321754,44100,1,130228,7,7.296009070294785,142.79368212982587,23.027099997,23.7464199987,23.83728399894,2.765575,2.8185900007,2.82703800094,2638.152669985368,4ecfdd1aeee86e880cc0e9b9107f669e34564f427c405ebe96d46f9a2884d165,7a539e6317df19a9a77115d746a13078fb9f75baa666ba7e6e6db86b6060ad9a,65405d72b223599c,f74fb480c4f7553a,48,40960,0.026936559,2.8499,29.104126112766075,26.65828411321407,8.773275325402977,False,321754,321754,321754,1533.0
oculus_audio_pack/ambience_forest_birds_02.wav,oculus_audio_pack,normalized,candidate,rgs,high,321754,44100,321754,44100,1,130228,7,7.296009070294785,142.79368212982587,22.3596,22.6905800014,22.73819600188,2.39236,2.4545020002999998,2.4655564000599997,3049.7120292492705,4ecfdd1aeee86e880cc0e9b9107f669e34564f427c405ebe96d46f9a2884d165,7a539e6317df19a9a77115d746a13078fb9f75baa666ba7e6e6db86b6060ad9a,65405d72b223599c,f74fb480c4f7553a,48,40960,0.022183814,2.382340001,29.104126112766075,26.65828411321407,8.773275325402977,False,321754,321754,321754,1533.0
oculus_audio_pack/ambience_forest_birds_02.wav,oculus_audio_pack,normalized,baseline,rgs,medium,321754,44100,321754,44100,1,101688,7,7.296009070294785,111.49986138478464,61.702799998,62.6563200014,62.756544001879995,2.854925,2.886495,2.888319,2555.586948972314,7fc035d0e4dae4342733d65a8e81af69fb3d8d6d8bf197ea4a0e9ebd55ec61d3,484602e130623272242a1fab520dd0eff943f5a2327a678f96bd70b9b9459b3d,ef377d6d68978118,fc982748baeb7674,48,40960,0.026378684,2.815274999,22.68192296533766,20.009879254393045,10.454250845991993,False,321754,321754,321754,2317.0
oculus_audio_pack/ambience_forest_birds_02.wav,oculus_audio_pack,normalized,candidate,rgs,medium,321754,44100,321754,44100,1,101688,7,7.296009070294785,111.49986138478464,51.070099998,51.9086799996,52.121655999119994,2.44954,2.5534019999999997,2.5780884,2978.522118558907,7fc035d0e4dae4342733d65a8e81af69fb3d8d6d8bf197ea4a0e9ebd55ec61d3,484602e130623272242a1fab520dd0eff943f5a2327a678f96bd70b9b9459b3d,ef377d6d68978118,fc982748baeb7674,48,40960,0.0221898,2.433,22.68192296533766,20.009879254393045,10.454250845991993,False,321754,321754,321754,2317.0
oculus_audio_pack/ambience_forest_birds_02.wav,oculus_audio_pack,normalized,baseline,rgs,low,321754,44100,321754,44100,1,98314,7,7.296009070294785,107.80030458051803,74.6644,75.6779999987,75.73151999894,2.778825,2.8446849997,2.85933699994,2625.5734241252276,afa8afffa43af854952d1b80330fc25282f4adae1e3796747e7eadc26abd57a7,c48bb2adb40d6a773f57009d76f6d1e8be40e66c43ed66928247d9b2eb1dd177,ed73666e905fd979,22215f74c8a049b5,48,40960,0.026495767,2.770325,20.038012395378097,19.187685096276116,11.082871582021781,False,321754,321754,321754,3725.0
oculus_audio_pack/ambience_forest_birds_02.wav,oculus_audio_pack,normalized,candidate,rgs,low,321754,44100,321754,44100,1,98314,7,7.296009070294785,107.80030458051803,51.367800001,51.7186899994,51.76925799988,2.42584,2.487332,2.5018664,3007.62171878392,afa8afffa43af854952d1b80330fc25282f4adae1e3796747e7eadc26abd57a7,c48bb2adb40d6a773f57009d76f6d1e8be40e66c43ed66928247d9b2eb1dd177,ed73666e905fd979,22215f74c8a049b5,48,40960,0.022368527,2.40228,20.038012395378097,19.187685096276116,11.082871582021781,False,321754,321754,321754,3725.0
oculus_audio_pack/ambience_forest_birds_02.wav,oculus_audio_pack,normalized,reference,pcm,default,321754,44100,321754,44100,1,643552,7,7.296009070294785,705.6482455540569,0.014460694,0.0174531492,0.01749454584,0.016076886,0.0196325662,0.020314570839999997,453819.7926075227,393ad05fb57128cb2d7e8d80d2d8495d6328b7bcf6cc2759c5cd5e4ebc4cca2a,393ad05fb57128cb2d7e8d80d2d8495d6328b7bcf6cc2759c5cd5e4ebc4cca2a,232ca1a36f990826,2cb7fde4df462f94,,,,,,60.0,0.0,True,321754,321754,321754,0.0
oculus_audio_pack/ambience_forest_birds_02.wav,oculus_audio_pack,normalized,reference,qoa,default,321754,44100,321754,44100,1,130224,7,7.296009070294785,142.78929617036619,13.915799998,14.0949099979,14.101941997179999,0.736235714,0.752248571,0.755152571,9909.882027666461,228560dc22cfb95c04b2b56591412cbc5cf31fbc02433992fcc479b028085303,7a539e6317df19a9a77115d746a13078fb9f75baa666ba7e6e6db86b6060ad9a,5b4359ed67a1e009,f74fb480c4f7553a,268,40960,0.011601508,,29.104126112766075,26.65828411321407,8.773275325402977,False,321754,321754,321754,1533.0
oculus_audio_pack/ambience_forest_birds_02.wav,oculus_audio_pack,normalized,reference,ima,default,321754,44100,321754,44100,1,161852,7,7.296009070294785,177.46907761830468,3.5485,3.6009133337,3.60364933394,2.38808,2.4232540006999996,2.42474680094,3055.177829174393,dc880f079543fa3e8f3f36cf337c0e6e587eeaab62c418664ff20dd3426ec01c,283fda0bcbc889457ad34fed097ffdab85c96bb5480ce3c8fd24219b3cb35bd4,4b41052ac87f043e,a31c407a97e7258b,,,,,24.09820802123303,25.586035904420566,9.637291613070204,False,321754,321754,321754,6373.0
oculus_audio_pack/ambience_forest_birds_02.wav,oculus_audio_pack,legacy_import,baseline,rgs,high,350208,48000,321754,44100,1,130228,7,7.296,142.79385964912282,27.587100003,28.0629300003,28.11330600006,2.6207,2.6368050007,2.6388810009399997,2783.9890105696954,824e4b11cf01092ffe142ddbf45ee220844bfc206834f69ba7cd623b32571225,18571daeac8f1b80512966a6a51f8255963b8c748fcf2ea05e40d6218df7387e,3fbb1214b0ed6a1e,6ea15977766881d9,48,40960,0.026273753,2.6346,12.937902679832023,14.597486212508956,13.269196865328363,False,321754,321754,321754,7342.0
oculus_audio_pack/ambience_forest_birds_02.wav,oculus_audio_pack,legacy_import,baseline,rgs,medium,350208,48000,321754,44100,1,99244,7,7.296,108.8201754385965,56.745499998,57.431020000400004,57.452284000880006,2.750299999,2.7802625007,2.78473250094,2652.8015135268156,1d174a6a5a076b559855bbf0fc4c8eee6bab6d7a97ebfdfb145465f344f47ed5,c9938539f5577c79e0c88368930230a8d1d1e5956c4240eccd8ab8caa3dfb03a,63cb60ea3ced0427,ae2f1268265c48d9,48,40960,0.026213351,2.69685,12.761262403137973,14.324942957202598,11.858781271739023,False,321754,321754,321754,6992.0
oculus_audio_pack/ambience_forest_birds_02.wav,oculus_audio_pack,legacy_import,baseline,rgs,low,350208,48000,321754,44100,1,98052,7,7.296,107.51315789473684,66.660700001,67.45398000269999,67.46751600294,2.652,2.698485,2.706597,2751.131221719457,5362c8f45d40958d90d7d4cd20e237af30cd2d707f18334f16bc659442f12d6c,f197f88a65f621dec631be220c613ddc80d21d39e825d8223909fdd58707a01d,30ff1f005c662dab,fcc4c7b102436019,48,40960,0.025873643,2.660425,12.69820124328562,14.291285525330832,12.051444155608163,False,321754,321754,321754,7173.0
oculus_audio_pack/ambience_forest_birds_03.wav,oculus_audio_pack,normalized,baseline,rgs,high,133123,44100,133123,44100,1,53916,7,3.0186621315192745,142.88714046408208,8.279850001,8.5468549997,8.61421099994,1.174388889,1.1843366661999999,1.1850006660399999,2570.4110110320316,1cc93f44614e550b1d89fb5503709ece624a9b725c6f9e011a49ffb596d2043c,bf8012cedec4d4e5d9c1648af3b92b80f6b2e280c5a6d3f19c23b9ff771e9986,f503e5a79c5888b4,ed4f81d73e7a6cc8,48,40960,0.027101626,1.166388889,14.367095791809518,27.920720412419197,9.37702717340327,False,133123,133123,133123,50371.0
oculus_audio_pack/ambience_forest_birds_03.wav,oculus_audio_pack,normalized,candidate,rgs,high,133123,44100,133123,44100,1,53916,7,3.0186621315192745,142.88714046408208,8.1513,8.44679,8.526518,1.02196,1.033509,1.0368858,2953.7967547842136,1cc93f44614e550b1d89fb5503709ece624a9b725c6f9e011a49ffb596d2043c,bf8012cedec4d4e5d9c1648af3b92b80f6b2e280c5a6d3f19c23b9ff771e9986,f503e5a79c5888b4,ed4f81d73e7a6cc8,48,40960,0.022579684,0.993572727,14.367095791809518,27.920720412419197,9.37702717340327,False,133123,133123,133123,50371.0
oculus_audio_pack/ambience_forest_birds_03.wav,oculus_audio_pack,normalized,baseline,rgs,medium,133123,44100,133123,44100,1,41274,7,3.0186621315192745,109.38355656047415,24.970400002,25.8084000004,26.05344000088,1.187366667,1.2033011116,1.20533577832,2542.3167210396978,b960d8f8d9c23f54fc70f71fcf03ccae7c890ed940415ff2708440423bd8feb5,ad3ad5525a49c11de5e35573443845e146414287d6cb17aecf032d131ea62a09,0adbc6b67403347d,3c07ace1e6c8c4bb,48,40960,0.028039216,1.190155555,2.8699235709876794,20.46382681316411,11.663965866964718,False,133123,133123,133123,59371.0
oculus_audio_pack/ambience_forest_birds_03.wav,oculus_audio_pack,normalized,candidate,rgs,medium,133123,44100,133123,44100,1,41274,7,3.0186621315192745,109.38355656047415,19.393100001,19.648370000299998,19.685114000059997,1.03148,1.0531350000000002,1.056219,2926.5348155265006,b960d8f8d9c23f54fc70f71fcf03ccae7c890ed940415ff2708440423bd8feb5,ad3ad5525a49c11de5e35573443845e146414287d6cb17aecf032d131ea62a09,0adbc6b67403347d,3c07ace1e6c8c4bb,48,40960,0.022736818,1.02672,2.8699235709876794,20.46382681316411,11.663965866964718,False,133123,133123,133123,59371.0
oculus_audio_pack/ambience_forest_birds_03.wav,oculus_audio_pack,normalized,baseline,rgs,low,133123,44100,133123,44100,1,40726,7,3.0186621315192745,107.931257558799,29.404299997,29.7333400013,29.781388001059998,1.198422222,1.2024277775999999,1.20297444432,2518.8636159312427,ca376f431716180ecf5d66121c7f009b7b4d5f6d6518dad601d37cef5d76fe64,99b7ec25708181a316bcd992e4e6996897e01b151a1159869095414d7d2e9d05,2bb79d0e9b4f4541,62823348569a0582,48,40960,0.027604959,1.169455556,19.118942394278257,20.505593713859756,11.584973440667456,False,133123,133123,133123,26386.0
oculus_audio_pack/ambience_forest_birds_03.wav,oculus_audio_pack,normalized,candidate,rgs,low,133123,44100,133123,44100,1,40726,7,3.0186621315192745,107.931257558799,19.3409,19.547520001000002,19.555344001,1.00731,1.0490059999999999,1.0536092,2996.7558462829465,ca376f431716180ecf5d66121c7f009b7b4d5f6d6518dad601d37cef5d76fe64,99b7ec25708181a316bcd992e4e6996897e01b151a1159869095414d7d2e9d05,2bb79d0e9b4f4541,62823348569a0582,48,40960,0.022660407,1.01062,19.118942394278257,20.505593713859756,11.584973440667456,False,133123,133123,133123,26386.0
oculus_audio_pack/ambience_forest_birds_03.wav,oculus_audio_pack,normalized,reference,pcm,default,133123,44100,133123,44100,1,266290,7,3.0186621315192745,705.7166079490396,0.00504672,0.005445996,0.0055567368,0.005361576,0.0054404625,0.0054536133,563017.6894851952,7b0004c75063d8d378777ab84d269dbe56ab16f4de1d40bc1bcce1f91fe1f989,7b0004c75063d8d378777ab84d269dbe56ab16f4de1d40bc1bcce1f91fe1f989,ce07f3e066f5b485,acd7b1d8b939be1f,,,,,,60.0,0.0,True,133123,133123,133123,0.0
oculus_audio_pack/ambience_forest_birds_03.wav,oculus_audio_pack,normalized,reference,qoa,default,133123,44100,133123,44100,1,53912,7,3.0186621315192745,142.87653974144214,5.086550001,5.15772,5.165424,0.315159375,0.32556822609999997,0.32742590361999996,9578.20826849677,d659e31e4b5448484296d5bb4dfe8b488f61aeab581b81ad6d08686e406cd358,bf8012cedec4d4e5d9c1648af3b92b80f6b2e280c5a6d3f19c23b9ff771e9986,b8775d00735af5df,ed4f81d73e7a6cc8,268,40960,0.011953524,,14.367095791809518,27.920720412419197,9.37702717340327,False,133123,133123,133123,50371.0
oculus_audio_pack/ambience_forest_birds_03.wav,oculus_audio_pack,normalized,reference,ima,default,133123,44100,133123,44100,1,67644,7,3.0186621315192745,179.2688205644404,1.464171429,1.5054728573,1.51014600026,1.02132,1.033371,1.0358981999999999,2955.6477220844345,16ead47c81fe1c4aba9c196aaa06e506c74b85dd1daf1e86b7d524bd19c82eff,4703d701dcfc5b05e6670a751c17546805d3564d6b414b83ba5961ace5fe3ddf,38612b441e66d45e,44350455e322b665,,,,,25.447015061044198,26.16064207225799,10.459458614123474,False,133123,133123,133123,2473.0
oculus_audio_pack/ambience_forest_birds_03.wav,oculus_audio_pack,legacy_import,baseline,rgs,high,144896,48000,133124,44100,1,53916,7,3.018666666666667,142.88692579505297,7.911350001,7.992525001,7.997865001,1.10379,1.1972433335000001,1.2101420003,2734.819727182405,0586a19eff6eb1ea320a451eee47a3527cbb5ff95a364b0458c491e191e4fc08,49055c67a5dd2e40d33a41d24e41a8908323c246ee6a64724c25e95aaf94c8ce,029dcac6aa3a34d1,0f74c18211800a14,48,40960,0.026669947,1.10218,14.53078058668826,15.465539190769954,12.421400430400205,False,133123,133123,133124,7915.0
oculus_audio_pack/ambience_forest_birds_03.wav,oculus_audio_pack,legacy_import,baseline,rgs,medium,144896,48000,133124,44100,1,40786,7,3.018666666666667,108.09010600706713,23.848900001,23.9904600011,23.992572001819997,1.1141,1.1340088891,1.13975288902,2709.511414295545,262c380b459702ada67aad5d8685074b8fbcdc5ad4cee845c8384a885e8099d9,5075a3c37c1f5a6d591f521f6955e7bfa1459f59654dbf5ee6a7dc694a8e4fa5,0df45148f3a94348,741ec19a2eeef7ba,48,40960,0.026924194,1.125866667,14.38718565504994,15.141634183214236,11.480082582473333,False,133123,133123,133124,7619.0
oculus_audio_pack/ambience_forest_birds_03.wav,oculus_audio_pack,legacy_import,baseline,rgs,low,144896,48000,133124,44100,1,40602,7,3.018666666666667,107.60247349823321,25.027100001,25.1577200013,25.16626400106,1.129155556,1.1476433336,1.14931533392,2673.384238891056,fb4eb6df4f1afe8f346053292e2fa6bcb2eb3c865e5e200798cf0740cb30ae87,763489af6f06799338964d40d898ccc525ba3b4adda15e9e588cf6e8a0b10b11,7b22a01911ad0522,b378d5b1c2219038,48,40960,0.027111653,1.149811111,14.38606790174581,15.165473851937161,11.372589366229112,False,133123,133123,133124,8311.0
oculus_audio_pack/ambient_city_rain_lp.wav,oculus_audio_pack,normalized,baseline,rgs,high,1984500,44100,1984500,44100,2,1603132,7,45.0,285.0012444444444,256.866,273.0759600007,278.59783200093995,35.050100002,37.693509999999996,38.37374199999999,1283.8765081250053,964d6afcbb3a8bf5359fefa899bdcec8454a755d15e6d02d084499aa9d28eb16,ea58f11fae2c0cc54fed49ee9ec9f854f1bc94cbe86b1795ea7fc7afaacb2169,ef5cc3a6edb247f6,1bf09a7fac9c0a89,48,81920,0.075788636,34.441399999,24.592157486301893,24.854992844505194,9.091564496142794,False,1984500,1984500,1984500,2845.0
oculus_audio_pack/ambient_city_rain_lp.wav,oculus_audio_pack,normalized,candidate,rgs,high,1984500,44100,1984500,44100,2,1603132,7,45.0,285.0012444444444,250.879400004,267.214510002,269.024182002,29.581999999,31.356890001,31.697138001,1521.195321530701,964d6afcbb3a8bf5359fefa899bdcec8454a755d15e6d02d084499aa9d28eb16,ea58f11fae2c0cc54fed49ee9ec9f854f1bc94cbe86b1795ea7fc7afaacb2169,ef5cc3a6edb247f6,1bf09a7fac9c0a89,48,81920,0.048172115,29.711800002,24.592157486301893,24.854992844505194,9.091564496142794,False,1984500,1984500,1984500,2845.0
oculus_audio_pack/ambient_city_rain_lp.wav,oculus_audio_pack,normalized,baseline,rgs,medium,1984500,44100,1984500,44100,2,1211978,7,45.0,215.46275555555553,835.000299998,867.0183799983,867.24599599806,33.821000002,35.354629999699995,35.61212599994,1330.534283354689,9f38ff4d22f81994d27e07b71153408f8bee71dd0b922dc9e0f668a480a65539,b6a7419cae5281ba07765541301def9d3f8265187a1353fbc23ae38f4a92573a,7d73d4a1e855cfae,b877feedbb4ef338,48,81920,0.076889313,33.726,17.17563433287128,17.21032287210743,10.966365759759341,False,1984500,1984500,1984500,3226.0
oculus_audio_pack/ambient_city_rain_lp.wav,oculus_audio_pack,normalized,candidate,rgs,medium,1984500,44100,1984500,44100,2,1211978,7,45.0,215.46275555555553,582.693599999,602.077930001,604.129186001,29.731600001,31.708910001699998,32.25594200194,1513.541148087774,9f38ff4d22f81994d27e07b71153408f8bee71dd0b922dc9e0f668a480a65539,b6a7419cae5281ba07765541301def9d3f8265187a1353fbc23ae38f4a92573a,7d73d4a1e855cfae,b877feedbb4ef338,48,81920,0.049689109,30.000600003,17.17563433287128,17.21032287210743,10.966365759759341,False,1984500,1984500,1984500,3226.0
oculus_audio_pack/ambient_city_rain_lp.wav,oculus_audio_pack,normalized,baseline,rgs,low,1984500,44100,1984500,44100,2,1206700,7,45.0,214.52444444444444,893.348500002,908.7234300002999,911.3586060000599,33.716300003,34.318560000699996,34.41307200094,1334.6660219536545,c6e0c4b0a6ab95a477f0af432329b56752417eb7e5099d76bd2dce240a899828,5c9ccaef596d4b7ce75349ac3d2b353b2a3ad47c72e5aa78659379508dc0c352,bc2801092295e600,f3412b418443e2c5,48,81920,0.077124615,33.760600001,17.014716126045645,17.152300359981794,10.986931404874115,False,1984500,1984500,1984500,4952.0
oculus_audio_pack/ambient_city_rain_lp.wav,oculus_audio_pack,normalized,candidate,rgs,low,1984500,44100,1984500,44100,2,1206700,7,45.0,214.52444444444444,581.417799998,584.74966,585.032332,29.6272,31.0842899994,31.46845799988,1518.8745477129125,c6e0c4b0a6ab95a477f0af432329b56752417eb7e5099d76bd2dce240a899828,5c9ccaef596d4b7ce75349ac3d2b353b2a3ad47c72e5aa78659379508dc0c352,bc2801092295e600,f3412b418443e2c5,48,81920,0.049389163,29.264999997,17.014716126045645,17.152300359981794,10.986931404874115,False,1984500,1984500,1984500,4952.0
oculus_audio_pack/ambient_city_rain_lp.wav,oculus_audio_pack,normalized,reference,pcm,default,1984500,44100,1984500,44100,2,7938044,7,45.0,1411.2078222222221,0.235281395,0.27840205879999996,0.29192276455999994,0.241016667,0.6606277645999996,0.8031788865199997,186709.07933516483,3d359d3c4d65d719598413d832044050b2fb6bab65c1f4daeb12fc09b01e7124,3d359d3c4d65d719598413d832044050b2fb6bab65c1f4daeb12fc09b01e7124,4802fa4c040ce278,6565f530e8b5abeb,,,,,,60.0,0.0,True,1984500,1984500,1984500,0.0
oculus_audio_pack/ambient_city_rain_lp.wav,oculus_audio_pack,normalized,reference,qoa,default,1984500,44100,1984500,44100,2,1603128,7,45.0,285.00053333333335,155.0491,156.0934299997,156.12412599994,11.795400001,12.2847900001,12.38623800082,3815.046543244396,732e65a525f25eeb058502e65d401cfb2d9ef3249ea8ead5095b6486d56528b1,ea58f11fae2c0cc54fed49ee9ec9f854f1bc94cbe86b1795ea7fc7afaacb2169,bb394d6046ef491d,1bf09a7fac9c0a89,268,81920,0.030081982,,24.592157486301893,24.854992844505194,9.091564496142794,False,1984500,1984500,1984500,2845.0
oculus_audio_pack/ambient_city_rain_lp.wav,oculus_audio_pack,normalized,reference,ima,default,1984500,44100,1984500,44100,2,1992764,7,45.0,354.2691555555555,42.272099998,42.8515399996,42.89862799912,28.5964,29.1272499984,29.13456999888,1573.6246520541047,cf74d8709d05905a459c9f562e2670dea92257dd0dc01290c240487d2fdfc070,1fe5db29da82dc5bd475b953fc8f0046c48db4ed0b48a64289f90fd66a8fb522,8fa5cf286c6af9e1,1d67788faf16b72a,,,,,24.241901574873705,24.742395848271215,9.036137374997452,False,1984500,1984500,1984500,8724.0
oculus_audio_pack/ambient_city_rain_lp.wav,oculus_audio_pack,legacy_import,baseline,rgs,high,2160000,48000,1984500,44100,2,1603132,7,45.0,285.0012444444444,323.075200003,330.442650002,332.19813000199997,31.259500001,31.7982700004,31.834534000879998,1439.5623729925444,246600c9e56472fd29cb0b82b664ec6e2e69ec026653ca54e34564b4e26fe4af,679ea056b2c1f11a1dec349e4e8ea2b240039509134512eb6053382f2420a723,d80947fbd6615ba5,13927951eb5b4f25,48,81920,0.068259864,31.683200002,13.098272761606236,13.623450887844637,12.91588845075647,False,1984500,1984500,1984500,12623.0
oculus_audio_pack/ambient_city_rain_lp.wav,oculus_audio_pack,legacy_import,baseline,rgs,medium,2160000,48000,1984500,44100,2,1207178,7,45.0,214.60942222222224,719.8785,728.9110999994,729.77605999988,31.857999999,33.4376999996,33.868499999120004,1412.518048886073,c5982a3130e83a2be50f2abfa544a3b60401b16c9306913de2a113ef7f6c2ed2,08cf596f2f39ec359def47d7be113e3c70a5b42b7dace90eb4592041f882994c,4df4d7eb0964b77d,031a33c4c0126d4b,48,81920,0.071765714,31.908,12.710969241144284,13.192853789964634,11.713238682276138,False,1984500,1984500,1984500,13394.0
oculus_audio_pack/ambient_city_rain_lp.wav,oculus_audio_pack,legacy_import,baseline,rgs,low,2160000,48000,1984500,44100,2,1206364,7,45.0,214.46471111111111,727.2293,733.7260299987,735.0798459989401,31.749200001,32.5580499977,32.75976999794,1417.3585475723055,515468551abcb15efa7592a98901ce4cb35310e71adaf6bb3f428464cb55ed23,711f5f034e5417e26e3f452b7e7efe01396cce1b665f0613c826d97799fb714c,aaa8215e46889d77,63f884856550b3d0,48,81920,0.072745652,31.604900002,12.701875060350522,13.19183996103065,11.7214933445013,False,1984500,1984500,1984500,13002.0
oculus_audio_pack/ambient_farm_generic_lp.wav,oculus_audio_pack,normalized,baseline,rgs,high,3960886,44100,3960886,44100,2,3199692,7,89.81600907029478,284.9997040056189,439.937099997,440.88712999899997,440.912065999,64.725699998,65.6873600003,65.80227200006,1387.6405982951142,90da4195daf666e0087b0407a49e81000ae0196d0f482e892fb2ce219a4835d3,a85f3ae3b0b769b3bf8edb5bde2fe9a108e48a7df8b9fa562c0cf64e6df852b0,4ca1b42352eba427,51d560d527975c0b,48,81920,0.065115584,64.292000003,33.01672081790749,30.299016531270144,8.501228911551495,False,3960886,3960886,3960886,902.0
oculus_audio_pack/ambient_farm_generic_lp.wav,oculus_audio_pack,normalized,candidate,rgs,high,3960886,44100,3960886,44100,2,3199692,7,89.81600907029478,284.9997040056189,424.685800001,427.75118,428.035436,55.5757,56.7017600004,56.87667200088,1616.1021646204147,90da4195daf666e0087b0407a49e81000ae0196d0f482e892fb2ce219a4835d3,a85f3ae3b0b769b3bf8edb5bde2fe9a108e48a7df8b9fa562c0cf64e6df852b0,4ca1b42352eba427,51d560d527975c0b,48,81920,0.044835714,54.996300001,33.01672081790749,30.299016531270144,8.501228911551495,False,3960886,3960886,3960886,902.0
oculus_audio_pack/ambient_farm_generic_lp.wav,oculus_audio_pack,normalized,baseline,rgs,medium,3960886,44100,3960886,44100,2,2408116,7,89.81600907029478,214.49325347914584,1502.763800003,1516.8237499974,1519.64794999788,62.890300002,64.27854000079999,64.66018800175999,1428.1377107032167,e16d58e705e0379d4a0cbb4aa051481311e025a4901b62a40e34d36fcb15d477,7332bba36cbb865cdb4dc797ee74e5c9485c8a3215a229bcf2605d13adbe6340,0b8971b04dcad253,9e7168873d7b6784,48,81920,0.065756209,62.407099999,25.11739205657002,22.500479669255412,10.642938718359318,False,3960886,3960886,3960886,2969.0
oculus_audio_pack/ambient_farm_generic_lp.wav,oculus_audio_pack,normalized,candidate,rgs,medium,3960886,44100,3960886,44100,2,2408116,7,89.81600907029478,214.49325347914584,978.267899998,987.1212099997,988.7513619999401,54.318499997,55.1444200004,55.27944400088,1653.5067992535746,e16d58e705e0379d4a0cbb4aa051481311e025a4901b62a40e34d36fcb15d477,7332bba36cbb865cdb4dc797ee74e5c9485c8a3215a229bcf2605d13adbe6340,0b8971b04dcad253,9e7168873d7b6784,48,81920,0.047086385,54.084900003,25.11739205657002,22.500479669255412,10.642938718359318,False,3960886,3960886,3960886,2969.0
oculus_audio_pack/ambient_farm_generic_lp.wav,oculus_audio_pack,normalized,baseline,rgs,low,3960886,44100,3960886,44100,2,2407578,7,89.81600907029478,214.44533329159185,1520.407899998,1522.7491600001,1523.13599200082,62.943599999,63.47756,63.580712,1426.9283782897976,41c05dcc9ea3e722ad3002bd5fff854ea1ce072bfbeefbc0ed9578a4d1d99cdf,a86e5624e0924b2c7a997c4e28d9de16915c2e8724f2c2ff92422566ec77451b,968d95b827a296da,0bbf5c285271acec,48,81920,0.066321854,62.731699999,25.105025289709086,22.49807672561855,10.639770726698242,False,3960886,3960886,3960886,2564.0
oculus_audio_pack/ambient_farm_generic_lp.wav,oculus_audio_pack,normalized,candidate,rgs,low,3960886,44100,3960886,44100,2,2407578,7,89.81600907029478,214.44533329159185,983.1712,988.6621499986001,989.7631499981201,55.1721,55.556349998,55.560309998,1627.92442321925,41c05dcc9ea3e722ad3002bd5fff854ea1ce072bfbeefbc0ed9578a4d1d99cdf,a86e5624e0924b2c7a997c4e28d9de16915c2e8724f2c2ff92422566ec77451b,968d95b827a296da,0bbf5c285271acec,48,81920,0.04742891,54.125100002,25.105025289709086,22.49807672561855,10.639770726698242,False,3960886,3960886,3960886,2564.0
oculus_audio_pack/ambient_farm_generic_lp.wav,oculus_audio_pack,normalized,reference,pcm,default,3960886,44100,3960886,44100,2,15843588,7,89.81600907029478,1411.2039191231459,0.522805,0.6567727015999999,0.69414920672,0.533468421,0.6894123685999999,0.73948818812,168362.37260667165,aa9c66aeeeac2d77a64c93a5e2e95cd40166fe5606a1306010eaa1d6398463f6,aa9c66aeeeac2d77a64c93a5e2e95cd40166fe5606a1306010eaa1d6398463f6,db584ece2c5351be,c4373fbfaf3b4001,,,,,,60.0,0.0,True,3960886,3960886,3960886,0.0
oculus_audio_pack/ambient_farm_generic_lp.wav,oculus_audio_pack,normalized,reference,qoa,default,3960886,44100,3960886,44100,2,3199688,7,89.81600907029478,284.9993477216966,270.383200001,275.8296600017,277.32625200193996,23.440899998,23.9050100005,23.9504420017,3831.5938841067523,0e326c1162dda47bef4e30a1c2a7e7a39cb66a9af24ac4c0b3dfd4667887bf8c,a85f3ae3b0b769b3bf8edb5bde2fe9a108e48a7df8b9fa562c0cf64e6df852b0,83968a37f47ec56a,51d560d527975c0b,268,81920,0.030144277,,33.01672081790749,30.299016531270144,8.501228911551495,False,3960886,3960886,3960886,902.0
oculus_audio_pack/ambient_farm_generic_lp.wav,oculus_audio_pack,normalized,reference,ima,default,3960886,44100,3960886,44100,2,3975228,7,89.81600907029478,354.07745600353053,85.327599999,86.8459200003,86.99294400006,58.938099999,59.427020000999995,59.478044000999994,1523.9040463099197,08aa4eda2188ff7e787012fa39138f0599e1637528dcaf37432d3a40faef2db6,83708b33d5686c64ef817855c77abe8d64eafdd5eb5be9695e5865914542f303,4888c1d1d2f00696,a4809d4c06bf4f15,,,,,31.960767752940203,29.926680396847456,8.61161049549074,False,3960886,3960886,3960886,3757.0
oculus_audio_pack/ambient_farm_generic_lp.wav,oculus_audio_pack,legacy_import,baseline,rgs,high,4311168,48000,3960886,44100,2,3199692,7,89.816,284.9997327870313,552.262000002,555.936230002,555.954926002,60.367399998,60.7516699997,60.77761399994,1487.8228978384964,dc97dbb1431bbfea5d637eae675ee7a4ddbfa8b41dcbb304e9d0932dabca7747,58be06774a66e29fbeba12eb21c3bc490c47dfcc5f58037bd1d9e466b5bfe0e2,768a82fad4bbe17b,59d2734ea311f437,48,81920,0.062142236,59.5275,23.231558173831818,20.61985768781563,12.215164459977544,False,3960886,3960886,3960886,3965.0
oculus_audio_pack/ambient_farm_generic_lp.wav,oculus_audio_pack,legacy_import,baseline,rgs,medium,4311168,48000,3960886,44100,2,2407512,7,89.816,214.43947626258128,1264.633199997,1289.4917099994,1294.22650199988,59.545299999,61.7634900017,61.82461800194,1508.364220207277,8d26496c7eaaebff90d039267747e97a9e217d1a4cd2892179d154613c47d230,d8c8ab88db0460cfd63627d88fec546239b6fad83a320c945f7ba66031a2c88c,62ce5637ca26589f,bd484e3268371aeb,48,81920,0.065237662,59.099600002,22.624906133076404,20.010260772170287,11.035030074027853,False,3960886,3960886,3960886,4031.0
oculus_audio_pack/ambient_farm_generic_lp.wav,oculus_audio_pack,legacy_import,baseline,rgs,low,4311168,48000,3960886,44100,2,2407512,7,89.816,214.43947626258128,1277.779899999,1296.9624999976,1299.0238599971199,60.459100001,61.6020799997,61.75457599994,1485.5662753582906,8d26496c7eaaebff90d039267747e97a9e217d1a4cd2892179d154613c47d230,d8c8ab88db0460cfd63627d88fec546239b6fad83a320c945f7ba66031a2c88c,62ce5637ca26589f,bd484e3268371aeb,48,81920,0.064968182,59.721799999,22.624906133076404,20.010260772170287,11.035030074027853,False,3960886,3960886,3960886,4031.0
oculus_audio_pack/ambient_night_lp.wav,oculus_audio_pack,normalized,baseline,rgs,high,1986800,44100,1986800,44100,2,1605012,7,45.05215419501134,285.00515079524865,245.681400001,249.6199699994,249.73999399988,32.848000001,34.0963700004,34.29007400088,1371.5341632257612,efcde5a81a6897819cd56361209719c87894ae930e5aca5585776af06d4d1dcc,1040d8df0ec3f7990c35490822a4bcfb0ae86ca68e2a411977f18aa44778be0b,f060b8f5610628b3,a1fd5c899f13c15e,48,81920,0.069502778,32.519000001,29.021153427145975,28.861681639750213,7.498068742150911,False,1986800,1986800,1986800,723.0
oculus_audio_pack/ambient_night_lp.wav,oculus_audio_pack,normalized,candidate,rgs,high,1986800,44100,1986800,44100,2,1605012,7,45.05215419501134,285.00515079524865,238.310200002,241.5678000005,241.8608400017,29.0469,29.3987999993,29.44943999906,1551.014194114048,efcde5a81a6897819cd56361209719c87894ae930e5aca5585776af06d4d1dcc,1040d8df0ec3f7990c35490822a4bcfb0ae86ca68e2a411977f18aa44778be0b,f060b8f5610628b3,a1fd5c899f13c15e,48,81920,0.043820524,28.212300003,29.021153427145975,28.861681639750213,7.498068742150911,False,1986800,1986800,1986800,723.0
oculus_audio_pack/ambient_night_lp.wav,oculus_audio_pack,normalized,baseline,rgs,medium,1986800,44100,1986800,44100,2,1207652,7,45.05215419501134,214.44515079524862,838.620700002,842.1041399977,843.04978799794,32.551800001,33.0020800007,33.02617600094,1384.014223288031,49ad1f106056b42389f1dc23bccf39411b77b015d7397f36bfc2e1dcae6d6cf7,7f40d549d6940f631c451b936b564550fe1c9bb5ea66130da155e0a164a0cf7f,5b5a314d3e0fd838,c9625898f910061c,48,81920,0.070830282,32.104700003,22.397362102234297,22.26236056650054,9.095517363804221,False,1986800,1986800,1986800,1446.0
oculus_audio_pack/ambient_night_lp.wav,oculus_audio_pack,normalized,candidate,rgs,medium,1986800,44100,1986800,44100,2,1207652,7,45.05215419501134,214.44515079524862,540.6998,544.1651900021,544.20447800282,28.7238,29.176429998899998,29.26616599818,1568.4607954035098,49ad1f106056b42389f1dc23bccf39411b77b015d7397f36bfc2e1dcae6d6cf7,7f40d549d6940f631c451b936b564550fe1c9bb5ea66130da155e0a164a0cf7f,5b5a314d3e0fd838,c9625898f910061c,48,81920,0.048044498,28.537300002,22.397362102234297,22.26236056650054,9.095517363804221,False,1986800,1986800,1986800,1446.0
oculus_audio_pack/ambient_night_lp.wav,oculus_audio_pack,normalized,baseline,rgs,low,1986800,44100,1986800,44100,2,1207652,7,45.05215419501134,214.44515079524862,838.435899999,844.61141,845.612762,32.813500002,34.131729999,34.450425999000004,1372.9761894423145,49ad1f106056b42389f1dc23bccf39411b77b015d7397f36bfc2e1dcae6d6cf7,7f40d549d6940f631c451b936b564550fe1c9bb5ea66130da155e0a164a0cf7f,5b5a314d3e0fd838,c9625898f910061c,48,81920,0.070597887,32.1965,22.397362102234297,22.26236056650054,9.095517363804221,False,1986800,1986800,1986800,1446.0
oculus_audio_pack/ambient_night_lp.wav,oculus_audio_pack,normalized,candidate,rgs,low,1986800,44100,1986800,44100,2,1207652,7,45.05215419501134,214.44515079524862,543.646499999,546.2739400009999,546.315028001,28.210499998,28.9176200014,28.97464400188,1596.9994930329253,49ad1f106056b42389f1dc23bccf39411b77b015d7397f36bfc2e1dcae6d6cf7,7f40d549d6940f631c451b936b564550fe1c9bb5ea66130da155e0a164a0cf7f,5b5a314d3e0fd838,c9625898f910061c,48,81920,0.047787143,28.282299999,22.397362102234297,22.26236056650054,9.095517363804221,False,1986800,1986800,1986800,1446.0
oculus_audio_pack/ambient_night_lp.wav,oculus_audio_pack,normalized,reference,pcm,default,1986800,44100,1986800,44100,2,7947244,7,45.05215419501134,1411.2078131669014,0.229040909,0.2363662793,0.23671511666,0.227584091,0.2351602326,0.23525902332,197958.2755413749,122331243e561c731322a2966cc966b99b7ac48f8d53df6bdef46ee96e1c09c9,122331243e561c731322a2966cc966b99b7ac48f8d53df6bdef46ee96e1c09c9,dddeb3c2ef2aae29,c291bcc64f8d07de,,,,,,60.0,0.0,True,1986800,1986800,1986800,0.0
oculus_audio_pack/ambient_night_lp.wav,oculus_audio_pack,normalized,reference,qoa,default,1986800,44100,1986800,44100,2,1605008,7,45.05215419501134,285.00444050734853,150.271299999,150.9281800001,151.14307600082,11.7819,12.7359199988,12.978223997359999,3823.844557754805,3683c62f06b2533240915f2cd62080e3739f1a082b3787820fc7219a6fd72ad1,1040d8df0ec3f7990c35490822a4bcfb0ae86ca68e2a411977f18aa44778be0b,5d9284069684d215,a1fd5c899f13c15e,268,81920,0.029645266,,29.021153427145975,28.861681639750213,7.498068742150911,False,1986800,1986800,1986800,723.0
oculus_audio_pack/ambient_night_lp.wav,oculus_audio_pack,normalized,reference,ima,default,1986800,44100,1986800,44100,2,1994812,7,45.05215419501134,354.22270666398225,42.9551,43.7565299997,43.77666599994,29.1349,29.6902800001,29.765736000820002,1546.3294603726576,7f730bc7d10e7878be61e43dc8a86425d5df1c90f1f1dcc50fff8de0d4175a00,912b320b9533367c83ddc4cf1a821e8924564aceb1e8827f64a9d8d182dfc054,d24b0d5be6a99afe,0f17caa7a477cb51,,,,,27.260395783594568,27.162506231269116,7.967315199469476,False,1986800,1986800,1986800,2276.0
oculus_audio_pack/ambient_night_lp.wav,oculus_audio_pack,legacy_import,baseline,rgs,high,2162503,48000,1986800,44100,2,1605012,7,45.052145833333334,285.005203692203,282.155299999,283.3561600009,283.38707200017996,31.1666,31.47298,31.534036,1445.526487757193,3f5131f44abc275f837c7ec91a24491e827bf0cf3c659c004d49d3d55d877ac1,a8472f0675660f780567d25bfcac81425ff8d7add89ff9c61e5b79b8de9395ea,71006cd279019e64,f69cff7544cd3530,48,81920,0.064770323,30.862199999,18.23717763296594,18.122625285036666,14.73831206813108,False,1986800,1986800,1986800,2491.0
oculus_audio_pack/ambient_night_lp.wav,oculus_audio_pack,legacy_import,baseline,rgs,medium,2162503,48000,1986800,44100,2,1207652,7,45.052145833333334,214.44519059626737,646.6096,652.09449,652.776978,31.6624,31.9586499989,31.98564999818,1422.8910579530716,6d2ec5eaf454d1213a44bf35601a65a8b6370f1f9ffb7764f67a55f51f2c37cd,186fe528fa80657305db5f05bc4831ab090d56235de9c2eb7436372835eee998,a4e7c8b29e494b67,69a6fddb6bae73a4,48,81920,0.069082069,31.278000001,17.98632167531583,17.869031294635672,11.323782566892811,False,1986800,1986800,1986800,2688.0
oculus_audio_pack/ambient_night_lp.wav,oculus_audio_pack,legacy_import,baseline,rgs,low,2162503,48000,1986800,44100,2,1207652,7,45.052145833333334,214.44519059626737,649.059700001,652.718489999,653.459297999,31.472600002,31.6430000007,31.66652000094,1431.4720051876996,6d2ec5eaf454d1213a44bf35601a65a8b6370f1f9ffb7764f67a55f51f2c37cd,186fe528fa80657305db5f05bc4831ab090d56235de9c2eb7436372835eee998,a4e7c8b29e494b67,69a6fddb6bae73a4,48,81920,0.069469444,31.270300001,17.98632167531583,17.869031294635672,11.323782566892811,False,1986800,1986800,1986800,2688.0
oculus_audio_pack/ambient_water_lake_shore_01_lp.wav,oculus_audio_pack,normalized,baseline,rgs,high,1984500,44100,1984500,44100,2,1603132,7,45.0,285.0012444444444,326.787999999,333.81057999850003,335.1133959973,33.040100001,33.4262600016,33.46437200112,1361.9813498941596,6f70e81729c637818b1d9df896661d0843274f0d2bc6c3078f48237bf463d6ef,7d917e75b852b8c0b38d9d55b5f4c13999f3fae0b8ad013ed2b2864ce3a51f17,6ad5bc57bd6933d1,f1769afeb6c5e3af,48,81920,0.072684058,32.636399999,24.890754371355847,24.999644680856903,9.08676070815989,False,1984500,1984500,1984500,12745.0
oculus_audio_pack/ambient_water_lake_shore_01_lp.wav,oculus_audio_pack,normalized,candidate,rgs,high,1984500,44100,1984500,44100,2,1603132,7,45.0,285.0012444444444,318.841000002,325.502639998,325.827887998,29.117599998,29.826200000700002,29.93924000094,1545.457043269051,6f70e81729c637818b1d9df896661d0843274f0d2bc6c3078f48237bf463d6ef,7d917e75b852b8c0b38d9d55b5f4c13999f3fae0b8ad013ed2b2864ce3a51f17,6ad5bc57bd6933d1,f1769afeb6c5e3af,48,81920,0.047985646,28.5506,24.890754371355847,24.999644680856903,9.08676070815989,False,1984500,1984500,1984500,12745.0
oculus_audio_pack/ambient_water_lake_shore_01_lp.wav,oculus_audio_pack,normalized,baseline,rgs,medium,1984500,44100,1984500,44100,2,1258594,7,45.0,223.75004444444446,814.206099998,818.1556499989,818.5704899981799,33.268099997,33.7360699998,33.76153400076,1352.6471305562368,80c103a9db7975a556572c8962789a921976b30e6633fcc8aad2f0d0c4e1b7f0,4f7f9d863218f597cc2ad9fcf567f1047445e611391808c2b5e67f62bacebed7,5c642b6bc43dbd9c,d8c219f87c918af9,48,81920,0.073920588,33.2038,19.210976437331233,18.5211791989023,10.400672324322123,False,1984500,1984500,1984500,13413.0
oculus_audio_pack/ambient_water_lake_shore_01_lp.wav,oculus_audio_pack,normalized,candidate,rgs,medium,1984500,44100,1984500,44100,2,1258594,7,45.0,223.75004444444446,713.7861,714.5235599998999,714.56503199918,29.304500002,29.6303099986,29.694461998119998,1535.6003343148252,80c103a9db7975a556572c8962789a921976b30e6633fcc8aad2f0d0c4e1b7f0,4f7f9d863218f597cc2ad9fcf567f1047445e611391808c2b5e67f62bacebed7,5c642b6bc43dbd9c,d8c219f87c918af9,48,81920,0.048799512,29.2447,19.210976437331233,18.5211791989023,10.400672324322123,False,1984500,1984500,1984500,13413.0
oculus_audio_pack/ambient_water_lake_shore_01_lp.wav,oculus_audio_pack,normalized,baseline,rgs,low,1984500,44100,1984500,44100,2,1208528,7,45.0,214.84942222222224,1070.07,1075.9935799987,1077.33335599894,32.747200001,33.0310400008,33.048368001760004,1374.1632872009159,51a78b6fef7127afd6b9ce28f2d0cd1b8416dde7f4410ed1ab49cf9ca4c5b5e1,f9b88a268750d7e7a131ae88211c230b2d308c727cd365ed1f91bab59b7a0767,763fac118db64e4e,a653b8deb4c56a02,48,81920,0.074679104,32.6866,17.704947504679808,17.79583013546331,10.588227857895006,False,1984500,1984500,1984500,11818.0
oculus_audio_pack/ambient_water_lake_shore_01_lp.wav,oculus_audio_pack,normalized,candidate,rgs,low,1984500,44100,1984500,44100,2,1208528,7,45.0,214.84942222222224,720.268100001,722.6621399973,722.81290799706,28.848999999,29.4106799993,29.46237599906,1559.8460952393443,51a78b6fef7127afd6b9ce28f2d0cd1b8416dde7f4410ed1ab49cf9ca4c5b5e1,f9b88a268750d7e7a131ae88211c230b2d308c727cd365ed1f91bab59b7a0767,763fac118db64e4e,a653b8deb4c56a02,48,81920,0.049453202,28.636499997,17.704947504679808,17.79583013546331,10.588227857895006,False,1984500,1984500,1984500,11818.0
oculus_audio_pack/ambient_water_lake_shore_01_lp.wav,oculus_audio_pack,normalized,reference,pcm,default,1984500,44100,1984500,44100,2,7938044,7,45.0,1411.2078222222221,0.229586364,0.2395961903,0.23999733326,0.238359524,0.2793145001,0.28813261442,188790.44245783944,d582a63088deab2c9223585e92e74f6419dfee52badb398829fc706f9367bd47,d582a63088deab2c9223585e92e74f6419dfee52badb398829fc706f9367bd47,08c7cd96c9153aa6,27c1b62a05207741,,,,,,60.0,0.0,True,1984500,1984500,1984500,0.0
oculus_audio_pack/ambient_water_lake_shore_01_lp.wav,oculus_audio_pack,normalized,reference,qoa,default,1984500,44100,1984500,44100,2,1603128,7,45.0,285.00053333333335,199.960500002,201.6420400004,201.70328800088,11.799000002,12.5073900024,12.68683800288,3813.882531771526,027588db07443f548e5478fef916e42c1233ccd83dada69d977793d46564960d,7d917e75b852b8c0b38d9d55b5f4c13999f3fae0b8ad013ed2b2864ce3a51f17,aeabf0782f64aea0,f1769afeb6c5e3af,268,81920,0.029360411,,24.890754371355847,24.999644680856903,9.08676070815989,False,1984500,1984500,1984500,12745.0
oculus_audio_pack/ambient_water_lake_shore_01_lp.wav,oculus_audio_pack,normalized,reference,ima,default,1984500,44100,1984500,44100,2,1992764,7,45.0,354.2691555555555,42.405400001,43.6189100004,43.81362200088,28.384599999,28.5237800007,28.54355600094,1585.366712991741,fb8461314ff1ab5e8b8f3c3a70c351dc330c5739053cd0192cae45a1ce47f9b0,301e301f5df4cade4f12beb06585e7c42c0c32193ebc44676563a203daefca5a,aeec0c3535ddf21c,542075fd7aa9fab9,,,,,25.26276735583798,25.480981547820907,8.91723560021438,False,1984500,1984500,1984500,9659.0
oculus_audio_pack/ambient_water_lake_shore_01_lp.wav,oculus_audio_pack,legacy_import,baseline,rgs,high,2160000,48000,1984500,44100,2,1603132,7,45.0,285.0012444444444,363.716599997,367.6916499989,368.17080999818,30.492800001,32.3855400017,32.75446800194,1475.758211726186,9220a52f49a17c0d23a84922ec16c28da9f1fb3a6739fc63a9d449d7c7dd76a1,84bb98bb8141ec51de90d13434e7c20c8d0e5f61fc7f16a9a8fc60c30a8c9b1d,bd295d2007e69d66,2a47d8c40fdc6a1e,48,81920,0.0635,30.086199999,14.132243231084276,14.330812922090868,14.508549990405687,False,1984500,1984500,1984500,12660.0
oculus_audio_pack/ambient_water_lake_shore_01_lp.wav,oculus_audio_pack,legacy_import,baseline,rgs,medium,2160000,48000,1984500,44100,2,1211996,7,45.0,215.46595555555555,807.843499999,825.4556599994,830.20329199988,30.807700001,30.999149999,31.054709999,1460.6737925434006,bbea8085805b90e89671b44ecc516f5a71375a19bca7d776691cee1d27797d9d,95b3e382666168b8df5a8d7721ffbcda5497870725a18a7ce66e20d163a3f138,748f5936c2afc3a3,b02bed27486d5bfa,48,81920,0.068193878,30.301800001,13.7702971594479,13.954060297024308,12.390736965517991,False,1984500,1984500,1984500,13222.0
oculus_audio_pack/ambient_water_lake_shore_01_lp.wav,oculus_audio_pack,legacy_import,baseline,rgs,low,2160000,48000,1984500,44100,2,1206298,7,45.0,214.45297777777776,876.3422,880.293479999,880.351415999,30.669299997,30.7683899996,30.79639799912,1467.2653110570438,f7543389ed6bd2139b1e48ff22a74c6571630c4a26acc096b0462e0a857d87d3,2328c86133e0f86590f71f712aabe66346e93db309cf7d4b217c2055c60d5ab8,54bd9c0a43f0437c,322f8bb0ecb5e4da,48,81920,0.068165986,30.268300001,13.76298235473788,13.952589954960938,12.376578816847609,False,1984500,1984500,1984500,13810.0
oculus_audio_pack/ambient_wind_chimes_lp_01.wav,oculus_audio_pack,normalized,baseline,rgs,high,1391844,44100,1391844,44100,1,563284,7,31.56108843537415,142.77935975583472,94.4846,96.6925699996,96.78211399912,12.0524,12.3350699984,12.33509399888,2618.6559054938557,6cfd0475f9bebccee8d19276cfad299f0323b04ee2c2f702ba19bc794e4f536c,513a59b6100b23cf80abe63f6f4b19134e669eb391d3aa59be4d2bac1e15fd0f,fec8fd3d1713afbc,56bc5275664209ec,48,40960,0.029037101,11.944200002,19.677889053628846,22.072092917734977,19.45228216905657,False,1391844,1391844,1391844,14680.0
oculus_audio_pack/ambient_wind_chimes_lp_01.wav,oculus_audio_pack,normalized,candidate,rgs,high,1391844,44100,1391844,44100,1,563284,7,31.56108843537415,142.77935975583472,93.564300001,94.0092199993,94.02664399906,10.606699999,10.8604700014,10.87993400188,2975.580382055656,6cfd0475f9bebccee8d19276cfad299f0323b04ee2c2f702ba19bc794e4f536c,513a59b6100b23cf80abe63f6f4b19134e669eb391d3aa59be4d2bac1e15fd0f,fec8fd3d1713afbc,56bc5275664209ec,48,40960,0.021243737,10.4254,19.677889053628846,22.072092917734977,19.45228216905657,False,1391844,1391844,1391844,14680.0
oculus_audio_pack/ambient_wind_chimes_lp_01.wav,oculus_audio_pack,normalized,baseline,rgs,medium,1391844,44100,1391844,44100,1,430682,7,31.56108843537415,109.16784467224775,282.489,284.8133800014,285.04003600187997,12.200799998,12.681420000100001,12.730524000820001,2586.804835793371,c204a90cac69e0944d2741567eae5b7216d04c47a1b5ff2288976aeb477679d6,5d7995209726092f6c37ab480d9dc1593283b261ae150e17499a6ee412d63f43,d4a0f74168cb5327,3b187c10049327f0,48,40960,0.030218731,12.130800001,14.151045014922412,14.767370867403278,24.20332816896378,False,1391844,1391844,1391844,16055.0
oculus_audio_pack/ambient_wind_chimes_lp_01.wav,oculus_audio_pack,normalized,candidate,rgs,medium,1391844,44100,1391844,44100,1,430682,7,31.56108843537415,109.16784467224775,214.160799999,216.7868200004,216.89808400088,10.895300001,11.085199999,11.104159999,2896.761762638696,c204a90cac69e0944d2741567eae5b7216d04c47a1b5ff2288976aeb477679d6,5d7995209726092f6c37ab480d9dc1593283b261ae150e17499a6ee412d63f43,d4a0f74168cb5327,3b187c10049327f0,48,40960,0.021785435,10.723899998,14.151045014922412,14.767370867403278,24.20332816896378,False,1391844,1391844,1391844,16055.0
oculus_audio_pack/ambient_wind_chimes_lp_01.wav,oculus_audio_pack,normalized,baseline,rgs,low,1391844,44100,1391844,44100,1,424650,7,31.56108843537415,107.63887332201023,320.457900003,324.4417400004,324.99402800088,12.1785,12.387280001799999,12.401536002759999,2591.5415227962517,002023d68326199f2647d33c39955a9ce0caf0ad600839708cc60d9e5c19ba61,693beb51c74709e1591df39c2587aacb3e3dcb0a14f295833c0fe90e3e31db70,3e83b3008e6906e8,17c9ff2efd81b600,48,40960,0.029888955,12.0922,13.10858233821956,14.527972926885553,24.316081254625015,False,1391844,1391844,1391844,17593.0
oculus_audio_pack/ambient_wind_chimes_lp_01.wav,oculus_audio_pack,normalized,candidate,rgs,low,1391844,44100,1391844,44100,1,424650,7,31.56108843537415,107.63887332201023,213.9034,219.30191999800002,220.33142399800002,10.826099999,10.9549999999,10.97755999918,2915.2777489852697,002023d68326199f2647d33c39955a9ce0caf0ad600839708cc60d9e5c19ba61,693beb51c74709e1591df39c2587aacb3e3dcb0a14f295833c0fe90e3e31db70,3e83b3008e6906e8,17c9ff2efd81b600,48,40960,0.021512258,10.697500002,13.10858233821956,14.527972926885553,24.316081254625015,False,1391844,1391844,1391844,17593.0
oculus_audio_pack/ambient_wind_chimes_lp_01.wav,oculus_audio_pack,normalized,reference,pcm,default,1391844,44100,1391844,44100,1,2783732,7,31.56108843537415,705.6111529740402,0.08348,0.0960503077,0.09620698474,0.079403175,0.0848435964,0.08580154008,397478.92241556017,024d805361bd3553272e2a8ed298b2b46ad69ba072a808f3985c5de4c64ba326,024d805361bd3553272e2a8ed298b2b46ad69ba072a808f3985c5de4c64ba326,b422e55995353b07,5897f7c1d22b7279,,,,,,60.0,0.0,True,1391844,1391844,1391844,0.0
oculus_audio_pack/ambient_wind_chimes_lp_01.wav,oculus_audio_pack,normalized,reference,qoa,default,1391844,44100,1391844,44100,1,563280,7,31.56108843537415,142.7783458491038,56.582699999,58.7165100009,58.75666200018,3.0542,3.1049649993,3.11599299906,10333.6678787814,0a8d4a8f8fb17f32a949e6c9d10d44fafa143bc5d78818d4a90431beb9d3b5c4,513a59b6100b23cf80abe63f6f4b19134e669eb391d3aa59be4d2bac1e15fd0f,3034e8d6b86c2e51,56bc5275664209ec,268,40960,0.010627418,,19.677889053628846,22.072092917734977,19.45228216905657,False,1391844,1391844,1391844,14680.0
oculus_audio_pack/ambient_wind_chimes_lp_01.wav,oculus_audio_pack,normalized,reference,ima,default,1391844,44100,1391844,44100,1,698428,7,31.56108843537415,177.03521256692562,15.273899999,15.5252,15.57512,10.168699998,10.2570600014,10.27141200188,3103.7486051886326,da7af6f6924a47fbb3b444815d082f9a648778bab6ef60adb4255bf01198f7d0,0a9179eed49b58276f90e65b50f651c17b4f3c2aa697eca69ae89d68626da827,e86cfe2a872738ec,69dd667a20c79976,,,,,17.586517706043978,19.44384877428149,21.39402819808541,False,1391844,1391844,1391844,9729.0
oculus_audio_pack/ambient_wind_chimes_lp_01.wav,oculus_audio_pack,legacy_import,baseline,rgs,high,1514932,48000,1391844,44100,1,563284,7,31.561083333333332,142.77938283698543,123.173999999,125.3330400006,125.88700800011999,11.5887,11.6981899996,11.71827799912,2723.436048334441,93ce99a25dfb79759887dfc5e8dd2f0475981810991032791cba6b4c553e0eb0,1e5411c025d103214cb364a34843a7d7c8417cd3d3ce982bd18b1c14bfa8cdc8,69df2733c8f2655e,144cd4d42e27d127,48,40960,0.025425635,11.377300002,4.475000978967545,6.538788771643636,15.618129430786349,False,1391844,1391844,1391844,17161.0
oculus_audio_pack/ambient_wind_chimes_lp_01.wav,oculus_audio_pack,legacy_import,baseline,rgs,medium,1514932,48000,1391844,44100,1,424302,7,31.561083333333332,107.55068082263759,259.760400001,262.4345899997,262.56579799994,11.828000002,12.0513299992,12.06738599824,2668.336432870871,c30b52e89e9a394dc7cea89e03a68335fb3f427d615d53bda5cfebb5e5446a01,6964e86bca5811eef3fdb8b082c36d523eb9a850a053446d4f73e87e54261634,951cdb610906d4b3,df750639370a1f4f,48,40960,0.027172358,11.647500001,4.36472154306393,6.345506427243592,19.733188873084394,False,1391844,1391844,1391844,16076.0
oculus_audio_pack/ambient_wind_chimes_lp_01.wav,oculus_audio_pack,legacy_import,baseline,rgs,low,1514932,48000,1391844,44100,1,424098,7,31.561083333333332,107.4989715710012,261.161499999,267.67579000029997,268.50203800006,11.994099997,13.1494999997,13.503499999939999,2631.3840422564,1de0644c67e041d588a460b5bb39ee5abff909c40171577d4e0e0b84f3e87d14,ee258f9f1bd33b2e8849c05874105e43c88bc0e16c79bc986a06042af28884ad,ed70e814ffea8e9f,2974f191f578ad40,48,40960,0.027259401,11.8006,4.362789418548147,6.343528329649695,19.735803588156646,False,1391844,1391844,1391844,16795.0
oculus_audio_pack/ambient_wood_cut_axe.wav,oculus_audio_pack,normalized,baseline,rgs,high,810197,44100,810197,44100,1,327908,7,18.371814058956915,142.78742379939695,27.270000003,28.0271300006,28.18238600012,5.898499999,5.9622049997,5.96296099994,3114.658652550915,42b067e63afc03906e81a105916cc0c4c83b34a9960bbab5ca7469215d2a58de,d3a7401bf14e8245db7bba205d0aa60664d8af1668242d8452a6eb198532f3bc,afe78f4083a11bc4,563a7594aa7fd9c8,48,40960,0.024332282,5.7037,24.173997297416534,15.854169096116607,7.755846624240551,False,810197,810197,810197,6783.0
oculus_audio_pack/ambient_wood_cut_axe.wav,oculus_audio_pack,normalized,candidate,rgs,high,810197,44100,810197,44100,1,327908,7,18.371814058956915,142.78742379939695,26.717500001,27.0427000003,27.100780000060002,5.09575,5.186834999699999,5.210966999939999,3605.320916245286,42b067e63afc03906e81a105916cc0c4c83b34a9960bbab5ca7469215d2a58de,d3a7401bf14e8245db7bba205d0aa60664d8af1668242d8452a6eb198532f3bc,afe78f4083a11bc4,563a7594aa7fd9c8,48,40960,0.021434904,5.0144,24.173997297416534,15.854169096116607,7.755846624240551,False,810197,810197,810197,6783.0
oculus_audio_pack/ambient_wood_cut_axe.wav,oculus_audio_pack,normalized,baseline,rgs,medium,810197,44100,810197,44100,1,249298,7,18.371814058956915,108.55672682076089,70.157200001,71.5678400004,71.89812800088,6.375950001,6.450055,6.4502109999999995,2881.4237966225414,bf66c373fb58b83a888edae159d43338cf08c8507153908e92738653fb152ba8,fef8f0d64bcff2023fe6cb5163c4d2bdfbfc326c009cdf4796cf387e48f34e14,a5c3c153344b098e,2a845cd1f8ead913,48,40960,0.028866571,6.303849999,19.502079027228937,11.80350383829678,9.373635810931972,False,810197,810197,810197,11171.0
oculus_audio_pack/ambient_wood_cut_axe.wav,oculus_audio_pack,normalized,candidate,rgs,medium,810197,44100,810197,44100,1,249298,7,18.371814058956915,108.55672682076089,54.999600001,55.7673899976,55.823237997119996,5.667399999,5.73361,5.737042,3241.665324875354,bf66c373fb58b83a888edae159d43338cf08c8507153908e92738653fb152ba8,fef8f0d64bcff2023fe6cb5163c4d2bdfbfc326c009cdf4796cf387e48f34e14,a5c3c153344b098e,2a845cd1f8ead913,48,40960,0.021899562,5.624750001,19.502079027228937,11.80350383829678,9.373635810931972,False,810197,810197,810197,11171.0
oculus_audio_pack/ambient_wood_cut_axe.wav,oculus_audio_pack,normalized,baseline,rgs,low,810197,44100,810197,44100,1,247328,7,18.371814058956915,107.69889101045796,79.525699999,81.13010000179999,81.19586000276,6.398349999,6.9449050005999995,7.09794100012,2871.3362135282146,2defd2ddfd71ea443fefc1d2bf04d1c30f56d70684882bdd6b9f89c1c9e61c64,1141352681c9d2e75e1b754a4d67edf7084f0dd5870e60e6953f4c349dbdfee8,aaf7d133a708de47,015785b28ab13ce9,48,40960,0.030988545,6.38665,16.828646493666103,11.740783041631579,9.465611977064196,False,810197,810197,810197,14469.0
oculus_audio_pack/ambient_wood_cut_axe.wav,oculus_audio_pack,normalized,candidate,rgs,low,810197,44100,810197,44100,1,247328,7,18.371814058956915,107.69889101045796,54.148699999,55.671809999000004,55.797881999000005,5.545149999,5.715280001,5.750776000999999,3313.1320274961085,2defd2ddfd71ea443fefc1d2bf04d1c30f56d70684882bdd6b9f89c1c9e61c64,1141352681c9d2e75e1b754a4d67edf7084f0dd5870e60e6953f4c349dbdfee8,aaf7d133a708de47,015785b28ab13ce9,48,40960,0.021528387,5.6064,16.828646493666103,11.740783041631579,9.465611977064196,False,810197,810197,810197,14469.0
oculus_audio_pack/ambient_wood_cut_axe.wav,oculus_audio_pack,normalized,reference,pcm,default,810197,44100,810197,44100,1,1620438,7,18.371814058956915,705.6191597845957,0.048098077,0.0501529561,0.05021819122,0.048255288,0.0498721661,0.05030850362,380721.2602058642,0890d6151ea23c648a5cac8f85be458c3439c4db4304ab0e5e734e4ad9ac637d,0890d6151ea23c648a5cac8f85be458c3439c4db4304ab0e5e734e4ad9ac637d,bbdb6574301e9639,5c1025d08b7ccad3,,,,,,60.0,0.0,True,810197,810197,810197,0.0
oculus_audio_pack/ambient_wood_cut_axe.wav,oculus_audio_pack,normalized,reference,qoa,default,810197,44100,810197,44100,1,327904,7,18.371814058956915,142.78568200079735,18.296,18.4558100018,18.46716200276,1.782466666,1.8144633331,1.81691933302,10306.960802910698,917cf435d2ed65f289bf6813220871929f3d213edb3399361b47436305be3a45,d3a7401bf14e8245db7bba205d0aa60664d8af1668242d8452a6eb198532f3bc,931977652f8c832e,563a7594aa7fd9c8,268,40960,0.010909924,,24.173997297416534,15.854169096116607,7.755846624240551,False,810197,810197,810197,6783.0
oculus_audio_pack/ambient_wood_cut_axe.wav,oculus_audio_pack,normalized,reference,ima,default,810197,44100,810197,44100,1,407612,7,18.371814058956915,177.49450269502358,7.285249999,7.774464998999999,7.900692998999999,5.43235,5.6084300003,5.65304600006,3381.927537613909,303164424cbbe789db148df6a97c718b08e6a84aa8e811c4481dd805580232c3,bce02f3c40edc7286b417deef0a545b508dfee6ffd130f7d0bf57fb701506814,8426a0f091c6dcaa,a8ba9e4b485ac709,,,,,22.105742952920792,19.41283676280343,6.754448364603518,False,810197,810197,810197,8170.0
oculus_audio_pack/ambient_wood_cut_axe.wav,oculus_audio_pack,legacy_import,baseline,rgs,high,881847,48000,810197,44100,1,327908,7,18.3718125,142.7874359157541,29.126900002,30.13947,30.181254,5.2665,5.362575000300001,5.38063500006,3488.4292224437486,419baad66370c7748f27cbfd4fccab57c2b393e0b3c3370772d0934ad42a724d,b760216e71bf59553b3f77333533399fdcd81351b43aa8812c67d7953bed8933,a972bb49844a7786,451472a09d3aa9ba,48,40960,0.02286484,5.158699999,9.642300039761533,8.90287166418263,10.340371063325659,False,810197,810197,810197,19460.0
oculus_audio_pack/ambient_wood_cut_axe.wav,oculus_audio_pack,legacy_import,baseline,rgs,medium,881847,48000,810197,44100,1,247856,7,18.3718125,107.92881758400267,66.730299998,68.16991000099999,68.479102001,5.271400001,5.3552999994,5.36645999988,3485.1865721658028,6ba47eeb1dce1d1558fb9c8a3d314e403b4c7d4f2af547a609bac856b89e4091,876d8298dae0a1bd11e206bf9889ff2a172403010386597affad0da160af0f03,0d42c568a7996bde,62b200846855ca24,48,40960,0.023328671,5.25185,9.505417677980372,8.452328495150036,11.196614891302598,False,810197,810197,810197,19144.0
oculus_audio_pack/ambient_wood_cut_axe.wav,oculus_audio_pack,legacy_import,baseline,rgs,low,881847,48000,810197,44100,1,246922,7,18.3718125,107.52210757648436,73.2861,74.59078999859999,74.99079799811999,5.28645,5.3340450003,5.3461290000599995,3475.264591550095,8ea421150b17bac480450392b758394b325091788f18c3371a095983fb78051d,2df790e3408dac685c0b7801ca0dbbdc2739007f574e2a00bfac4e2a4e93d6da,ac3e5630e36414f2,cbdeaadf93806c82,48,40960,0.023361538,5.252350001,9.441395963554097,8.447931706629673,11.216389198660439,False,810197,810197,810197,18304.0
oculus_audio_pack/body_movement_clothing_generic_04.wav,oculus_audio_pack,normalized,baseline,rgs,high,42297,44100,42297,44100,1,17148,7,0.9591156462585034,143.03176111780976,2.772825,2.8122825,2.8144365,0.351689655,0.3595360718,0.35953864316,2727.164796071421,9e18da1423bbae20173fda139ce2d8541f49a4eed5a03b544ccefeb51066436b,f3105d708fed0a6764fab84b3a628a1c094c2a10a24db9648e2b564f40b2afd3,7e37aed6090932ae,5e04e300df5d00ba,48,40960,0.030978328,0.373311111,23.827162634493494,21.112183194735707,10.022474325993466,False,42297,42297,42297,3723.0
oculus_audio_pack/body_movement_clothing_generic_04.wav,oculus_audio_pack,normalized,candidate,rgs,high,42297,44100,42297,44100,1,17148,7,0.9591156462585034,143.03176111780976,2.749299999,2.9313175004,2.95826350088,0.306339394,0.31280255679999996,0.31336551135999996,3130.8922882393094,9e18da1423bbae20173fda139ce2d8541f49a4eed5a03b544ccefeb51066436b,f3105d708fed0a6764fab84b3a628a1c094c2a10a24db9648e2b564f40b2afd3,7e37aed6090932ae,5e04e300df5d00ba,48,40960,0.022657466,0.309466667,23.827162634493494,21.112183194735707,10.022474325993466,False,42297,42297,42297,3723.0
oculus_audio_pack/body_movement_clothing_generic_04.wav,oculus_audio_pack,normalized,baseline,rgs,medium,42297,44100,42297,44100,1,13808,7,0.9591156462585034,115.17276402581743,7.01815,7.0757850003,7.08899700006,0.373510714,0.3753088887,0.37563066654,2567.8397173327226,43ed523132c51ee5656a60f215b9ac553bd753e22675325f1a16a3c11fd2cd14,94690826c9ea98bb4f914a7539f5f0daae98a6d02519767d1f80d3c4dc835831,574429737c4e451c,5feb58e2a7bfce5a,48,40960,0.031124845,0.375285185,21.277062336650808,15.645941665225983,11.18526775616868,False,42297,42297,42297,3082.0
oculus_audio_pack/body_movement_clothing_generic_04.wav,oculus_audio_pack,normalized,candidate,rgs,medium,42297,44100,42297,44100,1,13808,7,0.9591156462585034,115.17276402581743,5.98745,6.0856199994,6.105083999880001,0.311090909,0.31489187500000004,0.315028375,3083.071920492872,43ed523132c51ee5656a60f215b9ac553bd753e22675325f1a16a3c11fd2cd14,94690826c9ea98bb4f914a7539f5f0daae98a6d02519767d1f80d3c4dc835831,574429737c4e451c,5feb58e2a7bfce5a,48,40960,0.022897483,0.310875758,21.277062336650808,15.645941665225983,11.18526775616868,False,42297,42297,42297,3082.0
oculus_audio_pack/body_movement_clothing_generic_04.wav,oculus_audio_pack,normalized,baseline,rgs,low,42297,44100,42297,44100,1,13072,7,0.9591156462585034,109.03377544506702,8.0485,8.20801,8.237722,0.367935714,0.3735692593,0.37403237026,2606.747890362454,94b47633642eb2f042afb3298982dab31807bbac87bae5480846c7ea75c50cea,4cad8a28ad1beadd500d2e0a8deaeb441df37cf23b726b18e5aa487952853ce9,48d26801e40ef550,5b9f9a7e8d5247e1,48,40960,0.030889506,0.373337037,17.00438108211516,14.24693821813723,11.693518118540418,False,42297,42297,42297,4774.0
oculus_audio_pack/body_movement_clothing_generic_04.wav,oculus_audio_pack,normalized,candidate,rgs,low,42297,44100,42297,44100,1,13072,7,0.9591156462585034,109.03377544506702,6.0348,6.2229049997,6.2272609999399995,0.305142424,0.3143875,0.31453000000000003,3143.1737143783826,94b47633642eb2f042afb3298982dab31807bbac87bae5480846c7ea75c50cea,4cad8a28ad1beadd500d2e0a8deaeb441df37cf23b726b18e5aa487952853ce9,48d26801e40ef550,5b9f9a7e8d5247e1,48,40960,0.023105774,0.307606061,17.00438108211516,14.24693821813723,11.693518118540418,False,42297,42297,42297,4774.0
oculus_audio_pack/body_movement_clothing_generic_04.wav,oculus_audio_pack,normalized,reference,pcm,default,42297,44100,42297,44100,1,84638,7,0.9591156462585034,705.9670047521101,0.001955191,0.0023542169999999996,0.0024671106,0.002453533,0.0024996185999999997,0.0025101349199999996,390912.06283286324,5a0922d1583f48305ecb7d88ce3a8994177f0fd975a6e569fbce279e1284ec91,5a0922d1583f48305ecb7d88ce3a8994177f0fd975a6e569fbce279e1284ec91,e8361ede09866af3,0627c531305866c5,,,,,,60.0,0.0,True,42297,42297,42297,0.0
oculus_audio_pack/body_movement_clothing_generic_04.wav,oculus_audio_pack,normalized,reference,qoa,default,42297,44100,42297,44100,1,17144,7,0.9591156462585034,142.9983970494361,1.679833333,1.7107666669000001,1.71092666698,0.093960748,0.097788688,0.0980204824,10207.620380571081,ce36dbb4953e9fe4461e6b9e7977764ea1e4bbcf96782a1e8767ef48633aa3ce,f3105d708fed0a6764fab84b3a628a1c094c2a10a24db9648e2b564f40b2afd3,bb136e2fd9a2a3d2,5e04e300df5d00ba,268,40960,0.01188361,,23.827162634493494,21.112183194735707,10.022474325993466,False,42297,42297,42297,3723.0
oculus_audio_pack/body_movement_clothing_generic_04.wav,oculus_audio_pack,normalized,reference,ima,default,42297,44100,42297,44100,1,22588,7,0.9591156462585034,188.40689410596494,0.459540909,0.47781075759999997,0.48140977071999996,0.308469697,0.314748125,0.314802125,3109.270231683417,796b2cb999ba0350037087777cc0a038151385cc8d274b1b915e88f49bccc31d,4d78ff1f38f94a4e8c3c7853a8a11053815384c03ea1dfe123b32206ceabf644,d2448c67d1b5f12e,ae2a15d3e9a7eb90,,,,,22.884505579848174,21.932886726045602,9.853262717598234,False,42297,42297,42297,12944.0
oculus_audio_pack/body_movement_clothing_generic_04.wav,oculus_audio_pack,legacy_import,baseline,rgs,high,46038,48000,42298,44100,1,17148,7,0.959125,143.0303662192102,2.56125,2.6160075003000003,2.6200815000600004,0.315015625,0.3225495263,0.32389829246,3044.690243539507,bdf8fa3704394304eafd3d2dd48fa506d27611f2f1b2efaf7bca0b5def6eeaf4,aa1fa2a19add769bc3c99d34f314f27bee1dba53e175106e34d72a557eda1612,96adb8b085059728,5dca80b13b267431,48,40960,0.028078431,0.336523333,11.723625386447672,10.44372892634276,13.496227118027862,False,42297,42297,42298,8499.0
oculus_audio_pack/body_movement_clothing_generic_04.wav,oculus_audio_pack,legacy_import,baseline,rgs,medium,46038,48000,42298,44100,1,13236,7,0.959125,110.40062557018116,7.0012,7.0594250004,7.06728500088,0.345743333,0.3509234479,0.35153917198,2774.0954299182395,4be97fa8ce1bb36f3c55eb4e29878e22d93e9c0afece20a08fb017e78aec34fa,24529873811c96be9a0c8c0597ff81b1ffa585f7d5dd57b8557ae69426ca317e,f139fef6e1ea9af5,ca3765f304466670,48,40960,0.030470213,0.349944828,11.547615163407617,10.076356696503055,12.468759129904434,False,42297,42297,42298,8192.0
oculus_audio_pack/body_movement_clothing_generic_04.wav,oculus_audio_pack,legacy_import,baseline,rgs,low,46038,48000,42298,44100,1,12986,7,0.959125,108.31539163299882,6.893449999,7.096605,7.126641,0.338313333,0.3499672411,0.35084862022,2835.0198069196404,96f85bb64f584112f4628aac2a750db4e4b9e9fae292065f3c824ce7c3a2f71b,46db3a026f396639f73deeb5033a130146b6e1db1f20ec2dc49a38087c7335b1,705a896e3f38b8b5,27f99b7a967c66e8,48,40960,0.030400304,0.35522069,11.411850101499128,10.06051771370623,12.401124917081082,False,42297,42297,42298,8851.0
oculus_audio_pack/body_movement_withGear_03.wav,oculus_audio_pack,normalized,baseline,rgs,high,42774,44100,42774,44100,1,17340,7,0.9699319727891157,143.02033945854956,3.322675,4.1733733331,4.379901333019999,0.369453571,0.37861888899999996,0.3809060002,2625.314921611938,04fa34e42076a3588f8c37fc3d2a5eafc59e8498ccf37ce820800e7bc89ad9ae,85c613d596955506093db50d58678c9a8b4ad8ee0a75c1498bb791335f7f40eb,0269cb95503037c6,3ab19414a102dc27,48,40960,0.029082849,0.393023077,24.44848573386363,23.989426396152073,9.352692784821897,False,42774,42774,42774,5878.0
oculus_audio_pack/body_movement_withGear_03.wav,oculus_audio_pack,normalized,candidate,rgs,high,42774,44100,42774,44100,1,17340,7,0.9699319727891157,143.02033945854956,3.188275,3.4164266668999996,3.4364586669799997,0.3165,0.3288454839,0.32904909678,3064.555996174141,04fa34e42076a3588f8c37fc3d2a5eafc59e8498ccf37ce820800e7bc89ad9ae,85c613d596955506093db50d58678c9a8b4ad8ee0a75c1498bb791335f7f40eb,0269cb95503037c6,3ab19414a102dc27,48,40960,0.023407009,0.322796774,24.44848573386363,23.989426396152073,9.352692784821897,False,42774,42774,42774,5878.0
oculus_audio_pack/body_movement_withGear_03.wav,oculus_audio_pack,normalized,baseline,rgs,medium,42774,44100,42774,44100,1,13970,7,0.9699319727891157,115.224575676813,8.263999999,8.4775699997,8.53003399994,0.407652,0.42394499999999996,0.424869,2379.3136616258857,a10a72a0a6ddc411918121fa9444f9c7d9f81482fdb66dc10091b30a531bb4cb,c74a353db7104b181be2bc5630688c84d2ab30bc9168f297ffb6c5eacd91470f,1e5dcefb8ba00467,7bf235d2c5c00c4c,48,40960,0.028659026,0.393615385,21.27697477503437,18.6070580693908,10.63037858135675,False,42774,42774,42774,6396.0
oculus_audio_pack/body_movement_withGear_03.wav,oculus_audio_pack,normalized,candidate,rgs,medium,42774,44100,42774,44100,1,13970,7,0.9699319727891157,115.224575676813,7.157050001,11.781229999699995,13.184245999939996,0.325741935,0.3312967741,0.33264387082,2977.6085562613107,a10a72a0a6ddc411918121fa9444f9c7d9f81482fdb66dc10091b30a531bb4cb,c74a353db7104b181be2bc5630688c84d2ab30bc9168f297ffb6c5eacd91470f,1e5dcefb8ba00467,7bf235d2c5c00c4c,48,40960,0.023588915,0.3257,21.27697477503437,18.6070580693908,10.63037858135675,False,42774,42774,42774,6396.0
oculus_audio_pack/body_movement_withGear_03.wav,oculus_audio_pack,normalized,baseline,rgs,low,42774,44100,42774,44100,1,13194,7,0.9699319727891157,108.82412680600363,9.323650001,9.5780399996,9.58516799912,0.383114815,0.42638013909999994,0.43397515822,2531.7005106918555,e2ea3d0c0c8a2fa0879ae695ba17d48a58dffb511262b0b5f8732abd8cfa033b,b76e9fef0e968bca95e2ced5ed8245dbe1626ea25c7796f8c167e763d3e1e953,477609a5c5756dfa,81a882dc2402c2c5,48,40960,0.028203944,0.388396154,17.90497603214345,17.337783506293007,11.15968958729631,False,42774,42774,42774,6840.0
oculus_audio_pack/body_movement_withGear_03.wav,oculus_audio_pack,normalized,candidate,rgs,low,42774,44100,42774,44100,1,13194,7,0.9699319727891157,108.82412680600363,7.263149999,7.5929400007,7.6178280009399995,0.329903226,0.3909959863,0.40420879726,2940.0499793509616,e2ea3d0c0c8a2fa0879ae695ba17d48a58dffb511262b0b5f8732abd8cfa033b,b76e9fef0e968bca95e2ced5ed8245dbe1626ea25c7796f8c167e763d3e1e953,477609a5c5756dfa,81a882dc2402c2c5,48,40960,0.023926077,0.321559375,17.90497603214345,17.337783506293007,11.15968958729631,False,42774,42774,42774,6840.0
oculus_audio_pack/body_movement_withGear_03.wav,oculus_audio_pack,normalized,reference,pcm,default,42774,44100,42774,44100,1,85592,7,0.9699319727891157,705.9629120493757,0.002001721,0.0021215068,0.00214698856,0.002506214,0.0026382404999999998,0.0026623544999999998,387010.8349842095,648eeae0e3d3ed8488b4b9d3e8ffffb8be9264ae5789cda34c697cd307afcdde,648eeae0e3d3ed8488b4b9d3e8ffffb8be9264ae5789cda34c697cd307afcdde,247a1ce4eec547b5,6430127cfec496ab,,,,,,60.0,0.0,True,42774,42774,42774,0.0
oculus_audio_pack/body_movement_withGear_03.wav,oculus_audio_pack,normalized,reference,qoa,default,42774,44100,42774,44100,1,17336,7,0.9699319727891157,142.98734745406085,1.9694,2.4393959999999995,2.5881192,0.100381,0.1097603847,0.10993537374,9662.505581625164,734c5427459f5bb304f44f0bd2404e39fc5775b90f258a0b1e906e38a3bbb844,85c613d596955506093db50d58678c9a8b4ad8ee0a75c1498bb791335f7f40eb,9a601e4298d16256,3ab19414a102dc27,268,40960,0.012362546,,24.44848573386363,23.989426396152073,9.352692784821897,False,42774,42774,42774,5878.0
oculus_audio_pack/body_movement_withGear_03.wav,oculus_audio_pack,normalized,reference,ima,default,42774,44100,42774,44100,1,22588,7,0.9699319727891157,186.30584934773458,0.499095238,0.5232817364,0.52859318888,0.341243333,0.4339729779999999,0.46173277719999994,2842.3470262761607,c067e78a6bf6b6718250c979394d6796b5ef92ec756daf7f11d6e31c4a2f6d09,da0ea64d8171b2cbd29f90fbbf21b4aa5e7f45481b8bf6aa3c5d780a13c13917,d66fa71f8b88ddaa,965d37c8fcc8cda6,,,,,21.272158724622635,24.65821239561558,9.414205830391731,False,42774,42774,42774,11870.0
oculus_audio_pack/body_movement_withGear_03.wav,oculus_audio_pack,legacy_import,baseline,rgs,high,46557,48000,42775,44100,1,17340,7,0.9699375,143.01952445389523,2.786825,2.9005075,2.9084814999999997,0.32049375,0.32900032220000003,0.32980780604,3026.3850699116597,411736b67bf3498e530fe79303015a6e5fa6e51d7b42ac12585ea9715a83b1d2,9a32deb99dbb84439e679599ac58aa86c607466e9498ed2ff824cf73be2e3408,b87b7d6ce17d5036,5ff0b6e3890d5f41,48,40960,0.027686188,0.342896667,6.762821163298036,12.929048399265577,14.186888827695526,False,42774,42774,42775,27556.0
oculus_audio_pack/body_movement_withGear_03.wav,oculus_audio_pack,legacy_import,baseline,rgs,medium,46557,48000,42775,44100,1,13210,7,0.9699375,108.95547393517624,7.447549999,7.618869999999999,7.622614,0.337873333,0.3492851725,0.3494846209,2870.7133865459573,afe1511205d1058004590280576be2f114261b87ccfb805d11218d6cfc8f1284,2a2fed4a8d7537a447f60b5a0e8ac5cc753ee1908d913f17196d1be60a06ea96,b716e1db6bd869d3,8679fd261b08a648,48,40960,0.028301695,0.357528571,6.690607746292527,12.54185285496454,12.271405737353689,False,42774,42774,42775,27254.0
oculus_audio_pack/body_movement_withGear_03.wav,oculus_audio_pack,legacy_import,baseline,rgs,low,46557,48000,42775,44100,1,13062,7,0.9699375,107.73477672530446,8.8409,10.0418599997,10.33917199994,0.344033333,0.38366412459999993,0.39535744011999996,2819.31256934339,0ba0c76ecab62bac5a9bf0ecae379b9fe57644aff6d0e11d8bb908c503dd5e0f,c9255ac6d937f3e5d4302dd14162803ecb69cf83d7c6a5bfffa36bd3610b34ff,273c5154f8092d54,67de858f5641d24b,48,40960,0.027791111,0.355117241,6.679841163705551,12.537086411141035,12.325756740676534,False,42774,42774,42775,26789.0
oculus_audio_pack/bounce_cartoony_03.wav,oculus_audio_pack,normalized,baseline,rgs,high,64033,44100,64033,44100,1,25940,7,1.4519954648526077,142.92055658800933,2.3087,2.3910020000000003,2.3939924,0.438834783,0.45809324079999997,0.46134955695999996,3308.7519975658074,afa0a13414d4efc9cb59e5f1810df8af4f0c0386672cc72a425dccc216fc604b,7de61b2cd9b5fbbcaa58dde724d5dbc578ff76080a83d758ee1cad503f9f7147,a1275d91f405972d,0fcbd547f633c4c1,48,40960,0.028782471,0.462877273,50.62716435034274,39.19219853986945,7.488486579831377,False,64033,64033,64033,278.0
oculus_audio_pack/bounce_cartoony_03.wav,oculus_audio_pack,normalized,candidate,rgs,high,64033,44100,64033,44100,1,25940,7,1.4519954648526077,142.92055658800933,2.22598,2.263968,2.2727136,0.374722222,0.38500047,0.3854031708,3874.858173883821,afa0a13414d4efc9cb59e5f1810df8af4f0c0386672cc72a425dccc216fc604b,7de61b2cd9b5fbbcaa58dde724d5dbc578ff76080a83d758ee1cad503f9f7147,a1275d91f405972d,0fcbd547f633c4c1,48,40960,0.023729621,0.378648148,50.62716435034274,39.19219853986945,7.488486579831377,False,64033,64033,64033,278.0
oculus_audio_pack/bounce_cartoony_03.wav,oculus_audio_pack,normalized,baseline,rgs,medium,64033,44100,64033,44100,1,19536,7,1.4519954648526077,107.63669982665189,7.111550001,7.22256,7.246992,0.481952381,0.4892666664,0.49044380928,3012.7363658622694,0e640338a2e46c08156c77cb0a498185e0f1b34b60feda357a1dab1752adc165,e66df7a7210e2427bb66c4511b4e026ceb73501f08791d49555833df142cbdf3,988ffc385e2cd94e,b9062e94575c658b,48,40960,0.028347025,0.49097619,42.16050484968115,34.051182332027665,9.887498071390693,False,64033,64033,64033,631.0
oculus_audio_pack/bounce_cartoony_03.wav,oculus_audio_pack,normalized,candidate,rgs,medium,64033,44100,64033,44100,1,19536,7,1.4519954648526077,107.63669982665189,4.685533334,4.7585199998,4.75898399996,0.395888462,0.4026872,0.40349744,3667.6882612775103,0e640338a2e46c08156c77cb0a498185e0f1b34b60feda357a1dab1752adc165,e66df7a7210e2427bb66c4511b4e026ceb73501f08791d49555833df142cbdf3,988ffc385e2cd94e,b9062e94575c658b,48,40960,0.024201932,0.397046154,42.16050484968115,34.051182332027665,9.887498071390693,False,64033,64033,64033,631.0
oculus_audio_pack/bounce_cartoony_03.wav,oculus_audio_pack,normalized,baseline,rgs,low,64033,44100,64033,44100,1,19536,7,1.4519954648526077,107.63669982665189,7.087199999,7.1399200003,7.14090400006,0.477304762,0.4927504766,0.49584533372,3042.072027038791,0e640338a2e46c08156c77cb0a498185e0f1b34b60feda357a1dab1752adc165,e66df7a7210e2427bb66c4511b4e026ceb73501f08791d49555833df142cbdf3,988ffc385e2cd94e,b9062e94575c658b,48,40960,0.029001739,0.489119048,42.16050484968115,34.051182332027665,9.887498071390693,False,64033,64033,64033,631.0
oculus_audio_pack/bounce_cartoony_03.wav,oculus_audio_pack,normalized,candidate,rgs,low,64033,44100,64033,44100,1,19536,7,1.4519954648526077,107.63669982665189,4.610733333,4.8299666668,4.84828666696,0.391676923,0.40024636929999996,0.40085567386,3707.1253872483258,0e640338a2e46c08156c77cb0a498185e0f1b34b60feda357a1dab1752adc165,e66df7a7210e2427bb66c4511b4e026ceb73501f08791d49555833df142cbdf3,988ffc385e2cd94e,b9062e94575c658b,48,40960,0.024193961,0.395011538,42.16050484968115,34.051182332027665,9.887498071390693,False,64033,64033,64033,631.0
oculus_audio_pack/bounce_cartoony_03.wav,oculus_audio_pack,normalized,reference,pcm,default,64033,44100,64033,44100,1,128110,7,1.4519954648526077,705.8424249996095,0.002757348,0.0027892142,0.00278940764,0.003324634,0.0033733341,0.00337538922,436738.43943501986,a09b3734e263fa456ddd4777244abab27ad6c66051734a364c8e44c5bf5c1150,a09b3734e263fa456ddd4777244abab27ad6c66051734a364c8e44c5bf5c1150,0e88792b5b13f822,c4f806aa58b0a2c0,,,,,,60.0,0.0,True,64033,64033,64033,0.0
oculus_audio_pack/bounce_cartoony_03.wav,oculus_audio_pack,normalized,reference,qoa,default,64033,44100,64033,44100,1,25936,7,1.4519954648526077,142.89851795168116,1.4918,1.5419142863,1.54373142926,0.151341791,0.1585193941,0.16027149802,9594.14749395035,ddc3d951fdaac6b11b80449b16b04416e9834c4a110cf1d3af4a4000f4ca708e,7de61b2cd9b5fbbcaa58dde724d5dbc578ff76080a83d758ee1cad503f9f7147,5ad60925d377a541,0fcbd547f633c4c1,268,40960,0.012560399,,50.62716435034274,39.19219853986945,7.488486579831377,False,64033,64033,64033,278.0
oculus_audio_pack/bounce_cartoony_03.wav,oculus_audio_pack,normalized,reference,ima,default,64033,44100,64033,44100,1,32828,7,1.4519954648526077,180.87108834507208,0.6633625,0.6754366669999999,0.6771886669999999,0.4895,0.4961119049,0.49794619058,2966.2828699746838,055d3e6c165902e5c6a15979caf77de25a66f1f41bf5e3e7d0f720bca39866d2,3415ca59891b299d5b1a7050ee12e27b48b87751db5bda6019bb3383b816c2fb,26cd4c33321bfcc2,79951988a0b61b26,,,,,38.86131339804997,38.565681335937455,10.155811398351327,False,64033,64033,64033,585.0
oculus_audio_pack/bounce_cartoony_03.wav,oculus_audio_pack,legacy_import,baseline,rgs,high,69696,48000,64034,44100,1,25940,7,1.452,142.92011019283746,2.37602,2.455268,2.4776936,0.4257875,0.432040417,0.433771417,3410.151777588586,2fad9ea8874da6c905e6eb6818fab327c987ae5ae185666f26011fad4ebe6f25,e039ccdb1fd305509f3e5b4f6687cb3b735cac4cab75216c931bc4aa64e5685e,09c0cabf94ee6341,12f817024c39e638,48,40960,0.027888579,0.440543478,37.12351596228253,33.396334285763096,9.732802030110191,False,64033,64033,64034,551.0
oculus_audio_pack/bounce_cartoony_03.wav,oculus_audio_pack,legacy_import,baseline,rgs,medium,69696,48000,64034,44100,1,19536,7,1.452,107.63636363636363,6.3783,6.45569,6.463058,0.446443478,0.4561452567,0.45720723294000004,3252.371400977214,e527b63c4ff68391fd4e1934a89f8e3441c533359cd98e255137b2957ea8d363,a05cc33278c24d62f09e36b0160bb33a6a5ae85bd622640eaffc898fca8d6be5,ab1d42946bbf2b8d,9dab3b1990587c6d,48,40960,0.02909186,0.465163636,36.82055595140342,32.56557875199049,10.593304051559478,False,64033,64033,64034,677.0
oculus_audio_pack/bounce_cartoony_03.wav,oculus_audio_pack,legacy_import,baseline,rgs,low,69696,48000,64034,44100,1,19536,7,1.452,107.63636363636363,6.30545,6.5054249997,6.51904499994,0.44496087,0.460442727,0.461426727,3263.208290652614,e527b63c4ff68391fd4e1934a89f8e3441c533359cd98e255137b2957ea8d363,a05cc33278c24d62f09e36b0160bb33a6a5ae85bd622640eaffc898fca8d6be5,ab1d42946bbf2b8d,9dab3b1990587c6d,48,40960,0.028462784,0.467927273,36.82055595140342,32.56557875199049,10.593304051559478,False,64033,64033,64034,677.0
oculus_audio_pack/car_engine_high_lp.wav,oculus_audio_pack,normalized,baseline,rgs,high,174014,44100,174014,44100,1,70436,7,3.9458956916099774,142.80357212638063,16.956900001,17.511739999,17.539627999,1.383025,1.4262975,1.4326994999999998,2853.0906466694223,2b65d9c37f0cd7e326cac8b3f69f35564cd1ab7d4236124b2a6830d267fdcd7f,951364013f1e79093f29e9755ac523582fc04180e4472dd4ea0ebc812862b306,585cd28d85b3fbcc,5aa9ee4c659a235f,48,40960,0.027485165,1.42085,32.358951690147954,32.373521228362065,9.990184081125493,False,174014,174014,174014,2127.0
oculus_audio_pack/car_engine_high_lp.wav,oculus_audio_pack,normalized,candidate,rgs,high,174014,44100,174014,44100,1,70436,7,3.9458956916099774,142.80357212638063,16.512899999,16.6144699994,16.62025399988,1.187455556,1.2031999998,1.2042666663600001,3322.9838975211105,2b65d9c37f0cd7e326cac8b3f69f35564cd1ab7d4236124b2a6830d267fdcd7f,951364013f1e79093f29e9755ac523582fc04180e4472dd4ea0ebc812862b306,585cd28d85b3fbcc,5aa9ee4c659a235f,48,40960,0.022785877,1.202866667,32.358951690147954,32.373521228362065,9.990184081125493,False,174014,174014,174014,2127.0
oculus_audio_pack/car_engine_high_lp.wav,oculus_audio_pack,normalized,baseline,rgs,medium,174014,44100,174014,44100,1,63150,7,3.9458956916099774,128.03176755893205,35.814199999,36.4699599988,36.65495199736,1.475914286,18.769406428399982,24.695601285679988,2673.526321304256,def8fa486474fd4596127a8ac0aea33b26c07b3b4822695ea5f646c2916055ba,2b4107a210d1fb1caf565e0f03f91198687851c52db550e057867e0f46ee13c7,2a192f431989df7e,b23edecf9f3cb925,48,40960,0.026236649,1.472814286,28.92275795943381,28.916268056585082,10.547598322257656,False,174014,174014,174014,2490.0
oculus_audio_pack/car_engine_high_lp.wav,oculus_audio_pack,normalized,candidate,rgs,medium,174014,44100,174014,44100,1,63150,7,3.9458956916099774,128.03176755893205,35.767499998,36.2085599991,36.26971199982,1.2681625,1.30470625,1.31561125,3111.506365793009,def8fa486474fd4596127a8ac0aea33b26c07b3b4822695ea5f646c2916055ba,2b4107a210d1fb1caf565e0f03f91198687851c52db550e057867e0f46ee13c7,2a192f431989df7e,b23edecf9f3cb925,48,40960,0.023380374,1.252225,28.92275795943381,28.916268056585082,10.547598322257656,False,174014,174014,174014,2490.0
oculus_audio_pack/car_engine_high_lp.wav,oculus_audio_pack,normalized,baseline,rgs,low,174014,44100,174014,44100,1,54204,7,3.9458956916099774,109.89444067718689,38.6884,38.979570001,39.048234001,1.399475,1.419265,1.422223,2819.5542554243393,a53c2931028d5562821f3968ee837c5054b091b4a10396bfb3cd288b54cfc364,1ab39cc1eee9dbe16d592b203f75a594339e3d0d10c71ad63af96317dcc48c7f,fb98e1b6c4076b43,ab65cdc48df86a9c,48,40960,0.027888858,1.41495,24.46317949174041,24.47528735971965,11.858198319734496,False,174014,174014,174014,4781.0
oculus_audio_pack/car_engine_high_lp.wav,oculus_audio_pack,normalized,candidate,rgs,low,174014,44100,174014,44100,1,54204,7,3.9458956916099774,109.89444067718689,37.030700002,37.502549999,37.513469999,1.204211111,1.2305122224,1.23385355568,3276.7474536364557,a53c2931028d5562821f3968ee837c5054b091b4a10396bfb3cd288b54cfc364,1ab39cc1eee9dbe16d592b203f75a594339e3d0d10c71ad63af96317dcc48c7f,fb98e1b6c4076b43,ab65cdc48df86a9c,48,40960,0.023720616,1.1929,24.46317949174041,24.47528735971965,11.858198319734496,False,174014,174014,174014,4781.0
oculus_audio_pack/car_engine_high_lp.wav,oculus_audio_pack,normalized,reference,pcm,default,174014,44100,174014,44100,1,348072,7,3.9458956916099774,705.6892066155597,0.006510807,0.0065767099999999995,0.006579868399999999,0.006899034,0.0070319221999999995,0.00704466524,571949.0136749547,5b5ad7b6facf66cfa8a35079b200d6954042eb0e517a8255869b0e7beec9853e,5b5ad7b6facf66cfa8a35079b200d6954042eb0e517a8255869b0e7beec9853e,279c303fdc334e65,73f8e0ea4a7bd097,,,,,,60.0,0.0,True,174014,174014,174014,0.0
oculus_audio_pack/car_engine_high_lp.wav,oculus_audio_pack,normalized,reference,qoa,default,174014,44100,174014,44100,1,70432,7,3.9458956916099774,142.79546243405704,10.177699998,10.3363399977,10.34886799794,0.405844,0.41864018309999995,0.42182470301999997,9722.69071764022,91855c0d807acd4b87e16bd44be175b95656424d608488116f40fd6f3a8f84f1,951364013f1e79093f29e9755ac523582fc04180e4472dd4ea0ebc812862b306,0fe94324d595d7af,5aa9ee4c659a235f,268,40960,0.012428447,,32.358951690147954,32.373521228362065,9.990184081125493,False,174014,174014,174014,2127.0
oculus_audio_pack/car_engine_high_lp.wav,oculus_audio_pack,normalized,reference,ima,default,174014,44100,174014,44100,1,88124,7,3.9458956916099774,178.66463158136702,1.9867,2.015882,2.0184404000000002,1.330875,1.3517575,1.3523515,2964.888281476455,a5478d943c151c47d7281bd9f3fd910af87641e427d4b983c0175c1fb2651177,6e7b230679ece2ac6b438721030e3069361b4b4a26c049b36896e2a78173b520,84f1146bbe45fdd5,54f0bd367b1427de,,,,,32.55747878564186,32.72277132740337,9.7929394435664,False,174014,174014,174014,9396.0
oculus_audio_pack/car_engine_high_lp.wav,oculus_audio_pack,legacy_import,baseline,rgs,high,189403,48000,174015,44100,1,70436,7,3.945895833333333,142.80356699735486,15.668200001,15.8199600004,15.85807200088,1.29975,1.34016875,1.3491837500000001,3035.888311854844,e7855333a0d92e89966c3da2d5e40fbf835b36f304783812a2b97cf47dddee56,d3f72d9e309703ae35fe22acb3567600fd03746cc2768b9d71b9b06113ddccf2,3b7cc0c2ed3dd7ac,7924ea001b2bb34d,48,40960,0.026607181,1.31905,22.595921407087822,22.604940951877897,13.302391800813105,False,174014,174014,174015,4558.0
oculus_audio_pack/car_engine_high_lp.wav,oculus_audio_pack,legacy_import,baseline,rgs,medium,189403,48000,174015,44100,1,55290,7,3.945895833333333,112.09621811692529,32.990499999,33.3386600003,33.369332000060005,1.3410625,1.34744125,1.34923825,2942.365350856752,99650974788cc204aba1d53f419b6a285c924f1c49c08a8d4b9f8143acd415f5,7f1f209ef412ce2f7e9237e1c98ad7478315a0a4e7dae1b12f897e804f6f551e,1f947b15d72a2eaa,3e7f5be01f94f6c8,48,40960,0.026973585,1.3603375,22.143069462676678,22.14982028757975,12.139239924944656,False,174014,174014,174015,5145.0
oculus_audio_pack/car_engine_high_lp.wav,oculus_audio_pack,legacy_import,baseline,rgs,low,189403,48000,174015,44100,1,53034,7,3.945895833333333,107.52235181068937,50.513599999,50.674540002,50.691868002,1.3250875,1.3488149999999999,1.350663,2977.837941519585,4766383fbcfd5a438d430e747c870a4e2bd580846da5bf1c693fd497c4f86fe3,7a88a835ca6f3503594c379330dd92b7b381cab7eb534f49c0e8d46ffeb56420,dadec79fd929531d,6b91328417e233f5,48,40960,0.027400274,1.32965,22.03770273597964,22.04534066808247,12.158789618581116,False,174014,174014,174015,6105.0
oculus_audio_pack/car_start_run_stop_01.wav,oculus_audio_pack,normalized,baseline,rgs,high,467397,44100,467397,44100,1,189180,7,10.598571428571429,142.79660331581076,21.745999999,22.336980001399997,22.447236001879997,3.373866667,3.4935833332999997,3.5102633330599997,3141.3723405956484,5b8e96c78f0ea4199b408344859b2ac81ee355b97d0b331378712da4ed6efa72,deba40cb7accec0d164380c6eace177c298e932ce14ac4a416365b8530bc0e36,da26ffbcf0651ab7,06633ebcfeed18ff,48,40960,0.031137578,3.490866666,46.36573644822596,49.19549052541521,8.694915815017962,False,467397,467397,467397,1801.0
oculus_audio_pack/car_start_run_stop_01.wav,oculus_audio_pack,normalized,candidate,rgs,high,467397,44100,467397,44100,1,189180,7,10.598571428571429,142.79660331581076,20.940200001,21.7319099982,21.83638199724,2.809175001,2.897755,2.8994109999999997,3772.841287850913,5b8e96c78f0ea4199b408344859b2ac81ee355b97d0b331378712da4ed6efa72,deba40cb7accec0d164380c6eace177c298e932ce14ac4a416365b8530bc0e36,da26ffbcf0651ab7,06633ebcfeed18ff,48,40960,0.022183814,2.813875,46.36573644822596,49.19549052541521,8.694915815017962,False,467397,467397,467397,1801.0
oculus_audio_pack/car_start_run_stop_01.wav,oculus_audio_pack,normalized,baseline,rgs,medium,467397,44100,467397,44100,1,142650,7,10.598571428571429,107.67488879902952,72.832800001,74.8789600024,75.08243200288,3.4519,3.50284,3.505048,3070.358767221365,f95ae9135f78f611c495c6a6c255594464bd1774448cdb6a57ef1844a4588c53,7a2277a873ee299c21b2f6e6f0bcd2d6837616aead9a00ecf1af8c58e29444f2,af0dcb7748a2409e,4253f9cc73115417,48,40960,0.03234,3.424266667,40.007663073864144,41.942709152739376,10.58090961528224,False,467397,467397,467397,3199.0
oculus_audio_pack/car_start_run_stop_01.wav,oculus_audio_pack,normalized,candidate,rgs,medium,467397,44100,467397,44100,1,142650,7,10.598571428571429,107.67488879902952,47.6752,49.4199900007,49.623678000940004,2.8177,2.9103325,2.9255065,3761.426492732168,f95ae9135f78f611c495c6a6c255594464bd1774448cdb6a57ef1844a4588c53,7a2277a873ee299c21b2f6e6f0bcd2d6837616aead9a00ecf1af8c58e29444f2,af0dcb7748a2409e,4253f9cc73115417,48,40960,0.022589165,2.773,40.007663073864144,41.942709152739376,10.58090961528224,False,467397,467397,467397,3199.0
oculus_audio_pack/car_start_run_stop_01.wav,oculus_audio_pack,normalized,baseline,rgs,low,467397,44100,467397,44100,1,142440,7,10.598571428571429,107.51637687019813,73.748400003,76.340409999,76.40432199899999,3.419,3.48797,3.496874,3099.903898382986,4716f4ba064abb480b3869573ddfa500e69e45051c70cb33503f8812537e98cf,4e4134d3a533baea0925399ff658ed8b60048205ee269f33d657d1d9aa8f87e9,c0c54c789c4f1310,77f6b9e732fb747a,48,40960,0.032029393,3.399133333,39.100545827860444,41.89183014015927,10.526628062457155,False,467397,467397,467397,3219.0
oculus_audio_pack/car_start_run_stop_01.wav,oculus_audio_pack,normalized,candidate,rgs,low,467397,44100,467397,44100,1,142440,7,10.598571428571429,107.51637687019813,48.749299999,49.3521300001,49.41042600082,2.848525,2.9444575,2.9456515,3720.7226296316267,4716f4ba064abb480b3869573ddfa500e69e45051c70cb33503f8812537e98cf,4e4134d3a533baea0925399ff658ed8b60048205ee269f33d657d1d9aa8f87e9,c0c54c789c4f1310,77f6b9e732fb747a,48,40960,0.022793622,2.814999999,39.100545827860444,41.89183014015927,10.526628062457155,False,467397,467397,467397,3219.0
oculus_audio_pack/car_start_run_stop_01.wav,oculus_audio_pack,normalized,reference,pcm,default,467397,44100,467397,44100,1,934838,7,10.598571428571429,705.6332120231837,0.036465455,0.04446230779999999,0.046468799959999994,0.036461091,0.0378527795,0.037924495100000004,290681.68663881806,5cb053b8f2496c406ea52ea238c280428673c477c86f21a24cf1ebf07bdb5254,5cb053b8f2496c406ea52ea238c280428673c477c86f21a24cf1ebf07bdb5254,38c1b8c4096fe7e2,d79dc8862fa50a24,,,,,,60.0,0.0,True,467397,467397,467397,0.0
oculus_audio_pack/car_start_run_stop_01.wav,oculus_audio_pack,normalized,reference,qoa,default,467397,44100,467397,44100,1,189176,7,10.598571428571429,142.79358404097587,13.697000001,13.8952300015,13.9480060027,1.07851,1.1205266666,1.12258533332,9827.04975250246,a4852a162696f21ee5c5f99a7a9b171277a916e3c9408aa45a9caab564531783,deba40cb7accec0d164380c6eace177c298e932ce14ac4a416365b8530bc0e36,9c4d18823db5fd6f,06633ebcfeed18ff,268,40960,0.01172837,,46.36573644822596,49.19549052541521,8.694915815017962,False,467397,467397,467397,1801.0
oculus_audio_pack/car_start_run_stop_01.wav,oculus_audio_pack,normalized,reference,ima,default,467397,44100,467397,44100,1,235580,7,10.598571428571429,177.82019140045827,5.316950001,5.502509999,5.534621999,3.622766667,3.812423333,3.820511333,2925.5462475997847,14266b25d26f5148ed80693d35b404287a8294868f043231f5bd52894b2fa042,10bcf03afef340f574da32fa576b417bb043892b47e0735e75c259baf259bac2,6c104c28a43c7037,b1ea4a22f68559b6,,,,,47.61563358774686,50.82078519932155,8.075065756827364,False,467397,467397,467397,3071.0
oculus_audio_pack/car_start_run_stop_01.wav,oculus_audio_pack,legacy_import,baseline,rgs,high,508731,48000,467397,44100,1,189180,7,10.5985625,142.79672361228234,20.103,20.8532699983,21.07673399806,3.29495,3.3156525007,3.31813050094,3216.6079910165554,269eacefb7b0c3bf19f9a2f568ff487eeea5351b5b218a7dae949f0376fa42ee,f4d2c9a126da5f796db5a642fe66238a649485f6a5ac30bd5bf3813ce66234b0,3e00feff6f0c9e7b,3201ebf33e14587e,48,40960,0.0280493,3.333675,36.005165786752045,41.11804645926296,12.791038485496543,False,467397,467397,467397,7109.0
oculus_audio_pack/car_start_run_stop_01.wav,oculus_audio_pack,legacy_import,baseline,rgs,medium,508731,48000,467397,44100,1,142476,7,10.5985625,107.54364094187302,65.659299999,66.3719000011,66.39470000182,3.413366667,3.4710566663,3.48034466606,3105.0172846842297,20ea06e07c8b1d60e5df1ffac92d0d8f2e5b2b9802a9152c76b634a5a126497a,bc797a60ca7447e5781f9b5d17c9a1582a706be0cdf4cc0075f43204d7a2ae60,a4473619920a8ee6,a0cfee5bad70da2b,48,40960,0.030126205,3.441,35.702211210757525,40.33502951427566,11.177867559291649,False,467397,467397,467397,7142.0
oculus_audio_pack/car_start_run_stop_01.wav,oculus_audio_pack,legacy_import,baseline,rgs,low,508731,48000,467397,44100,1,142440,7,10.5985625,107.51646744546726,65.750100002,66.5827299979,66.58294599718,3.416466667,3.4668333322,3.46843333204,3102.1998845686385,f2e32cb24c425cf3dd6ef5d2fb037b62c99b85d4bc3e396c0b5a150e8e6774f5,e2c1dfeb6b640a5ee4199e14971f1ef0d12fbd7a87af1bf511cd5bfcc4d32e7c,4e77ed05b4a1f80a,27ac302848d9850b,48,40960,0.030214502,3.4342,35.67895506377663,40.32195142723293,11.194507605162897,False,467397,467397,467397,7142.0
oculus_audio_pack/car_trunk_close.wav,oculus_audio_pack,normalized,baseline,rgs,high,32643,44100,32643,44100,1,13244,7,0.740204081632653,143.13890267438654,1.2678125,1.30227125,1.30518425,0.195367308,0.20242459999999998,0.20319691999999998,3788.7817015559895,18340246c8b58abfe7e27b4d802419bdc10d949e3497c4a10b285c2be1ca75ed,77f1f438e2d8c70bfcc705f3bb1a4dde858f693e6699436e03371362f907ab87,debdcf3909c82317,a7746a4c55280214,48,40960,0.027359836,0.217608696,24.182758415976885,27.662425923749268,7.041658870975489,False,32643,32643,32643,9891.0
oculus_audio_pack/car_trunk_close.wav,oculus_audio_pack,normalized,candidate,rgs,high,32643,44100,32643,44100,1,13244,7,0.740204081632653,143.13890267438654,1.2282,1.3551858334,1.39101716668,0.166976667,0.1703368729,0.17095008658,4432.979139730062,18340246c8b58abfe7e27b4d802419bdc10d949e3497c4a10b285c2be1ca75ed,77f1f438e2d8c70bfcc705f3bb1a4dde858f693e6699436e03371362f907ab87,debdcf3909c82317,a7746a4c55280214,48,40960,0.022389038,0.166675,24.182758415976885,27.662425923749268,7.041658870975489,False,32643,32643,32643,9891.0
oculus_audio_pack/car_trunk_close.wav,oculus_audio_pack,normalized,baseline,rgs,medium,32643,44100,32643,44100,1,10228,7,0.740204081632653,110.54248690377723,3.035575,3.1037975,3.1066595,0.207546939,0.2174110597,0.21995699434000002,3566.441814073938,f4b2a5fa071b0a24448116aa822af36ae7a2375c681425712eb046769c167298,6eae707b6b37ae6a5ddd3ec8929394498ca8bd442e1d9bf3333087ccac4ccb03,784098e71b650af5,c3239bbceb16db1e,48,40960,0.027294278,0.224808889,22.370437179486746,23.461489099184615,8.31249243028859,False,32643,32643,32643,9071.0
oculus_audio_pack/car_trunk_close.wav,oculus_audio_pack,normalized,candidate,rgs,medium,32643,44100,32643,44100,1,10228,7,0.740204081632653,110.54248690377723,2.5454,2.5678849993,2.57005699906,0.174056897,0.1766096489,0.17673806978,4252.655852141574,f4b2a5fa071b0a24448116aa822af36ae7a2375c681425712eb046769c167298,6eae707b6b37ae6a5ddd3ec8929394498ca8bd442e1d9bf3333087ccac4ccb03,784098e71b650af5,c3239bbceb16db1e,48,40960,0.022854795,0.176635088,22.370437179486746,23.461489099184615,8.31249243028859,False,32643,32643,32643,9071.0
oculus_audio_pack/car_trunk_close.wav,oculus_audio_pack,normalized,baseline,rgs,low,32643,44100,32643,44100,1,10038,7,0.740204081632653,108.48899917287014,3.32625,3.3796891666,3.38967116692,0.20414,0.2129714224,0.21430662447999999,3625.9629745892676,a68738c1e9e6eacb931c5a4a0ecf650ea133869ac1cf8235526a73d9121fb6af,a1ddbacfcfc33ae68c075d8fdf4cd954304c73442fa6b7a8975b19093a54930b,078c2603cb5f0844,b7e3597d26078187,48,40960,0.028239155,0.225155556,19.568983614998942,22.923166365073474,8.461078478227778,False,32643,32643,32643,10591.0
oculus_audio_pack/car_trunk_close.wav,oculus_audio_pack,normalized,candidate,rgs,low,32643,44100,32643,44100,1,10038,7,0.740204081632653,108.48899917287014,2.544650001,2.6056025007,2.6155205009399998,0.169031667,0.1754144735,0.1756765787,4379.085261181581,a68738c1e9e6eacb931c5a4a0ecf650ea133869ac1cf8235526a73d9121fb6af,a1ddbacfcfc33ae68c075d8fdf4cd954304c73442fa6b7a8975b19093a54930b,078c2603cb5f0844,b7e3597d26078187,48,40960,0.022849315,0.173601724,19.568983614998942,22.923166365073474,8.461078478227778,False,32643,32643,32643,10591.0
oculus_audio_pack/car_trunk_close.wav,oculus_audio_pack,normalized,reference,pcm,default,32643,44100,32643,44100,1,65330,7,0.740204081632653,706.0755445271575,0.001608282,0.001667699,0.001679063,0.002129557,0.0021460789,0.0021491813800000002,347585.94469772495,eac8a4f9477427315b277692d1e1db2581e6cc52504b40ffc975d19f8aa64455,eac8a4f9477427315b277692d1e1db2581e6cc52504b40ffc975d19f8aa64455,c344c58e797fd8cb,df2b7c2505b7f9b5,,,,,,60.0,0.0,True,32643,32643,32643,0.0
oculus_audio_pack/car_trunk_close.wav,oculus_audio_pack,normalized,reference,qoa,default,32643,44100,32643,44100,1,13240,7,0.740204081632653,143.09567135373587,0.818561538,0.8320175,0.8332235,0.072780435,0.0762544695,0.0762721059,10170.371771378572,d26017f77a6abfd99d0c1c396e4775f8f2be150d1d0e2ac0bb82e45ffab079eb,77f1f438e2d8c70bfcc705f3bb1a4dde858f693e6699436e03371362f907ab87,ae0dd7f1e60d1ee9,a7746a4c55280214,268,40960,0.011759719,,24.182758415976885,27.662425923749268,7.041658870975489,False,32643,32643,32643,9891.0
oculus_audio_pack/car_trunk_close.wav,oculus_audio_pack,normalized,reference,ima,default,32643,44100,32643,44100,1,16444,7,0.740204081632653,177.72395919492695,0.310166667,0.330962258,0.3332995484,0.228013636,0.24119751109999998,0.24472730702,3246.3149775509614,3b63cd54193132dbaf6af47f9fc5620ea78281999f4ce5d4ee3bce7f3e7f7864,d61215dd00553c79c7440452cb803234d07daa844e23c6f3b3baa2fef6b8a4a2,0638101818893709,9ec739444b5b5c25,,,,,26.126677253393748,31.375797820563076,5.878633750317732,False,32643,32643,32643,6182.0
oculus_audio_pack/car_trunk_close.wav,oculus_audio_pack,legacy_import,baseline,rgs,high,35530,48000,32644,44100,1,13244,7,0.7402083333333334,143.13808049535604,1.3100125,1.351125,1.354695,0.189156604,0.19941549,0.1995176076,3913.203756466961,a47dca0980fdc951726e751941f3c47d322df79adf029714e3d1f91973b90367,4a029bde266610db6b29f68295bc55ed0e6a5a87dc88cfac6b2e80a6a5c8368a,2cc05db3c22b132b,0f6f40a7f706a3f4,48,40960,0.025577749,0.204095918,13.51098892189045,21.340037571307366,10.655550810377436,False,32643,32643,32644,16261.0
oculus_audio_pack/car_trunk_close.wav,oculus_audio_pack,legacy_import,baseline,rgs,medium,35530,48000,32644,44100,1,10042,7,0.7402083333333334,108.5316070925978,3.047175,3.1062575,3.1128515,0.200584,0.20658918340000001,0.20717253028,3690.266089684787,9c7818c5a39566259e48ce07a8837f99d3e903228a13079da35086d5aa14b7a0,c83863bfc0c1333be8a340bb107e46a70ff0b55c33a58df5517e5078ed890416,a7f8158f4f32ccac,9f93b50e74e48362,48,40960,0.027590083,0.210758333,13.369116203851544,20.641649906265055,10.705205012459567,False,32643,32643,32644,16495.0
oculus_audio_pack/car_trunk_close.wav,oculus_audio_pack,legacy_import,baseline,rgs,low,35530,48000,32644,44100,1,10012,7,0.7402083333333334,108.2073740500985,2.985125,3.223415,3.241883,0.198641176,0.27735233949999993,0.30262925589999995,3726.358996854375,7dac49e342b2144608f9306e1a82dc742de7067475f5ecffaeb8d1bfaa1795fd,fa95511583a822ebaf78f54914b3f1fd3c7adcdb6347607d15bd4f1ffd1098d2,16c40edd389d7c37,d0760979e62a4f75,48,40960,0.028207042,0.209366667,13.34822554548721,20.54656430083758,10.738206532008768,False,32643,32643,32644,16814.0
oculus_audio_pack/creepy_blood_squish_slimy_03.wav,oculus_audio_pack,normalized,baseline,rgs,high,134534,44100,134534,44100,1,54476,7,3.0506575963718823,142.85706810174378,8.428499999,8.469494999,8.476778999,1.231855556,1.2567058333999999,1.26028116668,2476.473464370917,ec061812f5af5f7014fa86cb8fd878fd7a062cd48aff693112652dc4d108ebf7,c317ab51bbf91c38fa56983c805cbb333513b63b79c1b479f35a0f3a170bc18b,c15b8d0cc90912c2,0066130d33ffc860,48,40960,0.028676218,1.225633334,26.419700270015753,23.778413721866524,10.895382239124208,False,134534,134534,134534,1313.0
oculus_audio_pack/creepy_blood_squish_slimy_03.wav,oculus_audio_pack,normalized,candidate,rgs,high,134534,44100,134534,44100,1,54476,7,3.0506575963718823,142.85706810174378,8.197700001,8.3064949993,8.31593899906,1.07838,1.087698,1.0896756,2828.926349127286,ec061812f5af5f7014fa86cb8fd878fd7a062cd48aff693112652dc4d108ebf7,c317ab51bbf91c38fa56983c805cbb333513b63b79c1b479f35a0f3a170bc18b,c15b8d0cc90912c2,0066130d33ffc860,48,40960,0.022704082,1.05109,26.419700270015753,23.778413721866524,10.895382239124208,False,134534,134534,134534,1313.0
oculus_audio_pack/creepy_blood_squish_slimy_03.wav,oculus_audio_pack,normalized,baseline,rgs,medium,134534,44100,134534,44100,1,41700,7,3.0506575963718823,109.35347198477707,21.532200001,21.677529999900003,21.701985999180003,1.2518,1.2813375,1.2851175000000001,2437.0167729444656,216e6365789b9f41568973ec8fc1e61f7bb669bdf800fba864561acbec7dc8ba,ccf40341b449da9a97bdf2d10744b999cf9c15ee48910a9e149f76251e43b3b4,5761fbcbbccad019,6380cd056a0bfd75,48,40960,0.030239577,1.2687875,19.70011391379902,16.541743126967933,13.61605451582361,False,134534,134534,134534,3102.0
oculus_audio_pack/creepy_blood_squish_slimy_03.wav,oculus_audio_pack,normalized,candidate,rgs,medium,134534,44100,134534,44100,1,41700,7,3.0506575963718823,109.35347198477707,17.094500002,17.348600001599998,17.414120001119997,1.0899,1.103573,1.1074346,2799.0252283437767,216e6365789b9f41568973ec8fc1e61f7bb669bdf800fba864561acbec7dc8ba,ccf40341b449da9a97bdf2d10744b999cf9c15ee48910a9e149f76251e43b3b4,5761fbcbbccad019,6380cd056a0bfd75,48,40960,0.023060369,1.0975,19.70011391379902,16.541743126967933,13.61605451582361,False,134534,134534,134534,3102.0
oculus_audio_pack/creepy_blood_squish_slimy_03.wav,oculus_audio_pack,normalized,baseline,rgs,low,134534,44100,134534,44100,1,41090,7,3.0506575963718823,107.75381687900456,25.476300001,26.0886999986,26.23893999812,1.245477778,1.2708915277,1.2726671943399999,2449.387416024923,c12b58512607a3719a2b3308a0755cecbedb3586fee6ae9bb0f27713238d8394,a182900c5310158e862a160919a4c729350e8caefa03ad63148173d0c9deb96c,aafcce2ebff532c6,b383463fcca6a6ca,48,40960,0.030475076,1.241944445,17.3864511647841,16.014234211591553,14.033253133573247,False,134534,134534,134534,3871.0
oculus_audio_pack/creepy_blood_squish_slimy_03.wav,oculus_audio_pack,normalized,candidate,rgs,low,134534,44100,134534,44100,1,41090,7,3.0506575963718823,107.75381687900456,17.213,17.3708899998,17.41593800076,1.07453,1.0970149999999999,1.1020189999999999,2839.062284321408,c12b58512607a3719a2b3308a0755cecbedb3586fee6ae9bb0f27713238d8394,a182900c5310158e862a160919a4c729350e8caefa03ad63148173d0c9deb96c,aafcce2ebff532c6,b383463fcca6a6ca,48,40960,0.023005287,1.09245,17.3864511647841,16.014234211591553,14.033253133573247,False,134534,134534,134534,3871.0
oculus_audio_pack/creepy_blood_squish_slimy_03.wav,oculus_audio_pack,normalized,reference,pcm,default,134534,44100,134534,44100,1,269112,7,3.0506575963718823,705.7153849584491,0.005144907,0.0054735695,0.0055173563,0.005496264,0.0055891358,0.00559223756,555042.0424440824,c0f693b772116a7c3db095e0ef51c7c0e9ed227b02841c5268945225d73d5102,c0f693b772116a7c3db095e0ef51c7c0e9ed227b02841c5268945225d73d5102,b8d8879472b57ae6,678ccc1f4f4499bc,,,,,,60.0,0.0,True,134534,134534,134534,0.0
oculus_audio_pack/creepy_blood_squish_slimy_03.wav,oculus_audio_pack,normalized,reference,qoa,default,134534,44100,134534,44100,1,54472,7,3.0506575963718823,142.84657856006658,5.0195,5.089744999600001,5.098348999120001,0.310090909,0.3198811734,0.32208978348,9837.94593079116,1da5114c1a19847b7a1df56c116c44d0da605726c573277b211f4470094906fb,c317ab51bbf91c38fa56983c805cbb333513b63b79c1b479f35a0f3a170bc18b,a7f0dbf251f006bc,0066130d33ffc860,268,40960,0.012075392,,26.419700270015753,23.778413721866524,10.895382239124208,False,134534,134534,134534,1313.0
oculus_audio_pack/creepy_blood_squish_slimy_03.wav,oculus_audio_pack,normalized,reference,ima,default,134534,44100,134534,44100,1,67644,7,3.0506575963718823,177.3886393030758,1.522042857,1.5823785712,1.5918928566400001,1.04974,1.069844,1.0717687999999999,2906.107794665234,319b288066ad598fc41ed1b045007524734ed2d87acd074e80961896566486fe,6ba15e3a08e54396d56294a64966bcc3b6807d8ce8892a2cb198eae90f71ba53,8de71b20ed0bef38,3bc392012f54dd77,,,,,21.847380576085826,23.029172334854664,12.043655210554423,False,134534,134534,134534,3632.0
oculus_audio_pack/creepy_blood_squish_slimy_03.wav,oculus_audio_pack,legacy_import,baseline,rgs,high,146432,48000,134535,44100,1,54476,7,3.050666666666667,142.85664335664336,9.574750001,9.692400000300001,9.69384000006,1.152711111,1.1724999998999999,1.17505999998,2646.514497479037,7fe8f91cf8cd34b3f47573c4ff672108725a3b09dd668c9106c7646b0e668ad9,84e88f1e11b143bf212e5cbe0cc6f91f96562c0285bb64d199197ce1a1bc1656,b06bc8357b66313c,1de77d3d997b8746,48,40960,0.026994609,1.158622222,8.419258551002569,10.909533107218431,12.01403154903334,False,134534,134534,134535,14164.0
oculus_audio_pack/creepy_blood_squish_slimy_03.wav,oculus_audio_pack,legacy_import,baseline,rgs,medium,146432,48000,134535,44100,1,41226,7,3.050666666666667,108.11013986013985,21.550499998,21.8970800007,21.91853600094,1.195188889,1.2941362501999998,1.32173725004,2552.4556785489553,547fb0af2cbfcc668c1134f7296edb9fe11105e13bbfad64015bf78078dc719d,66869765930fc139404cb158cef9211691580a07802a82d125da621af7c11350,c4b9c0f92d31c8a3,38668a14797a5f33,48,40960,0.028376487,1.195977778,8.262979718479064,10.512788003457493,13.352096051463167,False,134534,134534,134535,15209.0
oculus_audio_pack/creepy_blood_squish_slimy_03.wav,oculus_audio_pack,legacy_import,baseline,rgs,low,146432,48000,134535,44100,1,41022,7,3.050666666666667,107.57517482517483,23.374499999,25.017970001299997,25.434634001059997,1.179188889,1.1911088887999999,1.19303955536,2587.0890534371947,1802125fa64e7851f4c3f544d63c9b228f4d7a3066fc5044480969afd623717b,72c4d7d30d7db8c65124b3a8a3d0715916b19b588fcc7639949042990aaa76da,25b15958c7856d32,8619bc19ce92b234,48,40960,0.028509972,1.200966667,8.237183180143209,10.53119953997439,13.315430083181775,False,134534,134534,134535,16010.0
oculus_audio_pack/creepy_chains_02.wav,oculus_audio_pack,normalized,baseline,rgs,high,183419,44100,183419,44100,1,74244,7,4.159160997732426,142.80572459777883,11.682599999,11.8717099994,11.92170199988,1.704183333,1.7245500001,1.72655000002,2440.5596024758365,89a5f2ba41c6398aa2e61b5a15a884bab5bcfe5675aca07e76394746d56a4b45,54ab90c7e4694dc29a891597d01162840afe833d728d05ee3014e9f7dfaa6bbe,3378fa04f4c684aa,bfc596c468ce0428,48,40960,0.0267288,1.697316666,23.06374932917489,22.928383873636168,14.747955291421228,False,183419,183419,183419,3768.0
oculus_audio_pack/creepy_chains_02.wav,oculus_audio_pack,normalized,candidate,rgs,high,183419,44100,183419,44100,1,74244,7,4.159160997732426,142.80572459777883,11.229400001,11.39837,11.403434,1.462557143,1.4752614285,1.4770408569,2843.7596559141252,89a5f2ba41c6398aa2e61b5a15a884bab5bcfe5675aca07e76394746d56a4b45,54ab90c7e4694dc29a891597d01162840afe833d728d05ee3014e9f7dfaa6bbe,3378fa04f4c684aa,bfc596c468ce0428,48,40960,0.023213457,1.431214286,23.06374932917489,22.928383873636168,14.747955291421228,False,183419,183419,183419,3768.0
oculus_audio_pack/creepy_chains_02.wav,oculus_audio_pack,normalized,baseline,rgs,medium,183419,44100,183419,44100,1,57572,7,4.159160997732426,110.73771855696519,29.320099998,29.719919999400002,29.81438399988,1.75525,1.810993334,1.820545334,2369.554762986712,c6b83873bd13f7fb8e9afeaa6a48aab2d42c7969205bbfda8ea22f9304d9b4bd,e10f97e5da8391c5e5dd8d8d2df8d675f4b0c5c70dc9c89062c7d54d08c01f09,2691ef2ef7580687,495fe0df0cb8e341,48,40960,0.027573003,1.746566667,17.516586775005642,16.03528266752691,17.093307044876255,False,183419,183419,183419,2266.0
oculus_audio_pack/creepy_chains_02.wav,oculus_audio_pack,normalized,candidate,rgs,medium,183419,44100,183419,44100,1,57572,7,4.159160997732426,110.73771855696519,26.789100002,27.1407099984,27.17966199888,1.528814285,1.5490071430999999,1.54923000062,2720.5142171551765,c6b83873bd13f7fb8e9afeaa6a48aab2d42c7969205bbfda8ea22f9304d9b4bd,e10f97e5da8391c5e5dd8d8d2df8d675f4b0c5c70dc9c89062c7d54d08c01f09,2691ef2ef7580687,495fe0df0cb8e341,48,40960,0.023148611,1.521042857,17.516586775005642,16.03528266752691,17.093307044876255,False,183419,183419,183419,2266.0
oculus_audio_pack/creepy_chains_02.wav,oculus_audio_pack,normalized,baseline,rgs,low,183419,44100,183419,44100,1,56176,7,4.159160997732426,108.05256162120608,37.030400001,37.6090599997,37.719891999939996,1.720216667,1.7397799999999999,1.7415559999999999,2417.8122893006625,87b384184f50884280e44d416286fd4a2590fcbcd39433564ef719c9126edbad,5a29e9a0835972a621d4831274bd3c820ebc69d816ab785d78fdf56abc21c7b0,1fe185e9606e4dea,3d182981da840e0c,48,40960,0.028445739,1.730566666,15.255916886395113,15.12302398963325,17.531905694197498,False,183419,183419,183419,4151.0
oculus_audio_pack/creepy_chains_02.wav,oculus_audio_pack,normalized,candidate,rgs,low,183419,44100,183419,44100,1,56176,7,4.159160997732426,108.05256162120608,27.0134,29.130680000399998,29.34677600088,1.528357143,1.5439514286,1.54730457132,2721.3279414315703,87b384184f50884280e44d416286fd4a2590fcbcd39433564ef719c9126edbad,5a29e9a0835972a621d4831274bd3c820ebc69d816ab785d78fdf56abc21c7b0,1fe185e9606e4dea,3d182981da840e0c,48,40960,0.022961009,1.529028571,15.255916886395113,15.12302398963325,17.531905694197498,False,183419,183419,183419,4151.0
oculus_audio_pack/creepy_chains_02.wav,oculus_audio_pack,normalized,reference,pcm,default,183419,44100,183419,44100,1,366882,7,4.159160997732426,705.6846324535626,0.006840328,0.0069628232,0.00696699344,0.007328938,0.0074391304,0.00745038928,567498.455810709,e91c12360310f27f3d27e7a6116c19a3003349f6efed7802bc917db4ed13197b,e91c12360310f27f3d27e7a6116c19a3003349f6efed7802bc917db4ed13197b,8b7a1e8ea4e258b1,d4882a134ad27c5c,,,,,,60.0,0.0,True,183419,183419,183419,0.0
oculus_audio_pack/creepy_chains_02.wav,oculus_audio_pack,normalized,reference,qoa,default,183419,44100,183419,44100,1,74240,7,4.159160997732426,142.79803073836405,6.872599998,8.577499999999999,9.143059999999998,0.433008333,0.4461082608,0.44833817375999996,9605.267799159019,c74e464227b7c43b5d18254d6ba82f57ffef8937b9f833fb01dc29f48d289c33,54ab90c7e4694dc29a891597d01162840afe833d728d05ee3014e9f7dfaa6bbe,1d1a98de737aad17,bfc596c468ce0428,268,40960,0.012187211,,23.06374932917489,22.928383873636168,14.747955291421228,False,183419,183419,183419,3768.0
oculus_audio_pack/creepy_chains_02.wav,oculus_audio_pack,normalized,reference,ima,default,183419,44100,183419,44100,1,92220,7,4.159160997732426,177.38192880781162,1.968483334,2.0212059999,2.03446519998,1.3501,1.37230875,1.37330175,3080.6318033719176,945a3305251ceac106e790e50d92e65c112f3267f73da7b0ff01c8c2379ba9d2,2124f9b28eb99d238e7be5d6c568a2397568c7d9d4d9d08488e50044008661e7,6f690942dcfb3ece,80cc4425c2325e35,,,,,19.365911095344636,19.804048070691202,16.468241138612772,False,183419,183419,183419,5085.0
oculus_audio_pack/creepy_chains_02.wav,oculus_audio_pack,legacy_import,baseline,rgs,high,199640,48000,183420,44100,1,74244,7,4.159166666666667,142.80552995391704,13.283,13.719369998,13.770033998,1.601071429,1.6494214289,1.65461571458,2597.739608197497,2c07d4e44d9ca477638417e94c2209bc90c8422b32a266a4f966de31dd54d012,c631bb5f9a067061970cd62cbb2aebd39c5be8b10bbb244a88e1e88f7cc085eb,da5a02918c70a497,470127aef8cc756a,48,40960,0.028340793,1.597785714,5.298635761723414,5.991280002188668,14.510800181115606,False,183419,183419,183420,18655.0
oculus_audio_pack/creepy_chains_02.wav,oculus_audio_pack,legacy_import,baseline,rgs,medium,199640,48000,183420,44100,1,56482,7,4.159166666666667,108.64099378881987,28.409399997,28.7106999993,28.76301999906,1.645157143,1.6847049998999999,1.68934099998,2528.127288243289,59c0f40f30e8e119e26343e14173ea5eadaf7c5334b41952fc6de41fc12962d6,c18b1d817d1a25d621ad0b3d0a7d8d76046b1eb9079ee9e70d6f3a3b0ebff851,a57294eeaed12539,773483037734ef01,48,40960,0.02982619,1.660842857,5.1602454116505525,5.761359711775555,16.053243187540627,False,183419,183419,183420,18427.0
oculus_audio_pack/creepy_chains_02.wav,oculus_audio_pack,legacy_import,baseline,rgs,low,199640,48000,183420,44100,1,55936,7,4.159166666666667,107.59078341013824,34.6131,40.0968600011,41.69233200182,1.639757143,1.6583414285,1.6615540001,2536.452842679684,907379d85d23ad8a8aa1fb46f277d1fe3e5d6d8b7c8f82d0196b9d0023d90c18,1ee8b760435ff348659a4f3e83475b4358d961af2556b75821aac7e4c014d2e6,bc587c6bc528b635,b21af49db7abf60b,48,40960,0.029985629,1.6361,5.1509181226783465,5.7495252447378284,16.16061935362984,False,183419,183419,183420,19780.0
oculus_audio_pack/creepy_creature_03.wav,oculus_audio_pack,normalized,baseline,rgs,high,121835,44100,121835,44100,1,49324,7,2.7626984126984127,142.8284745762712,9.206900001,9.6601750007,9.70019500094,0.972890909,1.010713,1.0124385999999999,2839.6795438638565,98f1cae5dbfb09bbda6dfbf7fe5211125ca6c1ded17aed03bf43899c081850f5,05df775daaf26b763c09cf78927910da39319503852a6c8a18ce8730fac1de3e,0607e41df4c5c318,afc6f8a276ae6437,48,40960,0.02660133,0.973018182,35.34184657646796,35.37257578386518,12.255771880812386,False,121835,121835,121835,1593.0
oculus_audio_pack/creepy_creature_03.wav,oculus_audio_pack,normalized,candidate,rgs,high,121835,44100,121835,44100,1,49324,7,2.7626984126984127,142.8284745762712,8.9915,9.096790001,9.118078001,0.8272,0.8458578848,0.84787157696,3339.819164287249,98f1cae5dbfb09bbda6dfbf7fe5211125ca6c1ded17aed03bf43899c081850f5,05df775daaf26b763c09cf78927910da39319503852a6c8a18ce8730fac1de3e,0607e41df4c5c318,afc6f8a276ae6437,48,40960,0.022794077,0.827438462,35.34184657646796,35.37257578386518,12.255771880812386,False,121835,121835,121835,1593.0
oculus_audio_pack/creepy_creature_03.wav,oculus_audio_pack,normalized,baseline,rgs,medium,121835,44100,121835,44100,1,39676,7,2.7626984126984127,114.8905716748061,22.465099998,22.77258,22.779876,1.01437,1.029932,1.0312904,2723.5608433790553,7b5bcd2cbffbbd3a7f689f51f9bf328e849fb0b619ba400fa157e84b1aa33c5c,e52679b7bcce5846873b6a96fd726b9dabf8522e988950fb03d4242cf9057fc9,741d83b70860a16b,27619990874c016e,48,40960,0.027570248,1.0151,28.87386379629938,28.342361302831954,14.846380379696907,False,121835,121835,121835,1839.0
oculus_audio_pack/creepy_creature_03.wav,oculus_audio_pack,normalized,candidate,rgs,medium,121835,44100,121835,44100,1,39676,7,2.7626984126984127,114.8905716748061,20.789699998,21.0434099993,21.095801999059997,0.858083333,0.8885800000999999,0.88953600002,3219.615515709373,7b5bcd2cbffbbd3a7f689f51f9bf328e849fb0b619ba400fa157e84b1aa33c5c,e52679b7bcce5846873b6a96fd726b9dabf8522e988950fb03d4242cf9057fc9,741d83b70860a16b,27619990874c016e,48,40960,0.023276279,0.866266667,28.87386379629938,28.342361302831954,14.846380379696907,False,121835,121835,121835,1839.0
oculus_audio_pack/creepy_creature_03.wav,oculus_audio_pack,normalized,baseline,rgs,low,121835,44100,121835,44100,1,37354,7,2.7626984126984127,108.1667107153117,29.2181,29.7655000004,29.86582000088,0.991,0.9996612726999999,1.0000282545399999,2787.78850928195,ef24a55a833fb3324643e506b9bb160b5f9ede01b37a6ca318aff42ebcd25775,0d9a352e5746f58493852eff43750f5fe9070d44b6b18a937151b5b0126168be,0b74c04313840bbe,c174a3f3f7a2e55d,48,40960,0.026996226,0.981718182,26.0575545966792,26.4955888490237,16.05278897545328,False,121835,121835,121835,3792.0
oculus_audio_pack/creepy_creature_03.wav,oculus_audio_pack,normalized,candidate,rgs,low,121835,44100,121835,44100,1,37354,7,2.7626984126984127,108.1667107153117,21.1109,21.3498799991,21.36629599982,0.844983333,0.895405833,0.9019878330000001,3269.5300662201494,ef24a55a833fb3324643e506b9bb160b5f9ede01b37a6ca318aff42ebcd25775,0d9a352e5746f58493852eff43750f5fe9070d44b6b18a937151b5b0126168be,0b74c04313840bbe,c174a3f3f7a2e55d,48,40960,0.023375234,0.841241667,26.0575545966792,26.4955888490237,16.05278897545328,False,121835,121835,121835,3792.0
oculus_audio_pack/creepy_creature_03.wav,oculus_audio_pack,normalized,reference,pcm,default,121835,44100,121835,44100,1,243714,7,2.7626984126984127,705.7274116633151,0.004635125,0.0047814597,0.00479586954,0.0052899,0.0055881883,0.00564213766,522259.0999259745,c33c882fb29e7092f07b3c24fa16a2daa6b1287a134815c987875c2b55d2572f,c33c882fb29e7092f07b3c24fa16a2daa6b1287a134815c987875c2b55d2572f,db6e6d330bc13a0a,861ec234b942dd00,,,,,,60.0,0.0,True,121835,121835,121835,0.0
oculus_audio_pack/creepy_creature_03.wav,oculus_audio_pack,normalized,reference,qoa,default,121835,44100,121835,44100,1,49320,7,2.7626984126984127,142.816891697788,5.610199999,5.6599400007,5.6661080009400004,0.282005556,0.2903958332,0.29211345223999996,9796.609867851017,f4865a563107b4041b40c55a171993a0de1cd33cca5e03efaa2a09063381254f,05df775daaf26b763c09cf78927910da39319503852a6c8a18ce8730fac1de3e,2ee1146f0fa42e5d,afc6f8a276ae6437,268,40960,0.012217705,,35.34184657646796,35.37257578386518,12.255771880812386,False,121835,121835,121835,1593.0
oculus_audio_pack/creepy_creature_03.wav,oculus_audio_pack,normalized,reference,ima,default,121835,44100,121835,44100,1,61500,7,2.7626984126984127,178.0867566791152,1.3446125,1.37050875,1.37390175,0.943681818,0.9485981815,0.9490432723,2927.5740615131917,2efbd4b61c80cab937a309bc4634926143ec944e84112ed59ecff685161db151,e2241ff8e34060d9f4c7d68988f881c20d287b38d2dd9c7b0cc9162f246bbb14,26811a310665cf70,a2b486dc3d8e35ad,,,,,33.37460767987996,33.75153387300677,13.154959249255276,False,121835,121835,121835,3772.0
oculus_audio_pack/creepy_creature_03.wav,oculus_audio_pack,legacy_import,baseline,rgs,high,132609,48000,121835,44100,1,49324,7,2.7626875,142.82903875302583,8.582450001,8.7339400007,8.74394800094,0.904083334,0.927615454,0.929799454,3055.7885496869476,dc79db76d75de0cdfeee70120e9ab69c3654acb4ad8a1e9e9d236472108d16e3,7d5e27d8df609197632886eb1f20f24754565cd8ad36b0589a589fb78b6ed576,e41c6446415908bb,9dd30005b23729e3,48,40960,0.026860054,0.911990909,23.5021196199442,24.525876491907624,12.314687904591194,False,121835,121835,121835,4934.0
oculus_audio_pack/creepy_creature_03.wav,oculus_audio_pack,legacy_import,baseline,rgs,medium,132609,48000,121835,44100,1,38086,7,2.7626875,110.2868131122322,21.324300002,21.5165299983,21.52010599806,0.966481818,0.980342727,0.981326727,2858.4991963087296,a37f0d0811dba095ebadd084ce9555900870cb218bff9e93b01076c0038e87c3,50ed1a67b07c23f0fb017e217bbf61d1422d542e6f0458dea7ce1f82c3f83fcf,e4b6b80a5884d943,6ac68be40c6c0519,48,40960,0.027466575,0.967609091,23.034041329462916,23.921050725041113,14.20971065294687,False,121835,121835,121835,4913.0
oculus_audio_pack/creepy_creature_03.wav,oculus_audio_pack,legacy_import,baseline,rgs,low,132609,48000,121835,44100,1,37140,7,2.7626875,107.5474515304391,29.6373,29.814619999999998,29.846204,0.962718182,0.9791290909,0.97933854538,2869.674170130091,f18cd9390276070d4d653bf7e0d269970deaaff9365dbd17daacdd882b62b272,04383881ca03ed93b68793f3d184bad8675118d4f638f6ba6f70ec2e9b9329a5,9c198555083afb25,a475dde0333974c9,48,40960,0.027086757,0.964063637,22.92237063346601,23.869375373089344,14.353536581655135,False,121835,121835,121835,4671.0
oculus_audio_pack/creepy_drone_02.wav,oculus_audio_pack,normalized,baseline,rgs,high,2594751,44100,2594751,44100,2,2096100,7,58.83789115646258,285.0000173427046,366.294599999,375.07209000070003,376.59529800094003,40.964600001,42.730280001699995,42.98645600194,1436.310647608576,79f20f64db246fbc0d46116ba1def74a4a1984025449be3b1207893bb50e403a,2e76c0abe54e73cbcebc3b529bebdec451e978a1fa25c0ea8d79acd5f0713adf,09dd15293cc1f221,3d965890a2fa9d33,48,81920,0.066942667,41.457400002,36.2485822073075,36.14190169996712,9.698632648808681,False,2594751,2594751,2594751,1039.0
oculus_audio_pack/creepy_drone_02.wav,oculus_audio_pack,normalized,candidate,rgs,high,2594751,44100,2594751,44100,2,2096100,7,58.83789115646258,285.0000173427046,350.2115,371.5508400018,378.03880800276,35.220599998,40.6058500017,42.33973000194,1670.553345479739,79f20f64db246fbc0d46116ba1def74a4a1984025449be3b1207893bb50e403a,2e76c0abe54e73cbcebc3b529bebdec451e978a1fa25c0ea8d79acd5f0713adf,09dd15293cc1f221,3d965890a2fa9d33,48,81920,0.047538863,34.437400002,36.2485822073075,36.14190169996712,9.698632648808681,False,2594751,2594751,2594751,1039.0
oculus_audio_pack/creepy_drone_02.wav,oculus_audio_pack,normalized,baseline,rgs,medium,2594751,44100,2594751,44100,2,1590762,7,58.83789115646258,216.29082466872546,1075.4133,1114.5014599984,1120.6991719988798,39.586299997,40.871090001,40.973018001,1486.3195388536324,d9d57b2d10d5fcb95c341351ac525ec4be23d71e2be53faa8bdc30a5c861ee4e,cb0ad47a488c10554850a410c3b374e37dfa7c988670fe30c38f92463611371d,510c8f6d2e0714bd,0ebd299316853407,48,81920,0.066253642,39.579400003,27.096609626509203,26.980211981889955,13.004026595381506,False,2594751,2594751,2594751,1964.0
oculus_audio_pack/creepy_drone_02.wav,oculus_audio_pack,normalized,candidate,rgs,medium,2594751,44100,2594751,44100,2,1590762,7,58.83789115646258,216.29082466872546,797.804900002,823.5196999990001,828.068659999,33.606999997,34.372010001700005,34.56744200194,1750.7629708606798,d9d57b2d10d5fcb95c341351ac525ec4be23d71e2be53faa8bdc30a5c861ee4e,cb0ad47a488c10554850a410c3b374e37dfa7c988670fe30c38f92463611371d,510c8f6d2e0714bd,0ebd299316853407,48,81920,0.048905366,33.728099998,27.096609626509203,26.980211981889955,13.004026595381506,False,2594751,2594751,2594751,1964.0
oculus_audio_pack/creepy_drone_02.wav,oculus_audio_pack,normalized,baseline,rgs,low,2594751,44100,2594751,44100,2,1577148,7,58.83789115646258,214.43977260245782,1226.157600001,1344.420599998,1358.220119998,38.727200001,43.4019599994,44.379671999879996,1519.2911223879673,6fdf20cb3203af05e970d58ec64e89fdd653f41687423bf2b063947d71d0bd62,8453131a9239080779f63bbb05ce38b28ee18cd710b04eb89b9604fb218a4eed,bd9ed220f468c91f,6d20cdd4bd34546e,48,81920,0.065573856,38.8664,27.02530794343825,26.93481505680973,13.034779363841517,False,2594751,2594751,2594751,2744.0
oculus_audio_pack/creepy_drone_02.wav,oculus_audio_pack,normalized,candidate,rgs,low,2594751,44100,2594751,44100,2,1577148,7,58.83789115646258,214.43977260245782,797.255400002,869.1719300011,886.24910600182,33.592900001,35.025380000700004,35.06531600094,1751.497821108362,6fdf20cb3203af05e970d58ec64e89fdd653f41687423bf2b063947d71d0bd62,8453131a9239080779f63bbb05ce38b28ee18cd710b04eb89b9604fb218a4eed,bd9ed220f468c91f,6d20cdd4bd34546e,48,81920,0.049330542,33.222199999,27.02530794343825,26.93481505680973,13.034779363841517,False,2594751,2594751,2594751,2744.0
oculus_audio_pack/creepy_drone_02.wav,oculus_audio_pack,normalized,reference,pcm,default,2594751,44100,2594751,44100,2,10379048,7,58.83789115646258,1411.205982539365,0.309772727,0.377342976,0.3812552616,0.3205375,0.34414907679999995,0.35096774655999996,183560.0862815196,3e2521468a7a61e4ea20863958783b03389aba152b4f640ab39818587f750d5f,3e2521468a7a61e4ea20863958783b03389aba152b4f640ab39818587f750d5f,b1aa65f9112c8456,830020990e586cb6,,,,,,60.0,0.0,True,2594751,2594751,2594751,0.0
oculus_audio_pack/creepy_drone_02.wav,oculus_audio_pack,normalized,reference,qoa,default,2594751,44100,2594751,44100,2,2096096,7,58.83789115646258,284.9994734754896,227.657599997,263.60317,274.143514,15.394099999,16.654110000299998,16.86658200006,3822.1065967016384,97107744a6a1ba4febef3f28d1b710f4ce6a2b97888ab198bd26553913c06816,2e76c0abe54e73cbcebc3b529bebdec451e978a1fa25c0ea8d79acd5f0713adf,072d10b1751ee71b,3d965890a2fa9d33,268,81920,0.03063792,,36.2485822073075,36.14190169996712,9.698632648808681,False,2594751,2594751,2594751,1039.0
oculus_audio_pack/creepy_drone_02.wav,oculus_audio_pack,normalized,reference,ima,default,2594751,44100,2594751,44100,2,2605116,7,58.83789115646258,354.20929592088027,55.547899999,68.76622000139999,71.07972400188,39.1719,40.025220001499996,40.0256040027,1502.0433309709915,3e8df4f01ed719f09a6d4ea0759d8a5a2563c8a9374afcc8bfdd9e00111aa75a,4cf4fc41dc9b0d088fefb6b1876ce41f5ea89ab22b2346fc4ecec0dfb3449945,bd8137e99404168c,74de6ec247a1470d,,,,,33.73193305554321,33.72985688328265,10.650015375323239,False,2594751,2594751,2594751,7849.0
oculus_audio_pack/creepy_drone_02.wav,oculus_audio_pack,legacy_import,baseline,rgs,high,2824219,48000,2594752,44100,2,2096100,7,58.837895833333334,284.9999946887972,436.557799999,451.2272399996,453.12640799912003,39.080300003,40.718059999400005,40.80153199988,1505.564077778744,8239383dde5d73923a69c908225a645217dcf9714675702b763ec8cc5a900b25,3b817c594540da067cc38b2276a8005c3104a52295ae987f0c13abe5194ad3bf,93dfd0143b0adb14,58a5efe7cc7558ab,48,81920,0.057585057,37.884199999,25.23785827693688,25.23262501014671,10.861808105188231,False,2594751,2594751,2594752,2173.0
oculus_audio_pack/creepy_drone_02.wav,oculus_audio_pack,legacy_import,baseline,rgs,medium,2824219,48000,2594752,44100,2,1577812,7,58.837895833333334,214.53003750771452,1079.668900002,1171.0196299983,1183.7057659980599,38.5502,39.8952199987,39.89728399894,1526.266941114011,7b77a407233e50ef095ee998eb6411cace1c3f6763098ecee9dedb243fe763c5,26c28020640a53962eb71efbe63ddb5d9791b94429a5881dafd8179439d30dad,a759571e71bf09b2,1dbd5c944cd3f671,48,81920,0.063847771,37.501899999,24.511957070827613,24.496126964876797,11.962522862446718,False,2594751,2594751,2594752,2865.0
oculus_audio_pack/creepy_drone_02.wav,oculus_audio_pack,legacy_import,baseline,rgs,low,2824219,48000,2594752,44100,2,1577148,7,58.837895833333334,214.43975555720004,1090.186100002,1152.1693000017,1156.99330000194,37.992599998,39.4521100004,39.45578200088,1548.667262478237,e29934d9777c6ca3d8646e739b3e5441aa3a01657ee2ecae7765faeafe3c356b,d1fdf90d42f5f9cfa5d74f3d7a40d33cd1b2193e0a9a199e49b6dff5eef9eb60,499c0a601803ecaa,30f15d4a89d94886,48,81920,0.063267296,38.017900001,24.5077397232938,24.486458109802236,11.979367518551879,False,2594751,2594751,2594752,2810.0
oculus_audio_pack/creepy_impacts_reverb_01.wav,oculus_audio_pack,normalized,baseline,rgs,high,189101,44100,189101,44100,1,76548,7,4.288004535147392,142.8132817912121,7.247,7.538875001,7.553575001,1.35295,1.4021525,1.4131805,3169.373986582942,4d661cb85a269411d2be7eb5cdb06f420bf775a804aa443aa916c178efd01888,544b57e0e28e0b18d2c8cf37ca07e2040e04106ce12b22e2d6ff9edbb9760b41,0de70ef093827bdb,af95728b494ccf30,48,40960,0.027705817,1.396675,38.3194843055614,29.030242480029937,8.203529163926616,False,189101,189101,189101,1062.0
oculus_audio_pack/creepy_impacts_reverb_01.wav,oculus_audio_pack,normalized,candidate,rgs,high,189101,44100,189101,44100,1,76548,7,4.288004535147392,142.8132817912121,7.09825,7.3487049993,7.39542099906,1.165633333,1.3262675001,1.36847350002,3678.6907286799355,4d661cb85a269411d2be7eb5cdb06f420bf775a804aa443aa916c178efd01888,544b57e0e28e0b18d2c8cf37ca07e2040e04106ce12b22e2d6ff9edbb9760b41,0de70ef093827bdb,af95728b494ccf30,48,40960,0.022312472,1.147155555,38.3194843055614,29.030242480029937,8.203529163926616,False,189101,189101,189101,1062.0
oculus_audio_pack/creepy_impacts_reverb_01.wav,oculus_audio_pack,normalized,baseline,rgs,medium,189101,44100,189101,44100,1,57770,7,4.288004535147392,107.77973675443282,22.530999999,23.3024099997,23.38936199994,1.443985714,1.9077931435999995,2.0116226295199997,2969.5616054740217,599ca4516b6822e5a21e539f9f322d911067058f7ae33337e8dea3a0392cbab1,419b89c82b76ffa257a17fe33b847fd6db2b041b5c45ce06be6747a94ab47e49,fbc7d6c129eefb46,4c4948e7e3ac4061,48,40960,0.027704155,1.459685714,31.39332685259051,24.055268890361162,10.150604328255838,False,189101,189101,189101,1985.0
oculus_audio_pack/creepy_impacts_reverb_01.wav,oculus_audio_pack,normalized,candidate,rgs,medium,189101,44100,189101,44100,1,57770,7,4.288004535147392,107.77973675443282,15.2885,17.535770000299998,18.23251400006,1.220455555,1.39005625,1.41923125,3513.4458748458005,599ca4516b6822e5a21e539f9f322d911067058f7ae33337e8dea3a0392cbab1,419b89c82b76ffa257a17fe33b847fd6db2b041b5c45ce06be6747a94ab47e49,fbc7d6c129eefb46,4c4948e7e3ac4061,48,40960,0.023237355,1.226144444,31.39332685259051,24.055268890361162,10.150604328255838,False,189101,189101,189101,1985.0
oculus_audio_pack/creepy_impacts_reverb_01.wav,oculus_audio_pack,normalized,baseline,rgs,low,189101,44100,189101,44100,1,57636,7,4.288004535147392,107.52973701884179,23.366099998,24.620460001599998,24.87697200112,1.445928571,1.4826885715,1.4879891430999999,2965.571481986707,ff70815016e8c06340c3b09064f5f93892bd3d6758b65a5fb925cde87bf80c4a,4dfb962f475829aeefca20aa88f7d9a1efb2b80392e78b4b73e1ba0f1a647a28,cf4be86639396c4c,84ff99c3da52fd65,48,40960,0.028804598,1.458228572,29.817820564259087,24.065157238394004,10.261761367519094,False,189101,189101,189101,2684.0
oculus_audio_pack/creepy_impacts_reverb_01.wav,oculus_audio_pack,normalized,candidate,rgs,low,189101,44100,189101,44100,1,57636,7,4.288004535147392,107.52973701884179,15.2696,16.6564900003,16.970578000059998,1.232377778,1.30472125,1.3184942499999999,3479.4562281918975,ff70815016e8c06340c3b09064f5f93892bd3d6758b65a5fb925cde87bf80c4a,4dfb962f475829aeefca20aa88f7d9a1efb2b80392e78b4b73e1ba0f1a647a28,cf4be86639396c4c,84ff99c3da52fd65,48,40960,0.022971101,1.208211111,29.817820564259087,24.065157238394004,10.261761367519094,False,189101,189101,189101,2684.0
oculus_audio_pack/creepy_impacts_reverb_01.wav,oculus_audio_pack,normalized,reference,pcm,default,189101,44100,189101,44100,1,378246,7,4.288004535147392,705.682089465418,0.006751687,0.0070623616,0.00711613552,0.007383911,0.008964380699999998,0.00943910334,580722.6732753675,77d82aebe4c04043e83005ac0a9be73c1ce794211fea9054911d60399967856b,77d82aebe4c04043e83005ac0a9be73c1ce794211fea9054911d60399967856b,7d13e97ad6aa2f4c,976d121c2218f0ce,,,,,,60.0,0.0,True,189101,189101,189101,0.0
oculus_audio_pack/creepy_impacts_reverb_01.wav,oculus_audio_pack,normalized,reference,qoa,default,189101,44100,189101,44100,1,76544,7,4.288004535147392,142.80581911253776,4.7701,4.8078133330999995,4.81326933302,0.4255625,0.4379422826,0.43941106532,10076.086438883576,1fc919068af7631019ee4f7a51c151de9b534c50e0ca63789e7bed08490adfe9,544b57e0e28e0b18d2c8cf37ca07e2040e04106ce12b22e2d6ff9edbb9760b41,0422bc01099aec66,af95728b494ccf30,268,40960,0.011983952,,38.3194843055614,29.030242480029937,8.203529163926616,False,189101,189101,189101,1062.0
oculus_audio_pack/creepy_impacts_reverb_01.wav,oculus_audio_pack,normalized,reference,ima,default,189101,44100,189101,44100,1,96316,7,4.288004535147392,179.6938397998953,2.10536,2.173648,2.1749536,1.4804,1.6909935712999997,1.74415871426,2896.5175190133696,f7299d83bb0645bd7baefcc9eceb283ade10964904ff8b41e6dbbff8b11054ee,c5c7833b6f8b63a5e0373ba060afe11029a2f0530cbaf851cc02477e6187e2dc,d27175a670317626,79e607d2b2deabf5,,,,,37.35283744557733,33.52920960509302,7.1646246944775385,False,189101,189101,189101,1903.0
oculus_audio_pack/creepy_impacts_reverb_01.wav,oculus_audio_pack,legacy_import,baseline,rgs,high,205824,48000,189101,44100,1,76548,7,4.288,142.8134328358209,7.263350001,7.44734,7.478108,1.3197625,1.3610175,1.3672335,3249.0694348414963,70f39b9cf838cd7e31574bbfddf80a64b34accf744ebf5ae4bc6db5487afc609,d731ad03ba77e16e4e826f521234e87e1b04f3777e1047fe453ef7031fd1c87a,782edda1548a86ae,ef2da9bdff259748,48,40960,0.026318947,1.3038125,27.230375058445322,23.51015811095208,11.205557122452012,False,189101,189101,189101,4947.0
oculus_audio_pack/creepy_impacts_reverb_01.wav,oculus_audio_pack,legacy_import,baseline,rgs,medium,205824,48000,189101,44100,1,57716,7,4.288,107.67910447761194,19.4344,20.6414000013,20.91476000106,1.3461625,1.35450875,1.35523175,3185.350951315313,9a2ff4f7df863d00ca225223feb6053326d9fd14d6f958aa18f11d8820942b27,5fb9fec43710286fabad04b81a67fcfd2a24bd642a32c417de719112999f3a52,6404adaaed8cc9b7,2b37ffbe9e55f546,48,40960,0.026562865,1.3300625,26.84601165783034,22.766450700735767,11.886238865411693,False,189101,189101,189101,5314.0
oculus_audio_pack/creepy_impacts_reverb_01.wav,oculus_audio_pack,legacy_import,baseline,rgs,low,205824,48000,189101,44100,1,57636,7,4.288,107.52985074626865,20.288399998,21.0020900001,21.07089800082,1.3398125,1.39668625,1.40639725,3200.44782385595,1d34eef74874b3390f83419d57ad93ef485203a606d27dacad94304f8d393f74,a0ba8c7f23ee23fecaf4ca91b53b53799bafad30136fad0ec98e967f08b2807b,4d5ce21f0882380a,037c4ca130ba984f,48,40960,0.02615953,1.315075,26.62576950483116,22.745360895623456,11.9449516285577,False,189101,189101,189101,5314.0
oculus_audio_pack/creepy_scratch_02.wav,oculus_audio_pack,normalized,baseline,rgs,high,92777,44100,92777,44100,1,37580,7,2.1037868480725623,142.90421117302782,7.9364,8.1963099993,8.21978199906,0.781884616,0.8160053845,0.8218410769,2690.6615183647023,9450e7eb4eb641abea114c9da1cdf4d868eb960406f3d4c4980b874c4703479c,5a4e85eedb4d4b8889f1a631ce092310ae7c9a025aeddc32e6ba76c2b1d53978,b2daf35bddff1cd4,b6af7172aac96047,48,40960,0.028237465,0.788823077,32.35338842675479,32.36535253326222,21.75149458356675,False,92777,92777,92777,1050.0
oculus_audio_pack/creepy_scratch_02.wav,oculus_audio_pack,normalized,candidate,rgs,high,92777,44100,92777,44100,1,37580,7,2.1037868480725623,142.90421117302782,7.692950001,7.9375050004,7.9511010008800005,0.670966667,0.6908826667,0.69253386694,3135.4565756283127,9450e7eb4eb641abea114c9da1cdf4d868eb960406f3d4c4980b874c4703479c,5a4e85eedb4d4b8889f1a631ce092310ae7c9a025aeddc32e6ba76c2b1d53978,b2daf35bddff1cd4,b6af7172aac96047,48,40960,0.022666742,0.6659375,32.35338842675479,32.36535253326222,21.75149458356675,False,92777,92777,92777,1050.0
oculus_audio_pack/creepy_scratch_02.wav,oculus_audio_pack,normalized,baseline,rgs,medium,92777,44100,92777,44100,1,29682,7,2.1037868480725623,112.87075029371505,18.3664,18.895330000599998,19.01218600012,0.804269231,0.8253592311,0.82986569262,2615.774378757208,7a21123d4948dd025a22f8c3c5a0f9db4af568341d6f42b5ee9dc1431babac06,833f877366e5caf585535750d4bc0b08326a0925cc50a4fef8ffa3aec916d82f,69145b2ec8c27aba,caba1b3d1658c95b,48,40960,0.030873148,0.802584615,24.95687953247121,24.389158186086267,25.359441226414084,False,92777,92777,92777,2182.0
oculus_audio_pack/creepy_scratch_02.wav,oculus_audio_pack,normalized,candidate,rgs,medium,92777,44100,92777,44100,1,29682,7,2.1037868480725623,112.87075029371505,15.9716,16.2585899993,16.29955799906,0.67994,0.6997873338,0.70107213396,3094.0771951533407,7a21123d4948dd025a22f8c3c5a0f9db4af568341d6f42b5ee9dc1431babac06,833f877366e5caf585535750d4bc0b08326a0925cc50a4fef8ffa3aec916d82f,69145b2ec8c27aba,caba1b3d1658c95b,48,40960,0.023076267,0.674473333,24.95687953247121,24.389158186086267,25.359441226414084,False,92777,92777,92777,2182.0
oculus_audio_pack/creepy_scratch_02.wav,oculus_audio_pack,normalized,baseline,rgs,low,92777,44100,92777,44100,1,28370,7,2.1037868480725623,107.88165170246936,23.893399999,25.088420002699998,25.29880400294,0.764407143,0.9177438635999999,0.94235604552,2752.181042966212,61ce4e429780e1cf44de4eb9fdfecac51f3c3c57bb0de4b4da70dc124e1b9a35,8a679f3e17bcccfd44b00e49669bea58823bc8ec4763b1ca2584eb855c9657c5,cb14f8085ec4e787,ed9998729dd0affe,48,40960,0.030684356,0.781207692,22.59952935308886,23.139545906129246,26.308644077846676,False,92777,92777,92777,3937.0
oculus_audio_pack/creepy_scratch_02.wav,oculus_audio_pack,normalized,candidate,rgs,low,92777,44100,92777,44100,1,28370,7,2.1037868480725623,107.88165170246936,16.154899999,16.8101000003,16.827140000059998,0.6529875,0.682422667,0.6876258670000001,3221.7873206953614,61ce4e429780e1cf44de4eb9fdfecac51f3c3c57bb0de4b4da70dc124e1b9a35,8a679f3e17bcccfd44b00e49669bea58823bc8ec4763b1ca2584eb855c9657c5,cb14f8085ec4e787,ed9998729dd0affe,48,40960,0.023180324,0.6553375,22.59952935308886,23.139545906129246,26.308644077846676,False,92777,92777,92777,3937.0
oculus_audio_pack/creepy_scratch_02.wav,oculus_audio_pack,normalized,reference,pcm,default,92777,44100,92777,44100,1,185598,7,2.1037868480725623,705.767317330804,0.003743525,0.003854967,0.003875751,0.004457487,0.004894284499999999,0.005017261699999999,471967.01820388087,ab05af4ad1e80d1985b753894dbe90cd996dd42b75747517cd250a4174bdbe1a,ab05af4ad1e80d1985b753894dbe90cd996dd42b75747517cd250a4174bdbe1a,66ce9e295bfc5038,7382c5ca7bd350ce,,,,,,60.0,0.0,True,92777,92777,92777,0.0
oculus_audio_pack/creepy_scratch_02.wav,oculus_audio_pack,normalized,reference,qoa,default,92777,44100,92777,44100,1,37576,7,2.1037868480725623,142.8890005065911,4.773066667,4.8739266664,4.90755866608,0.217491304,0.2278763638,0.22795709116,9672.96995043334,798159b65d73d8772edf66756f9605e99e5acdcd92eb126cdfa70b94ce5c2df3,5a4e85eedb4d4b8889f1a631ce092310ae7c9a025aeddc32e6ba76c2b1d53978,61a809ffc56202b2,b6af7172aac96047,268,40960,0.012264583,,32.35338842675479,32.36535253326222,21.75149458356675,False,92777,92777,92777,1050.0
oculus_audio_pack/creepy_scratch_02.wav,oculus_audio_pack,normalized,reference,ima,default,92777,44100,92777,44100,1,47164,7,2.1037868480725623,179.34896795542,1.03417,1.045684,1.0469128,0.714471429,0.7250299997,0.72618885674,2944.5360061732604,86755808120b725fbb91217099aff7615cb968d22747ae7db229936e69c653a4,79ca8bb9006c78816db892d1ffb883762c99dcbd8897e67bada1c943b041d2e4,37350273959f0ac0,fa13959b57be2d89,,,,,29.72916886276223,30.413969473102846,22.825736173623078,False,92777,92777,92777,3425.0
oculus_audio_pack/creepy_scratch_02.wav,oculus_audio_pack,legacy_import,baseline,rgs,high,100982,48000,92778,44100,1,37580,7,2.1037916666666665,142.90388386049,6.5659,6.6882349996,6.72148699912,0.717971428,0.724205714,0.725069714,2930.188562693983,f7629665b296c0a75bb7d9d82f96d420b9a141527399d716f89ce9d35eb94993,4fb588aca227e9a6593256ceb59da8b9fd9fd72ea7a0ce1984ee8f7e9d2bab59,fcc5394771d7c098,51fb057b045eccd5,48,40960,0.027497253,0.730328572,20.104542845504227,20.950479566901798,20.078723916654617,False,92777,92777,92778,3804.0
oculus_audio_pack/creepy_scratch_02.wav,oculus_audio_pack,legacy_import,baseline,rgs,medium,100982,48000,92778,44100,1,28684,7,2.1037916666666665,109.07543918718189,18.851099998,19.059370000599998,19.06731400012,0.747328571,0.802066154,0.807490154,2815.0826133297483,e2348f355e94a886c497cda4abad42ffcd821811af45349b11673ffbcbff1c1f,d1ef55729c8afff979ff20775ae4687fa8a01a8468ab8f4e786ecc3e9e79adbe,3c7fb0b8e4db5985,dac137764dfbe727,48,40960,0.028256497,0.760207143,19.533672215799513,20.275031885895554,24.107681019839703,False,92777,92777,92778,4102.0
oculus_audio_pack/creepy_scratch_02.wav,oculus_audio_pack,legacy_import,baseline,rgs,low,100982,48000,92778,44100,1,28302,7,2.1037916666666665,107.62282386960052,22.574900001,22.863209999,22.882961999,0.744485714,0.7581328569,0.75869514258,2825.832151114543,1026e304c262879f975636c8cf213bdfe29ef87ac0fe0ef20ce5cc863501aaac,8cd878f6c910e160c2986a113f16535dea8d34ccca8c58093e64df4f425dd584,41258cd443b073b8,d30fda61d899fa0f,48,40960,0.028718052,0.765092857,19.530676598924586,20.29190999207514,24.017185018941124,False,92777,92777,92778,3818.0
oculus_audio_pack/creepy_skull_cracking_02.wav,oculus_audio_pack,normalized,baseline,rgs,high,84349,44100,84349,44100,1,34164,7,1.9126757369614513,142.89510486194266,3.406633332,3.4617800001,3.46411600002,0.688073333,0.703119333,0.705946533,2779.755652820005,6a8c0795601db2ffd4bfe8b201727f066f717e2e8d2474bc5585d222d598f5af,93ec224cbc27cecb96abab966e8f73357f62f9c4614ba015bc2d9c650f9f1921,f3293722328803bb,9f68bf82666a09ed,48,40960,0.033856419,0.714835714,26.135519050847357,15.972568889977161,9.764680680098403,False,84349,84349,84349,2063.0
oculus_audio_pack/creepy_skull_cracking_02.wav,oculus_audio_pack,normalized,candidate,rgs,high,84349,44100,84349,44100,1,34164,7,1.9126757369614513,142.89510486194266,3.364133333,3.4629200007,3.46978400094,0.594211765,0.6062335296,0.60905847072,3218.8452831482587,6a8c0795601db2ffd4bfe8b201727f066f717e2e8d2474bc5585d222d598f5af,93ec224cbc27cecb96abab966e8f73357f62f9c4614ba015bc2d9c650f9f1921,f3293722328803bb,9f68bf82666a09ed,48,40960,0.02346089,0.606576471,26.135519050847357,15.972568889977161,9.764680680098403,False,84349,84349,84349,2063.0
oculus_audio_pack/creepy_skull_cracking_02.wav,oculus_audio_pack,normalized,baseline,rgs,medium,84349,44100,84349,44100,1,26016,7,1.9126757369614513,108.81509917130019,9.645849999,9.6930999997,9.707979999940001,0.753635714,0.7624649997,0.76351585674,2537.9313923562963,4c779291fbe290929a44a2d14776cacbc0a15f6719a64cde0d12a9f32b0ae8f2,bdb46e16405d38dd978c80f4267f5589d827255f205cc06e3606bf119633e0f8,dc53e7f06592447b,6db6bff8646c8da0,48,40960,0.03298125,0.761121428,22.109227136160946,10.569228274551268,12.299678636809377,False,84349,84349,84349,2914.0
oculus_audio_pack/creepy_skull_cracking_02.wav,oculus_audio_pack,normalized,candidate,rgs,medium,84349,44100,84349,44100,1,26016,7,1.9126757369614513,108.81509917130019,7.3391,7.406820000300001,7.40900400006,0.6576,0.6764146669,0.67860026698,2908.570159612913,4c779291fbe290929a44a2d14776cacbc0a15f6719a64cde0d12a9f32b0ae8f2,bdb46e16405d38dd978c80f4267f5589d827255f205cc06e3606bf119633e0f8,dc53e7f06592447b,6db6bff8646c8da0,48,40960,0.023624764,0.65276875,22.109227136160946,10.569228274551268,12.299678636809377,False,84349,84349,84349,2914.0
oculus_audio_pack/creepy_skull_cracking_02.wav,oculus_audio_pack,normalized,baseline,rgs,low,84349,44100,84349,44100,1,25852,7,1.9126757369614513,108.1291491303987,9.9384,10.093504999899999,10.106140999179999,0.748664286,0.7710064837,0.77485360474,2554.7842640933072,61a3fcb0cb42eef1c4a26aa2c570fa02c7aeb1511a07963824796715fb35f578,67f2ef92bca7acb1acf9209c24c65b56b8a235e9bdb58c81c6604c3e42b57182,f390731dd938b4a4,d131b77cb72ebd39,48,40960,0.034368836,0.75855,18.72167315375233,10.264262003404989,12.449762445754162,False,84349,84349,84349,7409.0
oculus_audio_pack/creepy_skull_cracking_02.wav,oculus_audio_pack,normalized,candidate,rgs,low,84349,44100,84349,44100,1,25852,7,1.9126757369614513,108.1291491303987,7.41935,7.5566499997,7.57416999994,0.65890625,0.6748639999999999,0.6755167999999999,2902.804058940784,61a3fcb0cb42eef1c4a26aa2c570fa02c7aeb1511a07963824796715fb35f578,67f2ef92bca7acb1acf9209c24c65b56b8a235e9bdb58c81c6604c3e42b57182,f390731dd938b4a4,d131b77cb72ebd39,48,40960,0.023531529,0.650925,18.72167315375233,10.264262003404989,12.449762445754162,False,84349,84349,84349,7409.0
oculus_audio_pack/creepy_skull_cracking_02.wav,oculus_audio_pack,normalized,reference,pcm,default,84349,44100,84349,44100,1,168742,7,1.9126757369614513,705.7840353768272,0.003398437,0.0035165998,0.0035483839599999996,0.00391185,0.0039908753,0.00399951986,488944.03848855436,2394f34fe6a70417a7fe07ed773e54b4d0ee5c9c988e3cb62eb366b4b945a2c4,2394f34fe6a70417a7fe07ed773e54b4d0ee5c9c988e3cb62eb366b4b945a2c4,822759da9965cd07,19710e0a29a4362e,,,,,,60.0,0.0,True,84349,84349,84349,0.0
oculus_audio_pack/creepy_skull_cracking_02.wav,oculus_audio_pack,normalized,reference,qoa,default,84349,44100,84349,44100,1,34160,7,1.9126757369614513,142.87837437314016,2.13648,2.1625640003,2.16441680006,0.199782353,0.2176348892,0.22299542263999997,9573.797226031527,2abae530d64c19ef475cf48b11d43de628d4fa784bd6ffc57fa6354dec273031,93ec224cbc27cecb96abab966e8f73357f62f9c4614ba015bc2d9c650f9f1921,a737fffc4e7ec341,9f68bf82666a09ed,268,40960,0.012464882,,26.135519050847357,15.972568889977161,9.764680680098403,False,84349,84349,84349,2063.0
oculus_audio_pack/creepy_skull_cracking_02.wav,oculus_audio_pack,normalized,reference,ima,default,84349,44100,84349,44100,1,43068,7,1.9126757369614513,180.13717293625294,0.839833333,0.8596541669,0.86500416698,0.58715,0.5968617648,0.59847823536,3257.558949095549,b96b6d0852676050382bbd5bf6938e65767676769cf8bc62687b928d7d7ea37c,d335581c717f7a199e6b3740474203d461ef076931b31f84c19bfa1e0478e75e,9cca3ddf4bc54a2b,7887316204b829f8,,,,,22.451473139935022,16.66534730226311,10.5114571470454,False,84349,84349,84349,11544.0
oculus_audio_pack/creepy_skull_cracking_02.wav,oculus_audio_pack,legacy_import,baseline,rgs,high,91808,48000,84349,44100,1,34164,7,1.9126666666666667,142.89578250261414,3.757600001,3.7893466665,3.7920026661,0.609347059,0.6249586396,0.62545672792,3138.878966291469,84fdf3e18ee10be7ddffc3d2feb19c0f84ad8d96505f10a64051a2b819909c1c,b029d40a8da7e3129daf396602feb5d990d0907f177cc747e9705ac9f8c46e61,76821360e30e3aea,128d80854479069b,48,40960,0.027872145,0.63614375,11.556477784455662,5.484844900461028,11.353792527946023,False,84349,84349,84349,11856.0
oculus_audio_pack/creepy_skull_cracking_02.wav,oculus_audio_pack,legacy_import,baseline,rgs,medium,91808,48000,84349,44100,1,25924,7,1.9126666666666667,108.43081212966189,8.834199999,8.897925,8.909265000000001,0.64810625,0.649811875,0.650257375,2951.162200127937,58cf328dacdff2c585a3a0f24f267f28648a9fd12091fa217137a2b092d1d019,696bda16fa4f1aba475f2d21dd051dca2e7eb1eec40d9835ff1c8f62778052ed,c140301dcba02620,0b314575a01ffdf0,48,40960,0.029471765,0.65091875,11.425562089305796,5.401166377756167,12.677641745198335,False,84349,84349,84349,13186.0
oculus_audio_pack/creepy_skull_cracking_02.wav,oculus_audio_pack,legacy_import,baseline,rgs,low,91808,48000,84349,44100,1,25800,7,1.9126666666666667,107.91216451725339,9.455149999,9.8963999993,10.004399999059999,0.6404375,0.65268375,0.65276175,2986.5001138544617,c387567cd241ebd2969c0d2457f2ddf0505f5e15991c17f1b01b574e6b367aab,4f94e121deeac13050efef2d7ecf969f3ee9bf458c452cec58c2ac249d87f053,bb87e45e95d0bb32,7e82fde303e4585f,48,40960,0.03033303,0.6443625,11.214612919803207,5.414207942893783,12.96355037072046,False,84349,84349,84349,11881.0
oculus_audio_pack/creepy_whispers_01.wav,oculus_audio_pack,normalized,baseline,rgs,high,237088,44100,237088,44100,1,95980,7,5.376145124716554,142.82352544202996,15.799399998,16.0868099986,16.16320199812,1.98045,1.9936916669,1.99451166698,2714.607854132421,fd0f39c45abbeec5eadc307d1ff1720cb72bcc2e00621a198336d9435eee7e91,4be219d24dc66f1b8ae1f366f64374636c96a8fa05cdd056bca8ec7b3662fb57,c2deae7b797d0c37,3de295b9d35f09d2,48,40960,0.030011377,1.9709,32.280667460212904,33.20548473677178,10.392519892129807,False,237088,237088,237088,1698.0
oculus_audio_pack/creepy_whispers_01.wav,oculus_audio_pack,normalized,candidate,rgs,high,237088,44100,237088,44100,1,95980,7,5.376145124716554,142.82352544202996,15.218600001,15.417270001,15.418014001000001,1.688866667,1.7113900001,1.7117580000200001,3183.285708555318,fd0f39c45abbeec5eadc307d1ff1720cb72bcc2e00621a198336d9435eee7e91,4be219d24dc66f1b8ae1f366f64374636c96a8fa05cdd056bca8ec7b3662fb57,c2deae7b797d0c37,3de295b9d35f09d2,48,40960,0.022884247,1.681066667,32.280667460212904,33.20548473677178,10.392519892129807,False,237088,237088,237088,1698.0
oculus_audio_pack/creepy_whispers_01.wav,oculus_audio_pack,normalized,baseline,rgs,medium,237088,44100,237088,44100,1,73944,7,5.376145124716554,110.03274396004858,41.5167,44.412500001,45.256820000999994,2.03048,2.505153999999999,2.6420067999999994,2647.721289900198,cce21ae6e51bbcfd774484e45750992ae430635f7cd4e89cab4d33c954f29417,08269db0e0a650115cefc5925d0f24d89af60d6d4cd80b791da5df174b315db2,faec4afa0a56dbcf,565415be279d8b45,48,40960,0.030156024,2.0557,25.851874370251608,26.252012306915034,13.040467427000372,False,237088,237088,237088,2260.0
oculus_audio_pack/creepy_whispers_01.wav,oculus_audio_pack,normalized,candidate,rgs,medium,237088,44100,237088,44100,1,73944,7,5.376145124716554,110.03274396004858,32.485099997,40.77424000039999,42.611248000879996,1.770816666,2.1815479999999994,2.3050615999999997,3035.969351282666,cce21ae6e51bbcfd774484e45750992ae430635f7cd4e89cab4d33c954f29417,08269db0e0a650115cefc5925d0f24d89af60d6d4cd80b791da5df174b315db2,faec4afa0a56dbcf,565415be279d8b45,48,40960,0.023132333,1.746616667,25.851874370251608,26.252012306915034,13.040467427000372,False,237088,237088,237088,2260.0
oculus_audio_pack/creepy_whispers_01.wav,oculus_audio_pack,normalized,baseline,rgs,low,237088,44100,237088,44100,1,72418,7,5.376145124716554,107.7619719260359,48.293099999,48.9759400015,49.0815880027,2.00686,2.1233,2.1557,2678.883990271645,6c5950d72b3fc3b6c4b965a805de8e757516d5d2c35071b41e8aab9c14e89a45,cc99efc8300a871de319d13bbd21da1d80d0de6acaf2e8f75820dcb91fdd78dc,a35f52d67f502c79,61633911f5f411d7,48,40960,0.029915224,2.0243,23.522237084944496,25.786720645682276,13.315272922370697,False,237088,237088,237088,4166.0
oculus_audio_pack/creepy_whispers_01.wav,oculus_audio_pack,normalized,candidate,rgs,low,237088,44100,237088,44100,1,72418,7,5.376145124716554,107.7619719260359,32.802700002,32.987370002,33.014994002,1.732133333,2.0385429999999998,2.1383805999999996,3103.770952438887,6c5950d72b3fc3b6c4b965a805de8e757516d5d2c35071b41e8aab9c14e89a45,cc99efc8300a871de319d13bbd21da1d80d0de6acaf2e8f75820dcb91fdd78dc,a35f52d67f502c79,61633911f5f411d7,48,40960,0.023007586,1.731633333,23.522237084944496,25.786720645682276,13.315272922370697,False,237088,237088,237088,4166.0
oculus_audio_pack/creepy_whispers_01.wav,oculus_audio_pack,normalized,reference,pcm,default,237088,44100,237088,44100,1,474220,7,5.376145124716554,705.665474422999,0.008591409,0.009170096,0.009312524,0.009212431,0.014903629999999994,0.016822386799999995,583575.076406711,d189759186d214699e39dcc3f5b2079bfbdaced32770dd0eb1a1422637305ed2,d189759186d214699e39dcc3f5b2079bfbdaced32770dd0eb1a1422637305ed2,b8cabab1ed5aaa6d,645db9e26e471687,,,,,,60.0,0.0,True,237088,237088,237088,0.0
oculus_audio_pack/creepy_whispers_01.wav,oculus_audio_pack,normalized,reference,qoa,default,237088,44100,237088,44100,1,95976,7,5.376145124716554,142.8175732217573,9.27455,9.4494199993,9.457723999059999,0.571305556,0.5813172223999999,0.58202788928,9410.279785055256,cac0628b5a359fba59867579b91e4f15bb78c277fc7ee789cb5d66dd375e299a,4be219d24dc66f1b8ae1f366f64374636c96a8fa05cdd056bca8ec7b3662fb57,1eb7146d7e8f08ec,3de295b9d35f09d2,268,40960,0.012308979,,32.280667460212904,33.20548473677178,10.392519892129807,False,237088,237088,237088,1698.0
oculus_audio_pack/creepy_whispers_01.wav,oculus_audio_pack,normalized,reference,ima,default,237088,44100,237088,44100,1,118844,7,5.376145124716554,176.8464165204481,2.607775,2.7834999999999996,2.8369,1.853583333,1.922853333,1.941117333,2900.406487802916,2231c8ef19e3a3eedc84586aaccfa08f4915c21457015573fd89e6d41501b4c6,a5b9e19b2a1ff5250465fb782a46367ec53808deb6945afe25e55987a089d37e,94cc42d90b739941,02ad62190c1d4e2a,,,,,28.020973738027347,30.53985057358026,12.169956566091498,False,237088,237088,237088,5975.0
oculus_audio_pack/creepy_whispers_01.wav,oculus_audio_pack,legacy_import,baseline,rgs,high,258055,48000,237089,44100,1,95980,7,5.376145833333333,142.8235066168065,20.043200001,21.1529500013,21.42235000106,1.856983333,2.150498,2.2393316,2895.0964382906136,ef43332a24f7d86b3e1a413db6fa6135ed72013691079852067404c392aceae2,175002f2ea233dbe7ff8a93352ea5f091b34cc40e2ba1526c42da05281ef0724,b4efba3c9fd12581,25020f1ddd97e721,48,40960,0.026966577,1.898283333,16.061799121436525,22.161841888481398,11.250362427346136,False,237088,237088,237089,13028.0
oculus_audio_pack/creepy_whispers_01.wav,oculus_audio_pack,legacy_import,baseline,rgs,medium,258055,48000,237089,44100,1,72688,7,5.376145833333333,108.16373253763733,40.437399998,40.796209999400006,40.830361999880004,1.96855,2.0027033331,2.00760733302,2731.0181775079795,69e567e4deb011b68d4d4fda16a35d2e0f854876405a11eb502fea453fc67fa7,31e4c748baf6755594da12406461c83eb57fd6efcc978bd2c1c27680be9fe7c5,74fb80a3bb0499c9,03c1de1b62a45650,48,40960,0.028864553,2.00248,15.883669968394948,21.673051264043394,12.461746940932434,False,237088,237088,237089,13083.0
oculus_audio_pack/creepy_whispers_01.wav,oculus_audio_pack,legacy_import,baseline,rgs,low,258055,48000,237089,44100,1,72270,7,5.376145833333333,107.54172560113155,44.368299998,44.8728900017,44.92609800194,1.96795,2.029888,2.0366656,2731.850826155813,38459914532ff04db122536c416563a359c8c2837f00cced2d53b02de7e3f63a,ab502a5bc0c5d024db8513f6f7055d32f0cde2816cfa7eca1ad012fdd13e54cd,bf05904b182972de,84530d0de9674914,48,40960,0.028502849,1.990166667,15.875651564973829,21.686888222410328,12.443666773324718,False,237088,237088,237089,12772.0
oculus_audio_pack/door_lock_key_03.wav,oculus_audio_pack,normalized,baseline,rgs,high,88906,44100,88906,44100,1,36012,7,2.0160090702947846,142.90411895710076,5.0931,5.281225,5.3052850000000005,0.735657143,0.7454464282,0.74615785684,2740.4193508861026,7fad6773c3db4bbca9d01f02703a9ab1305d96e4904211446814aee009c21a51,23542373dda41ea2702b1129b6c8847f54b6b02312f4c84eb3dc1d184e34bc0a,7b099a3ca311befe,974d328e079c2678,48,40960,0.026596011,0.746464286,15.502448164336005,22.423636044663244,7.776475342254441,False,88906,88906,88906,17919.0
oculus_audio_pack/door_lock_key_03.wav,oculus_audio_pack,normalized,candidate,rgs,high,88906,44100,88906,44100,1,36012,7,2.0160090702947846,142.90411895710076,5.067699999,5.1279349997,5.13070699994,0.622905882,0.6275999999999999,0.6276299999999999,3236.458554255207,7fad6773c3db4bbca9d01f02703a9ab1305d96e4904211446814aee009c21a51,23542373dda41ea2702b1129b6c8847f54b6b02312f4c84eb3dc1d184e34bc0a,7b099a3ca311befe,974d328e079c2678,48,40960,0.023242227,0.62524375,15.502448164336005,22.423636044663244,7.776475342254441,False,88906,88906,88906,17919.0
oculus_audio_pack/door_lock_key_03.wav,oculus_audio_pack,normalized,baseline,rgs,medium,88906,44100,88906,44100,1,27800,7,2.0160090702947846,110.31696398443299,12.7152,12.8476099986,12.85128199812,0.7562,0.7606249997,0.76078785674,2665.9733804480093,05772e08b63fa54e6b54fd55a252714bb34aeb83efa7e146ec8191e864ad4a1f,1cca945e6a2bda293b07e035e806a23d8c6f30ae87aad9d5c72dac67f382268b,ceb41ab1d9c31a77,af4dfcc2ed4fd58c,48,40960,0.027129268,0.745142857,13.587470609395389,17.215606994646485,9.140359307535872,False,88906,88906,88906,17418.0
oculus_audio_pack/door_lock_key_03.wav,oculus_audio_pack,normalized,candidate,rgs,medium,88906,44100,88906,44100,1,27800,7,2.0160090702947846,110.31696398443299,11.118299998,11.2217199986,11.233143998120001,0.63839375,0.644255625,0.644971125,3157.9398612451714,05772e08b63fa54e6b54fd55a252714bb34aeb83efa7e146ec8191e864ad4a1f,1cca945e6a2bda293b07e035e806a23d8c6f30ae87aad9d5c72dac67f382268b,ceb41ab1d9c31a77,af4dfcc2ed4fd58c,48,40960,0.023536235,0.62545625,13.587470609395389,17.215606994646485,9.140359307535872,False,88906,88906,88906,17418.0
oculus_audio_pack/door_lock_key_03.wav,oculus_audio_pack,normalized,baseline,rgs,low,88906,44100,88906,44100,1,27348,7,2.0160090702947846,108.52332126065733,14.571899999,14.878189998,14.933797998,0.7472,0.7718828573,0.7773480002600001,2698.084944184669,af1f7a8a7d900c9406d413829802f3d75476e71562a0bf2953e36f81492ffb5a,6bbb63ae82814b8be484e4d18cc56227a8f5693d32b97011337729c27069671c,3e257fd888f016ea,5805767d611d36f3,48,40960,0.02730436,0.747078571,11.077135882822214,16.65877486379739,9.288145392267127,False,88906,88906,88906,21990.0
oculus_audio_pack/door_lock_key_03.wav,oculus_audio_pack,normalized,candidate,rgs,low,88906,44100,88906,44100,1,27348,7,2.0160090702947846,108.52332126065733,11.155700002,11.266879998299999,11.271775998059999,0.64204375,0.6464475,0.6471645,3139.9870652035543,af1f7a8a7d900c9406d413829802f3d75476e71562a0bf2953e36f81492ffb5a,6bbb63ae82814b8be484e4d18cc56227a8f5693d32b97011337729c27069671c,3e257fd888f016ea,5805767d611d36f3,48,40960,0.022958257,0.6272125,11.077135882822214,16.65877486379739,9.288145392267127,False,88906,88906,88906,21990.0
oculus_audio_pack/door_lock_key_03.wav,oculus_audio_pack,normalized,reference,pcm,default,88906,44100,88906,44100,1,177856,7,2.0160090702947846,705.7746023890401,0.00356939,0.0036309627,0.00363146454,0.004046238,0.004130022,0.004138866,498242.8295851071,7e80097801b96d1fefe784044ab09f3d6759208b27adb5d915a4de32680ef419,7e80097801b96d1fefe784044ab09f3d6759208b27adb5d915a4de32680ef419,fd04e914f7b87524,0ca0fee4b2b8f28a,,,,,,60.0,0.0,True,88906,88906,88906,0.0
oculus_audio_pack/door_lock_key_03.wav,oculus_audio_pack,normalized,reference,qoa,default,88906,44100,88906,44100,1,36008,7,2.0160090702947846,142.88824601264258,3.157225,4.0431324996999995,4.31462649994,0.206265306,0.21305680859999998,0.21496200012,9773.86410439177,e65367868bb2158bf582cc3feb502060d48cb032d220ce2bd45935f68a7a2597,23542373dda41ea2702b1129b6c8847f54b6b02312f4c84eb3dc1d184e34bc0a,3611857023515e39,974d328e079c2678,268,40960,0.012408178,,15.502448164336005,22.423636044663244,7.776475342254441,False,88906,88906,88906,17919.0
oculus_audio_pack/door_lock_key_03.wav,oculus_audio_pack,normalized,reference,ima,default,88906,44100,88906,44100,1,45116,7,2.0160090702947846,179.0309405439453,1.00664,1.029754,1.0335028,0.68396,0.699578667,0.702545067,2947.5540532995856,c5919e4fd18bf78bfda73ce3fdf52f87467759b9aa60b5e31151525b35bc0289,1483d5bc6aa551d5e42e74bb01d2c78cef2d9b9b157d3ddb0c74b3ca0bcb9fc6,efca3d607392b8a9,e93e1c23dd018ae0,,,,,16.16030066194309,24.714722609919896,7.296222649626864,False,88906,88906,88906,16842.0
oculus_audio_pack/door_lock_key_03.wav,oculus_audio_pack,legacy_import,baseline,rgs,high,96768,48000,88906,44100,1,36012,7,2.016,142.9047619047619,4.4637,4.55805,4.56417,0.67586,0.6800966669,0.6801366669800001,2982.8662740804307,823f7b02a064e8223e7b5435c31a2be05276cda860bd9af5160189e40a9b5d87,1392dbdec52bb5ba8356dc51dc4a49cb1e49ab42b4d7e2cf83e2f80abfbca6b3,29301f2e81fba40b,e892193ad51bbab6,48,40960,0.026705867,0.687613334,5.1371776297499405,13.463349962341486,14.632390627585986,False,88906,88906,88906,23268.0
oculus_audio_pack/door_lock_key_03.wav,oculus_audio_pack,legacy_import,baseline,rgs,medium,96768,48000,88906,44100,1,27342,7,2.016,108.5,11.606400002,23.554130001999987,27.59594600199999,0.724971429,0.7509364288,0.75629014336,2780.7992416760467,a736ece15ee9f00fadbf8c3365b3d2b3bc328a1350b066bb97992cd2e0000bb3,2d4d23d68f895c8ae20522935d9678f0608ca0699324301074f3200be4b726f3,e4b27b6e03ad566e,9655fcd13b0d0593,48,40960,0.026926344,0.71825,5.030769919067125,13.01910473973889,12.98800433359568,False,88906,88906,88906,22929.0
oculus_audio_pack/door_lock_key_03.wav,oculus_audio_pack,legacy_import,baseline,rgs,low,96768,48000,88906,44100,1,27120,7,2.016,107.61904761904762,13.3858,13.7205400009,13.78778800018,0.704553333,0.713955,0.714831,2861.387357882246,c13cda8d95b919af61ae02c775960ace2b10e29373cbcaf22d0ee69c3896f270,2ce0e56fed52979d7b2162670367351bd46c82ef6b28078bb3309779b17c957a,cb0964f1641cd4c0,c14eafe3a3decf99,48,40960,0.026471693,0.713486667,4.999417747916105,12.980840560981928,12.747848277678342,False,88906,88906,88906,23684.0
oculus_audio_pack/doors_frontdoor_open_01.wav,oculus_audio_pack,normalized,baseline,rgs,high,26057,44100,26057,44100,1,10580,7,0.5908616780045352,143.2484169321104,1.6325,1.6808333331,1.69387333302,0.197927451,0.2035895998,0.20446649115999999,2985.2437093454773,02874326286bd22ccb3405c061e9289010f19553bd36f50caae5f128a0a0373f,82620f51935f2608204414e5b41c061ecc1579ee43d7970a801323283299e288,e8840ce95388903c,303a634fd2cb5b11,48,40960,0.027513462,0.2219,20.779064547261108,24.513438017438997,8.064065313813668,False,26057,26057,26057,8175.0
oculus_audio_pack/doors_frontdoor_open_01.wav,oculus_audio_pack,normalized,candidate,rgs,high,26057,44100,26057,44100,1,10580,7,0.5908616780045352,143.2484169321104,1.5995,1.6555840475999999,1.6695034759199998,0.172040678,0.1744691379,0.17466486198,3434.4300712680006,02874326286bd22ccb3405c061e9289010f19553bd36f50caae5f128a0a0373f,82620f51935f2608204414e5b41c061ecc1579ee43d7970a801323283299e288,e8840ce95388903c,303a634fd2cb5b11,48,40960,0.023308605,0.175947368,20.779064547261108,24.513438017438997,8.064065313813668,False,26057,26057,26057,8175.0
oculus_audio_pack/doors_frontdoor_open_01.wav,oculus_audio_pack,normalized,baseline,rgs,medium,26057,44100,26057,44100,1,8202,7,0.5908616780045352,111.05137199217101,3.861966667,3.9343933337,3.95234533394,0.2026,0.2036846,0.20380892,2916.395251749927,2cf062311fdec35fafebccc1797c60109167756f92e7d108c7f46486c385956f,a25cf9c4f4bb2ad8339678e841170487d2f1280b252a3159b3d84f960d37d4a4,52df549e420fcb15,788b9ac47eba1a12,48,40960,0.027916435,0.22136087,17.710009737323652,19.18345119907133,9.42036781775177,False,26057,26057,26057,8936.0
oculus_audio_pack/doors_frontdoor_open_01.wav,oculus_audio_pack,normalized,candidate,rgs,medium,26057,44100,26057,44100,1,8202,7,0.5908616780045352,111.05137199217101,3.617366667,3.6639499993999998,3.6672699990799997,0.170644068,0.1736522415,0.1739207931,3462.5386333648303,2cf062311fdec35fafebccc1797c60109167756f92e7d108c7f46486c385956f,a25cf9c4f4bb2ad8339678e841170487d2f1280b252a3159b3d84f960d37d4a4,52df549e420fcb15,788b9ac47eba1a12,48,40960,0.024421463,0.171649153,17.710009737323652,19.18345119907133,9.42036781775177,False,26057,26057,26057,8936.0
oculus_audio_pack/doors_frontdoor_open_01.wav,oculus_audio_pack,normalized,baseline,rgs,low,26057,44100,26057,44100,1,8084,7,0.5908616780045352,109.45370533829681,4.198933333,4.3008000009,4.30744000098,0.200778,0.2053386002,0.20611914884000002,2942.8606620473115,374f48d9a231ddf81789bb9ef4aa8d93b207fa21f58e3d94b35bdb6d892aa071,6df15782d6bd230f3b5c3d0acab6184884733d264f57710f20f6beb383bbac61,5b3922545474b41b,ba910a891f12896a,48,40960,0.027360656,0.221252174,15.987892287325316,18.509087744645033,9.518252124270635,False,26057,26057,26057,7281.0
oculus_audio_pack/doors_frontdoor_open_01.wav,oculus_audio_pack,normalized,candidate,rgs,low,26057,44100,26057,44100,1,8084,7,0.5908616780045352,109.45370533829681,3.577966666,3.7330200003,3.76292400006,0.169158333,0.1706305083,0.17077694886,3492.950465553093,374f48d9a231ddf81789bb9ef4aa8d93b207fa21f58e3d94b35bdb6d892aa071,6df15782d6bd230f3b5c3d0acab6184884733d264f57710f20f6beb383bbac61,5b3922545474b41b,ba910a891f12896a,48,40960,0.023696919,0.170923729,15.987892287325316,18.509087744645033,9.518252124270635,False,26057,26057,26057,7281.0
oculus_audio_pack/doors_frontdoor_open_01.wav,oculus_audio_pack,normalized,reference,pcm,default,26057,44100,26057,44100,1,52158,7,0.5908616780045352,706.1957401082243,0.001438358,0.0014596832,0.00146045984,0.001997543,0.0020349851,0.00204469622,295794.2222042455,1dd1144f6052c1e59c0d3afecd4907b54802daf837563b8e823f2fa3d3a217ea,1dd1144f6052c1e59c0d3afecd4907b54802daf837563b8e823f2fa3d3a217ea,42013db20b84577a,33e11379b71fbe84,,,,,,60.0,0.0,True,26057,26057,26057,0.0
oculus_audio_pack/doors_frontdoor_open_01.wav,oculus_audio_pack,normalized,reference,qoa,default,26057,44100,26057,44100,1,10576,7,0.5908616780045352,143.19425874045362,0.990554545,1.029474,1.0349748,0.060655758,0.0627206147,0.06289783334,9741.22981044166,5469197e48777208a23135738ea0afa3c1f734a1dd1f32e2065422847eca629a,82620f51935f2608204414e5b41c061ecc1579ee43d7970a801323283299e288,cbd04df9f5559b20,303a634fd2cb5b11,268,40960,0.012347778,,20.779064547261108,24.513438017438997,8.064065313813668,False,26057,26057,26057,8175.0
oculus_audio_pack/doors_frontdoor_open_01.wav,oculus_audio_pack,normalized,reference,ima,default,26057,44100,26057,44100,1,14396,7,0.5908616780045352,194.91533177265225,0.299911765,0.3132476421,0.31641202842,0.205328571,0.2076024494,0.20811967388,2877.6398487891643,fc664b991a27b2ab887d574b48375e9a7b8ef1d4ffce4ad4efeffbb25998a45c,c14f0fdc39aa3f8b3557bf76e798ee36e78d14908ca7c7f0091d8e5262328128,7161c70005ba32ed,3643fec6eee57219,,,,,18.50168211415596,25.476345442012203,8.035975120129507,False,26057,26057,26057,14724.0
oculus_audio_pack/doors_frontdoor_open_01.wav,oculus_audio_pack,legacy_import,baseline,rgs,high,28361,48000,26057,44100,1,10580,7,0.5908541666666667,143.2502380028913,1.448657143,1.4757314284,1.48346628568,0.180155357,0.18312690909999998,0.18334683622,3279.6924638031533,9c533280035d44b9c3df4638929968a2311256bf10ca8190959e7c074b553776,4953166c0c19acd4882b1de5ae0a28739ce59326492a80e4ff18447782d03949,e2275458590dcd7c,e716468102f08ba5,48,40960,0.026156658,0.199743137,9.251053680311022,14.439724760218773,14.133235339556347,False,26057,26057,26057,13973.0
oculus_audio_pack/doors_frontdoor_open_01.wav,oculus_audio_pack,legacy_import,baseline,rgs,medium,28361,48000,26057,44100,1,8084,7,0.5908541666666667,109.45509678784245,3.4227,3.5105999993,3.5156399990600002,0.188646296,0.19255342849999998,0.19311837769999998,3132.0740411816337,ee110a5ececa8f37305f989f3096bd94c77627a077b5a62f4b053dbc3674ce2f,ff0a53bbb995cd4e0dcdaeb4c2ddfdbd80561bbef9e9f9b68e5a90dcc2294fce,6f507f89b51cfc53,134ce34d112a32c9,48,40960,0.027441096,0.211183333,9.236029435796638,14.048304870101651,12.323757620362763,False,26057,26057,26057,13614.0
oculus_audio_pack/doors_frontdoor_open_01.wav,oculus_audio_pack,legacy_import,baseline,rgs,low,28361,48000,26057,44100,1,7974,7,0.5908541666666667,107.9657275836536,4.465233333,4.5072533327999995,4.51083733296,0.1868,0.190586038,0.1909926796,3163.030870806567,a939c354ca96a88370da70d64211ec6ac7b86753bcabd3dde1c6b60ab118a18f,128f420a2559e6fe80827d3a6ff09881b815931c1dbe86d56313ad4b155eaa7c,c56e4d43b8df513d,cc834bb0300d4e32,48,40960,0.027662707,0.206485714,9.113620420796472,13.964579186902425,12.128414718005345,False,26057,26057,26057,14068.0
oculus_audio_pack/doors_office_doorknob_01.wav,oculus_audio_pack,normalized,baseline,rgs,high,31063,44100,31063,44100,1,12612,7,0.70437641723356,143.24159289186494,2.03262,2.0594159999999997,2.0595792,0.221623913,0.2279289089,0.22812396338,3178.2509734568216,42297404f4785cd00f1cf3a98ab7479828456c0bcdc9b30467362f5dba3d8002,9e5636bcc0a4c37b87a4efff290f887e02ac8aef30bfc916616b369af33e39f6,be06f40beecbab2b,1a050bef550438ef,48,40960,0.02950236,0.249392683,15.336519652206862,25.421775587200433,8.549451518051129,False,31063,31063,31063,23331.0
oculus_audio_pack/doors_office_doorknob_01.wav,oculus_audio_pack,normalized,candidate,rgs,high,31063,44100,31063,44100,1,12612,7,0.70437641723356,143.24159289186494,1.975333334,2.009086,2.0100892,0.191969811,0.1975655089,0.19873192498,3669.2040981045716,42297404f4785cd00f1cf3a98ab7479828456c0bcdc9b30467362f5dba3d8002,9e5636bcc0a4c37b87a4efff290f887e02ac8aef30bfc916616b369af33e39f6,be06f40beecbab2b,1a050bef550438ef,48,40960,0.023517606,0.19837451,15.336519652206862,25.421775587200433,8.549451518051129,False,31063,31063,31063,23331.0
oculus_audio_pack/doors_office_doorknob_01.wav,oculus_audio_pack,normalized,baseline,rgs,medium,31063,44100,31063,44100,1,10024,7,0.70437641723356,113.84821813733382,4.428033333,4.5133066663,4.533754666059999,0.222408889,0.22828299999999999,0.2289766,3167.033567770576,0fdf80bf80e30c2fed797260ebd7e75cfcfe3d7bffbd529f8c3a7b51666222ac,ab758dcb8097cb1325a8aba093805f7323d0ef5158a7d8ca2a5aafd39563ebc3,95920f0ab32a1430,065c4166ae640cec,48,40960,0.029647929,0.244007317,14.165323405813762,20.982015743634623,9.531670305377542,False,31063,31063,31063,29150.0
oculus_audio_pack/doors_office_doorknob_01.wav,oculus_audio_pack,normalized,candidate,rgs,medium,31063,44100,31063,44100,1,10024,7,0.70437641723356,113.84821813733382,4.420133334,4.4618133331,4.4624693330200005,0.188753704,0.1905679246,0.19089849052,3731.7223572659536,0fdf80bf80e30c2fed797260ebd7e75cfcfe3d7bffbd529f8c3a7b51666222ac,ab758dcb8097cb1325a8aba093805f7323d0ef5158a7d8ca2a5aafd39563ebc3,95920f0ab32a1430,065c4166ae640cec,48,40960,0.024194203,0.194813461,14.165323405813762,20.982015743634623,9.531670305377542,False,31063,31063,31063,29150.0
oculus_audio_pack/doors_office_doorknob_01.wav,oculus_audio_pack,normalized,baseline,rgs,low,31063,44100,31063,44100,1,9758,7,0.70437641723356,110.82710620352188,4.448433333,4.5636333329,4.58443333298,0.221823913,0.2258497779,0.22614417798,3175.385411371586,5279c94646fcb6bd5c77b942e6738e0d4c9c6d31b2304439b900c5aabbed51da,fa033ae1918ee136b86336e7a34fae957185b9d7e04b813d13e497e5a48c7ac2,43c7edd118fa29da,7cb9dd68e53e615b,48,40960,0.029473529,0.246307317,11.909584436729885,19.677227207053946,9.914022371221892,False,31063,31063,31063,25642.0
oculus_audio_pack/doors_office_doorknob_01.wav,oculus_audio_pack,normalized,candidate,rgs,low,31063,44100,31063,44100,1,9758,7,0.70437641723356,110.82710620352188,4.456900001,4.5119699993,4.51391399906,0.186572222,0.18836888899999998,0.1885271114,3775.3552467931695,5279c94646fcb6bd5c77b942e6738e0d4c9c6d31b2304439b900c5aabbed51da,fa033ae1918ee136b86336e7a34fae957185b9d7e04b813d13e497e5a48c7ac2,43c7edd118fa29da,7cb9dd68e53e615b,48,40960,0.024269734,0.188222222,11.909584436729885,19.677227207053946,9.914022371221892,False,31063,31063,31063,25642.0
oculus_audio_pack/doors_office_doorknob_01.wav,oculus_audio_pack,normalized,reference,pcm,default,31063,44100,31063,44100,1,62170,7,0.70437641723356,706.0997328010817,0.001590631,0.0016114191999999999,0.0016156686399999998,0.002122729,0.0021361723,0.00213752086,331825.8794380065,2fea356668a6480247533b252d573a26e25a738b76f95b290088bb376048d500,2fea356668a6480247533b252d573a26e25a738b76f95b290088bb376048d500,392373963a510798,ae9cf3620def34a6,,,,,,60.0,0.0,True,31063,31063,31063,0.0
oculus_audio_pack/doors_office_doorknob_01.wav,oculus_audio_pack,normalized,reference,qoa,default,31063,44100,31063,44100,1,12608,7,0.70437641723356,143.19616263722114,1.234288889,1.25313375,1.25376675,0.073434307,0.0779524529,0.07888119937999999,9591.925708968152,1cdd21f11b9ec9876c96aebff94d4ea842dcad700b2597f39861d20abfff5510,9e5636bcc0a4c37b87a4efff290f887e02ac8aef30bfc916616b369af33e39f6,9d91590a93501abf,1a050bef550438ef,268,40960,0.012531164,,15.336519652206862,25.421775587200433,8.549451518051129,False,31063,31063,31063,23331.0
oculus_audio_pack/doors_office_doorknob_01.wav,oculus_audio_pack,normalized,reference,ima,default,31063,44100,31063,44100,1,16444,7,0.70437641723356,186.76377684061424,0.357142857,0.3673285711,0.36891428542,0.243907317,0.24948707350000002,0.2503481467,2887.885553812885,4f59a138d61ac4cfff0d5cb8e53cb1d0d67bacdad6cdb2f2fdee7abe3bd5fc0b,d0206b300dfed2a9f677d06353cc408f3e84496b2c3195afc17d6279ec8d6ff0,30001b41d9f5285e,9689b4b12b46c2be,,,,,18.237248192861642,27.78382714538191,7.982416038313467,False,31063,31063,31063,9345.0
oculus_audio_pack/doors_office_doorknob_01.wav,oculus_audio_pack,legacy_import,baseline,rgs,high,33810,48000,31063,44100,1,12612,7,0.704375,143.2418811002662,1.78655,1.8103466663,1.8152426660599998,0.210714583,0.2145382975,0.2146506379,3342.7918940000463,0ed08410724cff0ab61cc8b83f44474b7f8fd3b4111812468d88c07278d3b9b7,3a3ba3349924d6be7f0cfe1559b6648bebb68ca8a2c4f4ee0093895f1395f932,318bf340c83a22ba,260b3f6b9543257a,48,40960,0.028047619,0.22636,5.6135056161446695,15.985474184238091,15.610471305930627,False,31063,31063,31063,19130.0
oculus_audio_pack/doors_office_doorknob_01.wav,oculus_audio_pack,legacy_import,baseline,rgs,medium,33810,48000,31063,44100,1,9750,7,0.704375,110.73646850044366,3.6578,3.741876667,3.759708667,0.220278261,0.22600333320000002,0.22652333304000002,3197.6600723209813,187eb54feba675282eaefeff94c58df6c6bdc31d494c6f0fc085cf26124df39d,f6ea450fa92f71f124fc1f3641cee620d82e6243baac4323e940f8f404e864a2,292aabfdd0028f28,1d177a3a9a79bf8c,48,40960,0.02869914,0.238938095,5.547826834918615,15.532017790957505,13.813315954640023,False,31063,31063,31063,18761.0
oculus_audio_pack/doors_office_doorknob_01.wav,oculus_audio_pack,legacy_import,baseline,rgs,low,33810,48000,31063,44100,1,9538,7,0.704375,108.32866015971607,5.229050001,5.27193,5.277186,0.214648936,0.2197419193,0.22120577506,3281.521041408749,50e8741c7d8d577612ecc0606de5acef30d693bd6dc864664b22d2532eba0677,3c5fead92cc69883e62a9920780ff493f1dd98ce465e6c02019f910cef23d2dc,8828b4e8b85860f7,fb2ada81bf17a460,48,40960,0.027883287,0.232683721,5.475646251958769,15.409184289202761,13.462569821577441,False,31063,31063,31063,18838.0
oculus_audio_pack/doors_sliding_lock_01.wav,oculus_audio_pack,normalized,baseline,rgs,high,21187,44100,21187,44100,1,8612,7,0.4804308390022676,143.4046160381366,1.05747,1.0751419999999998,1.0759484,0.138527397,0.139550626,0.13980234760000002,3468.1286836153254,0a0eb0c31e05a66e64d03dc4683f489f8a994bd9b0921ebf60d150d332f13836,81a46ccd537239cce90b77badf2f7b0ad6226f0ba773afc98f3d1f36ca5967bc,ffc0a7268b028844,f15b8efb5b7ef0e4,48,40960,0.026549867,0.158582813,18.44512560250222,25.181637068236466,7.1093786277891455,False,21187,21187,21187,8189.0
oculus_audio_pack/doors_sliding_lock_01.wav,oculus_audio_pack,normalized,candidate,rgs,high,21187,44100,21187,44100,1,8612,7,0.4804308390022676,143.4046160381366,1.04522,1.06544,1.066856,0.118524706,0.1199860712,0.12015149984,4053.423587503078,0a0eb0c31e05a66e64d03dc4683f489f8a994bd9b0921ebf60d150d332f13836,81a46ccd537239cce90b77badf2f7b0ad6226f0ba773afc98f3d1f36ca5967bc,ffc0a7268b028844,f15b8efb5b7ef0e4,48,40960,0.022843151,0.120650602,18.44512560250222,25.181637068236466,7.1093786277891455,False,21187,21187,21187,8189.0
oculus_audio_pack/doors_sliding_lock_01.wav,oculus_audio_pack,normalized,baseline,rgs,medium,21187,44100,21187,44100,1,6666,7,0.4804308390022676,111.00036815028083,2.38558,2.397954,2.4015588,0.143897143,0.1461924888,0.14653472975999998,3338.7100604371803,b3e20893e76943692fee39adbf7be0420e8bbd822dac64f0e5fe9e979f376270,bc9ac8b66e1c49ba368bf2a38743ca5451e4e7392874c752227d80c8bd09b8c3,9ff4babfdefe722f,00a882259c7fa358,48,40960,0.026927957,0.160666667,15.751491688506016,20.917153192963813,8.432636472121308,False,21187,21187,21187,12814.0
oculus_audio_pack/doors_sliding_lock_01.wav,oculus_audio_pack,normalized,candidate,rgs,medium,21187,44100,21187,44100,1,6666,7,0.4804308390022676,111.00036815028083,2.23942,2.24577,2.2472339999999997,0.118664706,0.1197373627,0.11999985334,4048.641379537633,b3e20893e76943692fee39adbf7be0420e8bbd822dac64f0e5fe9e979f376270,bc9ac8b66e1c49ba368bf2a38743ca5451e4e7392874c752227d80c8bd09b8c3,9ff4babfdefe722f,00a882259c7fa358,48,40960,0.023933971,0.120457143,15.751491688506016,20.917153192963813,8.432636472121308,False,21187,21187,21187,12814.0
oculus_audio_pack/doors_sliding_lock_01.wav,oculus_audio_pack,normalized,baseline,rgs,low,21187,44100,21187,44100,1,6568,7,0.4804308390022676,109.36849955161183,2.56135,2.6534625007,2.6747325009400003,0.142308451,0.1446360685,0.14498982249999998,3375.9824917373853,e760da0fd7d2ce3d37c6307df8e4fc843235e13cecb60340cfae889eccb26686,23f84b04bf026203d28d56cd687be9396c0b19b06c834184e8d698bf8da31dd6,0067867884b1b9a2,38a00f9efb2574e6,48,40960,0.027312807,0.16085873,12.595357431365262,20.162016199290232,8.630516021655566,False,21187,21187,21187,17683.0
oculus_audio_pack/doors_sliding_lock_01.wav,oculus_audio_pack,normalized,candidate,rgs,low,21187,44100,21187,44100,1,6568,7,0.4804308390022676,109.36849955161183,2.24188,2.270378,2.2727635999999998,0.118988235,0.1203716663,0.12047909486,4037.6331239997603,e760da0fd7d2ce3d37c6307df8e4fc843235e13cecb60340cfae889eccb26686,23f84b04bf026203d28d56cd687be9396c0b19b06c834184e8d698bf8da31dd6,0067867884b1b9a2,38a00f9efb2574e6,48,40960,0.023464169,0.119195238,12.595357431365262,20.162016199290232,8.630516021655566,False,21187,21187,21187,17683.0
oculus_audio_pack/doors_sliding_lock_01.wav,oculus_audio_pack,normalized,reference,pcm,default,21187,44100,21187,44100,1,42418,7,0.4804308390022676,706.3326756973615,0.001244035,0.0012820096,0.00128494432,0.001790743,0.0018056513,0.00180599906,268285.75569038524,7f670e382f535fea6ea14e4eb617a81df5c779ff5838fd32fdad5abdbca24197,7f670e382f535fea6ea14e4eb617a81df5c779ff5838fd32fdad5abdbca24197,c25232d8c6dd32be,921e37bcd5dfd528,,,,,,60.0,0.0,True,21187,21187,21187,0.0
oculus_audio_pack/doors_sliding_lock_01.wav,oculus_audio_pack,normalized,reference,qoa,default,21187,44100,21187,44100,1,8608,7,0.4804308390022676,143.33800915655826,0.64408125,0.650774375,0.652254875,0.049418227,0.0504454908,0.05064667416,9721.733622743437,e9be206452b965275312bdcf35955fee2497b7d3ab8203cb1107489e66ea3e6c,81a46ccd537239cce90b77badf2f7b0ad6226f0ba773afc98f3d1f36ca5967bc,2b8447af29cbf1fb,f15b8efb5b7ef0e4,268,40960,0.011982515,,18.44512560250222,25.181637068236466,7.1093786277891455,False,21187,21187,21187,8189.0
oculus_audio_pack/doors_sliding_lock_01.wav,oculus_audio_pack,normalized,reference,ima,default,21187,44100,21187,44100,1,12348,7,0.4804308390022676,205.6154434322934,0.225575556,0.2349876746,0.23503846532,0.16051746,0.1615895159,0.16161854798,2993.012965706457,a772d37b20a124457990eb11c91d581180845b5f8adfc3c23ddfb5e92c2edd0e,8cf96c4a2fc574dca61f3e5c4d924e0d830ac13ca121ef8597a44dca56ba61c6,b893150f6cd53466,806fff46fb4d40a5,,,,,19.879489408526688,30.23644959352343,6.347946159458214,False,21187,21187,21187,8008.0
oculus_audio_pack/doors_sliding_lock_01.wav,oculus_audio_pack,legacy_import,baseline,rgs,high,23061,48000,21188,44100,1,8612,7,0.4804375,143.4026278131911,0.969981818,0.9899527275,0.9961578183,0.131752632,0.1328681582,0.13291047404,3646.511593028365,3783fa308df06e2515efe6cbc3d04264a8c231525e2ae48a92ce38f385063b14,56e7489cfaf6ef52b1205f8d4bae470cdb5cf2a651a28300fa2a95a860871785,f22c1cc2ae7e695d,aec9338181954a7b,48,40960,0.025655641,0.145030435,7.591580114174632,18.552418530171455,13.408684425067428,False,21187,21187,21188,12702.0
oculus_audio_pack/doors_sliding_lock_01.wav,oculus_audio_pack,legacy_import,baseline,rgs,medium,23061,48000,21188,44100,1,6568,7,0.4804375,109.3669832184207,2.1438,2.177986,2.1864772,0.137887671,0.1394070452,0.13966918664,3484.267277239022,5ef94be8079b744847fdae4b646c9dd98072b84a7914557f2a4db73ea2b0376b,9aa0eff8150f836053722c0a411256d0a935c344e2294ffb5e12cbe4339a465e,bfd3fc6df625de4a,5a4ac1891a3cea1f,48,40960,0.026504497,0.150302985,7.516986881462837,18.10155899214657,11.875850214236108,False,21187,21187,21188,13142.0
oculus_audio_pack/doors_sliding_lock_01.wav,oculus_audio_pack,legacy_import,baseline,rgs,low,23061,48000,21188,44100,1,6492,7,0.4804375,108.10147001430987,2.795075,2.809455,2.812071,0.138926389,0.1420909919,0.14254552238,3458.2162788381406,89c7205c76fad25d96bc9ae390af731d7e0e03c0bfb077bc4a551a5db073f527,596a7a5b8d5608adb7dd736f0bc3c48281089e4c133a61fb83fc1ae4a6a854b7,a93610a08cccccb7,f08c3d613c77ccc4,48,40960,0.026211257,0.151356716,7.454407908112518,18.112503915599785,11.718726280265786,False,21187,21187,21188,13068.0
oculus_audio_pack/footsteps_shoe_concrete_run_04.wav,oculus_audio_pack,normalized,baseline,rgs,high,6821,44100,6821,44100,1,2796,7,0.15467120181405897,144.61644920099693,0.440804348,0.4482017387,0.44882991254,0.034869686,0.0349575257,0.03496279394,4435.692418166856,4f822c3b3eeb3e129d282bf773ae7266f04571ddaacbde903145b204cc150327,b789edb7f705548543e5d227b06adf59a89671e280790bbd0bf8264228e3a9ba,b06663eea3e4a9aa,1d6255fb5eb800ef,48,40960,0.026493915,0.037828302,36.11247386910927,31.040076332894756,8.039856165866102,False,6821,6821,6821,671.0
oculus_audio_pack/footsteps_shoe_concrete_run_04.wav,oculus_audio_pack,normalized,candidate,rgs,high,6821,44100,6821,44100,1,2796,7,0.15467120181405897,144.61644920099693,0.423083333,0.4340837499,0.43481674998,0.029745104,0.0298612067,0.02988698774,5199.887746704768,4f822c3b3eeb3e129d282bf773ae7266f04571ddaacbde903145b204cc150327,b789edb7f705548543e5d227b06adf59a89671e280790bbd0bf8264228e3a9ba,b06663eea3e4a9aa,1d6255fb5eb800ef,48,40960,0.022297996,0.029873731,36.11247386910927,31.040076332894756,8.039856165866102,False,6821,6821,6821,671.0
oculus_audio_pack/footsteps_shoe_concrete_run_04.wav,oculus_audio_pack,normalized,baseline,rgs,medium,6821,44100,6821,44100,1,2152,7,0.15467120181405897,111.30708107315643,1.03626,1.049148,1.0495176,0.035806429,0.0361665344,0.03618550928,4319.648904783523,f65dfd62dab5599cf1261ef8182a315fc11982820e825c0e81138d350f82247d,6de8ed4af177348db13c9019ebdc339f1c1d3ae4f5faa298333b16f2d0e57b1c,2cccc87a54011450,9d0edfa47328a7d4,48,40960,0.027079189,0.038516538,29.590011250657476,24.635358975675906,9.44256936435158,False,6821,6821,6821,1494.0
oculus_audio_pack/footsteps_shoe_concrete_run_04.wav,oculus_audio_pack,normalized,candidate,rgs,medium,6821,44100,6821,44100,1,2152,7,0.15467120181405897,111.30708107315643,0.969736364,0.9851463637000001,0.98589472714,0.030763804,0.0309341666,0.03093424052,5027.700794546051,f65dfd62dab5599cf1261ef8182a315fc11982820e825c0e81138d350f82247d,6de8ed4af177348db13c9019ebdc339f1c1d3ae4f5faa298333b16f2d0e57b1c,2cccc87a54011450,9d0edfa47328a7d4,48,40960,0.023029425,0.031026006,29.590011250657476,24.635358975675906,9.44256936435158,False,6821,6821,6821,1494.0
oculus_audio_pack/footsteps_shoe_concrete_run_04.wav,oculus_audio_pack,normalized,baseline,rgs,low,6821,44100,6821,44100,1,2112,7,0.15467120181405897,109.23817622049552,1.509542857,1.529295714,1.533927714,0.036561679,0.037035919199999996,0.03710999904,4230.418461199743,b02bbf4cbc311df90a8674667039df07ce05f02b8a64d131f0ae8f6d3eb2050a,cabb5d2f3ee299db2f1a9ba18c855ff1b2b316a685b87561ecbcaf9fbe405eac,4021e2e68ef66604,155bcf8216d66ded,48,40960,0.027002965,0.038216031,29.421501613934456,24.501614509814893,9.260173281381038,False,6821,6821,6821,1283.0
oculus_audio_pack/footsteps_shoe_concrete_run_04.wav,oculus_audio_pack,normalized,candidate,rgs,low,6821,44100,6821,44100,1,2112,7,0.15467120181405897,109.23817622049552,0.958363636,0.9741699996,0.97567763592,0.030771385,0.0309738265,0.0310059109,5026.462143776076,b02bbf4cbc311df90a8674667039df07ce05f02b8a64d131f0ae8f6d3eb2050a,cabb5d2f3ee299db2f1a9ba18c855ff1b2b316a685b87561ecbcaf9fbe405eac,4021e2e68ef66604,155bcf8216d66ded,48,40960,0.022966514,0.03057439,29.421501613934456,24.501614509814893,9.260173281381038,False,6821,6821,6821,1283.0
oculus_audio_pack/footsteps_shoe_concrete_run_04.wav,oculus_audio_pack,normalized,reference,pcm,default,6821,44100,6821,44100,1,13686,7,0.15467120181405897,707.875795337927,0.000573565,0.0005858987,0.00058642934,0.001211937,0.0012232033999999999,0.00122420228,127623.1370228477,e0472289083c93ee009e0b3873e53e094c1386f56f44574075863d36fb60c546,e0472289083c93ee009e0b3873e53e094c1386f56f44574075863d36fb60c546,54a7a4ec23545883,7974d6e85d321ec5,,,,,,60.0,0.0,True,6821,6821,6821,0.0
oculus_audio_pack/footsteps_shoe_concrete_run_04.wav,oculus_audio_pack,normalized,reference,qoa,default,6821,44100,6821,44100,1,2792,7,0.15467120181405897,144.4095587157308,0.273302703,0.27935897169999996,0.28011401673999997,0.01602448,0.0163289102,0.01637543804,9652.182274498702,40cdbf0767aa78894ae5c92f2aa57fd40650240349d86f5c77112ea7be3627a5,b789edb7f705548543e5d227b06adf59a89671e280790bbd0bf8264228e3a9ba,f6f5506b0cfb18e3,1d6255fb5eb800ef,268,40960,0.011896195,,36.11247386910927,31.040076332894756,8.039856165866102,False,6821,6821,6821,671.0
oculus_audio_pack/footsteps_shoe_concrete_run_04.wav,oculus_audio_pack,normalized,reference,ima,default,6821,44100,6821,44100,1,4156,7,0.15467120181405897,214.9592141914675,0.070259441,0.0716409012,0.07200357624,0.048461353,0.0491468996,0.04925479832,3191.640188297239,a22af4057776dbb3924b0ee6b4619f30c5e6f3cb54b60bf1910c288b549c67db,8bc597c7b1c1ba04f21e5b51393a87e1cbfcb68532f0e37729b391cd86b58dbf,3ab0c223f16aebc9,25209759799a7ca7,,,,,39.771170657714066,34.665747429373155,7.06234214600131,False,6821,6821,6821,861.0
oculus_audio_pack/footsteps_shoe_concrete_run_04.wav,oculus_audio_pack,legacy_import,baseline,rgs,high,7424,48000,6821,44100,1,2796,7,0.15466666666666667,144.6206896551724,0.329509677,0.337315,0.33814299999999997,0.035108772,0.035436715,0.035491315,4405.356777123013,2a062c5def563fc8e1121371da6d6546fc0886ca47a98fbc2b63c50d3fdaa34e,b54ee32d8d4723d0efb5f0685688e77ae05d9dca953a6256917b6459e0427441,f482d802f3828d42,ea7c6995a75c3978,48,40960,0.026425858,0.036617153,29.58824681780376,24.06559333238433,16.15462002131308,False,6821,6821,6821,1205.0
oculus_audio_pack/footsteps_shoe_concrete_run_04.wav,oculus_audio_pack,legacy_import,baseline,rgs,medium,7424,48000,6821,44100,1,2112,7,0.15466666666666667,109.24137931034483,1.05653,1.074852,1.0751304,0.036724908,0.0375353028,0.037599090960000005,4211.49228383817,4903bf7dda34a96a3349df58dead544f4ce5b98e3b73b4207db9ad17ad33745f,5f83f953f6daab2fbea62e993da0ff808b0675846c4a474196a991c68cae5130,3828c9c9335465ab,c099057d5ea75108,48,40960,0.026981132,0.038277863,29.17971712722904,23.664652961238705,13.004963094635396,False,6821,6821,6821,1501.0
oculus_audio_pack/footsteps_shoe_concrete_run_04.wav,oculus_audio_pack,legacy_import,baseline,rgs,low,7424,48000,6821,44100,1,2112,7,0.15466666666666667,109.24137931034483,1.06383,1.087449,1.0892178000000001,0.037319776,0.0379937372,0.03819141944,4144.362138365104,4903bf7dda34a96a3349df58dead544f4ce5b98e3b73b4207db9ad17ad33745f,5f83f953f6daab2fbea62e993da0ff808b0675846c4a474196a991c68cae5130,3828c9c9335465ab,c099057d5ea75108,48,40960,0.027908078,0.038136882,29.17971712722904,23.664652961238705,13.004963094635396,False,6821,6821,6821,1501.0
oculus_audio_pack/footsteps_shoe_dirt_run_03.wav,oculus_audio_pack,normalized,baseline,rgs,high,15758,44100,15758,44100,1,6412,7,0.35732426303854875,143.5558827262343,0.991990909,1.0114960908,1.01630721816,0.10898913,0.1120150675,0.1125522271,3278.5311988319268,fd77e0638454a97976f6f28e00e61ee0e9ef400c0cb724a5595bd32f7686b95f,fb108185db931683a08e4cccb40a1b3b1440029366170776316615178262b713,735a7e4a1224c0db,8c91da754406eee8,48,40960,0.033571812,0.131678947,24.880802670431535,25.55118983773275,9.15211267244752,False,15758,15758,15758,3140.0
oculus_audio_pack/footsteps_shoe_dirt_run_03.wav,oculus_audio_pack,normalized,candidate,rgs,high,15758,44100,15758,44100,1,6412,7,0.35732426303854875,143.5558827262343,0.970272727,0.9912354544,0.99399981808,0.094758491,0.0964821698,0.09697643396000001,3770.8943997277115,fd77e0638454a97976f6f28e00e61ee0e9ef400c0cb724a5595bd32f7686b95f,fb108185db931683a08e4cccb40a1b3b1440029366170776316615178262b713,735a7e4a1224c0db,8c91da754406eee8,48,40960,0.023294419,0.095527619,24.880802670431535,25.55118983773275,9.15211267244752,False,15758,15758,15758,3140.0
oculus_audio_pack/footsteps_shoe_dirt_run_03.wav,oculus_audio_pack,normalized,baseline,rgs,medium,15758,44100,15758,44100,1,4992,7,0.35732426303854875,111.76403096839701,2.420259999,2.439406,2.4401212,0.11083956,0.1122023297,0.11254293794,3223.7971987487927,48a662243aa367eb0069472b99789443745f5ca16314d5f754944fe38653e383,8665c4643c87d82ccf8c52f1b37edc80f7561b220aaa33e07f38dfc62658b7ec,aabcb663bbdd4dfc,0594306aea80930b,48,40960,0.032900987,0.130907792,21.69803058089187,19.35204950348392,10.604434143541805,False,15758,15758,15758,3062.0
oculus_audio_pack/footsteps_shoe_dirt_run_03.wav,oculus_audio_pack,normalized,candidate,rgs,medium,15758,44100,15758,44100,1,4992,7,0.35732426303854875,111.76403096839701,2.11622,2.191332,2.1930504,0.090167568,0.0916317259,0.09181184998,3962.891214261748,48a662243aa367eb0069472b99789443745f5ca16314d5f754944fe38653e383,8665c4643c87d82ccf8c52f1b37edc80f7561b220aaa33e07f38dfc62658b7ec,aabcb663bbdd4dfc,0594306aea80930b,48,40960,0.024175604,0.092273394,21.69803058089187,19.35204950348392,10.604434143541805,False,15758,15758,15758,3062.0
oculus_audio_pack/footsteps_shoe_dirt_run_03.wav,oculus_audio_pack,normalized,baseline,rgs,low,15758,44100,15758,44100,1,4890,7,0.35732426303854875,109.48039091255235,2.773025,2.8395975,2.8476795,0.110182418,0.1107424175,0.1108658459,3243.0243365919664,8350c82194b8f04cde0b305b56f031e0a7a675b524e25699897b613f8a9a68f6,3b570f449d3993f62de7b05aeab88856a717ef225d5eb08302ab0fa2c43643a7,dde3a57d1a1fac4e,f6e6708a83dcbb69,48,40960,0.033119536,0.131624675,18.59746739588568,18.59611009866108,10.996192206079872,False,15758,15758,15758,3805.0
oculus_audio_pack/footsteps_shoe_dirt_run_03.wav,oculus_audio_pack,normalized,candidate,rgs,low,15758,44100,15758,44100,1,4890,7,0.35732426303854875,109.48039091255235,2.13032,2.19322,2.199028,0.089805357,0.0909394348,0.09113334136,3978.8747016344328,8350c82194b8f04cde0b305b56f031e0a7a675b524e25699897b613f8a9a68f6,3b570f449d3993f62de7b05aeab88856a717ef225d5eb08302ab0fa2c43643a7,dde3a57d1a1fac4e,f6e6708a83dcbb69,48,40960,0.024088462,0.090495495,18.59746739588568,18.59611009866108,10.996192206079872,False,15758,15758,15758,3805.0
oculus_audio_pack/footsteps_shoe_dirt_run_03.wav,oculus_audio_pack,normalized,reference,pcm,default,15758,44100,15758,44100,1,31560,7,0.35732426303854875,706.5850996319331,0.00108552,0.0011062099,0.00110773078,0.001616715,0.0016749299,0.00167663318,221018.70956757918,95b0cb2556fb750851420ead3735eb144d4e02544e7100422b8932e6b37073e7,95b0cb2556fb750851420ead3735eb144d4e02544e7100422b8932e6b37073e7,183214f43b8b03e2,c1118bc6d68a3b58,,,,,,60.0,0.0,True,15758,15758,15758,0.0
oculus_audio_pack/footsteps_shoe_dirt_run_03.wav,oculus_audio_pack,normalized,reference,qoa,default,15758,44100,15758,44100,1,6408,7,0.35732426303854875,143.46632821424038,0.594352941,0.6069241175,0.6099212938999999,0.036871691,0.0378272577,0.03801351234,9691.019135481169,c7e89cd913f8a14f25f5ce84fed8da1b37950c481fce56d13680a7535c9d31a3,fb108185db931683a08e4cccb40a1b3b1440029366170776316615178262b713,d5bfa36bff7f5b51,8c91da754406eee8,268,40960,0.012093954,,24.880802670431535,25.55118983773275,9.15211267244752,False,15758,15758,15758,3140.0
oculus_audio_pack/footsteps_shoe_dirt_run_03.wav,oculus_audio_pack,normalized,reference,ima,default,15758,44100,15758,44100,1,8252,7,0.35732426303854875,184.7509582434319,0.176196491,0.1790827634,0.18005369588,0.120712048,0.1231450001,0.12317924402,2960.1375252828843,d6e2fdc90f14df442e84996097e824b2a598f6c99d773a3e9bc6381dd14bfb8b,8624d4d61b601f7a472a875a2c1fed517248c066746699bc7da2580359859a3d,c8a99486b70284f1,b781371b54d21790,,,,,22.25493582454765,25.012839328995113,9.450725629291279,False,15758,15758,15758,6523.0
oculus_audio_pack/footsteps_shoe_dirt_run_03.wav,oculus_audio_pack,legacy_import,baseline,rgs,high,17152,48000,15759,44100,1,6412,7,0.35733333333333334,143.55223880597015,0.878491667,0.8926958339000001,0.8960658339800001,0.102807143,0.12535186619999997,0.13160855483999997,3475.763676589411,7d8c913fcbb2aa8949f5b3fbfbb8b252dd163685fe63474742d699af555335e6,de37ad9f57a3435b9a183128a962652311176483f6e731eaa8c554a611bda7ac,ae18c97c3c91deb3,fe00ae5e0204efa1,48,40960,0.028794828,0.117475581,13.643131702167082,15.249233768485222,11.897887408203296,False,15758,15758,15759,11739.0
oculus_audio_pack/footsteps_shoe_dirt_run_03.wav,oculus_audio_pack,legacy_import,baseline,rgs,medium,17152,48000,15759,44100,1,4914,7,0.35733333333333334,110.01492537313433,2.36578,2.438144,2.4511328,0.108241935,0.1116993907,0.11209365573999999,3301.2467241400786,17c3a2da03034e8908172d4fb78479f1eb8ab63d304a74391cb4775d579e358e,01d4fea33e3bc59b03060fcc174093f9c5d2cffb75c6541406f35732d4131718,fbe931e20cde24bc,2662569e9c5835e0,48,40960,0.029600888,0.124382716,13.389209976700524,14.896988340186624,11.180402112529967,False,15758,15758,15759,12609.0
oculus_audio_pack/footsteps_shoe_dirt_run_03.wav,oculus_audio_pack,legacy_import,baseline,rgs,low,17152,48000,15759,44100,1,4836,7,0.35733333333333334,108.26865671641791,2.830200001,2.857405,2.8641010000000002,0.109416304,0.1105303299,0.11070386838,3265.8143281218245,5e2f89bc1600f64984f3383edbdb7dfe6d8eec6152b2f242c06583d7dc19ffcc,2cdfaa213e9e42724f9b9cc58ebbff3f181ad3a58a27511355a78a71183f77dd,57c64fe278471f3d,43f766ba34bd86cc,48,40960,0.030412766,0.122546341,13.236062172994199,14.749436491009964,11.370740644483547,False,15758,15758,15759,13373.0
oculus_audio_pack/footsteps_shoe_grass_run_02.wav,oculus_audio_pack,normalized,baseline,rgs,high,16523,44100,16523,44100,1,6724,7,0.37467120181405894,143.5712158808933,1.3857375,1.40081375,1.40211275,0.122815854,0.1237237041,0.12374918562000001,3050.674563676925,ade71879fa2e0d7176ccd6c920330f9de1e103ca884e714278472a6a75d6a554,6ce75930afe1bd04fe32e03b0e858009eee127287fe52ba897267d22ae86a565,32f62731ab33460d,3c5a321c6ae0056a,48,40960,0.03118972,0.146610145,16.901048253650398,16.532958164255252,7.440863095301003,False,16523,16523,16523,14838.0
oculus_audio_pack/footsteps_shoe_grass_run_02.wav,oculus_audio_pack,normalized,candidate,rgs,high,16523,44100,16523,44100,1,6724,7,0.37467120181405894,143.5712158808933,1.3810625,1.4080625,1.4105225,0.110283517,0.1132942047,0.11365793214,3397.3454239227694,ade71879fa2e0d7176ccd6c920330f9de1e103ca884e714278472a6a75d6a554,6ce75930afe1bd04fe32e03b0e858009eee127287fe52ba897267d22ae86a565,32f62731ab33460d,3c5a321c6ae0056a,48,40960,0.023334266,0.11221,16.901048253650398,16.532958164255252,7.440863095301003,False,16523,16523,16523,14838.0
oculus_audio_pack/footsteps_shoe_grass_run_02.wav,oculus_audio_pack,normalized,baseline,rgs,medium,16523,44100,16523,44100,1,5458,7,0.37467120181405894,116.53951461598984,3.620133333,3.672196667,3.682972667,0.130584416,0.1314711435,0.1315605447,2869.187712368824,2d1ac955e77dbe728c53fca5acd34f9c18f8f09ee9bf51dca2fc54a9f9c643aa,e4a623efbf82f81033c19489a6c51ebde1458ad7e59d4df6a6940a0fa289e4c8,0922f3df1cbf3680,0ee7871b400e3978,48,40960,0.029690801,0.146175362,15.257436064599322,11.85462000329482,8.659588099677709,False,16523,16523,16523,16586.0
oculus_audio_pack/footsteps_shoe_grass_run_02.wav,oculus_audio_pack,normalized,candidate,rgs,medium,16523,44100,16523,44100,1,5458,7,0.37467120181405894,116.53951461598984,3.048874999,3.1197274992999997,3.1274854990599996,0.109602174,0.1121590072,0.11238685744,3418.465055392596,2d1ac955e77dbe728c53fca5acd34f9c18f8f09ee9bf51dca2fc54a9f9c643aa,e4a623efbf82f81033c19489a6c51ebde1458ad7e59d4df6a6940a0fa289e4c8,0922f3df1cbf3680,0ee7871b400e3978,48,40960,0.024040625,0.110061538,15.257436064599322,11.85462000329482,8.659588099677709,False,16523,16523,16523,16586.0
oculus_audio_pack/footsteps_shoe_grass_run_02.wav,oculus_audio_pack,normalized,baseline,rgs,low,16523,44100,16523,44100,1,5156,7,0.37467120181405894,110.09119409308238,4.126533333,4.2806000001,4.31980000002,0.126025,0.12950500010000002,0.12961484642,2972.991087594199,040e799828ad21ecf13cf2bb7e0ad69421eb50f47af17bd4689c9525b81a4fac,486fa97307c123617e47f822404eabd2771a4e700dc824a7df5de543c7f92b9f,44c2b4aa72378995,e148b2d4843a7cfc,48,40960,0.030415198,0.145084058,12.654661510751605,10.766399299277033,8.828073163897447,False,16523,16523,16523,18188.0
oculus_audio_pack/footsteps_shoe_grass_run_02.wav,oculus_audio_pack,normalized,candidate,rgs,low,16523,44100,16523,44100,1,5156,7,0.37467120181405894,110.09119409308238,3.0532,3.0738650006999997,3.07841300094,0.107460638,0.1103016721,0.11063615842,3486.5901486091952,040e799828ad21ecf13cf2bb7e0ad69421eb50f47af17bd4689c9525b81a4fac,486fa97307c123617e47f822404eabd2771a4e700dc824a7df5de543c7f92b9f,44c2b4aa72378995,e148b2d4843a7cfc,48,40960,0.023923445,0.107530108,12.654661510751605,10.766399299277033,8.828073163897447,False,16523,16523,16523,18188.0
oculus_audio_pack/footsteps_shoe_grass_run_02.wav,oculus_audio_pack,normalized,reference,pcm,default,16523,44100,16523,44100,1,33090,7,0.37467120181405894,706.5394904073111,0.001122976,0.0011297461,0.0011305172200000001,0.001658666,0.0016710514000000001,0.00167464228,225887.06937626918,ebbf3c06d0b8a75d3a5b0a21f7a3334d26e74970dea0037fdf4eb81050d1fda4,ebbf3c06d0b8a75d3a5b0a21f7a3334d26e74970dea0037fdf4eb81050d1fda4,800624bba8867eb0,b6c0dc2918f79c3e,,,,,,60.0,0.0,True,16523,16523,16523,0.0
oculus_audio_pack/footsteps_shoe_grass_run_02.wav,oculus_audio_pack,normalized,reference,qoa,default,16523,44100,16523,44100,1,6720,7,0.37467120181405894,143.48580766204685,0.819738461,0.9557899999999999,0.997478,0.038712741,0.0394674818,0.03960574916,9678.240086747122,1e1954a299acbc9a926c000bf44ecdb8cc654558c7b396b7cf615c451b78d62b,6ce75930afe1bd04fe32e03b0e858009eee127287fe52ba897267d22ae86a565,b235b863a4165787,3c5a321c6ae0056a,268,40960,0.01223643,,16.901048253650398,16.532958164255252,7.440863095301003,False,16523,16523,16523,14838.0
oculus_audio_pack/footsteps_shoe_grass_run_02.wav,oculus_audio_pack,normalized,reference,ima,default,16523,44100,16523,44100,1,10300,7,0.37467120181405894,219.92616352962537,0.1879,0.1945400848,0.19602487936,0.130562338,0.1320637064,0.13240747808,2869.6728900033863,1bbf2f9fd2a21c0c41588ad8fc91395707930583dabcd49ecdd16ba9c7278c45,144ca92cda58913fdb6d8b1d90c2c3f15c514cf5dd617d56aac99573217ee72a,12ec6c12431c0571,cb4170ba887fa928,,,,,17.607700866663556,16.21782151319026,7.592751053701342,False,16523,16523,16523,11139.0
oculus_audio_pack/footsteps_shoe_grass_run_02.wav,oculus_audio_pack,legacy_import,baseline,rgs,high,17984,48000,16523,44100,1,6724,7,0.37466666666666665,143.5729537366548,1.04439,1.090527,1.0929774,0.110102198,0.1113232892,0.11163532424,3402.8990653453316,1929dfb071e9e0e4abf311939cf30bd0a9fe0546e7c630056c092f50796a5fbb,07039a7fbe5c5a866f937db9d298ebe01bd95b3c9fbffc768c10ec38f91c8039,e3718ba27b2868b8,87c6f5246b6fbc6f,48,40960,0.027475549,0.131936842,5.378562531905162,3.8932647284285204,20.033373639874473,False,16523,16523,16523,29743.0
oculus_audio_pack/footsteps_shoe_grass_run_02.wav,oculus_audio_pack,legacy_import,baseline,rgs,medium,17984,48000,16523,44100,1,5120,7,0.37466666666666665,109.32384341637011,2.8619,2.8753800007,2.8767360009400003,0.114710227,0.1164230555,0.1165255415,3266.201074352914,297310d32584232e7b71a17691e1bba8fe4d59e7caf70d88b6b274ebd3118e9a,011ddc3a32d2ca7339fbde973b6eaf6b3394f1d8086223ef1b55fc962b6d2029,a9490052c65429aa,5e486abf68865b2d,48,40960,0.028341926,0.135433784,5.308854875704052,3.8042945257373098,18.25226321089802,False,16523,16523,16523,29660.0
oculus_audio_pack/footsteps_shoe_grass_run_02.wav,oculus_audio_pack,legacy_import,baseline,rgs,low,17984,48000,16523,44100,1,5070,7,0.37466666666666665,108.25622775800713,3.267299999,3.3307450000000003,3.339109,0.112667416,0.1179477155,0.1196733527,3325.421669976585,1e838a88bf116f05922067f1bf21283b5d4628d707e7997a5aa0e3e1f797c6fa,ca4d9981b0a4e16563677e048f631ef6246795b81258629e8c5d5217b4943aef,555edd4ac9839767,e94b5f55706e1957,48,40960,0.028452273,0.132614474,5.2876754485812345,3.7802402917233797,18.173795773058327,False,16523,16523,16523,30156.0
oculus_audio_pack/footsteps_shoe_grass_walk_05.wav,oculus_audio_pack,normalized,baseline,rgs,high,32810,44100,32810,44100,1,13308,7,0.7439909297052154,143.0985187442853,2.5784,2.6237975,2.6279795,0.287742857,0.2922497141,0.29282022842,2585.6104212700416,4d9e312efcb89263fdadd97f7ce36baec419c5324252c2ea25da1787745fccea,812f83192ffd03185a46cea1f7fc3d186794ffc3c5f5f191c9d588369050fa3b,e165994f337029db,228da50c67eedb4b,48,40960,0.035125263,0.308251515,16.75425130177793,15.444058430024414,7.438518198126671,False,32810,32810,32810,15017.0
oculus_audio_pack/footsteps_shoe_grass_walk_05.wav,oculus_audio_pack,normalized,candidate,rgs,high,32810,44100,32810,44100,1,13308,7,0.7439909297052154,143.0985187442853,2.542225,2.6013299993000003,2.61486599906,0.255595,0.2614397435,0.2621320511,2910.81957669444,4d9e312efcb89263fdadd97f7ce36baec419c5324252c2ea25da1787745fccea,812f83192ffd03185a46cea1f7fc3d186794ffc3c5f5f191c9d588369050fa3b,e165994f337029db,228da50c67eedb4b,48,40960,0.023561412,0.258989744,16.75425130177793,15.444058430024414,7.438518198126671,False,32810,32810,32810,15017.0
oculus_audio_pack/footsteps_shoe_grass_walk_05.wav,oculus_audio_pack,normalized,baseline,rgs,medium,32810,44100,32810,44100,1,10810,7,0.7439909297052154,116.23797622676014,6.866599999,6.9045050002999995,6.90574100006,0.305936364,0.3098103033,0.31016812146,2431.8486366832003,7e5f24b719ede9ebe7b3354ec35b72c259eddfc09952a1ea4952298777bdb0b8,fa49abb8b1c178b4418715290e8e595061b3ed14abfb63b5f51848d677667d9b,8d7a2a97019194af,949da4f6c2ac379e,48,40960,0.034447079,0.307439394,15.541885200230737,11.009626815812736,8.471907459427188,False,32810,32810,32810,18757.0
oculus_audio_pack/footsteps_shoe_grass_walk_05.wav,oculus_audio_pack,normalized,candidate,rgs,medium,32810,44100,32810,44100,1,10810,7,0.7439909297052154,116.23797622676014,5.561000001,5.6578099992999995,5.671921999059999,0.25924359,0.26435447329999995,0.26437405226,2869.852750091971,7e5f24b719ede9ebe7b3354ec35b72c259eddfc09952a1ea4952298777bdb0b8,fa49abb8b1c178b4418715290e8e595061b3ed14abfb63b5f51848d677667d9b,8d7a2a97019194af,949da4f6c2ac379e,48,40960,0.02392823,0.257771795,15.541885200230737,11.009626815812736,8.471907459427188,False,32810,32810,32810,18757.0
oculus_audio_pack/footsteps_shoe_grass_walk_05.wav,oculus_audio_pack,normalized,baseline,rgs,low,32810,44100,32810,44100,1,10178,7,0.7439909297052154,109.4421944529107,7.4256,7.532150000000001,7.54295,0.301188235,0.3042118183,0.30454418206,2470.1858945626323,be6a1198640af168e545c231ac7a21332f7e33846462c633b09ec6f7123aecb9,afc8684e33902df065d3048cc088523e40c6853d4dfbba47a446581f5b7115f2,77101ebc91e42c0e,b7e9a924d20265d7,48,40960,0.035152982,0.306130303,12.164830327103333,9.762176494028145,8.739850251111548,False,32810,32810,32810,16334.0
oculus_audio_pack/footsteps_shoe_grass_walk_05.wav,oculus_audio_pack,normalized,candidate,rgs,low,32810,44100,32810,44100,1,10178,7,0.7439909297052154,109.4421944529107,5.61325,5.7354750007,5.77213500094,0.2531575,0.25757717939999997,0.25757902548,2938.8460926704342,be6a1198640af168e545c231ac7a21332f7e33846462c633b09ec6f7123aecb9,afc8684e33902df065d3048cc088523e40c6853d4dfbba47a446581f5b7115f2,77101ebc91e42c0e,b7e9a924d20265d7,48,40960,0.02413253,0.25184,12.164830327103333,9.762176494028145,8.739850251111548,False,32810,32810,32810,16334.0
oculus_audio_pack/footsteps_shoe_grass_walk_05.wav,oculus_audio_pack,normalized,reference,pcm,default,32810,44100,32810,44100,1,65664,7,0.7439909297052154,706.0731240475466,0.001651577,0.0017447287,0.00175917694,0.002200571,0.0022262726,0.00223152812,338089.94561194134,2a8f38d244e4230392baa2a53b5d1ab4cb95fddfc92eb2d952abe0dfae8ad208,2a8f38d244e4230392baa2a53b5d1ab4cb95fddfc92eb2d952abe0dfae8ad208,2567d87de0dbedea,6f52e3874f89824c,,,,,,60.0,0.0,True,32810,32810,32810,0.0
oculus_audio_pack/footsteps_shoe_grass_walk_05.wav,oculus_audio_pack,normalized,reference,qoa,default,32810,44100,32810,44100,1,13304,7,0.7439909297052154,143.0555074672356,1.518385714,1.5670571428,1.5697657141599999,0.076352672,0.07738521429999999,0.07749750765999999,9744.137437720785,1624890b700c6e2844bf076814c4e3603789f251c45b0a8ffcc06ad0d4b4ba78,812f83192ffd03185a46cea1f7fc3d186794ffc3c5f5f191c9d588369050fa3b,9c9d0126185e8a95,228da50c67eedb4b,268,40960,0.012278773,,16.75425130177793,15.444058430024414,7.438518198126671,False,32810,32810,32810,15017.0
oculus_audio_pack/footsteps_shoe_grass_walk_05.wav,oculus_audio_pack,normalized,reference,ima,default,32810,44100,32810,44100,1,18492,7,0.7439909297052154,198.84113380067055,0.367078571,0.3816675638,0.38412120476,0.2540975,0.257375487,0.2580802254,2927.9742213332106,31f7f188de13e3744625c7e2025eb9330548727e042549387149b0749d0c2819,b84d831e4fc76a7245b6198b15c0bef6041a78c0321c24250cde5c5c58c0201e,1c06b7310ff1e727,de87076b2877c254,,,,,17.182574557829305,14.986568238247449,7.587876736910501,False,32810,32810,32810,11637.0
oculus_audio_pack/footsteps_shoe_grass_walk_05.wav,oculus_audio_pack,legacy_import,baseline,rgs,high,35712,48000,32811,44100,1,13308,7,0.744,143.09677419354838,1.991,2.019708,2.0213016,0.257817949,0.263077207,0.2633480734,2885.757189853372,08985e45117a86da958a0d6933fac3a52ae5907d65ce0204486e81d3fad3c348,c14641d8e6a7a713d5a13eaacf6f50edb9d93f0f7b6e40353e8b9696ed4de2d0,fcf6ca5dad92172e,13e6e6ec905a5344,48,40960,0.030557927,0.280261111,4.703434828810736,3.124906261857535,19.392228383569957,False,32810,32810,32811,18616.0
oculus_audio_pack/footsteps_shoe_grass_walk_05.wav,oculus_audio_pack,legacy_import,baseline,rgs,medium,35712,48000,32811,44100,1,10076,7,0.744,108.34408602150539,5.7663,5.8010500004,5.81077000088,0.265031579,0.2681481576,0.26822331552,2807.212645403286,c2a46bec1dd5a90223decf6ce40138e2686cac768e40ca7d57b02f89c27d6fe8,10e28714ec16aea869d043bb80953f956890fad6ca62bb02cabc12d556ce1b85,ee591ba0b93b4691,893779aba148c7fd,48,40960,0.031833016,0.284036111,4.619563430599666,3.0087879031889546,17.596084530316908,False,32810,32810,32811,18766.0
oculus_audio_pack/footsteps_shoe_grass_walk_05.wav,oculus_audio_pack,legacy_import,baseline,rgs,low,35712,48000,32811,44100,1,10026,7,0.744,107.80645161290323,6.172800001,6.213834999,6.223446999,0.263818421,0.26894710530000004,0.26965889466000004,2820.121495610043,6827f09037ca68e279ce653d0aaca3830dd6854e25f2799108555a19fe509176,dea48abc6ebdbeb096586bcc7f8353a9b417f0f2b81d822b2dab44093881acfa,306f207f8f95104c,2814b20826ddc58b,48,40960,0.031390596,0.283447222,4.61719841742095,3.010786966258688,17.569450569284704,False,32810,32810,32811,18498.0
oculus_audio_pack/footsteps_shoe_metal_run_04.wav,oculus_audio_pack,normalized,baseline,rgs,high,11388,44100,11388,44100,1,4644,7,0.2582312925170068,143.87102212855635,0.588482353,0.6047147056,0.60594999952,0.066846667,0.0676001835,0.0676540911,3863.0391627006147,5d1c88378b7b2fb459026a485531f8756c048c5647bab105c6869603471bdd61,9e2b86573a1054c7b95b76774825b70e30a1321b4adee1fbccbf7eb9f3c525e5,a3f4ceb9c1a342d2,e605aa25f2ac79d5,48,40960,0.027183967,0.075584211,35.348846046775925,34.671518010744876,7.124297899868074,False,11388,11388,11388,1783.0
oculus_audio_pack/footsteps_shoe_metal_run_04.wav,oculus_audio_pack,normalized,candidate,rgs,high,11388,44100,11388,44100,1,4644,7,0.2582312925170068,143.87102212855635,0.568838889,0.5749316664,0.57593299968,0.053702674,0.0542412328,0.05436781216,4808.5369551059375,5d1c88378b7b2fb459026a485531f8756c048c5647bab105c6869603471bdd61,9e2b86573a1054c7b95b76774825b70e30a1321b4adee1fbccbf7eb9f3c525e5,a3f4ceb9c1a342d2,e605aa25f2ac79d5,48,40960,0.022831279,0.054404348,35.348846046775925,34.671518010744876,7.124297899868074,False,11388,11388,11388,1783.0
oculus_audio_pack/footsteps_shoe_metal_run_04.wav,oculus_audio_pack,normalized,baseline,rgs,medium,11388,44100,11388,44100,1,3546,7,0.2582312925170068,109.85500526870388,1.536471429,1.5580157146,1.55874600052,0.070201399,0.0719858183,0.07208234366,3678.4351337073326,38b9cf6d88277ebe774b8fb4e40857ead57474fc6720e1978430bff0977a4192,7ac9c9eaa2b11a2bbf7d0223904b3f2ec4233e9a2ae9de8733ae63f0d3a4c8be,5e1d321d967f7abd,80e95f439db852e9,48,40960,0.02800419,0.076429771,32.08298851911235,29.10063771048199,8.434095024392931,False,11388,11388,11388,2523.0
oculus_audio_pack/footsteps_shoe_metal_run_04.wav,oculus_audio_pack,normalized,candidate,rgs,medium,11388,44100,11388,44100,1,3546,7,0.2582312925170068,109.85500526870388,1.241233333,1.26379375,1.26470875,0.056459551,0.0568996715,0.0570049343,4573.739747186562,38b9cf6d88277ebe774b8fb4e40857ead57474fc6720e1978430bff0977a4192,7ac9c9eaa2b11a2bbf7d0223904b3f2ec4233e9a2ae9de8733ae63f0d3a4c8be,5e1d321d967f7abd,80e95f439db852e9,48,40960,0.024249637,0.056634463,32.08298851911235,29.10063771048199,8.434095024392931,False,11388,11388,11388,2523.0
oculus_audio_pack/footsteps_shoe_metal_run_04.wav,oculus_audio_pack,normalized,baseline,rgs,low,11388,44100,11388,44100,1,3538,7,0.2582312925170068,109.60716543730241,1.561314285,1.6087599996,1.60956914232,0.071690714,0.0721615828,0.07219059016,3602.0187010134505,8b93ec926e81b33da822924214da9ab162a2f429c4e1aa7846710a734dceea75,620b93171e6f3741fbfd42fb154715ec7f6a822332637c4367eb936aae56d1da,8a43bdd7c5749763,b50c34eeb5cb51ac,48,40960,0.028373371,0.075769697,30.26980336455007,28.709839875795595,8.622255327889796,False,11388,11388,11388,3026.0
oculus_audio_pack/footsteps_shoe_metal_run_04.wav,oculus_audio_pack,normalized,candidate,rgs,low,11388,44100,11388,44100,1,3538,7,0.2582312925170068,109.60716543730241,1.2564,1.27906625,1.2813132500000002,0.057473143,0.0578500307,0.05790757814,4493.077619176088,8b93ec926e81b33da822924214da9ab162a2f429c4e1aa7846710a734dceea75,620b93171e6f3741fbfd42fb154715ec7f6a822332637c4367eb936aae56d1da,8a43bdd7c5749763,b50c34eeb5cb51ac,48,40960,0.024223002,0.05763908,30.26980336455007,28.709839875795595,8.622255327889796,False,11388,11388,11388,3026.0
oculus_audio_pack/footsteps_shoe_metal_run_04.wav,oculus_audio_pack,normalized,reference,pcm,default,11388,44100,11388,44100,1,22820,7,0.2582312925170068,706.9631190727081,0.000872568,0.000888239,0.000889871,0.001444907,0.0014819006,0.00149014892,178718.27911208596,6c079788045869c392066c606dc92f6f2d9af27537e3eafaf93a809c37966913,6c079788045869c392066c606dc92f6f2d9af27537e3eafaf93a809c37966913,9ccd539757ce0ca8,e8b0e690fef02941,,,,,,60.0,0.0,True,11388,11388,11388,0.0
oculus_audio_pack/footsteps_shoe_metal_run_04.wav,oculus_audio_pack,normalized,reference,qoa,default,11388,44100,11388,44100,1,4640,7,0.2582312925170068,143.74710221285562,0.375566667,0.379137037,0.37976814820000004,0.026819035,0.0273073193,0.02737031666,9628.657127931963,e0595fc118b5f27383634a2c1759cfb0b3b37b6b067eed0d2d1ac24f869f7077,9e2b86573a1054c7b95b76774825b70e30a1321b4adee1fbccbf7eb9f3c525e5,5914afe23e20fc7c,e605aa25f2ac79d5,268,40960,0.011992566,,35.348846046775925,34.671518010744876,7.124297899868074,False,11388,11388,11388,1783.0
oculus_audio_pack/footsteps_shoe_metal_run_04.wav,oculus_audio_pack,normalized,reference,ima,default,11388,44100,11388,44100,1,6204,7,0.2582312925170068,192.199789251844,0.124006173,0.1246628395,0.1246975063,0.085474359,0.0863380352,0.08644484863999999,3021.155063789444,bfb43701546f31e8e19db7e2b515d6613fe86477d7e2ab1e1b6da12cfdaae2ed,a0fd1ca7946da41ee38d0aff423e479d794a9c7c193bdd372edc89c202bb1216,169b5e89f19c3cb9,98713fd208172568,,,,,35.97415250402359,38.70161483522338,6.256650262067692,False,11388,11388,11388,3913.0
oculus_audio_pack/footsteps_shoe_metal_run_04.wav,oculus_audio_pack,legacy_import,baseline,rgs,high,12395,48000,11388,44100,1,4644,7,0.2582291666666667,143.8722065348931,0.50283,0.5599251114999999,0.5735005782999999,0.070695775,0.0740080065,0.07481891489999999,3652.6817432394887,1a51e7157546fe270927690e58908b3282b6b82a9195dc70289eeb9787d99443,effae3f03c764ec09eb9fa553fa00c4f97afa8160022c408c17dc54c376bb892,05a5b072dc1d558a,af3ca71f2f1ff95b,48,40960,0.026940323,0.074401481,28.242251631098455,28.978668291866214,13.608920039880807,False,11388,11388,11388,5586.0
oculus_audio_pack/footsteps_shoe_metal_run_04.wav,oculus_audio_pack,legacy_import,baseline,rgs,medium,12395,48000,11388,44100,1,3540,7,0.2582291666666667,109.67002823719241,1.2582375,1.26954,1.2699479999999999,0.07320292,0.0741485244,0.07428037128,3527.5801384243505,814b048b813ef74cdd2fc8f8a4e70721490d80626a9707e54122806b35d40948,77ca72b7851dec36c10dfc8fd9e7bdd838a2c997a3ba3ae564f8fd3f9fffe957,8f049d3371eb5902,8eb1fd77cdeeaf3d,48,40960,0.028444318,0.075718045,28.40726652149438,28.51211984395589,11.357052386582836,False,11388,11388,11388,5096.0
oculus_audio_pack/footsteps_shoe_metal_run_04.wav,oculus_audio_pack,legacy_import,baseline,rgs,low,12395,48000,11388,44100,1,3504,7,0.2582291666666667,108.5547398144413,1.521414286,1.5509514288,1.55207600016,0.07340438,0.0737971325,0.0738629561,3517.8986140427405,774a0055bdb65c6285204017c4d4f5a5d16f529277602be28ba26bb522e19aaa,9c29a1c578957a57fdbc688f4dab3f8a38777cf0a035f2a30c55ff4463e08c27,692987550cb17e5d,01d032e75fed9776,48,40960,0.028681662,0.076363359,28.14087881703591,28.53363286041105,11.273757372586548,False,11388,11388,11388,4810.0
oculus_audio_pack/footsteps_shoe_snow_walk_03.wav,oculus_audio_pack,normalized,baseline,rgs,high,35783,44100,35783,44100,1,14500,7,0.8114058956916099,142.961741609144,2.12178,2.153478,2.1551435999999997,0.29194,0.29612647090000005,0.29651470618000003,2779.3584150565525,c058fcef4d2373d8a0e40150345d6a680af0e416040a1e47ab1d36fb2b329aeb,2feb42cb37ac6d3d1cd4241974428b3262b2c620568c82171c97799d112ba60d,b9aff338cfbc3eb6,9591d487f98cf747,48,40960,0.028567236,0.314896875,21.268046454578183,16.876088355572914,7.0208851728818855,False,35783,35783,35783,2283.0
oculus_audio_pack/footsteps_shoe_snow_walk_03.wav,oculus_audio_pack,normalized,candidate,rgs,high,35783,44100,35783,44100,1,14500,7,0.8114058956916099,142.961741609144,2.10588,2.151106,2.1573892,0.2517425,0.25483125,0.25497225,3223.158170319314,c058fcef4d2373d8a0e40150345d6a680af0e416040a1e47ab1d36fb2b329aeb,2feb42cb37ac6d3d1cd4241974428b3262b2c620568c82171c97799d112ba60d,b9aff338cfbc3eb6,9591d487f98cf747,48,40960,0.023132102,0.2563025,21.268046454578183,16.876088355572914,7.0208851728818855,False,35783,35783,35783,2283.0
oculus_audio_pack/footsteps_shoe_snow_walk_03.wav,oculus_audio_pack,normalized,baseline,rgs,medium,35783,44100,35783,44100,1,11068,7,0.8114058956916099,109.12417628482801,6.703499999,6.8214949993000005,6.85325899906,0.30055,0.3063426469,0.30811088218000005,2699.736801502612,68de0a36b8f844bdaed555ed5e69067e53251042b34c32ffb059862db27177d1,534c6df9d568912e80264ff16bd8aab95d4ea8c223f18af3036c3ff70ea3da07,35b2364046c8cefb,d1b85accea1cb96f,48,40960,0.028409375,0.31468125,17.33462381537437,11.380154758935216,8.25861397571822,False,35783,35783,35783,3157.0
oculus_audio_pack/footsteps_shoe_snow_walk_03.wav,oculus_audio_pack,normalized,candidate,rgs,medium,35783,44100,35783,44100,1,11068,7,0.8114058956916099,109.12417628482801,4.7477,4.7800366676,4.78070066792,0.253005,0.25554275000000004,0.25585655,3207.0745467149263,68de0a36b8f844bdaed555ed5e69067e53251042b34c32ffb059862db27177d1,534c6df9d568912e80264ff16bd8aab95d4ea8c223f18af3036c3ff70ea3da07,35b2364046c8cefb,d1b85accea1cb96f,48,40960,0.023580706,0.2537,17.33462381537437,11.380154758935216,8.25861397571822,False,35783,35783,35783,3157.0
oculus_audio_pack/footsteps_shoe_snow_walk_03.wav,oculus_audio_pack,normalized,baseline,rgs,low,35783,44100,35783,44100,1,10958,7,0.8114058956916099,108.03963893468966,6.6953,6.7202849996,6.72113699912,0.295432353,0.2964800002,0.29663952963999995,2746.503175607209,987fd9fc95fe1f5112ef177d531967d14741974d0ac39fd9296d36d61eb42db6,220f0a518e5a734284c03f96a0c323b5fe040413a9e3ebde078c6f511cf92312,1f83980d0c242f90,013a523d8e637a2d,48,40960,0.029460294,0.313453125,15.041428882658415,11.16480312363397,8.347244445211299,False,35783,35783,35783,4040.0
oculus_audio_pack/footsteps_shoe_snow_walk_03.wav,oculus_audio_pack,normalized,candidate,rgs,low,35783,44100,35783,44100,1,10958,7,0.8114058956916099,108.03963893468966,4.772566667,4.8464766663,4.8683886660599995,0.25338,0.2591183266,0.26035289572000003,3202.3281067630037,987fd9fc95fe1f5112ef177d531967d14741974d0ac39fd9296d36d61eb42db6,220f0a518e5a734284c03f96a0c323b5fe040413a9e3ebde078c6f511cf92312,1f83980d0c242f90,013a523d8e637a2d,48,40960,0.023898568,0.2520275,15.041428882658415,11.16480312363397,8.347244445211299,False,35783,35783,35783,4040.0
oculus_audio_pack/footsteps_shoe_snow_walk_03.wav,oculus_audio_pack,normalized,reference,pcm,default,35783,44100,35783,44100,1,71610,7,0.8114058956916099,706.0338149400553,0.001772337,0.0017871658,0.00178814836,0.002278018,0.0022851416,0.00228541952,356189.41364449705,d42119e0841dc304036d38af9702b2c7b8f412ee1074b22e5b6823ae1c915cf6,d42119e0841dc304036d38af9702b2c7b8f412ee1074b22e5b6823ae1c915cf6,c89b8542dd6c4592,81e148296a41707c,,,,,,60.0,0.0,True,35783,35783,35783,0.0
oculus_audio_pack/footsteps_shoe_snow_walk_03.wav,oculus_audio_pack,normalized,reference,qoa,default,35783,44100,35783,44100,1,14496,7,0.8114058956916099,142.9223038873208,1.3150625,1.32512375,1.32649475,0.083187603,0.0839626618,0.08406043156000001,9753.92806656071,a7fe6df6988bb2985ebdd2b3835fa9e739a16496b3433250733abe97562822d7,2feb42cb37ac6d3d1cd4241974428b3262b2c620568c82171c97799d112ba60d,2e7c34da939ce52b,9591d487f98cf747,268,40960,0.012080556,,21.268046454578183,16.876088355572914,7.0208851728818855,False,35783,35783,35783,2283.0
oculus_audio_pack/footsteps_shoe_snow_walk_03.wav,oculus_audio_pack,normalized,reference,ima,default,35783,44100,35783,44100,1,18492,7,0.8114058956916099,182.32058798870975,0.406084,0.4085452,0.40886104,0.273602703,0.2778459534,0.27891807948,2965.6355247762663,c3fe6a0ba923536aa2dae9f5b45487aea7ac3902463b8d221e9a2dc88c7abdfc,4cb48aab28c8881edbc7c8b8a0aeb435cf3fa8a889c38f4880dc8564dcb11109,9b069a9109cfee40,87ef0103d8f8ac0e,,,,,22.783495151362395,18.551789758002872,6.579783349258959,False,35783,35783,35783,2995.0
oculus_audio_pack/footsteps_shoe_snow_walk_03.wav,oculus_audio_pack,legacy_import,baseline,rgs,high,38948,48000,35784,44100,1,14500,7,0.8114166666666667,142.95984389442333,1.732933333,1.808808333,1.820028333,0.275002703,0.2777962013,0.27790146266,2950.577059115912,0d9d963ac277d4934f367aa7d6cdaef8d59c6bc91db458f4d26447d730b1c5bb,e973939141530f0b6fa4fcecebfcb7a580107f7a51af7480e87e4c8d70389a10,2ff7c0c555c09f7f,29747df2c6035f08,48,40960,0.027304087,0.298058824,10.4511168215045,6.827179021843973,17.27846482063825,False,35783,35783,35784,8232.0
oculus_audio_pack/footsteps_shoe_snow_walk_03.wav,oculus_audio_pack,legacy_import,baseline,rgs,medium,38948,48000,35784,44100,1,10954,7,0.8114166666666667,107.99876758755263,4.960000001,5.0530549996,5.05429099912,0.281486111,0.2878054998,0.28873595676,2882.617063357228,b0a5031ce7f8d2937a63976b32fdb6932ea26d4768335fc166e82ef87ef30c6e,26add056aa608761270a6f29e2130d30ecd2370daf2740af613d323f1b701f0e,f6da9d8dbe169ea2,bde54016e9a38f33,48,40960,0.027731579,0.300523529,10.321297059821203,6.610344350424162,14.784544506016381,False,35783,35783,35784,8789.0
oculus_audio_pack/footsteps_shoe_snow_walk_03.wav,oculus_audio_pack,legacy_import,baseline,rgs,low,38948,48000,35784,44100,1,10920,7,0.8114166666666667,107.66355140186916,5.38855,5.424309999999999,5.431941999999999,0.281538889,0.28498183309999997,0.28565465221999997,2882.076680591954,3bfa3c0cfbce3557a8fce5edfc2808f9901561f05f97f54bb235166f0b4b180e,9f8b3e1b7ece2bdabc9bbb57f2d7baa5ebd1bd0b7e89b74cf6dbf397c91e8516,79f055330c6e32d1,a7da8a5112146955,48,40960,0.027866852,0.299385294,10.263112607934598,6.598813321052612,14.863941681678869,False,35783,35783,35784,8789.0
oculus_audio_pack/indoor_hydraulic_01.wav,oculus_audio_pack,normalized,baseline,rgs,high,202979,44100,202979,44100,1,82164,7,4.6026984126984125,142.81013897989448,12.0777,12.2535400003,12.27518800006,1.70365,1.728195,1.735239,2701.669012237497,916bf409fd2191f34bfb77e1589d7f85468497feeedc19fbfa853a08ed772d9b,32b005cb8928f9244c9254aec6fd58bbeaae880297dbcdc63c8cdb7c9ee92540,c260abd2abc86f59,9b7bde7dbaf25d78,48,40960,0.027518407,1.712766667,36.231342420141964,32.26502585050561,11.421699405941906,False,202979,202979,202979,903.0
oculus_audio_pack/indoor_hydraulic_01.wav,oculus_audio_pack,normalized,candidate,rgs,high,202979,44100,202979,44100,1,82164,7,4.6026984126984125,142.81013897989448,11.7322,11.8669200013,11.90546400106,1.456628571,1.4796785714,1.48014142868,3159.8298319375835,916bf409fd2191f34bfb77e1589d7f85468497feeedc19fbfa853a08ed772d9b,32b005cb8928f9244c9254aec6fd58bbeaae880297dbcdc63c8cdb7c9ee92540,c260abd2abc86f59,9b7bde7dbaf25d78,48,40960,0.022673077,1.440057143,36.231342420141964,32.26502585050561,11.421699405941906,False,202979,202979,202979,903.0
oculus_audio_pack/indoor_hydraulic_01.wav,oculus_audio_pack,normalized,baseline,rgs,medium,202979,44100,202979,44100,1,62028,7,4.6026984126984125,107.81153912473704,35.614899997,35.7292800014,35.73537600188,1.712733333,1.7834133336,1.79518933392,2687.340944451866,82f87d96fc6568d0c4e2e1912f9d2ab859e79eb3c1d5e2dbcd487b0ca767d026,a6c70bcb119f69fb28d46296d789f294b30a93b63d7f94dc95ce10e70222b758,4cbd4819ce2d8ad6,67a28cf27eeaadbc,48,40960,0.028372238,1.749233333,27.640274073671407,24.24221501449555,14.64214675306143,False,202979,202979,202979,1682.0
oculus_audio_pack/indoor_hydraulic_01.wav,oculus_audio_pack,normalized,candidate,rgs,medium,202979,44100,202979,44100,1,62028,7,4.6026984126984125,107.81153912473704,24.4351,24.7498699993,24.79501399906,1.472642858,1.5051742859,1.5116405715799999,3125.46819325179,82f87d96fc6568d0c4e2e1912f9d2ab859e79eb3c1d5e2dbcd487b0ca767d026,a6c70bcb119f69fb28d46296d789f294b30a93b63d7f94dc95ce10e70222b758,4cbd4819ce2d8ad6,67a28cf27eeaadbc,48,40960,0.023773159,1.472485715,27.640274073671407,24.24221501449555,14.64214675306143,False,202979,202979,202979,1682.0
oculus_audio_pack/indoor_hydraulic_01.wav,oculus_audio_pack,normalized,baseline,rgs,low,202979,44100,202979,44100,1,61866,7,4.6026984126984125,107.52996516881056,37.728400003,37.983419998,38.018603998,1.705566666,1.7179183332,1.71905033304,2698.63295551674,22e693031b36d9ea5ee5c9e24c37739432060d1df330643c9202913c3cb45a1d,cabc026fe74adc715a0fbf4f2f00db8188403615f77710c42d63a9cd1bcdd0f6,81bf5ed4f55ff5c2,4a1bb830e12aeb2d,48,40960,0.028336261,1.724233334,27.38215516761571,24.17988514510638,14.619575177799561,False,202979,202979,202979,2657.0
oculus_audio_pack/indoor_hydraulic_01.wav,oculus_audio_pack,normalized,candidate,rgs,low,202979,44100,202979,44100,1,61866,7,4.6026984126984125,107.52996516881056,24.414099999,24.5384199993,24.54072399906,1.474428571,1.4937957144,1.4949305716799999,3121.682869707774,22e693031b36d9ea5ee5c9e24c37739432060d1df330643c9202913c3cb45a1d,cabc026fe74adc715a0fbf4f2f00db8188403615f77710c42d63a9cd1bcdd0f6,81bf5ed4f55ff5c2,4a1bb830e12aeb2d,48,40960,0.02322413,1.448228572,27.38215516761571,24.17988514510638,14.619575177799561,False,202979,202979,202979,2657.0
oculus_audio_pack/indoor_hydraulic_01.wav,oculus_audio_pack,normalized,reference,pcm,default,202979,44100,202979,44100,1,406002,7,4.6026984126984125,705.6764768769183,0.007301606,0.007433801800000001,0.0074414035600000004,0.007956325,0.0080353459,0.00804658678,578495.5255973596,142f902fac11c61453f53cd35fa4009a15ba91bd2765882d6c893193907ffa05,142f902fac11c61453f53cd35fa4009a15ba91bd2765882d6c893193907ffa05,3737ee50cb9378aa,836283a76039c5f8,,,,,,60.0,0.0,True,202979,202979,202979,0.0
oculus_audio_pack/indoor_hydraulic_01.wav,oculus_audio_pack,normalized,reference,qoa,default,202979,44100,202979,44100,1,82160,7,4.6026984126984125,142.80318653653828,7.27165,7.3048549999,7.30537099918,0.476614286,0.481849048,0.48219076240000003,9657.071866910872,fcebe6c91fcf54695bdc7a9f4f0f5a8d3bdd47dcd38f52e91036bab7ad2faca1,32b005cb8928f9244c9254aec6fd58bbeaae880297dbcdc63c8cdb7c9ee92540,01fc8531d9edc801,9b7bde7dbaf25d78,268,40960,0.012021394,,36.231342420141964,32.26502585050561,11.421699405941906,False,202979,202979,202979,903.0
oculus_audio_pack/indoor_hydraulic_01.wav,oculus_audio_pack,normalized,reference,ima,default,202979,44100,202979,44100,1,102460,7,4.6026984126984125,178.08683656930026,2.23886,2.266794,2.2733748,1.523685714,1.5472814281,1.55067914242,3020.766271159259,6f6e3e715566e8467f12a2c3817b68a8131f59859e8d5a7b6e92fff12c014653,1af78aeaad2781baee8cf143abb731d8e71c87d90fd7098df4a4bc28ddc2e002,8a63aac82ae9e18a,d75ab4102e4bbcf5,,,,,32.679208056347775,31.973062923186966,12.218317833624162,False,202979,202979,202979,3175.0
oculus_audio_pack/indoor_hydraulic_01.wav,oculus_audio_pack,legacy_import,baseline,rgs,high,220929,48000,202979,44100,1,82164,7,4.6026875,142.8104775742433,15.554299999,15.883279999600001,15.90881599912,1.605271429,1.6211371427,1.62325599974,2867.233177424227,cc8af5ad1bb1c456176071205c34df98117bf5363d5ba2e4c3ec63a3f588d515,154f77fcf8544f9ad381ad0850d7ecd1db9113b5ebbec438de26d624d8086d37,3bc9155305377900,2b5aabdae918b753,48,40960,0.025421827,1.628514286,20.544874316387922,20.01852607062401,11.505295906689874,False,202979,202979,202979,3124.0
oculus_audio_pack/indoor_hydraulic_01.wav,oculus_audio_pack,legacy_import,baseline,rgs,medium,220929,48000,202979,44100,1,61866,7,4.6026875,107.53022011596485,33.365999997,33.6637400013,33.69546800106,1.67955,1.6879683336,1.68826033392,2740.428983954035,fd9214c69419c2c2497289da0715e22e7912eef0a679712b041d9b7bbc0e524b,975882fe6838fe066c1eaf58f06c7f34c9db849830eacbe1a0fa27c2ac832ebc,cab443123422b1fa,17905dbe17f1031c,48,40960,0.026586207,1.681416667,20.304817346544013,19.39922882780476,13.107288502523302,False,202979,202979,202979,3685.0
oculus_audio_pack/indoor_hydraulic_01.wav,oculus_audio_pack,legacy_import,baseline,rgs,low,220929,48000,202979,44100,1,61866,7,4.6026875,107.53022011596485,33.418499999,33.926550000700004,34.09347000094,1.668033333,1.6889749998999999,1.69423499998,2759.349833688246,fd9214c69419c2c2497289da0715e22e7912eef0a679712b041d9b7bbc0e524b,975882fe6838fe066c1eaf58f06c7f34c9db849830eacbe1a0fa27c2ac832ebc,cab443123422b1fa,17905dbe17f1031c,48,40960,0.026981671,1.699683333,20.304817346544013,19.39922882780476,13.107288502523302,False,202979,202979,202979,3685.0
oculus_audio_pack/indoor_lever_pull_03.wav,oculus_audio_pack,normalized,baseline,rgs,high,39381,44100,39381,44100,1,15964,7,0.8929931972789116,143.01564713948352,2.07956,2.1378460002999997,2.14403320006,0.288111429,0.290570571,0.290872971,3099.471618944043,d6275fe1682880d5c3f7f2e4647c2246e399c7349102a5bee841034958ae0633,d7a9f4ef1560d13cc147c9276c45494b1892b8e61d86712f53ae5db864908a6a,8c5ea966e9f910e6,27d40b80b880e89d,48,40960,0.031188474,0.305093939,19.837297966288073,30.452932511080114,9.823332213181194,False,39381,39381,39381,12432.0
oculus_audio_pack/indoor_lever_pull_03.wav,oculus_audio_pack,normalized,candidate,rgs,high,39381,44100,39381,44100,1,15964,7,0.8929931972789116,143.01564713948352,2.01008,2.074198,2.0804236,0.242930952,0.24588742160000002,0.24685943552,3675.913628654909,d6275fe1682880d5c3f7f2e4647c2246e399c7349102a5bee841034958ae0633,d7a9f4ef1560d13cc147c9276c45494b1892b8e61d86712f53ae5db864908a6a,8c5ea966e9f910e6,27d40b80b880e89d,48,40960,0.023061751,0.248597561,19.837297966288073,30.452932511080114,9.823332213181194,False,39381,39381,39381,12432.0
oculus_audio_pack/indoor_lever_pull_03.wav,oculus_audio_pack,normalized,baseline,rgs,medium,39381,44100,39381,44100,1,12288,7,0.8929931972789116,110.08370534013865,5.17145,5.2413400007,5.24462800094,0.289997143,0.2949597061,0.29497311802000004,3079.317223752482,7e3d81503ef51b4877ef594f8e88956f9fb3b5d22d122dd9df202526087005df,bddd22ba5952eace85ba5c4089b498e842bf4c8ec5d705de2d1d8dd42bb67ecf,fd5128375c6ef558,be8b29babc77e2bf,48,40960,0.033331229,0.311657576,17.526908810963718,23.81556398142458,12.448191044126068,False,39381,39381,39381,14055.0
oculus_audio_pack/indoor_lever_pull_03.wav,oculus_audio_pack,normalized,candidate,rgs,medium,39381,44100,39381,44100,1,12288,7,0.8929931972789116,110.08370534013865,4.510966666,4.63451,4.636742,0.247921951,0.2499539023,0.25023078046,3601.912592559872,7e3d81503ef51b4877ef594f8e88956f9fb3b5d22d122dd9df202526087005df,bddd22ba5952eace85ba5c4089b498e842bf4c8ec5d705de2d1d8dd42bb67ecf,fd5128375c6ef558,be8b29babc77e2bf,48,40960,0.023546588,0.247609756,17.526908810963718,23.81556398142458,12.448191044126068,False,39381,39381,39381,14055.0
oculus_audio_pack/indoor_lever_pull_03.wav,oculus_audio_pack,normalized,baseline,rgs,low,39381,44100,39381,44100,1,12096,7,0.8929931972789116,108.36364744419899,6.179049999,6.2304600007,6.23089200094,0.28724,0.2924342861,0.29364800042,3108.8747990492675,c733fb27a6a413cd9c1f263ceaf936196ea556548e576c54f3992be8273e417b,3783eccace36602db47c836984d0df7b81a16cdb73edad786097c8ea64f70f1e,e2e398f8a7bdc9cb,c7c593d90d8c6cfe,48,40960,0.033873986,0.308342424,15.85459981646432,23.625413507847608,12.42930446723184,False,39381,39381,39381,18224.0
oculus_audio_pack/indoor_lever_pull_03.wav,oculus_audio_pack,normalized,candidate,rgs,low,39381,44100,39381,44100,1,12096,7,0.8929931972789116,108.36364744419899,4.530766667,4.6462866667,4.67523066694,0.249002439,0.252259,0.2529058,3586.2829330716377,c733fb27a6a413cd9c1f263ceaf936196ea556548e576c54f3992be8273e417b,3783eccace36602db47c836984d0df7b81a16cdb73edad786097c8ea64f70f1e,e2e398f8a7bdc9cb,c7c593d90d8c6cfe,48,40960,0.023264419,0.248,15.85459981646432,23.625413507847608,12.42930446723184,False,39381,39381,39381,18224.0
oculus_audio_pack/indoor_lever_pull_03.wav,oculus_audio_pack,normalized,reference,pcm,default,39381,44100,39381,44100,1,78806,7,0.8929931972789116,705.9941799344862,0.001877229,0.0018893203,0.00188932486,0.002396501,0.0024165184,0.0024223052799999998,372623.75324646704,7bd3d5edab7f985d62c614ee5813524cd2256ad28ca1ebdd69ee8cc0fbed883f,7bd3d5edab7f985d62c614ee5813524cd2256ad28ca1ebdd69ee8cc0fbed883f,e25a3d2aa00da0e2,dbb245a609fbc300,,,,,,60.0,0.0,True,39381,39381,39381,0.0
oculus_audio_pack/indoor_lever_pull_03.wav,oculus_audio_pack,normalized,reference,qoa,default,39381,44100,39381,44100,1,15960,7,0.8929931972789116,142.97981259998477,1.2863,1.31738625,1.32118725,0.091719091,0.0945096545,0.0948596669,9736.175833653993,1cd54814421171b49d5a49dae1e77bad39d1879aa42b33efc7b68f640194afac,d7a9f4ef1560d13cc147c9276c45494b1892b8e61d86712f53ae5db864908a6a,48ac08f48dcf2fea,27d40b80b880e89d,268,40960,0.01225202,,19.837297966288073,30.452932511080114,9.823332213181194,False,39381,39381,39381,12432.0
oculus_audio_pack/indoor_lever_pull_03.wav,oculus_audio_pack,normalized,reference,ima,default,39381,44100,39381,44100,1,20540,7,0.8929931972789116,184.01036032604554,0.4318875,0.44289173919999997,0.44533660863999996,0.295647059,0.2980729412,0.29840047063999997,3020.4704227377806,4967af496ac7c9035967a14c81e9b68caff8e9bc3dbd779399a5c8f3d85ca1c0,bac56810c4727d605587d8304c15f3657fe2a8fb203b75abc48b327d44e4735d,9fc47640d21b97b9,3269a44cf6bb054c,,,,,23.9448071748846,33.29262286164872,9.322957658841752,False,39381,39381,39381,7358.0
oculus_audio_pack/indoor_lever_pull_03.wav,oculus_audio_pack,legacy_import,baseline,rgs,high,42864,48000,39382,44100,1,15964,7,0.893,143.0145576707727,1.99205,2.0105649998,2.01243299996,0.265057895,0.26914815799999997,0.270120158,3369.075273158719,c4329b7bc813bbcbf43102c6eae994b1dbe38eb1a5bcb0fcfcb9c2714f511bc3,b42fe64c1489ed048df33387005687d5e8ac2abc84eb9c34a1e3288c6a9903cf,4dfd403d35081ebc,e22d97741a244ef0,48,40960,0.028002514,0.281983333,11.377802375649019,21.94152584203099,11.803097941231341,False,39381,39381,39382,13309.0
oculus_audio_pack/indoor_lever_pull_03.wav,oculus_audio_pack,legacy_import,baseline,rgs,medium,42864,48000,39382,44100,1,12108,7,0.893,108.47032474804031,5.478049999,5.524995,5.536238999999999,0.280161111,0.2848808332,0.28601616664,3187.4516659808646,02fe276648cd1d4b8aec4c4a24b758961dfce0dc8e54d3a8a1cc45e4b18c5f72,f444d4e547bcf1bd88a20b17ab53da3575913d5e9e09450a0c64b4694d4edb36,2c5ef314f3008d5b,94ecb5d48cb545bd,48,40960,0.031231776,0.303348485,11.24469901616024,20.936427996475235,11.790179693730208,False,39381,39381,39382,13247.0
oculus_audio_pack/indoor_lever_pull_03.wav,oculus_audio_pack,legacy_import,baseline,rgs,low,42864,48000,39382,44100,1,12024,7,0.893,107.71780515117581,6.104599999,6.1976450007,6.22304900094,0.278255555,0.2820758335,0.2821285003,3209.280044741605,27e4ed64c3bf0cf6a907629b6781f2e36cc0688b3934ad8202dd173497c33286,b616842e621f500a42de06c1d8ddc49068c63372d7e94ee9b79f8c48f7e4666a,3e9bf0bfb6a92238,d58f997ca2a0c0f5,48,40960,0.031673101,0.303181818,11.161803934545343,20.884056889154365,11.845805843981571,False,39381,39381,39382,13082.0
oculus_audio_pack/interaction_book_page_turns.wav,oculus_audio_pack,normalized,baseline,rgs,high,174972,44100,174972,44100,1,70844,7,3.967619047619048,142.8443590974556,7.460449999,7.5052600004,7.50965200088,1.436628572,1.5886485712999998,1.6263697142599998,2761.757022621048,18ffda549d3ac6ad52bf4c3c891332f1269e5cdc1d3566d22674c9ef8ee798f8,1a4860534bf338dfb19534c63ff9d8b5ed9f13afa638d18951d079d94937db71,61c45ce8b40a4251,2f47340ae5163b08,48,40960,0.027751524,1.432057143,29.42415060866541,28.09160930309794,8.253000296731937,False,174972,174972,174972,2124.0
oculus_audio_pack/interaction_book_page_turns.wav,oculus_audio_pack,normalized,candidate,rgs,high,174972,44100,174972,44100,1,70844,7,3.967619047619048,142.8443590974556,7.2193,7.3265499993,7.3542699990600005,1.213055556,1.2306411109,1.2307771109799999,3270.764498785287,18ffda549d3ac6ad52bf4c3c891332f1269e5cdc1d3566d22674c9ef8ee798f8,1a4860534bf338dfb19534c63ff9d8b5ed9f13afa638d18951d079d94937db71,61c45ce8b40a4251,2f47340ae5163b08,48,40960,0.022711338,1.192944445,29.42415060866541,28.09160930309794,8.253000296731937,False,174972,174972,174972,2124.0
oculus_audio_pack/interaction_book_page_turns.wav,oculus_audio_pack,normalized,baseline,rgs,medium,174972,44100,174972,44100,1,53632,7,3.967619047619048,108.13941430628901,22.669100001,23.015380001,23.054356001,1.431371429,1.4653400000999999,1.46799371442,2771.900407702666,8cd3c843c63ff2ce6a94de2215dcb6b8eff539ab777645ce1b2b91e25e0b5a37,e1dee5e20c53a48436a3a428fdc80e162d614ce286197a7925c90574555d39a7,5ff12ad36f4f1a55,12e34b806d786548,48,40960,0.02851453,1.430014286,24.18926901775115,21.631043380132283,10.011724565453585,False,174972,174972,174972,3223.0
oculus_audio_pack/interaction_book_page_turns.wav,oculus_audio_pack,normalized,candidate,rgs,medium,174972,44100,174972,44100,1,53632,7,3.967619047619048,108.13941430628901,16.407700002,16.6596999989,16.68537999818,1.214555555,1.2180466667,1.21912933334,3266.725042988295,8cd3c843c63ff2ce6a94de2215dcb6b8eff539ab777645ce1b2b91e25e0b5a37,e1dee5e20c53a48436a3a428fdc80e162d614ce286197a7925c90574555d39a7,5ff12ad36f4f1a55,12e34b806d786548,48,40960,0.02286895,1.207533333,24.18926901775115,21.631043380132283,10.011724565453585,False,174972,174972,174972,3223.0
oculus_audio_pack/interaction_book_page_turns.wav,oculus_audio_pack,normalized,baseline,rgs,low,174972,44100,174972,44100,1,53346,7,3.967619047619048,107.56274603936629,25.316599999,25.4189799986,25.44355599812,1.4079125,1.4264375,1.4300075,2818.0863850694186,30284d3074f0a5b5f60e6f7646a1c2010602ffabf4678909cfa2ee56e8e5c387,9ee5e83c80d8b8fe6bcf2f05a760f29ff4ce1a30acedbfd04b6274d3620bf01e,09c39932a141a8b3,042f9a4b83555cfe,48,40960,0.028596857,1.4136875,22.973252005080056,21.481891492470396,10.239079768252171,False,174972,174972,174972,4001.0
oculus_audio_pack/interaction_book_page_turns.wav,oculus_audio_pack,normalized,candidate,rgs,low,174972,44100,174972,44100,1,53346,7,3.967619047619048,107.56274603936629,16.5275,16.6001200001,16.60914400082,1.1887,1.2100477777999998,1.21065844436,3337.779967711826,30284d3074f0a5b5f60e6f7646a1c2010602ffabf4678909cfa2ee56e8e5c387,9ee5e83c80d8b8fe6bcf2f05a760f29ff4ce1a30acedbfd04b6274d3620bf01e,09c39932a141a8b3,042f9a4b83555cfe,48,40960,0.02289016,1.191233333,22.973252005080056,21.481891492470396,10.239079768252171,False,174972,174972,174972,4001.0
oculus_audio_pack/interaction_book_page_turns.wav,oculus_audio_pack,normalized,reference,pcm,default,174972,44100,174972,44100,1,349988,7,3.967619047619048,705.6887181949112,0.006413397,0.0065305592,0.006532761440000001,0.006887603,0.0069538002,0.0069542096399999994,576052.2271128356,6dcd9a7fac13009cf9198e3f2aef59e6919c7610e4f92ce1b8ff2d230f30ea3e,6dcd9a7fac13009cf9198e3f2aef59e6919c7610e4f92ce1b8ff2d230f30ea3e,62a7b7cf81b7bf23,4a9b6839432e11ce,,,,,,60.0,0.0,True,174972,174972,174972,0.0
oculus_audio_pack/interaction_book_page_turns.wav,oculus_audio_pack,normalized,reference,qoa,default,174972,44100,174972,44100,1,70840,7,3.967619047619048,142.83629380700913,4.650033334,4.6824866661,4.68343066602,0.40522,0.41239159999999997,0.41403031999999995,9791.271525638042,14a19966616b48c34a48bf4f73b07cf5b81c22aa63f5050b541a70477b69e472,1a4860534bf338dfb19534c63ff9d8b5ed9f13afa638d18951d079d94937db71,b641e3bb0e9b1dc4,2f47340ae5163b08,268,40960,0.012243696,,29.42415060866541,28.09160930309794,8.253000296731937,False,174972,174972,174972,2124.0
oculus_audio_pack/interaction_book_page_turns.wav,oculus_audio_pack,normalized,reference,ima,default,174972,44100,174972,44100,1,88124,7,3.967619047619048,177.68641382621217,1.995133334,2.032592,2.0373344,1.338775,1.3685625,1.3714125,2963.61901560684,61e4d0638a7ed54fff3acd1f10986f717c0a7df23a640e0625150ee759598055,6cf0a3084f93cc6e1c18e6f50fc8804f14f180f77830b249ab60b1c99365febb,44a795f1efbc31ec,1ea79ce90df833b6,,,,,23.533119618632806,30.062642548076894,7.680656476535844,False,174972,174972,174972,18826.0
oculus_audio_pack/interaction_book_page_turns.wav,oculus_audio_pack,legacy_import,baseline,rgs,high,190446,48000,174973,44100,1,70844,7,3.967625,142.8441447969503,7.487499999,7.600435,7.610047,1.33075,1.34527875,1.34563575,2981.4953973323313,b10b0383873ccaf0634031fa4850e94c1282b293b3546d81da23117bafcd899f,b9445ae2ac12f44b4f8edd75bb9bff8262d567484ed4ebeaae16c49cdd54eb0b,12dcf741a9a6c07b,32184fbcdd73ae17,48,40960,0.026564721,1.3412,19.954080486056792,20.46422792794152,12.110602498043633,False,174972,174972,174973,8734.0
oculus_audio_pack/interaction_book_page_turns.wav,oculus_audio_pack,legacy_import,baseline,rgs,medium,190446,48000,174973,44100,1,53414,7,3.967625,107.69969440156265,21.703499999,21.878780001,21.890396001,1.385875,1.39646625,1.3998232499999999,2862.902498421575,d19afa5c444d812331459b18e7cb4e0c50771a86f4c1e45a22890faa9135c152,d865dcb52284968b4457d9c1f1a85b45579d2062eabe8f7a37b44922147262f3,86fcffbd36b6ff80,d7531efa1a8244f3,48,40960,0.026455556,1.3833125,19.597197655180175,19.66598851910115,10.988915194498693,False,174972,174972,174973,9496.0
oculus_audio_pack/interaction_book_page_turns.wav,oculus_audio_pack,legacy_import,baseline,rgs,low,190446,48000,174973,44100,1,53346,7,3.967625,107.56258466967014,22.473899998,23.738160001599997,24.12691200112,1.3707375,1.3827475,1.3830295,2894.5184617769632,65539da24f0c19fba8b5595a0cad400fcdb83dff28a1d7d4cd8cc68f10f495a8,560ca071048a0cc398b8388fe1315e967181fef2dc8f08cfbe82256dd04be540,22c0f094d61deab0,a24c5a8bb2c319f4,48,40960,0.026840483,1.377875,19.554448184289633,19.66166706088017,10.951191002076605,False,174972,174972,174973,8144.0
oculus_audio_pack/interaction_faucet_on.wav,oculus_audio_pack,normalized,baseline,rgs,high,48597,44100,48597,44100,1,19692,7,1.1019727891156463,142.95815791098215,3.123450001,3.186345,3.203409,0.410556,0.4159644,0.41605368,2684.0986104591,475115a7b3f9fa344f8c483247ee9cca3751a63a8f5f3877ce437579a2b0c4fd,94001c242d9ef5d7358848af9065d5e898f545f0c66dd2bd1ed40addb67a211a,a616e745288dbfae,047603461e2aed9f,48,40960,0.031870382,0.426925,26.264647684257717,26.10481301483383,8.973084490566022,False,48597,48597,48597,1862.0
oculus_audio_pack/interaction_faucet_on.wav,oculus_audio_pack,normalized,candidate,rgs,high,48597,44100,48597,44100,1,19692,7,1.1019727891156463,142.95815791098215,3.02165,3.04,3.04168,0.352641379,0.369600948,0.374317332,3124.910616673962,475115a7b3f9fa344f8c483247ee9cca3751a63a8f5f3877ce437579a2b0c4fd,94001c242d9ef5d7358848af9065d5e898f545f0c66dd2bd1ed40addb67a211a,a616e745288dbfae,047603461e2aed9f,48,40960,0.02298555,0.352168965,26.264647684257717,26.10481301483383,8.973084490566022,False,48597,48597,48597,1862.0
oculus_audio_pack/interaction_faucet_on.wav,oculus_audio_pack,normalized,baseline,rgs,medium,48597,44100,48597,44100,1,15074,7,1.1019727891156463,109.43282918698684,8.092499999,8.16903,8.182205999999999,0.4333375,0.43624434780000004,0.43651147836000004,2542.989676904598,8bbf720acec7f48f6c30b6d42b9d4d58f1ab8c9674e8366bd82256794d264887,84ce112992febccfd38470b6094c2d64c17de944ed99b1629bd24658dd15fa82,45f582c5c524de5d,f5a7b0d657527547,48,40960,0.030926852,0.431870833,20.09826551852281,19.383530445314467,10.964699058298013,False,48597,48597,48597,2242.0
oculus_audio_pack/interaction_faucet_on.wav,oculus_audio_pack,normalized,candidate,rgs,medium,48597,44100,48597,44100,1,15074,7,1.1019727891156463,109.43282918698684,6.98535,7.0855099993,7.08846199906,0.365407143,0.36929214260000004,0.36950128532000004,3015.7395941098125,8bbf720acec7f48f6c30b6d42b9d4d58f1ab8c9674e8366bd82256794d264887,84ce112992febccfd38470b6094c2d64c17de944ed99b1629bd24658dd15fa82,45f582c5c524de5d,f5a7b0d657527547,48,40960,0.023128868,0.360357143,20.09826551852281,19.383530445314467,10.964699058298013,False,48597,48597,48597,2242.0
oculus_audio_pack/interaction_faucet_on.wav,oculus_audio_pack,normalized,baseline,rgs,low,48597,44100,48597,44100,1,14832,7,1.1019727891156463,107.67597999876536,10.9254,11.0846400004,11.11804800088,0.430875,0.4370189129,0.43883682578,2557.523154315396,d8d245f1b0a0bfc923a558503007cf9a623ecdd2743af9e77f86981b21fbc3b1,93ad05d012f20ab8e3bf6b5d127220b77cb687eb0a329908fd23113a5260390e,efe853f6be7e5c1f,8af856d1006fa993,48,40960,0.030854154,0.4322,19.22923007292693,19.068366690810937,11.015255756224118,False,48597,48597,48597,4155.0
oculus_audio_pack/interaction_faucet_on.wav,oculus_audio_pack,normalized,candidate,rgs,low,48597,44100,48597,44100,1,14832,7,1.1019727891156463,107.67597999876536,7.0571,7.1589999997,7.17063999994,0.357539286,0.371348849,0.3742786586,3082.102673090996,d8d245f1b0a0bfc923a558503007cf9a623ecdd2743af9e77f86981b21fbc3b1,93ad05d012f20ab8e3bf6b5d127220b77cb687eb0a329908fd23113a5260390e,efe853f6be7e5c1f,8af856d1006fa993,48,40960,0.023550588,0.355882759,19.22923007292693,19.068366690810937,11.015255756224118,False,48597,48597,48597,4155.0
oculus_audio_pack/interaction_faucet_on.wav,oculus_audio_pack,normalized,reference,pcm,default,48597,44100,48597,44100,1,97238,7,1.1019727891156463,705.9194271251312,0.002152939,0.0021864064000000002,0.00219002608,0.002708694,0.0027253789,0.00272545738,406828.08361359616,e40edaadc70b5f98eb9f95a031ccead4b867144845f99a6a1645bde0bd06ba1e,e40edaadc70b5f98eb9f95a031ccead4b867144845f99a6a1645bde0bd06ba1e,b98ef906680b5763,89d9567c98e62069,,,,,,60.0,0.0,True,48597,48597,48597,0.0
oculus_audio_pack/interaction_faucet_on.wav,oculus_audio_pack,normalized,reference,qoa,default,48597,44100,48597,44100,1,19688,7,1.1019727891156463,142.92911908142477,1.894366667,1.9174900000000001,1.920898,0.111851111,0.1145304548,0.11472518216000001,9852.139860422541,d0e0444593c54b904ae141f762e7e1bad489f55f4c2365850571034d4b1ac033,94001c242d9ef5d7358848af9065d5e898f545f0c66dd2bd1ed40addb67a211a,2ecf249662778f09,047603461e2aed9f,268,40960,0.012122639,,26.264647684257717,26.10481301483383,8.973084490566022,False,48597,48597,48597,1862.0
oculus_audio_pack/interaction_faucet_on.wav,oculus_audio_pack,normalized,reference,ima,default,48597,44100,48597,44100,1,24636,7,1.1019727891156463,178.85015124390392,0.550978947,0.5613922222000001,0.56310955564,0.370914815,0.3808814816,0.38100592592000004,2970.9592190747253,771df300029570475678105f3e92d729687729f6c1f48167e8282f26c9657be0,2e52e24aa2d77be5b6729428f49d2a0455ab482c32ad193105161b80c1af8d7e,b538466662ecee93,9861c55c1a329edb,,,,,24.842273788311648,26.202252679967522,9.369528697480293,False,48597,48597,48597,1968.0
oculus_audio_pack/interaction_faucet_on.wav,oculus_audio_pack,legacy_import,baseline,rgs,high,52895,48000,48598,44100,1,19692,7,1.1019791666666667,142.95733056054448,2.685275001,2.7112075,2.7112615,0.372944444,0.3812825929,0.38289948178,2954.807839064273,efd4f2032b454309e23c90f54a0fe6b2f50624fd59a664755c6ca38e7e0e5a3f,d766cb8047927e8a46b9cf78407ea65bdcd0371491f31fc1973ae15a7e1d3dca,3d5608073f9d7208,a88aa87865e991ef,48,40960,0.028663037,0.390669231,12.556125125892404,14.486922232085004,13.122827469548644,False,48597,48597,48598,6263.0
oculus_audio_pack/interaction_faucet_on.wav,oculus_audio_pack,legacy_import,baseline,rgs,medium,52895,48000,48598,44100,1,14868,7,1.1019791666666667,107.93670479251347,8.312200001,8.356759999,8.357911999,0.397934615,0.404598,0.4049484,2769.246818768623,647532568616c808e25c36fe69932073798de3c70750e291fd7b470861850106,90e0745fd4c627f7a064166bdb2180592c16400c6c1df26522620e9ffff42fab,dea14e70a506fe93,128a02335ed0e250,48,40960,0.031508805,0.4088,12.422587033069894,14.108493547183581,11.813225194642765,False,48597,48597,48598,6466.0
oculus_audio_pack/interaction_faucet_on.wav,oculus_audio_pack,legacy_import,baseline,rgs,low,52895,48000,48598,44100,1,14832,7,1.1019791666666667,107.6753568390207,8.6632,8.7520000003,8.77972000006,0.39475,0.4012436,0.40128872,2791.587502638801,46b8f8852614ff24cf8c0403c72c1df5744ab9f7afcc2d30b2fcc37bda1a7f4e,446e4e2915f1635229ce3fed05c53280ff795f8732ca098caf2c76e1a52bf758,607e42699bbe9a3b,bc34b55a2e523a4a,48,40960,0.031348276,0.408572,12.405180054397709,14.09281235364352,11.797967306755844,False,48597,48597,48598,6466.0
oculus_audio_pack/interaction_knapsack_nylon_close.wav,oculus_audio_pack,normalized,baseline,rgs,high,57775,44100,57775,44100,1,23412,7,1.310090702947846,142.9641471224578,4.750866666,4.9527666669,5.00020666698,0.483047619,0.4856952381,0.48602666682,2712.1357220639693,412d9b7ceeab27ef6621bdc4e726c1a0b1181b243bb295445c6b928790ca6044,da7fcd6e1ae6ddc941c07775be3470d12a278e6525e93bdec78f35935de77bc0,96bcc6323594d524,f4e8e231057ec55b,48,40960,0.032209325,0.50739,25.183294552434496,23.699880389376144,8.398151082219165,False,57775,57775,57775,2123.0
oculus_audio_pack/interaction_knapsack_nylon_close.wav,oculus_audio_pack,normalized,candidate,rgs,high,57775,44100,57775,44100,1,23412,7,1.310090702947846,142.9641471224578,4.688033334,4.7575333329,4.76681333298,0.418070833,0.4233341668,0.42432016696,3133.657264600054,412d9b7ceeab27ef6621bdc4e726c1a0b1181b243bb295445c6b928790ca6044,da7fcd6e1ae6ddc941c07775be3470d12a278e6525e93bdec78f35935de77bc0,96bcc6323594d524,f4e8e231057ec55b,48,40960,0.023153935,0.422579167,25.183294552434496,23.699880389376144,8.398151082219165,False,57775,57775,57775,2123.0
oculus_audio_pack/interaction_knapsack_nylon_close.wav,oculus_audio_pack,normalized,baseline,rgs,medium,57775,44100,57775,44100,1,18370,7,1.310090702947846,112.17543920380787,11.1457,11.406490002,11.424178002,0.502855,0.5169465,0.5183733,2605.305113696485,c4fbe92e588d8ab57ebe9a69d0ccf92b879dd612efc190aa5c3743b48250628b,aa72e0d4eee34f431c091a2b75beba0c518d1ea105de26d2a3f6954732d70927,be5e632f853aa152,2dd88b8fdfed5169,48,40960,0.033662416,0.511795,20.199430872220567,17.85592928055789,9.539811696744643,False,57775,57775,57775,2567.0
oculus_audio_pack/interaction_knapsack_nylon_close.wav,oculus_audio_pack,normalized,candidate,rgs,medium,57775,44100,57775,44100,1,18370,7,1.310090702947846,112.17543920380787,10.434099998,10.503560000999999,10.516232000999999,0.427904167,0.4358242935,0.4362883371,3061.6451158510126,c4fbe92e588d8ab57ebe9a69d0ccf92b879dd612efc190aa5c3743b48250628b,aa72e0d4eee34f431c091a2b75beba0c518d1ea105de26d2a3f6954732d70927,be5e632f853aa152,2dd88b8fdfed5169,48,40960,0.023611792,0.42935,20.199430872220567,17.85592928055789,9.539811696744643,False,57775,57775,57775,2567.0
oculus_audio_pack/interaction_knapsack_nylon_close.wav,oculus_audio_pack,normalized,baseline,rgs,low,57775,44100,57775,44100,1,17738,7,1.310090702947846,108.31616443098224,14.4714,14.6185700001,14.639954000820001,0.50371,0.5070015,0.5075283,2600.8828551107704,c880cf2ad08b49470f789a5eaa09dd8a8a395d4ff1915fa2f9fd832ae9d91024,453d9188e0ae6c7fef3d197bf5b5ac46763a52f614e823d463a69160a6516943,512a7346ac64c390,34a279e958e28da8,48,40960,0.03380473,0.510105,18.785277285542172,17.224315866381026,9.77399378643398,False,57775,57775,57775,4441.0
oculus_audio_pack/interaction_knapsack_nylon_close.wav,oculus_audio_pack,normalized,candidate,rgs,low,57775,44100,57775,44100,1,17738,7,1.310090702947846,108.31616443098224,10.4932,10.5313300004,10.53658600088,0.422254167,0.43287597819999996,0.43493345644,3102.6116622026043,c880cf2ad08b49470f789a5eaa09dd8a8a395d4ff1915fa2f9fd832ae9d91024,453d9188e0ae6c7fef3d197bf5b5ac46763a52f614e823d463a69160a6516943,512a7346ac64c390,34a279e958e28da8,48,40960,0.023705213,0.424916667,18.785277285542172,17.224315866381026,9.77399378643398,False,57775,57775,57775,4441.0
oculus_audio_pack/interaction_knapsack_nylon_close.wav,oculus_audio_pack,normalized,reference,pcm,default,57775,44100,57775,44100,1,115594,7,1.310090702947846,705.8686836867157,0.002483019,0.0025402797,0.00255360954,0.003018805,0.0030586606,0.00306097612,433976.5910510437,a2e6813baa59b26c0e89dc0db15e0d8ad03dc21e03a6fe397424e11b404a94a8,a2e6813baa59b26c0e89dc0db15e0d8ad03dc21e03a6fe397424e11b404a94a8,a6737ddf99062056,2036a82922be54a8,,,,,,60.0,0.0,True,57775,57775,57775,0.0
oculus_audio_pack/interaction_knapsack_nylon_close.wav,oculus_audio_pack,normalized,reference,qoa,default,57775,44100,57775,44100,1,23408,7,1.310090702947846,142.93972133275636,2.845175001,2.8979425,2.9088085,0.133656,0.1361420274,0.13646408148,9801.959530046133,18ebeee1cdb964ec581853f6e8f14ea3e8453384fdab9635e74fae11fba7ee44,da7fcd6e1ae6ddc941c07775be3470d12a278e6525e93bdec78f35935de77bc0,9b88fd59c4ac6da1,f4e8e231057ec55b,268,40960,0.012306396,,25.183294552434496,23.699880389376144,8.398151082219165,False,57775,57775,57775,2123.0
oculus_audio_pack/interaction_knapsack_nylon_close.wav,oculus_audio_pack,normalized,reference,ima,default,57775,44100,57775,44100,1,30780,7,1.310090702947846,187.9564517524881,0.666913333,0.6766213331,0.6784869330200001,0.448,0.4508895651,0.45149269542,2924.309604794299,8ed3eba5b7e8923b7094353846726d52bde0e812d2e5843921583a927bcae6ee,317e39f828bc97c2c039b6254a52e425bcb767fe2648b323c0d901f37340d9a7,17d47a5c6c455e06,d19b4c09867c0417,,,,,25.83172955074175,24.94260053209796,8.089890894171234,False,57775,57775,57775,6784.0
oculus_audio_pack/interaction_knapsack_nylon_close.wav,oculus_audio_pack,legacy_import,baseline,rgs,high,62884,48000,57775,44100,1,23412,7,1.3100833333333333,142.96495133897335,3.779866667,3.8269166663,3.82991666606,0.447543478,0.4520513047,0.45331808734,2927.276114463528,c252b5a8403889d49e94e934bd8e65d00c9542da12904b7385ccc1a98f366f95,5b6097aae522194a60ab3d79425ab3460456adaf4ddf00e9163a5ab3a3f43c81,19c18740b1c83e42,4c63b975dd88fec3,48,40960,0.030319394,0.464495455,14.857439097716316,14.068736259303616,15.46624394181789,False,57775,57775,57775,11104.0
oculus_audio_pack/interaction_knapsack_nylon_close.wav,oculus_audio_pack,legacy_import,baseline,rgs,medium,62884,48000,57775,44100,1,17774,7,1.3100833333333333,108.53660708606323,10.725499999,10.937619999899999,10.98696399918,0.473572727,0.4868495453,0.48698081786,2766.3825609901164,9fe7e30d71fd29486f9c0deaf6c78d5c6afa684436344658eb91a2b0c3e0abde,09e2d2c48a2cf0b4f4369a246f2afc397dd9b456f149953df84d863178d46047,24ca1b34ac32e1a8,321840c4d6f46055,48,40960,0.031427273,0.483042857,14.576202436858448,13.700410988026785,12.863161841394144,False,57775,57775,57775,10889.0
oculus_audio_pack/interaction_knapsack_nylon_close.wav,oculus_audio_pack,legacy_import,baseline,rgs,low,62884,48000,57775,44100,1,17634,7,1.3100833333333333,107.68169963742766,12.5154,12.6442500017,12.666450001940001,0.464922727,0.4764333333,0.47716476186,2817.851778911495,40fefcc451c5ff5b4f5697f4233ae556271bedbb6285b80ea65db29531c0cdcc,82c93565435071b6114439f56f86eb4c736f8f68faafecd926351593f3c2ebf9,f5de37d4f85055cf,8f6a7f5dc9164038,48,40960,0.031229595,0.476790476,14.553698474085778,13.68710710752046,12.923908677661103,False,57775,57775,57775,10690.0
oculus_audio_pack/interaction_magic_spell_01.wav,oculus_audio_pack,normalized,baseline,rgs,high,104495,44100,104495,44100,1,42316,7,2.369501133786848,142.86889133451362,5.737750001,5.8210700003,5.84161400006,0.755807143,0.7764223076,0.7784844615200001,3135.0605187213055,4c71af00c8e1f54af1ddf0c97295d20611f5c24c39e32c1ed36c3c6509a37b9d,e54103bc76bdae01ccdf3d9e954d4d9d38be9adbb2068097d8514125b379b0ca,fc26ba1616950847,03b2234d08e376f2,48,40960,0.026327895,0.771969231,34.59100252321558,36.307771266064975,10.065165373174917,False,104495,104495,104495,1946.0
oculus_audio_pack/interaction_magic_spell_01.wav,oculus_audio_pack,normalized,candidate,rgs,high,104495,44100,104495,44100,1,42316,7,2.369501133786848,142.86889133451362,5.6324,5.73685,5.74993,0.638925,0.644933125,0.645861625,3708.5747682229494,4c71af00c8e1f54af1ddf0c97295d20611f5c24c39e32c1ed36c3c6509a37b9d,e54103bc76bdae01ccdf3d9e954d4d9d38be9adbb2068097d8514125b379b0ca,fc26ba1616950847,03b2234d08e376f2,48,40960,0.023225986,0.64481875,34.59100252321558,36.307771266064975,10.065165373174917,False,104495,104495,104495,1946.0
oculus_audio_pack/interaction_magic_spell_01.wav,oculus_audio_pack,normalized,baseline,rgs,medium,104495,44100,104495,44100,1,32892,7,2.369501133786848,111.05122350351692,15.5022,15.9044100016,15.94552200112,0.800061539,0.8107115384,0.8128253844800001,2961.648596117364,b4eda164f64e6a8c6c44f0e35065042ec877b08104edd01f35bfc369053534a4,3037b4dfa986d976211286325f90b78da19d7ec17a5bada18f8ea068d232a88a,26934be3cc3c6c55,b654cd0503195dce,48,40960,0.026366316,0.797,29.58570224124331,30.52241044672336,11.810139166193244,False,104495,104495,104495,2043.0
oculus_audio_pack/interaction_magic_spell_01.wav,oculus_audio_pack,normalized,candidate,rgs,medium,104495,44100,104495,44100,1,32892,7,2.369501133786848,111.05122350351692,12.654300001,12.9006700014,12.939574001879999,0.673413333,0.6906073332,0.69115613304,3518.643034926141,b4eda164f64e6a8c6c44f0e35065042ec877b08104edd01f35bfc369053534a4,3037b4dfa986d976211286325f90b78da19d7ec17a5bada18f8ea068d232a88a,26934be3cc3c6c55,b654cd0503195dce,48,40960,0.023036552,0.6590875,29.58570224124331,30.52241044672336,11.810139166193244,False,104495,104495,104495,2043.0
oculus_audio_pack/interaction_magic_spell_01.wav,oculus_audio_pack,normalized,baseline,rgs,low,104495,44100,104495,44100,1,31996,7,2.369501133786848,108.02611416814203,17.9879,18.2112399993,18.215607999059998,0.780415385,0.7886699998,0.78908169196,3036.205050963786,0ee6c68b29049e77e6021de04d9aa4ac480f0a7a413fa4bf75a7d9476cfaf539,998b83de427d8ae3617691e37252e5fe10aa5f2d84aa040c252e7967d6c7b848,1ccae1c31856a2e7,40b07047d0acdeee,48,40960,0.026464815,0.793007692,26.421929574121407,29.76631447431856,12.31712930921693,False,104495,104495,104495,5528.0
oculus_audio_pack/interaction_magic_spell_01.wav,oculus_audio_pack,normalized,candidate,rgs,low,104495,44100,104495,44100,1,31996,7,2.369501133786848,108.02611416814203,12.5812,12.7240600007,12.72497200094,0.671686667,0.6800180001999999,0.6805476000399999,3527.688206719827,0ee6c68b29049e77e6021de04d9aa4ac480f0a7a413fa4bf75a7d9476cfaf539,998b83de427d8ae3617691e37252e5fe10aa5f2d84aa040c252e7967d6c7b848,1ccae1c31856a2e7,40b07047d0acdeee,48,40960,0.023095843,0.64640625,26.421929574121407,29.76631447431856,12.31712930921693,False,104495,104495,104495,5528.0
oculus_audio_pack/interaction_magic_spell_01.wav,oculus_audio_pack,normalized,reference,pcm,default,104495,44100,104495,44100,1,209034,7,2.369501133786848,705.7485544762908,0.004187647,0.0042180266999999995,0.0042202805399999994,0.004700705,0.004839066,0.0048495588,504073.56636650197,da60932f926aa4ff2c1534d221b9a3badb7979439e5ef35deb01d44ae9b2c35a,da60932f926aa4ff2c1534d221b9a3badb7979439e5ef35deb01d44ae9b2c35a,19cb696ced901c3b,c27d2380b7493bf5,,,,,,60.0,0.0,True,104495,104495,104495,0.0
oculus_audio_pack/interaction_magic_spell_01.wav,oculus_audio_pack,normalized,reference,qoa,default,104495,44100,104495,44100,1,42312,7,2.369501133786848,142.85538638212356,3.626233333,3.7244866668,3.74319066696,0.243138095,0.25079825619999996,0.25180365124,9745.49518366033,8fa50f9eb55913547d89c1aafe4c57e1abdc0620fbe0bfd6b57fb4a2c51f4ed9,e54103bc76bdae01ccdf3d9e954d4d9d38be9adbb2068097d8514125b379b0ca,9d1880a4496cf783,03b2234d08e376f2,268,40960,0.012359506,,34.59100252321558,36.307771266064975,10.065165373174917,False,104495,104495,104495,1946.0
oculus_audio_pack/interaction_magic_spell_01.wav,oculus_audio_pack,normalized,reference,ima,default,104495,44100,104495,44100,1,53308,7,2.369501133786848,179.9805005024164,1.131133333,1.1619877782,1.1641131116399999,0.776753846,0.7809753846,0.78199815372,3050.5174142219153,ba279eccbfe5ca873889028d5934d63def0eadf22b0eaa823221bfdcd7edb6c8,156e29b2f17d796e296abb3d752b1d553197607dc39eab31e4ef1ff52092c1c2,979c76a9fa51ec05,244cf3bab710fe98,,,,,33.96183432763507,40.29090629384046,9.587258800187524,False,104495,104495,104495,3492.0
oculus_audio_pack/interaction_magic_spell_01.wav,oculus_audio_pack,legacy_import,baseline,rgs,high,113736,48000,104495,44100,1,42316,7,2.3695,142.86895969613843,5.57165,5.635285000400001,5.646457000880001,0.72375,0.7374807144000001,0.73910757168,3273.9205526770293,1c1587982ca0010bda4961cd2937fee530402ee5afbb9ab59db44087887a1b01,97afb8d25f49f0962dc3fb1e5f38171c33e32494b3edd580bb7b9056afee5266,4e10b512874aa6b8,b17dbaa1e5219c2b,48,40960,0.025969171,0.743628571,21.727742224634238,28.299641237177347,11.862252013529464,False,104495,104495,104495,7514.0
oculus_audio_pack/interaction_magic_spell_01.wav,oculus_audio_pack,legacy_import,baseline,rgs,medium,113736,48000,104495,44100,1,32216,7,2.3695,108.76893859464022,14.0887,16.2332500021,16.92937000282,0.772507692,0.7909338462000001,0.79274676924,3067.2833740534456,0cf907532164ac468dac4b51167903c419d4498bb0d79cdcf6926e21d83eba01,50a5a9792c85c0e3d11b159da9f7c71f3ddd26e1c5f929e1f9f571e11819bc0e,b72f28d6029817ff,c38ce87df928c308,48,40960,0.026457143,0.773661538,21.44381286432687,27.539560522607324,12.046414283002623,False,104495,104495,104495,7310.0
oculus_audio_pack/interaction_magic_spell_01.wav,oculus_audio_pack,legacy_import,baseline,rgs,low,113736,48000,104495,44100,1,31866,7,2.3695,107.58725469508335,17.464400001,17.7110199999,17.71716399918,0.760014286,0.7704007142,0.77272014284,3117.7045532536213,260e458ee62f0a119d1931b855d71f98e74b4e3b9d306e7e055497236cdae188,47dae803087eb6bfdea6a936444d2b0da61623ac785f255f5aca157c23a9f983,dcaa453dd8eb79a6,edd960d06bc20aeb,48,40960,0.026422955,0.775661538,21.409386405583586,27.54051802536421,12.083851597024962,False,104495,104495,104495,7826.0
oculus_audio_pack/interaction_valve_01_turn.wav,oculus_audio_pack,normalized,baseline,rgs,high,40137,44100,40137,44100,1,16260,7,0.9101360544217687,142.92368637416845,2.3838,2.448368,2.4633536,0.3419,0.3450476203,0.34545366166,2661.994894477241,7624d4f9ff79a1cd95030276fadabfcbb05ed3820df9b85d970408ed34ee588f,0afd280778ad2e1194fab41adb5eea16dfbd9331ae28f243e7d3e57cc35887eb,f1c3cfbd2b8523c9,6a49f9541e38a61c,48,40960,0.031775556,0.368889286,30.210688725070092,27.157284276801434,9.626445688242304,False,40137,40137,40137,1708.0
oculus_audio_pack/interaction_valve_01_turn.wav,oculus_audio_pack,normalized,candidate,rgs,high,40137,44100,40137,44100,1,16260,7,0.9101360544217687,142.92368637416845,2.327060001,2.398798,2.4211516,0.294747059,0.30057852960000003,0.30168747072,3087.8545743921018,7624d4f9ff79a1cd95030276fadabfcbb05ed3820df9b85d970408ed34ee588f,0afd280778ad2e1194fab41adb5eea16dfbd9331ae28f243e7d3e57cc35887eb,f1c3cfbd2b8523c9,6a49f9541e38a61c,48,40960,0.02328093,0.298555882,30.210688725070092,27.157284276801434,9.626445688242304,False,40137,40137,40137,1708.0
oculus_audio_pack/interaction_valve_01_turn.wav,oculus_audio_pack,normalized,baseline,rgs,medium,40137,44100,40137,44100,1,12744,7,0.9101360544217687,112.01841692204201,6.49965,6.6302999997,6.6361799999399995,0.359617857,0.36206035670000003,0.36210921374000005,2530.842216830653,0924139044160ee636774bb02767d0a37d4a9fb369684ff1656c427259a4d280,c642f58f0da724edab05ae9d2ac01e27460d68151edd0bb9a2df6e3d009adf41,1a3460aa39f42d5a,2952c58e8a339384,48,40960,0.030266767,0.362489286,25.875198249240626,20.21641210018472,11.809720949313983,False,40137,40137,40137,2484.0
oculus_audio_pack/interaction_valve_01_turn.wav,oculus_audio_pack,normalized,candidate,rgs,medium,40137,44100,40137,44100,1,12744,7,0.9101360544217687,112.01841692204201,5.2139,5.594900000699999,5.70590000094,0.298941176,0.3064872729,0.30650472738,3044.532260827691,0924139044160ee636774bb02767d0a37d4a9fb369684ff1656c427259a4d280,c642f58f0da724edab05ae9d2ac01e27460d68151edd0bb9a2df6e3d009adf41,1a3460aa39f42d5a,2952c58e8a339384,48,40960,0.023989688,0.300188235,25.875198249240626,20.21641210018472,11.809720949313983,False,40137,40137,40137,2484.0
oculus_audio_pack/interaction_valve_01_turn.wav,oculus_audio_pack,normalized,baseline,rgs,low,40137,44100,40137,44100,1,12322,7,0.9101360544217687,108.30908139621795,7.03005,7.1435349993,7.15806699906,0.344763333,0.35058344810000003,0.35072082722000003,2639.886459218587,3e58ec148c1290a1edcbd74bd2c34b0de06e8655e910860cc47f926a107e1f8f,e4f85500ba3e9057debedf4ebe7364b5cc25f692e8f712426d8a712cc891d930,c20e9cf65b1b6c96,6ce29d3187a88921,48,40960,0.033905424,0.3631,22.10050319079447,19.40588247174162,12.509311824286781,False,40137,40137,40137,3517.0
oculus_audio_pack/interaction_valve_01_turn.wav,oculus_audio_pack,normalized,candidate,rgs,low,40137,44100,40137,44100,1,12322,7,0.9101360544217687,108.30908139621795,5.194699999,5.3002749997,5.31077499994,0.295317647,0.2970294116,0.29742470552,3081.8884806493415,3e58ec148c1290a1edcbd74bd2c34b0de06e8655e910860cc47f926a107e1f8f,e4f85500ba3e9057debedf4ebe7364b5cc25f692e8f712426d8a712cc891d930,c20e9cf65b1b6c96,6ce29d3187a88921,48,40960,0.024173913,0.297823529,22.10050319079447,19.40588247174162,12.509311824286781,False,40137,40137,40137,3517.0
oculus_audio_pack/interaction_valve_01_turn.wav,oculus_audio_pack,normalized,reference,pcm,default,40137,44100,40137,44100,1,80318,7,0.9101360544217687,705.9867553628821,0.001987579,0.0020132362,0.0020137464400000003,0.002415942,0.0024522757,0.00245490394,376720.9868538933,f5c7fb896f1597cfbd2096b733ee16660cd3a2cd094d0b3af979e1dfd2258f68,f5c7fb896f1597cfbd2096b733ee16660cd3a2cd094d0b3af979e1dfd2258f68,5b58eb7e0af95d50,a2d78a631c580526,,,,,,60.0,0.0,True,40137,40137,40137,0.0
oculus_audio_pack/interaction_valve_01_turn.wav,oculus_audio_pack,normalized,reference,qoa,default,40137,44100,40137,44100,1,16256,7,0.9101360544217687,142.88852679572463,1.4232,1.4842285714999999,1.4999999999,0.094001869,0.095605906,0.0958023244,9682.105942188966,111550de76331c4e28f481b56de3249240df8ce835b4b941029fdd741a6aa8c6,0afd280778ad2e1194fab41adb5eea16dfbd9331ae28f243e7d3e57cc35887eb,e04100254c4dd891,6a49f9541e38a61c,268,40960,0.012285381,,30.210688725070092,27.157284276801434,9.626445688242304,False,40137,40137,40137,1708.0
oculus_audio_pack/interaction_valve_01_turn.wav,oculus_audio_pack,normalized,reference,ima,default,40137,44100,40137,44100,1,20540,7,0.9101360544217687,180.54443530906644,0.454609091,0.47153954559999994,0.47363518192,0.311475758,0.316488125,0.31765512500000004,2922.0124874750886,7436ac7612d7f629988fb548927e316692c44e2e85cdd05d08b2a35728fed703,79b34142baa76b8c8ae9fb4e5268ee403fd70742e3bdf40a22a215d953f2cde7,4237d6b1acfb2416,b4d32b00c0a1dbef,,,,,27.544246145671845,26.611059115631146,9.973710681080782,False,40137,40137,40137,3340.0
oculus_audio_pack/interaction_valve_01_turn.wav,oculus_audio_pack,legacy_import,baseline,rgs,high,43687,48000,40138,44100,1,16260,7,0.9101458333333333,142.92215075422897,2.33338,2.37612,2.382648,0.31776875,0.3244863709,0.32541598378,2864.1766483750635,4b317b3cfb4179328fd696bb4289276b891d7b8b298dcffc1431b4d3ee2a13ac,55797ee4809306122012b61460834e2fd5b9b7d64d349e24320ddee265e24041,e7f6e31d8acada12,e13f1b56057228b3,48,40960,0.027898886,0.339796667,15.92262948424382,16.147530898637203,10.675115300030807,False,40137,40137,40138,7009.0
oculus_audio_pack/interaction_valve_01_turn.wav,oculus_audio_pack,legacy_import,baseline,rgs,medium,43687,48000,40138,44100,1,12394,7,0.9101458333333333,108.94078329937967,6.5341,7.007365,7.142233,0.327983871,0.3361563331,0.33623393302,2774.97131355381,6c91a1a06f35615bbd0b50abbdd4c35cd7e48f3d1317fc2bb8e10bc42088075d,8bab555a97327ddbb428ef5d13bc2cdcd4be12b6d4f5a9b556cbfa49a7f78325,6094f2c67e416005,cad0d0ac48ac6d71,48,40960,0.030128313,0.343926667,15.71839048478944,15.490317344262364,11.23522600797314,False,40137,40137,40138,7170.0
oculus_audio_pack/interaction_valve_01_turn.wav,oculus_audio_pack,legacy_import,baseline,rgs,low,43687,48000,40138,44100,1,12246,7,0.9101458333333333,107.63989287431043,7.404749999,7.5921449996999995,7.62786899994,0.338423333,0.375050846,0.38711170759999997,2689.370810414344,4113ec46783b89b4eefdf859b62ef85b79073908af024c9d4fd910be9c9e5297,16cf54dbdfb0399b9761b3b8e56c2e1241f1cf0823dac24e08389e7f71b49b7e,19b97f456c83007f,ddc70b21ed74ccf1,48,40960,0.030708896,0.350037931,15.703313339199507,15.526484694774727,11.1255325486688,False,40137,40137,40138,7301.0
oculus_audio_pack/interaction_whoosh_medium_02.wav,oculus_audio_pack,normalized,baseline,rgs,high,10878,44100,10878,44100,1,4436,7,0.24666666666666667,143.87027027027025,0.6402375,0.66370125,0.66392025,0.064662581,0.0661974604,0.06658775848,3814.6740023672533,abeaaee7623dd5bb76bb378863c7d841ff0408fc0fbc79a1a7d9ccd53256cda1,8f115dde0389132f55b5768a9f3c37e4278ba93c42134a4b62f46d47adcf3b53,67114fa2a4950658,568dd5f2bbaeab10,48,40960,0.027380055,0.072712319,36.72759991938983,32.283349111167354,8.073488764591106,False,10878,10878,10878,743.0
oculus_audio_pack/interaction_whoosh_medium_02.wav,oculus_audio_pack,normalized,candidate,rgs,high,10878,44100,10878,44100,1,4436,7,0.24666666666666667,143.87027027027025,0.620623529,0.635688125,0.6365476250000001,0.051146429,0.051884287,0.052047691,4822.754422731384,abeaaee7623dd5bb76bb378863c7d841ff0408fc0fbc79a1a7d9ccd53256cda1,8f115dde0389132f55b5768a9f3c37e4278ba93c42134a4b62f46d47adcf3b53,67114fa2a4950658,568dd5f2bbaeab10,48,40960,0.022733409,0.050982234,36.72759991938983,32.283349111167354,8.073488764591106,False,10878,10878,10878,743.0
oculus_audio_pack/interaction_whoosh_medium_02.wav,oculus_audio_pack,normalized,baseline,rgs,medium,10878,44100,10878,44100,1,3410,7,0.24666666666666667,110.59459459459458,1.70085,1.7066133331,1.70822933302,0.06757973,0.0702062134,0.07032096268,3650.0096503295686,10de02c99d2c2ce2ff408b17c833e36f0cda0c1bd7ee1579dc61c86fffc84ad5,76cb452b1e055d1bd976debe54e9bca0bd87677d53ee769e6ad65c1cf7c4d8bc,d85e695f603791f0,c6c141bab89b6574,48,40960,0.027465205,0.073621324,30.167542907749013,26.09955530701994,9.43268043394586,False,10878,10878,10878,1707.0
oculus_audio_pack/interaction_whoosh_medium_02.wav,oculus_audio_pack,normalized,candidate,rgs,medium,10878,44100,10878,44100,1,3410,7,0.24666666666666667,110.59459459459458,1.3774375,1.38959375,1.39146875,0.054489674,0.0561832636,0.05623575352,4526.851576808235,10de02c99d2c2ce2ff408b17c833e36f0cda0c1bd7ee1579dc61c86fffc84ad5,76cb452b1e055d1bd976debe54e9bca0bd87677d53ee769e6ad65c1cf7c4d8bc,d85e695f603791f0,c6c141bab89b6574,48,40960,0.023698815,0.055113736,30.167542907749013,26.09955530701994,9.43268043394586,False,10878,10878,10878,1707.0
oculus_audio_pack/interaction_whoosh_medium_02.wav,oculus_audio_pack,normalized,baseline,rgs,low,10878,44100,10878,44100,1,3348,7,0.24666666666666667,108.58378378378379,2.17544,2.2097520007,2.21233440094,0.067261074,0.0687989039,0.06882882158,3667.301932566029,91a7824264c32e02b8e9559afd4fc7b8388c74c98e53293b38039f6dedf4a79d,4124b6049833ce578cf0bc5f6da42dd824d77a8e3e09cd9971f3f0894622b3b5,0ce5ce6f44b68d62,4a1ca9fb1c3b6d6d,48,40960,0.02723125,0.072630435,28.778741123280906,25.718592236160262,9.630353111479346,False,10878,10878,10878,1923.0
oculus_audio_pack/interaction_whoosh_medium_02.wav,oculus_audio_pack,normalized,candidate,rgs,low,10878,44100,10878,44100,1,3348,7,0.24666666666666667,108.58378378378379,1.3866375,1.407635,1.409897,0.054279459,0.0551354758,0.05524543756,4544.383293626171,91a7824264c32e02b8e9559afd4fc7b8388c74c98e53293b38039f6dedf4a79d,4124b6049833ce578cf0bc5f6da42dd824d77a8e3e09cd9971f3f0894622b3b5,0ce5ce6f44b68d62,4a1ca9fb1c3b6d6d,48,40960,0.023559294,0.054619022,28.778741123280906,25.718592236160262,9.630353111479346,False,10878,10878,10878,1923.0
oculus_audio_pack/interaction_whoosh_medium_02.wav,oculus_audio_pack,normalized,reference,pcm,default,10878,44100,10878,44100,1,21800,7,0.24666666666666667,707.027027027027,0.00083262,0.0008503351000000001,0.00085354222,0.001452324,0.0014954043,0.00149740326,169842.72563606102,9f07b51c8d13a77c17225e682ad7a901281f52c7e7c38bd6a95c052d910787ac,9f07b51c8d13a77c17225e682ad7a901281f52c7e7c38bd6a95c052d910787ac,50a9abc975148748,abff907b341a4455,,,,,,60.0,0.0,True,10878,10878,10878,0.0
oculus_audio_pack/interaction_whoosh_medium_02.wav,oculus_audio_pack,normalized,reference,qoa,default,10878,44100,10878,44100,1,4432,7,0.24666666666666667,143.74054054054054,0.394453846,0.40885279999999996,0.40902175999999996,0.025394162,0.02625653,0.026474435600000002,9713.518668844701,f879012096295f72d70ee44ee997d1cff1dd2ac48eeec85f1765c0c38e5310fb,8f115dde0389132f55b5768a9f3c37e4278ba93c42134a4b62f46d47adcf3b53,8e3e484923400a81,568dd5f2bbaeab10,268,40960,0.012070446,,36.72759991938983,32.283349111167354,8.073488764591106,False,10878,10878,10878,743.0
oculus_audio_pack/interaction_whoosh_medium_02.wav,oculus_audio_pack,normalized,reference,ima,default,10878,44100,10878,44100,1,6204,7,0.24666666666666667,201.2108108108108,0.12589625,0.1290410252,0.12919794824,0.084261345,0.0853001696,0.08538274592,2927.4000630617356,9c36de447894912169b0dc966723880a5683bacef11e72fc7cb98704c4db634e,d9a8de67a65ab80ce5bfcb7f5083e596458f49890bc927a463d3158e0ff77791,e85b8606c20ff863,fee8e9d30f340952,,,,,38.663116553423095,36.08568894316258,7.284406138104423,False,10878,10878,10878,1305.0
oculus_audio_pack/interaction_whoosh_medium_02.wav,oculus_audio_pack,legacy_import,baseline,rgs,high,11840,48000,10878,44100,1,4436,7,0.24666666666666667,143.87027027027025,0.532373684,0.5475468420999999,0.54843989482,0.066427152,0.0683673055,0.0685370227,3713.340994457608,c18b0b66b2d5d06f7012459509f09d500886c945b3c7435c1f82fc47c132214e,ac31907043d912e07d9659d346abacc5c52facb1b0e8b11be3e17c9cb240ac94,a71b60a6df69438d,9f5b747ce81114e9,48,40960,0.027112162,0.069617361,29.083417656813275,25.454126951181923,14.206476225512416,False,10878,10878,10878,1945.0
oculus_audio_pack/interaction_whoosh_medium_02.wav,oculus_audio_pack,legacy_import,baseline,rgs,medium,11840,48000,10878,44100,1,3384,7,0.24666666666666667,109.75135135135135,1.3715375,1.39022625,1.3944652499999999,0.068819863,0.0697608768,0.06992196576,3584.23652582201,2684c9c923999c1d1663ca61e4da5f73687e0b4936c2510aa16804467ec82d60,a6c14844508b33484a2c7b37e231b9af54f01adde6256e51159422bb383a81bc,db746dca2405da22,b68d97ed411cb14a,48,40960,0.02761405,0.071832143,28.567785751546847,24.98134333205329,12.157064445775074,False,10878,10878,10878,1949.0
oculus_audio_pack/interaction_whoosh_medium_02.wav,oculus_audio_pack,legacy_import,baseline,rgs,low,11840,48000,10878,44100,1,3348,7,0.24666666666666667,108.58378378378379,1.7064,1.7386399999,1.74388799998,0.069731944,0.0710353251,0.07128791622000001,3537.3553714014724,f78a4278031a6b9dc72ea6df846389c1ebda97787b4841b096cc9cc8a9812844,36dfd837069a82f74b60fa43d672e8d20662116204b8dfca8dbf49dce027f60b,59a70efd156c0f36,c1b6307118b30f07,48,40960,0.028177465,0.07194964,28.43647783457756,24.97697735847088,11.810597626568796,False,10878,10878,10878,2462.0
oculus_audio_pack/machine_power_tool_04.wav,oculus_audio_pack,normalized,baseline,rgs,high,462874,44100,462874,44100,1,187348,7,10.496009070294784,142.79560830809248,50.208900001,55.9816699983,57.52105399806,4.397833334,4.7009399991,4.75170799902,2386.6318419002605,6c49a0f795d628e454d7c4acf8bf8976161f2419e131312e5b177d2e48183e47,ecc152d427697f604fa4218e58cf00173810de1d206eb2a90c274204daf83c8f,247a16c44b269e53,4bf7e7d8fac7d758,48,40960,0.034052041,4.505633333,17.40479554409398,17.567089378152108,9.984918131719297,False,462874,462874,462874,10641.0
oculus_audio_pack/machine_power_tool_04.wav,oculus_audio_pack,normalized,candidate,rgs,high,462874,44100,462874,44100,1,187348,7,10.496009070294784,142.79560830809248,49.920000002,51.186190001,51.550678001,3.85,5.810626666499998,6.425138666099999,2726.2361221544893,6c49a0f795d628e454d7c4acf8bf8976161f2419e131312e5b177d2e48183e47,ecc152d427697f604fa4218e58cf00173810de1d206eb2a90c274204daf83c8f,247a16c44b269e53,4bf7e7d8fac7d758,48,40960,0.022877854,3.827266667,17.40479554409398,17.567089378152108,9.984918131719297,False,462874,462874,462874,10641.0
oculus_audio_pack/machine_power_tool_04.wav,oculus_audio_pack,normalized,baseline,rgs,medium,462874,44100,462874,44100,1,176784,7,10.496009070294784,134.74378599791734,105.3706,106.9678200008,107.30156400176,4.589133333,4.6891866668,4.72061066696,2287.1440659217783,a07f4e3490318fe08d459690f46e2d5116e7f13800f55cda2e20df00693e594c,2cb9d5757c0e0f505bde9ec94c52e6799f2b6c373c96c86f9fd0032fde940879,9a117a46a9f22498,739b7d85d2c6f7fa,48,40960,0.032703268,4.563333334,16.31691994068329,16.020866229115537,10.315543252577118,False,462874,462874,462874,12656.0
oculus_audio_pack/machine_power_tool_04.wav,oculus_audio_pack,normalized,candidate,rgs,medium,462874,44100,462874,44100,1,176784,7,10.496009070294784,134.74378599791734,105.131700002,105.5397899991,105.60547799982,3.995966667,4.0585533331,4.06789733302,2626.650806918451,a07f4e3490318fe08d459690f46e2d5116e7f13800f55cda2e20df00693e594c,2cb9d5757c0e0f505bde9ec94c52e6799f2b6c373c96c86f9fd0032fde940879,9a117a46a9f22498,739b7d85d2c6f7fa,48,40960,0.023399766,3.917566666,16.31691994068329,16.020866229115537,10.315543252577118,False,462874,462874,462874,12656.0
oculus_audio_pack/machine_power_tool_04.wav,oculus_audio_pack,normalized,baseline,rgs,low,462874,44100,462874,44100,1,146316,7,10.496009070294784,111.52124509045659,108.659200002,109.734129997,109.970265997,4.599466667,4.6360233332,4.644751333039999,2282.0056824416124,170943aeef667f1396425e5283b10e78a554a45a52ef83cf5185b402e8fc9e55,11cfd17ed5437638b73a9fa61d3f7e44ef6dcf36bb9bd96aa82472055a6985b9,b0ac85f388ad9ab9,d0003922c2af3416,48,40960,0.034495862,4.591466667,11.597663246459472,11.596576461068253,11.415950336051461,False,462874,462874,462874,18933.0
oculus_audio_pack/machine_power_tool_04.wav,oculus_audio_pack,normalized,candidate,rgs,low,462874,44100,462874,44100,1,146316,7,10.496009070294784,111.52124509045659,107.241300002,112.7887599995,113.8120719983,4.0405,4.383709999799999,4.48298199996,2597.7005495099083,170943aeef667f1396425e5283b10e78a554a45a52ef83cf5185b402e8fc9e55,11cfd17ed5437638b73a9fa61d3f7e44ef6dcf36bb9bd96aa82472055a6985b9,b0ac85f388ad9ab9,d0003922c2af3416,48,40960,0.023476526,3.9925,11.597663246459472,11.596576461068253,11.415950336051461,False,462874,462874,462874,18933.0
oculus_audio_pack/machine_power_tool_04.wav,oculus_audio_pack,normalized,reference,pcm,default,462874,44100,462874,44100,1,925792,7,10.496009070294784,705.6335365563848,0.037985606,0.0382807441,0.03835653201999999,0.037009963,0.0379668689,0.03803352578,283599.555889715,643a9349ed6091941931ab0a9458c826151cf3389af9e35bfa4dcedb54274bef,643a9349ed6091941931ab0a9458c826151cf3389af9e35bfa4dcedb54274bef,7bc13c868e8f5928,83eda076677d6b16,,,,,,60.0,0.0,True,462874,462874,462874,0.0
oculus_audio_pack/machine_power_tool_04.wav,oculus_audio_pack,normalized,reference,qoa,default,462874,44100,462874,44100,1,187344,7,10.496009070294784,142.79255953023934,29.145999998,29.8067200007,29.813344000940003,1.09285,1.1173104446,1.12176431132,9604.254079054566,114660c6d5179de7c88f04bb98ccf6d2967852f5757a009d79ac5e70ed46cc2f,ecc152d427697f604fa4218e58cf00173810de1d206eb2a90c274204daf83c8f,e874aac0393ce444,4bf7e7d8fac7d758,268,40960,0.011984671,,17.40479554409398,17.567089378152108,9.984918131719297,False,462874,462874,462874,10641.0
oculus_audio_pack/machine_power_tool_04.wav,oculus_audio_pack,normalized,reference,ima,default,462874,44100,462874,44100,1,233532,7,10.496009070294784,177.99679740058852,5.303650001,5.53393,5.574466,3.576666667,3.7141866661,3.73097066602,2934.5784909552444,fc012f8e393c9caac9db897fad5368938500babd9a3a23c5ff4a4c5b9fa26317,4d4c3a2e8d4d2e5c38fdd74748571f8634a183cd013618cae5a64cca0611c487,f77bde7002a04e7c,5b94463f57af520c,,,,,16.51096529913183,16.757295793972734,10.215770790146834,False,462874,462874,462874,16145.0
oculus_audio_pack/machine_power_tool_04.wav,oculus_audio_pack,legacy_import,baseline,rgs,high,503808,48000,462874,44100,1,187348,7,10.496,142.79573170731706,47.010199998,48.627079999699994,49.08701599994,4.225033334,4.3921199994,4.39810399908,2484.2407551050105,1d5061a8d70418a9b05035a3c303d278d14d83842a4dea5fff1f30fcd314b286,3c24e5947d47e18f4200f6ed1e2b6a597eecae6c27d89da01a412f1a44c0616f,bb0f95b009d582fa,93e8ed5cb7c3feb5,48,40960,0.028043978,4.260166666,3.6052762697344565,3.8521569319763587,18.436739679477572,False,462874,462874,462874,21295.0
oculus_audio_pack/machine_power_tool_04.wav,oculus_audio_pack,legacy_import,baseline,rgs,medium,503808,48000,462874,44100,1,145080,7,10.496,110.57926829268293,93.8259,95.842499999,96.19625999899999,4.332433333,4.4264033339,4.44122733398,2422.657013566099,b14aa3020dc794bc9371cc22b52d003a1674d55654b37cb3cb159d11f7270f76,5b452404581ebc163981acc1e8f69e390f08d832c705f1456259a90b569319ea,d9e0f6f8ec418ece,7c3fb2bdceaa9910,48,40960,0.029317544,4.396066666,3.5124053771518113,3.7481485288264467,16.0862676533437,False,462874,462874,462874,21261.0
oculus_audio_pack/machine_power_tool_04.wav,oculus_audio_pack,legacy_import,baseline,rgs,low,503808,48000,462874,44100,1,141060,7,10.496,107.51524390243902,139.419300001,142.09880000069998,142.62176000094,4.279466666,4.331306666100001,4.33215466602,2452.642074160743,f1ebb1990ff432664c2b9594241aa3e230a95026a7799aa54c25efad4efcfed1,6d286faf2618d44048e2f63bc931a2fc5d43ba9c4b0b7a141ff6885b9cf1a4be,0d5fe9adc700d371,3e2034d885c63aca,48,40960,0.029870448,4.361633333,3.497379669032909,3.7355744211958855,15.984220433676347,False,462874,462874,462874,21241.0
oculus_audio_pack/sting_acoustic_guit_pos_01.wav,oculus_audio_pack,normalized,baseline,rgs,high,158152,44100,158152,44100,2,127780,7,3.5862131519274376,285.0471951034448,13.6558,13.7317600009,13.741072000179999,2.26212,2.3192200003,2.32234000006,1585.3328523364976,3f1bda19be830d4f29c38090cbc9a18635d694e73607675b08032d70b27b8599,edb206a3bb06516694817bb8cf27688fcd68016c3d76a6508f4cfafe0ea082b3,75b6b153223769b3,5aa5cd06da676ef0,48,81920,0.0682,2.28256,40.55075191891373,39.35086450298274,9.655325354933469,False,158152,158152,158152,2102.0
oculus_audio_pack/sting_acoustic_guit_pos_01.wav,oculus_audio_pack,normalized,candidate,rgs,high,158152,44100,158152,44100,2,127780,7,3.5862131519274376,285.0471951034448,13.184799999,13.3763300004,13.41422600088,1.901866667,1.9087116668,1.90911566696,1885.6280590817241,3f1bda19be830d4f29c38090cbc9a18635d694e73607675b08032d70b27b8599,edb206a3bb06516694817bb8cf27688fcd68016c3d76a6508f4cfafe0ea082b3,75b6b153223769b3,5aa5cd06da676ef0,48,81920,0.04856699,1.8974,40.55075191891373,39.35086450298274,9.655325354933469,False,158152,158152,158152,2102.0
oculus_audio_pack/sting_acoustic_guit_pos_01.wav,oculus_audio_pack,normalized,baseline,rgs,medium,158152,44100,158152,44100,2,96460,7,3.5862131519274376,215.17962466487936,43.322900001,43.504079999700004,43.533935999940006,2.419000001,2.456516,2.4590792,1482.5188716184036,76fab26534da0fea45ad73e565963d187b199494a976518214bf3f3825da7ea3,6ed4108d25d7fd0daa634d899fa8dd0297a46337614659d9a4852b6557d73774,9fdbdb8b7b2cfe40,a674d6221dac0493,48,81920,0.070820423,2.38748,33.53686058954745,32.83544959567961,12.932793558533154,False,158152,158152,158152,1872.0
oculus_audio_pack/sting_acoustic_guit_pos_01.wav,oculus_audio_pack,normalized,candidate,rgs,medium,158152,44100,158152,44100,2,96460,7,3.5862131519274376,215.17962466487936,30.054899998,30.1146000024,30.11532000288,2.00456,2.095298,2.1078116,1789.027593051561,76fab26534da0fea45ad73e565963d187b199494a976518214bf3f3825da7ea3,6ed4108d25d7fd0daa634d899fa8dd0297a46337614659d9a4852b6557d73774,9fdbdb8b7b2cfe40,a674d6221dac0493,48,81920,0.052743158,2.02206,33.53686058954745,32.83544959567961,12.932793558533154,False,158152,158152,158152,1872.0
oculus_audio_pack/sting_acoustic_guit_pos_01.wav,oculus_audio_pack,normalized,baseline,rgs,low,158152,44100,158152,44100,2,96148,7,3.5862131519274376,214.4836258789013,46.454200003,46.9944000009,47.09904000018,2.38466,2.440842,2.4535284,1503.8677010254871,77fbd129ed8125776db39081c6d0c588204990e2bee39b4f8403fa2e6cb5172b,36cad36a70221eb24d673b35fab687e6de4e4fa7f26a76a9e553d22e467623f4,2d784d72bc2e3ae7,f13900d64d4a4d11,48,81920,0.069772917,2.36946,33.10237896074351,32.8586461861273,12.951052600775329,False,158152,158152,158152,3020.0
oculus_audio_pack/sting_acoustic_guit_pos_01.wav,oculus_audio_pack,normalized,candidate,rgs,low,158152,44100,158152,44100,2,96148,7,3.5862131519274376,214.4836258789013,29.977199998,30.802569999699998,31.02267399994,1.997633333,2.0419780007,2.05180360094,1795.2309328668164,77fbd129ed8125776db39081c6d0c588204990e2bee39b4f8403fa2e6cb5172b,36cad36a70221eb24d673b35fab687e6de4e4fa7f26a76a9e553d22e467623f4,2d784d72bc2e3ae7,f13900d64d4a4d11,48,81920,0.05292963,2.00606,33.10237896074351,32.8586461861273,12.951052600775329,False,158152,158152,158152,3020.0
oculus_audio_pack/sting_acoustic_guit_pos_01.wav,oculus_audio_pack,normalized,reference,pcm,default,158152,44100,158152,44100,2,632652,7,3.5862131519274376,1411.2981536749458,0.013373529,0.017046574399999997,0.017837278879999998,0.013643929,0.0173270925,0.017384722499999998,262843.1408524214,c0b32baa21ef1af789e2cdf6a998ca56f932844553e17b8186a074e6acbfbc87,c0b32baa21ef1af789e2cdf6a998ca56f932844553e17b8186a074e6acbfbc87,a22334940a3824af,9bf0fd0090e2b4f0,,,,,,60.0,0.0,True,158152,158152,158152,0.0
oculus_audio_pack/sting_acoustic_guit_pos_01.wav,oculus_audio_pack,normalized,reference,qoa,default,158152,44100,158152,44100,2,127776,7,3.5862131519274376,285.03827204208613,8.72725,11.767844999299996,12.771488999059997,0.956472727,0.9721881818,0.9745030907600001,3749.4149605035605,3e9b2008cd23a0d5b410d127620ad7bf9ca7bb8fc13a7e71774dfd4405c2305c,edb206a3bb06516694817bb8cf27688fcd68016c3d76a6508f4cfafe0ea082b3,da482f76ddca2d01,5aa5cd06da676ef0,268,81920,0.031765079,,40.55075191891373,39.35086450298274,9.655325354933469,False,158152,158152,158152,2102.0
oculus_audio_pack/sting_acoustic_guit_pos_01.wav,oculus_audio_pack,normalized,reference,ima,default,158152,44100,158152,44100,2,159804,7,3.5862131519274376,356.48522434114017,3.072075,3.1103475,3.1141095,2.35014,2.37362,2.379284,1525.9572416653634,1a0d75273e1b74fb0f50ddad5695f799b5ac6a32a9224e8108dfc53e25e95101,dae15791f2eef1143de25ecaf5010bb2e52e8a2a4702fafa825721f239b81529,edc64edc24c60d05,64ea023c8961e9fb,,,,,39.91947103765343,39.197884054076404,10.499129840844587,False,158152,158152,158152,2993.0
oculus_audio_pack/sting_acoustic_guit_pos_01.wav,oculus_audio_pack,legacy_import,baseline,rgs,high,172138,48000,158152,44100,2,127780,7,3.5862083333333334,285.04757810593827,13.8783,14.159160001,14.207592001,2.2403,2.2917320007,2.29369040094,1600.7714740585338,d93436c4bc6404de91ba83b96320ea2c7f8464a80a5b77c10ccc315ead8a49c2,2edec98b424f189cd04bf9aabd9c6f86d21ed35f0c6d1077575068a407a2ca3c,2ad004607713c573,2d93e081ef88fe29,48,81920,0.063576582,2.22812,31.90616054153232,32.20108340951324,10.480110452120122,False,158152,158152,158152,2926.0
oculus_audio_pack/sting_acoustic_guit_pos_01.wav,oculus_audio_pack,legacy_import,baseline,rgs,medium,172138,48000,158152,44100,2,96148,7,3.5862083333333334,214.48391406894467,42.040100001,42.3919800014,42.40119600188,2.37628,2.3891640002999996,2.3929368000599998,1509.169093428945,12f689860d2d4376da03fa714bd89b444fa1e0e282cd41068f30d6f11371b834,37adf445455a99ebcccddaff3853b2c89c8e6c606009f9fc11d5bb4962296411,3abe11f53c83e3c3,4bc0c3fb32554dcb,48,81920,0.068140816,2.3585,31.296717202248736,31.339894396155415,12.376669617850617,False,158152,158152,158152,2987.0
oculus_audio_pack/sting_acoustic_guit_pos_01.wav,oculus_audio_pack,legacy_import,baseline,rgs,low,172138,48000,158152,44100,2,96148,7,3.5862083333333334,214.48391406894467,42.080499999,42.2661299986,42.27498599812,2.34894,2.397614,2.4025628,1526.7347541160411,12f689860d2d4376da03fa714bd89b444fa1e0e282cd41068f30d6f11371b834,37adf445455a99ebcccddaff3853b2c89c8e6c606009f9fc11d5bb4962296411,3abe11f53c83e3c3,4bc0c3fb32554dcb,48,81920,0.067588514,2.361740001,31.296717202248736,31.339894396155415,12.376669617850617,False,158152,158152,158152,2987.0
oculus_audio_pack/sting_banjo_humorous_02.wav,oculus_audio_pack,normalized,baseline,rgs,high,138382,44100,138382,44100,2,111852,7,3.1379138321995463,285.16270613230046,13.887200002,14.233429999399998,14.31764599988,2.0887,2.11549,2.119786,1502.3286408768836,f7a4e22773589f841d2fb950d69a3558b132047db786a5592445548c3050482b,e8c5e626a587d1a04ca8f3a7339ba1dee763749ffa102b4a98d5ce842694ab04,bed7bd1276451b99,ebffd1054c6ba4db,48,81920,0.068240136,2.09796,37.67926172860701,34.403575403695285,10.95961738248467,False,138382,138382,138382,1917.0
oculus_audio_pack/sting_banjo_humorous_02.wav,oculus_audio_pack,normalized,candidate,rgs,high,138382,44100,138382,44100,2,111852,7,3.1379138321995463,285.16270613230046,13.440700002,13.560560000399999,13.58979200088,1.799133334,1.8133249998,1.8161049999599999,1744.125225684661,f7a4e22773589f841d2fb950d69a3558b132047db786a5592445548c3050482b,e8c5e626a587d1a04ca8f3a7339ba1dee763749ffa102b4a98d5ce842694ab04,bed7bd1276451b99,ebffd1054c6ba4db,48,81920,0.04979204,1.76745,37.67926172860701,34.403575403695285,10.95961738248467,False,138382,138382,138382,1917.0
oculus_audio_pack/sting_banjo_humorous_02.wav,oculus_audio_pack,normalized,baseline,rgs,medium,138382,44100,138382,44100,2,84916,7,3.1379138321995463,216.49032966715325,42.471999999,42.6606899986,42.70597799812,2.1892,2.2152180006999997,2.21525160094,1433.36096848143,beb64597698a03c06ae51a05b122781f35c194db5859c848048f22fadcea95a8,38f1abdd435408523f48497007d928f1bcf60224f953798e715979bf758fa75f,049110f179811242,facdf694362559ff,48,81920,0.069595833,2.17898,30.991667941298825,27.80013858106972,14.103997611203315,False,138382,138382,138382,2287.0
oculus_audio_pack/sting_banjo_humorous_02.wav,oculus_audio_pack,normalized,candidate,rgs,medium,138382,44100,138382,44100,2,84916,7,3.1379138321995463,216.49032966715325,31.009999998,31.2436500027,31.25961000294,1.864183333,1.877436667,1.879740667,1683.2646106484349,beb64597698a03c06ae51a05b122781f35c194db5859c848048f22fadcea95a8,38f1abdd435408523f48497007d928f1bcf60224f953798e715979bf758fa75f,049110f179811242,facdf694362559ff,48,81920,0.053761497,1.879583333,30.991667941298825,27.80013858106972,14.103997611203315,False,138382,138382,138382,2287.0
oculus_audio_pack/sting_banjo_humorous_02.wav,oculus_audio_pack,normalized,baseline,rgs,low,138382,44100,138382,44100,2,84376,7,3.1379138321995463,215.11361882325735,45.523499999,45.850000001,45.896800001,2.17162,2.200234,2.2037427999999997,1444.9645113783934,ae925b385294bb81162b3d35072c0c41bffca82e0a829392bffe703d80ae15e2,b4893d23e8711f8997300cd510b7b8957e9560b7d0a6029d9047c019e53c6b58,05b504720c440172,26d66cbf444bac81,48,81920,0.071080142,2.1596,29.579262166498765,27.606486070644678,14.25590601750606,False,138382,138382,138382,3304.0
oculus_audio_pack/sting_banjo_humorous_02.wav,oculus_audio_pack,normalized,candidate,rgs,low,138382,44100,138382,44100,2,84376,7,3.1379138321995463,215.11361882325735,31.2108,31.6980399995,31.7134479983,1.846716667,1.8672850002,1.87237700004,1699.185309946383,ae925b385294bb81162b3d35072c0c41bffca82e0a829392bffe703d80ae15e2,b4893d23e8711f8997300cd510b7b8957e9560b7d0a6029d9047c019e53c6b58,05b504720c440172,26d66cbf444bac81,48,81920,0.054431522,1.85455,29.579262166498765,27.606486070644678,14.25590601750606,False,138382,138382,138382,3304.0
oculus_audio_pack/sting_banjo_humorous_02.wav,oculus_audio_pack,normalized,reference,pcm,default,138382,44100,138382,44100,2,553572,7,3.1379138321995463,1411.3121764391324,0.009995904,0.0104498931,0.01058687862,0.010886616,0.0113739515,0.0114924863,288235.9249375147,08bba180cd2937867a653bf9399b94bd9e1173ac35ae31b0379a6eb7b61d4077,08bba180cd2937867a653bf9399b94bd9e1173ac35ae31b0379a6eb7b61d4077,924681a932cd6dc5,8e48b9f3dcb1b8a6,,,,,,60.0,0.0,True,138382,138382,138382,0.0
oculus_audio_pack/sting_banjo_humorous_02.wav,oculus_audio_pack,normalized,reference,qoa,default,138382,44100,138382,44100,2,111848,7,3.1379138321995463,285.15250827419754,8.716400001,8.888215000299999,8.889523000059999,0.848533333,0.8683366668,0.87414066696,3698.0442725866924,2ba4d6a8d400a17c845000864d7f7db32db7ab5db5b854726653fcd75ae22df0,e8c5e626a587d1a04ca8f3a7339ba1dee763749ffa102b4a98d5ce842694ab04,f551d7611e8cf4d8,ebffd1054c6ba4db,268,81920,0.031594006,,37.67926172860701,34.403575403695285,10.95961738248467,False,138382,138382,138382,1917.0
oculus_audio_pack/sting_banjo_humorous_02.wav,oculus_audio_pack,normalized,reference,ima,default,138382,44100,138382,44100,2,139324,7,3.1379138321995463,355.20159558324065,2.674375,2.7353375003,2.75234750006,2.0315,2.074848,2.0783616,1544.6290092047977,78a90c225ba4d25b8e912926e525be05dbe8a7fcec8c5a415568ab048596846d,d9f0ff6a4282f65edcf143e11c3fea27868202ef2413f1ea8cdd8c7b3c7f8340,2adad814cddd9612,3d3f3ca91c15d416,,,,,36.77842410648834,34.2954707134328,11.490153618563072,False,138382,138382,138382,3237.0
oculus_audio_pack/sting_banjo_humorous_02.wav,oculus_audio_pack,legacy_import,baseline,rgs,high,150620,48000,138383,44100,2,111852,7,3.1379166666666665,285.16244854600984,13.544100001,13.621320000399999,13.62746400088,2.041779999,2.051324,2.0517368,1536.853465213451,dd2d8593560b328a9bc48aba4d087cdaabb8191c6836593af8a883bc2dec68c7,1b1e6519d33360e1a761da4f1ad8dc10609f3f78794e3ba02ca7ed7d6907f5b9,45ef2b336d51633f,7c399809ebe4f796,48,81920,0.063735669,2.0144,29.071652295261377,26.874116159292196,11.038510062404072,False,138382,138382,138383,3381.0
oculus_audio_pack/sting_banjo_humorous_02.wav,oculus_audio_pack,legacy_import,baseline,rgs,medium,150620,48000,138383,44100,2,84528,7,3.1379166666666665,215.5009427698845,39.405900002,39.9621099991,40.03730199982,2.1074,2.148776,2.1526832,1488.9990825978298,cd2fec97060fe1e8a6ce225949362bf25f2551b59d73cab6a45984e5409b1c5f,377950801138ae9c17a909e2916dab1cfd9ca9113321216e2370319b8d516ab6,2dc7dbdd682b6d7d,7522f0c89b7ba3f8,48,81920,0.068735616,2.108859999,28.436511147590195,26.071090933729554,13.022018364739191,False,138382,138382,138383,3323.0
oculus_audio_pack/sting_banjo_humorous_02.wav,oculus_audio_pack,legacy_import,baseline,rgs,low,150620,48000,138383,44100,2,84172,7,3.1379166666666665,214.59333421856329,42.590999998,42.9498599977,43.01293199794,2.11412,2.440695,2.546979,1484.2661091454913,b8296b7c9f543338f9588e604d4092ae36d2c246f78064be4dd7b6dd3ad19010,fde6d91dff01cde5467222ab19bf6be77ed651749ef7ac75f012cb41db0ef807,2312a136cf584ea6,9b33a282fa09acf4,48,81920,0.069206207,2.11322,28.320967324348185,26.098784653069885,13.00788593252138,False,138382,138382,138383,3814.0
oculus_audio_pack/sting_loss_mallet.wav,oculus_audio_pack,normalized,baseline,rgs,high,175503,44100,175503,44100,2,141828,7,3.979659863945578,285.1057725508966,11.965799998,12.0690499995,12.0857299983,2.483,2.5467624997,2.5565124999399997,1602.762732156898,650c38610a527074be54f8ee719edddfaf12ab1ee759d4b1e7ec81163d64f1a1,910f8b81769b7b23c1a459c19fae7679d38b10a8d39c65a4ca710d8f95ff1133,e911ae74066deaa8,0601d5a57df401c1,48,81920,0.06115061,2.48886,48.04569453582402,46.294863154730876,10.707601528377042,False,175503,175503,175503,446.0
oculus_audio_pack/sting_loss_mallet.wav,oculus_audio_pack,normalized,candidate,rgs,high,175503,44100,175503,44100,2,141828,7,3.979659863945578,285.1057725508966,11.6237,11.7239399976,11.73478799712,2.093499999,2.116368,2.1206495999999997,1900.9600505596072,650c38610a527074be54f8ee719edddfaf12ab1ee759d4b1e7ec81163d64f1a1,910f8b81769b7b23c1a459c19fae7679d38b10a8d39c65a4ca710d8f95ff1133,e911ae74066deaa8,0601d5a57df401c1,48,81920,0.046936916,2.05474,48.04569453582402,46.294863154730876,10.707601528377042,False,175503,175503,175503,446.0
oculus_audio_pack/sting_loss_mallet.wav,oculus_audio_pack,normalized,baseline,rgs,medium,175503,44100,175503,44100,2,106868,7,3.979659863945578,214.82840977077316,39.538200002,39.8016699999,39.843933999179995,2.593325,2.6463750004,2.6554950008800002,1534.5781434820462,2474d47028e79e3f67b0ddeb9d54adb0f30e9e3247fada5913958b619807e474,884bdeb0db9788c56393ac4d9d677854b5f7994d17bf6e20fc7d42aac55ddbf8,1d38ec9276a094a9,8f380227f81d16b1,48,81920,0.068195918,2.619875001,38.43394614278082,38.19226933434417,15.273332891563541,False,175503,175503,175503,1175.0
oculus_audio_pack/sting_loss_mallet.wav,oculus_audio_pack,normalized,candidate,rgs,medium,175503,44100,175503,44100,2,106868,7,3.979659863945578,214.82840977077316,26.762200002,28.2578999986,28.70501999812,2.19744,2.2304560003,2.23311520006,1811.0436980966845,2474d47028e79e3f67b0ddeb9d54adb0f30e9e3247fada5913958b619807e474,884bdeb0db9788c56393ac4d9d677854b5f7994d17bf6e20fc7d42aac55ddbf8,1d38ec9276a094a9,8f380227f81d16b1,48,81920,0.052412565,2.20074,38.43394614278082,38.19226933434417,15.273332891563541,False,175503,175503,175503,1175.0
oculus_audio_pack/sting_loss_mallet.wav,oculus_audio_pack,normalized,baseline,rgs,low,175503,44100,175503,44100,2,106724,7,3.979659863945578,214.5389377959351,40.4663,40.6995999993,40.70871999906,2.626324999,2.6977325,2.7116465,1515.2960374138288,43022592275d5c7954678969ff5dbbab56690942beb03017786e88c945eff3ed,e861247e027304145129048c19b89babbe9209d90b16d3dac4ef66aa25569203,4191ac44851408a2,6db5866b48337279,48,81920,0.067661486,2.631925,38.229760329546274,38.35754311149275,15.10047901694577,False,175503,175503,175503,1703.0
oculus_audio_pack/sting_loss_mallet.wav,oculus_audio_pack,normalized,candidate,rgs,low,175503,44100,175503,44100,2,106724,7,3.979659863945578,214.5389377959351,26.517000001,26.840599999200002,26.913799998240002,2.21568,2.240994,2.2457508,1796.1347595075001,43022592275d5c7954678969ff5dbbab56690942beb03017786e88c945eff3ed,e861247e027304145129048c19b89babbe9209d90b16d3dac4ef66aa25569203,4191ac44851408a2,6db5866b48337279,48,81920,0.052425654,2.22048,38.229760329546274,38.35754311149275,15.10047901694577,False,175503,175503,175503,1703.0
oculus_audio_pack/sting_loss_mallet.wav,oculus_audio_pack,normalized,reference,pcm,default,175503,44100,175503,44100,2,702056,7,3.979659863945578,1411.2884497700895,0.018110307,0.0189294841,0.019023615219999998,0.018454244,0.0188102262,0.018893690039999998,215650.11625215196,5ae9878a0f26d8a695dfa1d4fb5dfa9a5de6d84096429a2da3d94fd8490eb61c,5ae9878a0f26d8a695dfa1d4fb5dfa9a5de6d84096429a2da3d94fd8490eb61c,c4a212851d0a6ad8,65dd08665cff22d7,,,,,,60.0,0.0,True,175503,175503,175503,0.0
oculus_audio_pack/sting_loss_mallet.wav,oculus_audio_pack,normalized,reference,qoa,default,175503,44100,175503,44100,2,141824,7,3.979659863945578,285.0977316627066,7.78365,7.918555,7.929151,1.05661,1.082957,1.0831514,3766.4416047033224,16d1d74d4de68d8a5d69fdfa87d60c3fdf2252133376bc088bac38ed2c30405e,910f8b81769b7b23c1a459c19fae7679d38b10a8d39c65a4ca710d8f95ff1133,ce021dd0038d745b,0601d5a57df401c1,268,81920,0.031481447,,48.04569453582402,46.294863154730876,10.707601528377042,False,175503,175503,175503,446.0
oculus_audio_pack/sting_loss_mallet.wav,oculus_audio_pack,normalized,reference,ima,default,175503,44100,175503,44100,2,176188,7,3.979659863945578,354.17700210252815,3.32275,3.3631600002,3.36711200004,2.631975,2.6664425,2.6753885,1512.0431857998567,f6846ae3ca51c8a4adf745a2f4c8c6d0d78915616f2cc0b0019218ab9f2e2276,b9973a3f0fbfc51804294dae86bdaa12d604e34e5c9e89a68ab145d69ab515bf,ef1d79c51ceb9f54,2dc1e6a07153d0d1,,,,,40.43680183686018,41.61259983544713,14.347855641871284,False,175503,175503,175503,1753.0
oculus_audio_pack/sting_loss_mallet.wav,oculus_audio_pack,legacy_import,baseline,rgs,high,191024,48000,175504,44100,2,141828,7,3.9796666666666667,285.1052851997655,14.065099999,14.38477,14.398234,2.40832,2.452192,2.4657184,1652.4658960049608,2980547c5f03f4d9aed26e0ba843449bc8f4364e16d4229b525a517388ccb322,7a15f6b8a897fae8a42ae5119bc2fbdc9429e238f7c80a256412f528b922144c,620342c658811316,6deee1251610d690,48,81920,0.060474699,2.43672,34.75630394843951,37.269572296262496,10.641446356113214,False,175503,175503,175504,2123.0
oculus_audio_pack/sting_loss_mallet.wav,oculus_audio_pack,legacy_import,baseline,rgs,medium,191024,48000,175504,44100,2,106790,7,3.9796666666666667,214.67124549794792,40.9782,48.694280001699994,51.30725600194,2.6134,2.6816225003,2.70092450006,1522.792785898319,e212e0a8f5ccd7b3c00b161aa24e46886148fd5705d9124d85b8d7e5404d8088,ffe02c903f2fb3532a55994528e4de56d14a8d9804fe3c318495ca2e7b0ce941,72b75a16a58fd6b6,e53b09bbe056bdb7,48,81920,0.068032653,2.606025,34.10415602184188,35.90879844821498,14.535836874278187,False,175503,175503,175504,2906.0
oculus_audio_pack/sting_loss_mallet.wav,oculus_audio_pack,legacy_import,baseline,rgs,low,191024,48000,175504,44100,2,106724,7,3.9796666666666667,214.53857106960382,41.411400001,42.1986099996,42.39548199912,2.59615,2.6391649997,2.64239299994,1532.9109129544388,7c950966210dcffbcb6cb6ca50a273417b04f3ab235d38336dd8603c3de1b1a5,fd97e360b94ac68cc988a8506947e6f7526cd8c769a0bc9a78171eb5b65826f3,2389e89001bd1cc8,9d84845814500836,48,81920,0.067195973,2.5995,34.08458595636488,35.89317602904949,14.565218962314068,False,175503,175503,175504,2906.0
oculus_audio_pack/sting_loss_piano.wav,oculus_audio_pack,normalized,baseline,rgs,high,176315,44100,176315,44100,2,142468,7,3.9980725623582765,285.07336528372514,14.589000002,15.033369998500001,15.0343539973,2.606625,2.6529175,2.6633035,1533.8119454690552,9284d8af8f39e5db0e8055983a9aab6ae66f5edee04acbecdbf77b2d4f7d7018,3f68916a4d9cfaddbdba0c704fcf10e9c165c284c38ad842a94b3a8c7b291a3d,846f6abb7bd67a08,dbec14ba5c669ebd,48,81920,0.059560119,2.6095,47.73339612587258,42.88421603977138,10.767840027326852,False,176315,176315,176315,182.0
oculus_audio_pack/sting_loss_piano.wav,oculus_audio_pack,normalized,candidate,rgs,high,176315,44100,176315,44100,2,142468,7,3.9980725623582765,285.07336528372514,14.0711,14.3363999996,14.39663999912,2.20354,2.24506,2.2478920000000002,1814.3861978263508,9284d8af8f39e5db0e8055983a9aab6ae66f5edee04acbecdbf77b2d4f7d7018,3f68916a4d9cfaddbdba0c704fcf10e9c165c284c38ad842a94b3a8c7b291a3d,846f6abb7bd67a08,dbec14ba5c669ebd,48,81920,0.046586512,2.1683,47.73339612587258,42.88421603977138,10.767840027326852,False,176315,176315,176315,182.0
oculus_audio_pack/sting_loss_piano.wav,oculus_audio_pack,normalized,baseline,rgs,medium,176315,44100,176315,44100,2,107204,7,3.9980725623582765,214.51136431954174,50.829100002,51.0595699987,51.06343399894,2.72225,2.7703799989999998,2.777855999,1468.664730409873,314305824f209719a53e953f04c2e05aef578ffaeabb7054e0cca2df4e20a4b1,67fe6ecec4d8db50d6b936e2a72da607e50ef4e0953e4078ca391e4a710ca41b,44b23ecdea990aae,27b8951a41f7ba46,48,81920,0.064429487,2.7128,37.97833785659713,34.31863317408749,15.00228952789033,False,176315,176315,176315,637.0
oculus_audio_pack/sting_loss_piano.wav,oculus_audio_pack,normalized,candidate,rgs,medium,176315,44100,176315,44100,2,107204,7,3.9980725623582765,214.51136431954174,32.974999998,33.230170001,33.316834001,2.3056,2.32672,2.326912,1734.0703341248598,314305824f209719a53e953f04c2e05aef578ffaeabb7054e0cca2df4e20a4b1,67fe6ecec4d8db50d6b936e2a72da607e50ef4e0953e4078ca391e4a710ca41b,44b23ecdea990aae,27b8951a41f7ba46,48,81920,0.051191837,2.31682,37.97833785659713,34.31863317408749,15.00228952789033,False,176315,176315,176315,637.0
oculus_audio_pack/sting_loss_piano.wav,oculus_audio_pack,normalized,baseline,rgs,low,176315,44100,176315,44100,2,107204,7,3.9980725623582765,214.51136431954174,50.678000003,51.324900003,51.364260003000005,2.709,2.8337100007,2.84740200094,1475.8481219484224,314305824f209719a53e953f04c2e05aef578ffaeabb7054e0cca2df4e20a4b1,67fe6ecec4d8db50d6b936e2a72da607e50ef4e0953e4078ca391e4a710ca41b,44b23ecdea990aae,27b8951a41f7ba46,48,81920,0.064954545,2.704025,37.97833785659713,34.31863317408749,15.00228952789033,False,176315,176315,176315,637.0
oculus_audio_pack/sting_loss_piano.wav,oculus_audio_pack,normalized,candidate,rgs,low,176315,44100,176315,44100,2,107204,7,3.9980725623582765,214.51136431954174,33.004699998,33.4645199999,33.49178399918,2.30618,2.34801,2.351202,1733.6342186465397,314305824f209719a53e953f04c2e05aef578ffaeabb7054e0cca2df4e20a4b1,67fe6ecec4d8db50d6b936e2a72da607e50ef4e0953e4078ca391e4a710ca41b,44b23ecdea990aae,27b8951a41f7ba46,48,81920,0.050676263,2.34198,37.97833785659713,34.31863317408749,15.00228952789033,False,176315,176315,176315,637.0
oculus_audio_pack/sting_loss_piano.wav,oculus_audio_pack,normalized,reference,pcm,default,176315,44100,176315,44100,2,705304,7,3.9980725623582765,1411.2880424240707,0.017494231,0.018845648399999998,0.018976871279999998,0.018300914,0.019061334,0.019102038,218462.99929928506,f6c71065f4934484fbe28bd7f0861f8d1436ec63146aaa50f8af1c21e604fa79,f6c71065f4934484fbe28bd7f0861f8d1436ec63146aaa50f8af1c21e604fa79,5efde70c14c77d2e,c29603ad3531e30e,,,,,,60.0,0.0,True,176315,176315,176315,0.0
oculus_audio_pack/sting_loss_piano.wav,oculus_audio_pack,normalized,reference,qoa,default,176315,44100,176315,44100,2,142464,7,3.9980725623582765,285.06536142699144,9.247749999,9.449365001,9.471073000999999,1.08114,1.1265093331,1.13932853302,3698.0155783323867,64bbabba54b30834313f55b385c4a0d755e7c384dcb1d45a5c0bfd4b2afc297d,3f68916a4d9cfaddbdba0c704fcf10e9c165c284c38ad842a94b3a8c7b291a3d,ee79f72b09ae7a97,dbec14ba5c669ebd,268,81920,0.031770476,,47.73339612587258,42.88421603977138,10.767840027326852,False,176315,176315,176315,182.0
oculus_audio_pack/sting_loss_piano.wav,oculus_audio_pack,normalized,reference,ima,default,176315,44100,176315,44100,2,178236,7,3.9980725623582765,356.6438521963531,3.484500001,3.6224300004,3.62840600088,2.712874999,2.9949624999999997,3.0780325,1473.7400594690198,a546e154c45fc289954ece0246d947487bf107c91c04526e7602ded76cbb6ff9,d8d47f71a14106d9e35adabde31b7e0af856567966ce26e7870ddea4568252a0,44a8312625c49a13,bead029a208abf5e,,,,,40.44990067417004,38.825002621704286,13.79158307425142,False,176315,176315,176315,724.0
oculus_audio_pack/sting_loss_piano.wav,oculus_audio_pack,legacy_import,baseline,rgs,high,191908,48000,176316,44100,2,142468,7,3.998083333333333,285.07259728619965,16.138599999,16.4983999986,16.50871999812,2.4331,2.5088525006999998,2.51703050094,1643.205512857397,d8a73b004e0c2e79e5f78f68129b61583daeb1292d9b906891b1ff63d6cab351,7a0d35a0ba58cfe5bfdafa1afa9c555f9999776e2d11eb3149485cb091e3d99e,6370168620b17c29,b9af4f45111a2b47,48,81920,0.058767836,2.54605,35.53484016897799,32.74733569970648,10.636359801196416,False,176315,176315,176316,705.0
oculus_audio_pack/sting_loss_piano.wav,oculus_audio_pack,legacy_import,baseline,rgs,medium,191908,48000,176316,44100,2,107204,7,3.998083333333333,214.51078641849222,50.156300001,50.5821,50.683139999999995,2.68605,2.8234199993,2.86544399906,1488.461991896403,322e6fea09dd911a1f716be3b90b60d7d3ff0ab3148ad3391d980db6befe1851,4081f3d41fb4c85150db9037849e3ff28b24585629f7fbf62dfa29c35b71d11f,120d85d215f7af9d,3bbcc2afcfaad8f4,48,81920,0.064308333,2.706125,34.75887395648569,31.73245586114358,14.235840598026549,False,176315,176315,176316,1093.0
oculus_audio_pack/sting_loss_piano.wav,oculus_audio_pack,legacy_import,baseline,rgs,low,191908,48000,176316,44100,2,107204,7,3.998083333333333,214.51078641849222,49.855099998,50.5458999989,50.70045999818,2.645500001,2.6855074993,2.6879014990599996,1511.277010705748,322e6fea09dd911a1f716be3b90b60d7d3ff0ab3148ad3391d980db6befe1851,4081f3d41fb4c85150db9037849e3ff28b24585629f7fbf62dfa29c35b71d11f,120d85d215f7af9d,3bbcc2afcfaad8f4,48,81920,0.063626582,2.6647,34.75887395648569,31.73245586114358,14.235840598026549,False,176315,176315,176316,1093.0
oculus_audio_pack/sting_victory_mallet.wav,oculus_audio_pack,normalized,baseline,rgs,high,165375,44100,165375,44100,2,133636,7,3.75,285.09013333333337,11.130800001,11.4891399997,11.55854799994,2.23164,2.373354,2.4081107999999998,1680.3785556810237,9163eeaeafc4a0956639f0706f5e1aa36c8d9f6b96baa888d21da66dc8680003,b8975806b560edb3cfc071019b3433f234e80bb7b025a941f56a5a30f15f79a4,5f3bc1a5b3f798f7,58cf882f4dd5595c,48,81920,0.058894706,2.26198,49.40580100021977,43.36940601786709,8.973802565761519,False,165375,165375,165375,461.0
oculus_audio_pack/sting_victory_mallet.wav,oculus_audio_pack,normalized,candidate,rgs,high,165375,44100,165375,44100,2,133636,7,3.75,285.09013333333337,10.771400001,10.819860003,10.825572003,1.902016666,1.9135916669,1.91453166698,1971.5915570216146,9163eeaeafc4a0956639f0706f5e1aa36c8d9f6b96baa888d21da66dc8680003,b8975806b560edb3cfc071019b3433f234e80bb7b025a941f56a5a30f15f79a4,5f3bc1a5b3f798f7,58cf882f4dd5595c,48,81920,0.046459722,1.9035,49.40580100021977,43.36940601786709,8.973802565761519,False,165375,165375,165375,461.0
oculus_audio_pack/sting_victory_mallet.wav,oculus_audio_pack,normalized,baseline,rgs,medium,165375,44100,165375,44100,2,100560,7,3.75,214.528,37.666999999,37.8069199995,37.836103998300004,2.40956,2.6742694997,2.75615389994,1556.3007354039742,6af602995d3dc0618802f182ac8b388e85782bd7026ae25c12b76d97ca39b5fe,0c91b092654f30596423cd44eaeb520a83e18306c1fdeb2b20fb503873383dad,215b8ea4bddeff89,5bf7cce209fb37d3,48,81920,0.066227815,2.41526,39.8166756079811,36.137322362134285,12.838311915401794,False,165375,165375,165375,1083.0
oculus_audio_pack/sting_victory_mallet.wav,oculus_audio_pack,normalized,candidate,rgs,medium,165375,44100,165375,44100,2,100560,7,3.75,214.528,24.683899999,25.0185599996,25.03147199912,2.0237,2.049102,2.0517564,1853.0414587142363,6af602995d3dc0618802f182ac8b388e85782bd7026ae25c12b76d97ca39b5fe,0c91b092654f30596423cd44eaeb520a83e18306c1fdeb2b20fb503873383dad,215b8ea4bddeff89,5bf7cce209fb37d3,48,81920,0.052127604,2.02272,39.8166756079811,36.137322362134285,12.838311915401794,False,165375,165375,165375,1083.0
oculus_audio_pack/sting_victory_mallet.wav,oculus_audio_pack,normalized,baseline,rgs,low,165375,44100,165375,44100,2,100560,7,3.75,214.528,37.7324,38.9230100004,39.220922000879995,2.39318,2.4598519993,2.46747439906,1566.952757418999,6af602995d3dc0618802f182ac8b388e85782bd7026ae25c12b76d97ca39b5fe,0c91b092654f30596423cd44eaeb520a83e18306c1fdeb2b20fb503873383dad,215b8ea4bddeff89,5bf7cce209fb37d3,48,81920,0.066726667,2.42124,39.8166756079811,36.137322362134285,12.838311915401794,False,165375,165375,165375,1083.0
oculus_audio_pack/sting_victory_mallet.wav,oculus_audio_pack,normalized,candidate,rgs,low,165375,44100,165375,44100,2,100560,7,3.75,214.528,24.6523,24.9414500006,25.00253000012,2.01134,2.04496,2.046304,1864.4286893314904,6af602995d3dc0618802f182ac8b388e85782bd7026ae25c12b76d97ca39b5fe,0c91b092654f30596423cd44eaeb520a83e18306c1fdeb2b20fb503873383dad,215b8ea4bddeff89,5bf7cce209fb37d3,48,81920,0.051865285,2.02788,39.8166756079811,36.137322362134285,12.838311915401794,False,165375,165375,165375,1083.0
oculus_audio_pack/sting_victory_mallet.wav,oculus_audio_pack,normalized,reference,pcm,default,165375,44100,165375,44100,2,661544,7,3.75,1411.2938666666666,0.014297143,0.0166324924,0.01689368488,0.014483357,0.017380667599999997,0.01817205992,258917.87380508537,91ff92c740b24525be2d7c004ae935928f78a03fdb33e09f06dc54fd673fe3f1,91ff92c740b24525be2d7c004ae935928f78a03fdb33e09f06dc54fd673fe3f1,07def1e1aaf96f39,1cd635c55c00c75b,,,,,,60.0,0.0,True,165375,165375,165375,0.0
oculus_audio_pack/sting_victory_mallet.wav,oculus_audio_pack,normalized,reference,qoa,default,165375,44100,165375,44100,2,133632,7,3.75,285.0816,7.400800001,7.45609,7.461298,0.990572727,1.01935,1.023334,3785.688721066515,7dc6d5583b9f43ba970f451c571dd949921046f09cdb5b9251670d65268715ad,b8975806b560edb3cfc071019b3433f234e80bb7b025a941f56a5a30f15f79a4,15690ff355be598a,58cf882f4dd5595c,268,81920,0.030560061,,49.40580100021977,43.36940601786709,8.973802565761519,False,165375,165375,165375,461.0
oculus_audio_pack/sting_victory_mallet.wav,oculus_audio_pack,normalized,reference,ima,default,165375,44100,165375,44100,2,167996,7,3.75,358.3914666666667,2.998475,3.1470624999999997,3.1863325,2.33356,2.361492,2.3653224,1606.9867498585852,57c5c185a003d397a1d1db9bfe6271ccfa85b5bf2f43e850d2e161767cb4b815,59c00e75267efad8bd011813701772bfbdd8388d05848a77c01c178d016869ce,7538a1d23e8e55cb,2c5868632455f4ec,,,,,41.81957792257889,40.14491665976246,12.490658142620328,False,165375,165375,165375,793.0
oculus_audio_pack/sting_victory_mallet.wav,oculus_audio_pack,legacy_import,baseline,rgs,high,180000,48000,165375,44100,2,133636,7,3.75,285.09013333333337,12.692500003,13.0040499989,13.05792999818,2.18658,2.227722,2.2291284,1715.0069972285485,21192d9fccae6c1576dd7ece976facbcca5ecbd71face24d16f773331d748ae5,f3a838755e0673fe16dffb8be80f29673d90bb37522805d051af113d3f09c2f0,ee3279f743c967f8,dd5d5564e1fe3617,48,81920,0.059015294,2.21538,37.072803050050936,35.2978191412053,9.220314700774535,False,165375,165375,165375,1332.0
oculus_audio_pack/sting_victory_mallet.wav,oculus_audio_pack,legacy_import,baseline,rgs,medium,180000,48000,165375,44100,2,100560,7,3.75,214.528,37.351599999,37.6883700015,37.7047140027,2.3346,2.3708739999999997,2.3723188,1606.2708815214598,15b04c589a10aee9dfb45cc5c1aaaf4a644c75a544c902069098376415d89441,404653dce817ee9c24dd8b85e93cb2c3f75d8903cb15bc337e4e7bddfb60deed,8715d8896f0dbadf,0650503465cc6e75,48,81920,0.067418792,2.3507,36.33185595633086,34.00012112303085,12.302845833391743,False,165375,165375,165375,1764.0
oculus_audio_pack/sting_victory_mallet.wav,oculus_audio_pack,legacy_import,baseline,rgs,low,180000,48000,165375,44100,2,100560,7,3.75,214.528,37.098700002,37.5081999986,37.56579999812,2.31814,2.3689620000000002,2.3722404000000004,1617.6762404341412,15b04c589a10aee9dfb45cc5c1aaaf4a644c75a544c902069098376415d89441,404653dce817ee9c24dd8b85e93cb2c3f75d8903cb15bc337e4e7bddfb60deed,8715d8896f0dbadf,0650503465cc6e75,48,81920,0.066444371,2.36844,36.33185595633086,34.00012112303085,12.302845833391743,False,165375,165375,165375,1764.0
oculus_audio_pack/sting_victory_orch_03.wav,oculus_audio_pack,normalized,baseline,rgs,high,260436,44100,260436,44100,2,210404,7,5.905578231292517,285.02407962032896,32.780899998,33.28559,33.323678,3.887000001,4.1373066671,4.207034667019999,1519.3152121876,c56be865082002ea311d0d5fb9b3afde450a6f95e5b839b9116e60e5e8296727,3bf78ecc037c795ad9508ae1be44d079adc49cc65bfc8ec12be79c2e193f8efa,97def088fd621cf7,36b01e99a92fcef9,48,81920,0.063609494,3.977900001,34.697267534269514,35.87575134442184,12.634146591357482,False,260436,260436,260436,1826.0
oculus_audio_pack/sting_victory_orch_03.wav,oculus_audio_pack,normalized,candidate,rgs,high,260436,44100,260436,44100,2,210404,7,5.905578231292517,285.02407962032896,32.302500002,33.3460200007,33.686484000940006,3.394966667,3.5342766672,3.54002866704,1739.5099305970643,c56be865082002ea311d0d5fb9b3afde450a6f95e5b839b9116e60e5e8296727,3bf78ecc037c795ad9508ae1be44d079adc49cc65bfc8ec12be79c2e193f8efa,97def088fd621cf7,36b01e99a92fcef9,48,81920,0.04775619,3.375833333,34.697267534269514,35.87575134442184,12.634146591357482,False,260436,260436,260436,1826.0
oculus_audio_pack/sting_victory_orch_03.wav,oculus_audio_pack,normalized,baseline,rgs,medium,260436,44100,260436,44100,2,162196,7,5.905578231292517,219.71904345021426,88.535700001,90.3683499991,90.78510999982001,4.095233334,6.749424999099998,7.502324999019998,1442.061477245369,71dd4106bab56c8f3cd21968140556891c1a4b363bbdac81050012fc5b8aa875,17d5f54bcf6a6520133f63afc2e01c357b8f8089982a259640feb10bd26ba814,3fbb75c7a15b1b1e,34e5a6df65bdf62f,48,81920,0.065827632,4.018233334,27.39789308537267,27.58161673490683,16.38510989969071,False,260436,260436,260436,3320.0
oculus_audio_pack/sting_victory_orch_03.wav,oculus_audio_pack,normalized,candidate,rgs,medium,260436,44100,260436,44100,2,162196,7,5.905578231292517,219.71904345021426,76.2764,77.19930000069999,77.40858000093999,3.3904,3.5650033332,3.62038733304,1741.852946936207,71dd4106bab56c8f3cd21968140556891c1a4b363bbdac81050012fc5b8aa875,17d5f54bcf6a6520133f63afc2e01c357b8f8089982a259640feb10bd26ba814,3fbb75c7a15b1b1e,34e5a6df65bdf62f,48,81920,0.050269347,3.405266666,27.39789308537267,27.58161673490683,16.38510989969071,False,260436,260436,260436,3320.0
oculus_audio_pack/sting_victory_orch_03.wav,oculus_audio_pack,normalized,baseline,rgs,low,260436,44100,260436,44100,2,158386,7,5.905578231292517,214.55782149933188,115.545499999,117.8830100017,117.94308200194,3.930833333,4.0135833339,4.02514333398,1502.373092675847,9f98630e5e4747e6f5d8d1ced8ac3c39adc4ac90c7d82639259fbad18d794348,5e71749a0630b371a30f91de1f9553afd192224c252f985757221cdcaff6d2cd,55efa690350ce798,487f99991e4e52e8,48,81920,0.06624106,3.969666667,26.19298393785241,27.17126356068592,16.62116118710044,False,260436,260436,260436,4299.0
oculus_audio_pack/sting_victory_orch_03.wav,oculus_audio_pack,normalized,candidate,rgs,low,260436,44100,260436,44100,2,158386,7,5.905578231292517,214.55782149933188,76.265300002,77.19555000039999,77.21079000088,3.3761,3.4053266671999998,3.40735866704,1749.2308377395564,9f98630e5e4747e6f5d8d1ced8ac3c39adc4ac90c7d82639259fbad18d794348,5e71749a0630b371a30f91de1f9553afd192224c252f985757221cdcaff6d2cd,55efa690350ce798,487f99991e4e52e8,48,81920,0.050612121,3.365833333,26.19298393785241,27.17126356068592,16.62116118710044,False,260436,260436,260436,4299.0
oculus_audio_pack/sting_victory_orch_03.wav,oculus_audio_pack,normalized,reference,pcm,default,260436,44100,260436,44100,2,1041788,7,5.905578231292517,1411.2596046629499,0.040311647,0.0427349604,0.04334281848,0.041764583,0.0446739433,0.04497118546,141401.58495758276,9f668074627627100decaf968340342a5eee9b815d58594bca841a33d4637ad9,9f668074627627100decaf968340342a5eee9b815d58594bca841a33d4637ad9,d09b9a97bfec3641,72f529b384ea83ba,,,,,,60.0,0.0,True,260436,260436,260436,0.0
oculus_audio_pack/sting_victory_orch_03.wav,oculus_audio_pack,normalized,reference,qoa,default,260436,44100,260436,44100,2,210400,7,5.905578231292517,285.0186610146063,20.8609,21.2003100002,21.21574199924,1.5014,1.5339414289,1.5354397145799998,3933.380998596321,6dcb4b46274f73a30773198f5ebd621068511ce29cca14c8c97b6a52474da472,3bf78ecc037c795ad9508ae1be44d079adc49cc65bfc8ec12be79c2e193f8efa,4a05f2898bf22bb5,36b01e99a92fcef9,268,81920,0.030259819,,34.697267534269514,35.87575134442184,12.634146591357482,False,260436,260436,260436,1826.0
oculus_audio_pack/sting_victory_orch_03.wav,oculus_audio_pack,normalized,reference,ima,default,260436,44100,260436,44100,2,262204,7,5.905578231292517,355.19502372943833,5.509199999,5.619345,5.641029,3.833499999,4.049,4.09724,1540.5186468848403,780b93cd5bc705aa5ba457a4d34b9567ffaf7d0aeb8827d41d9effbaf0a4ab35,f653da3d4d4195f01a4428c7a3f97fba24181541dd1ae545eaac3d028962c17d,b0980c3df0af07f9,87bc44674c230002,,,,,33.398648062187874,34.66839138373223,13.483144931238861,False,260436,260436,260436,4537.0
oculus_audio_pack/sting_victory_orch_03.wav,oculus_audio_pack,legacy_import,baseline,rgs,high,283468,48000,260437,44100,2,210404,7,5.905583333333333,285.02383337801797,32.576300003,33.5057100008,33.73330200176,3.666333333,3.7526466664999996,3.7805026661,1610.7600692436367,12493acb844d5b4f54506fa3f977898088b4100c30e151d361f842817032e351,845f22ef7bb8b92c8c69c4a0714e357411380d743484a109d9d99e76da801213,dd00fea5980a0db6,54a497c8e4ad2627,48,81920,0.057704023,3.773233333,24.3605850163901,25.650144247903622,12.423498982996891,False,260436,260436,260437,3859.0
oculus_audio_pack/sting_victory_orch_03.wav,oculus_audio_pack,legacy_import,baseline,rgs,medium,283468,48000,260437,44100,2,159006,7,5.905583333333333,215.39751929671073,96.123299997,97.77533999929999,98.26594799905999,3.8226,4.001316667,4.012476667,1544.912712115663,2d62111641a5f2f084b1cc31ce5ab0c2490043ab1d08f074ef1a71c666544877,eb84aff70ed53a2af39a3826a06c253390f5eeef291e7828c14238d6ceda2777,ce6c6abf9c47bfb1,3f1deeb5252ebed3,48,81920,0.064429487,3.891833334,23.790789261025083,24.795407895185416,15.03135021361911,False,260436,260436,260437,4008.0
oculus_audio_pack/sting_victory_orch_03.wav,oculus_audio_pack,legacy_import,baseline,rgs,low,283468,48000,260437,44100,2,158316,7,5.905583333333333,214.4628106170714,105.335200001,107.5851600007,107.66407200094,3.8723,3.9382866669000003,3.9431506669800003,1525.0841446513268,f2a74e20772f7ce0b1c7262a4a6259d8fff4b69839baa18ee3bb951aef12eeb4,16c10e2ab71f60e52691bccadad5ae61150dc562f4f8d67ad719e982f9208eb5,b0ec535eb56e2aee,7b412c2dec8599ec,48,81920,0.064763226,3.924566666,23.804366771503766,24.78388481394796,14.986046242142086,False,260436,260436,260437,3958.0
oculus_audio_pack/sting_xp_level_up_orch_01.wav,oculus_audio_pack,normalized,baseline,rgs,high,88173,44100,88173,44100,2,71276,7,1.999387755102041,285.1913034602429,8.034049999,8.4262850003,8.50681700006,1.2529875,1.264535,1.2655669999999999,1595.6964894717953,5d3ffc64ecd6fccdd90aa832aff0c93b536dc133fefebcf8aed58329e13d3d0b,46a349020448e2354d1b5b2c4509808f592454f8c74e71297bd21b94036ae1ae,b51d8079d8d30c14,24fe95ad42b53972,48,81920,0.063523418,1.2597625,36.963562925585876,37.20881716207952,9.746471278956431,False,88173,88173,88173,1052.0
oculus_audio_pack/sting_xp_level_up_orch_01.wav,oculus_audio_pack,normalized,candidate,rgs,high,88173,44100,88173,44100,2,71276,7,1.999387755102041,285.1913034602429,7.88425,7.9198549993,7.92889099906,1.06532,1.0851030000000002,1.0872846,1876.7954746949656,5d3ffc64ecd6fccdd90aa832aff0c93b536dc133fefebcf8aed58329e13d3d0b,46a349020448e2354d1b5b2c4509808f592454f8c74e71297bd21b94036ae1ae,b51d8079d8d30c14,24fe95ad42b53972,48,81920,0.047270283,1.0491,36.963562925585876,37.20881716207952,9.746471278956431,False,88173,88173,88173,1052.0
oculus_audio_pack/sting_xp_level_up_orch_01.wav,oculus_audio_pack,normalized,baseline,rgs,medium,88173,44100,88173,44100,2,53934,7,1.999387755102041,215.8020618556701,25.562100001,26.538389998899998,26.853197998179997,1.2837,1.29919375,1.30052875,1557.5194789296884,5d3d968b09edc540951365c7a185cd909929a0b1cd0c96ee9c5028dccc8469e8,16deab0e29732d3fd228c227f6b70b6faecb5b265b01589691c2d2fad2bded36,832896f854401574,9ed2fbd7f07c1868,48,81920,0.066791333,1.2974875,29.64538156283315,29.665821210840253,12.900177596753265,False,88173,88173,88173,1889.0
oculus_audio_pack/sting_xp_level_up_orch_01.wav,oculus_audio_pack,normalized,candidate,rgs,medium,88173,44100,88173,44100,2,53934,7,1.999387755102041,215.8020618556701,18.3519,18.6458400024,18.66436800288,1.09133,1.101489,1.1021298,1832.0652370062594,5d3d968b09edc540951365c7a185cd909929a0b1cd0c96ee9c5028dccc8469e8,16deab0e29732d3fd228c227f6b70b6faecb5b265b01589691c2d2fad2bded36,832896f854401574,9ed2fbd7f07c1868,48,81920,0.050438191,1.09828,29.64538156283315,29.665821210840253,12.900177596753265,False,88173,88173,88173,1889.0
oculus_audio_pack/sting_xp_level_up_orch_01.wav,oculus_audio_pack,normalized,baseline,rgs,low,88173,44100,88173,44100,2,53640,7,1.999387755102041,214.62570174543228,28.124499999,28.5743300021,28.586306002820002,1.2936,1.31367125,1.31757425,1545.5996869991038,22ae65fcf4bdc3c89f9a205f94369d353f8f7c22e82ebd1f233f93ef52695f49,2a20294fdd0b276f6746712e96c222f2f5a43fe2e094529a533d13dbecbff154,bff4f979242f96bb,04f009a8cc7a406c,48,81920,0.067060667,1.317025,29.209210966729934,29.622023651852114,12.918220814017959,False,88173,88173,88173,2115.0
oculus_audio_pack/sting_xp_level_up_orch_01.wav,oculus_audio_pack,normalized,candidate,rgs,low,88173,44100,88173,44100,2,53640,7,1.999387755102041,214.62570174543228,18.208700001,18.523179999299998,18.596475999059997,1.07748,1.101434,1.1024947999999999,1855.6147261221006,22ae65fcf4bdc3c89f9a205f94369d353f8f7c22e82ebd1f233f93ef52695f49,2a20294fdd0b276f6746712e96c222f2f5a43fe2e094529a533d13dbecbff154,bff4f979242f96bb,04f009a8cc7a406c,48,81920,0.0501215,1.08707,29.209210966729934,29.622023651852114,12.918220814017959,False,88173,88173,88173,2115.0
oculus_audio_pack/sting_xp_level_up_orch_01.wav,oculus_audio_pack,normalized,reference,pcm,default,88173,44100,88173,44100,2,352736,7,1.999387755102041,1411.376053894049,0.006405826,0.0065306003,0.00655866566,0.006881293,0.0069324001,0.00693945682,290554.079749553,2cef0bfd5fcd75853516d9e91ffbd8f66d0aaa801ae86a953e08584b0785adbe,2cef0bfd5fcd75853516d9e91ffbd8f66d0aaa801ae86a953e08584b0785adbe,db6babb4c94c8c1e,a3b523f23367f7f9,,,,,,60.0,0.0,True,88173,88173,88173,0.0
oculus_audio_pack/sting_xp_level_up_orch_01.wav,oculus_audio_pack,normalized,reference,qoa,default,88173,44100,88173,44100,2,71272,7,1.999387755102041,285.1752985607839,5.219350001,5.604515001,5.718383001,0.514175,0.5273589477,0.52737915834,3888.535527985687,d137c4a6722b17ec9b3ebf422baeed06c5a97f89cb9f0372387e260a7ebb58fc,46a349020448e2354d1b5b2c4509808f592454f8c74e71297bd21b94036ae1ae,718e1b9286021d2c,24fe95ad42b53972,268,81920,0.031337187,,36.963562925585876,37.20881716207952,9.746471278956431,False,88173,88173,88173,1052.0
oculus_audio_pack/sting_xp_level_up_orch_01.wav,oculus_audio_pack,normalized,reference,ima,default,88173,44100,88173,44100,2,90172,7,1.999387755102041,360.7984485046443,1.8068,1.8657216662,1.87095766604,1.3208875,1.3403475,1.3443195,1513.6699795418165,6ba82d22a71c6bac8e40e835ef4df669384afcf441f477dc36255f6cd67e3640,b72115fc92da62a7577141e0ef7be59f7f1b19fef198d06caa3b980323c724c2,b5c73a3bf57df473,caf78fc8b60c68f6,,,,,36.56034095073349,37.22226804843689,9.937582370736152,False,88173,88173,88173,3629.0
oculus_audio_pack/sting_xp_level_up_orch_01.wav,oculus_audio_pack,legacy_import,baseline,rgs,high,95971,48000,88174,44100,2,71276,7,1.9993958333333333,285.1901511915058,7.975650001,8.0525799993,8.06215599906,1.207755556,1.2275566672,1.22785800064,1655.4639913685758,a13a067aa343868eb74bd4b438ca9a2f33047b277bda6c723c3a994c086b4e25,6772fac9c70cd73f1df300ce8058c011660dcfb11e926616ec76dfbb36493866,281b943aa90bfcf1,02a46a6aa8a3f10c,48,81920,0.059757143,1.224733333,28.344046558293154,29.44853890093879,10.336782160970934,False,88173,88173,88174,2178.0
oculus_audio_pack/sting_xp_level_up_orch_01.wav,oculus_audio_pack,legacy_import,baseline,rgs,medium,95971,48000,88174,44100,2,53640,7,1.9993958333333333,214.6248345854477,25.6928,25.9954600014,26.019412001880003,1.284525,1.3137649999999998,1.320563,1556.5254341747598,d585dff9fe5dfde9b6075046080f1d9a1c9b1cb897f436bd7ed9140059b61dab,f3ce2fd11f8db2ec2320b719898758e6e74c9acbcc34bb1c378bc4fe4a1c9678,ddb941eb8f4369c3,baa9198bdb0b78ab,48,81920,0.065740523,1.312625,27.750132944483198,28.336510897165947,11.830555416961596,False,88173,88173,88174,2135.0
oculus_audio_pack/sting_xp_level_up_orch_01.wav,oculus_audio_pack,legacy_import,baseline,rgs,low,95971,48000,88174,44100,2,53640,7,1.9993958333333333,214.6248345854477,25.687299997,25.8882300012,25.89132600264,1.2978625,1.3244200000000002,1.3258240000000001,1540.5297813391892,d585dff9fe5dfde9b6075046080f1d9a1c9b1cb897f436bd7ed9140059b61dab,f3ce2fd11f8db2ec2320b719898758e6e74c9acbcc34bb1c378bc4fe4a1c9678,ddb941eb8f4369c3,baa9198bdb0b78ab,48,81920,0.06575817,1.285825,27.750132944483198,28.336510897165947,11.830555416961596,False,88173,88173,88174,2135.0
oculus_audio_pack/swoosh_03.wav,oculus_audio_pack,normalized,baseline,rgs,high,33827,44100,33827,44100,1,13716,7,0.7670521541950114,143.05155053655363,1.585285714,1.6237485709,1.62536685658,0.234334884,0.2385606205,0.2390454577,3273.3161239237916,e01864e2b1198462174393b8e9b7ddd055f6f60c3a3809cf7431908035ea731d,bd3fb6889466c945cc19951f252a442eda462a305850f0cfa5fe21e4ac08de67,40e567b9fa993b9f,52393dd3dba35d76,48,40960,0.027146612,0.257164103,28.98810500058453,19.70838415304226,8.624254071181872,False,33827,33827,33827,1919.0
oculus_audio_pack/swoosh_03.wav,oculus_audio_pack,normalized,candidate,rgs,high,33827,44100,33827,44100,1,13716,7,0.7670521541950114,143.05155053655363,1.5371,1.550964286,1.552764286,0.204289796,0.2055514286,0.20589232652,3754.725733805184,e01864e2b1198462174393b8e9b7ddd055f6f60c3a3809cf7431908035ea731d,bd3fb6889466c945cc19951f252a442eda462a305850f0cfa5fe21e4ac08de67,40e567b9fa993b9f,52393dd3dba35d76,48,40960,0.022677551,0.211252083,28.98810500058453,19.70838415304226,8.624254071181872,False,33827,33827,33827,1919.0
oculus_audio_pack/swoosh_03.wav,oculus_audio_pack,normalized,baseline,rgs,medium,33827,44100,33827,44100,1,10566,7,0.7670521541950114,110.19850415348685,4.183666668,4.244463333,4.252119333,0.2494,0.2519345,0.2525489,3075.5900328589064,66f75dd2498feec7341a60c03bffca7597ea1fad63d9bd19e307175d238b5f4d,f040846eece898b26f07bbefe4a889a7c06feca070bac3ad99fdd2f1e7a2be5f,9b589c1bd9a44ba0,2c7ed51eafdba6a9,48,40960,0.027174185,0.270323684,25.068433791085262,14.940328522296392,9.934241177088593,False,33827,33827,33827,2085.0
oculus_audio_pack/swoosh_03.wav,oculus_audio_pack,normalized,candidate,rgs,medium,33827,44100,33827,44100,1,10566,7,0.7670521541950114,110.19850415348685,3.3107,3.3653049997,3.37746099994,0.213082979,0.21524446760000002,0.21564633992,3599.78144568277,66f75dd2498feec7341a60c03bffca7597ea1fad63d9bd19e307175d238b5f4d,f040846eece898b26f07bbefe4a889a7c06feca070bac3ad99fdd2f1e7a2be5f,9b589c1bd9a44ba0,2c7ed51eafdba6a9,48,40960,0.023506338,0.213817021,25.068433791085262,14.940328522296392,9.934241177088593,False,33827,33827,33827,2085.0
oculus_audio_pack/swoosh_03.wav,oculus_audio_pack,normalized,baseline,rgs,low,33827,44100,33827,44100,1,10376,7,0.7670521541950114,108.21689183196854,4.565400001,4.6060766675,4.6124686679,0.24532439,0.285759,0.29792579999999996,3126.685260258922,617e6f7ccf9ed32c67deb74236f1c3a6f347d30afa80c5a0c8514fa63cc87f4c,2775bab255074c8c096584950421a77d79fdd8b3cb437131f523eb754748366e,b6dbf65756d2905f,6dc1737d081992c4,48,40960,0.027848611,0.265781579,21.977868740293616,14.684591689477477,10.143990780847032,False,33827,33827,33827,3727.0
oculus_audio_pack/swoosh_03.wav,oculus_audio_pack,normalized,candidate,rgs,low,33827,44100,33827,44100,1,10376,7,0.7670521541950114,108.21689183196854,3.333733333,3.4315749993,3.46199499906,0.208575,0.2122693749,0.21247887498,3677.5843422989874,617e6f7ccf9ed32c67deb74236f1c3a6f347d30afa80c5a0c8514fa63cc87f4c,2775bab255074c8c096584950421a77d79fdd8b3cb437131f523eb754748366e,b6dbf65756d2905f,6dc1737d081992c4,48,40960,0.023161343,0.21188125,21.977868740293616,14.684591689477477,10.143990780847032,False,33827,33827,33827,3727.0
oculus_audio_pack/swoosh_03.wav,oculus_audio_pack,normalized,reference,pcm,default,33827,44100,33827,44100,1,67698,7,0.7670521541950114,706.0588996955095,0.001684321,0.001729709,0.0017314034,0.002214862,0.0022731603000000003,0.00228682806,346320.51757401193,1b65710e2775cd06b992bce88a4aec64225e627cbbf6c4e8081826928aa41d7b,1b65710e2775cd06b992bce88a4aec64225e627cbbf6c4e8081826928aa41d7b,e8f0fb777c9e5da3,1dcd244d91df08dd,,,,,,60.0,0.0,True,33827,33827,33827,0.0
oculus_audio_pack/swoosh_03.wav,oculus_audio_pack,normalized,reference,qoa,default,33827,44100,33827,44100,1,13712,7,0.7670521541950114,143.00983238241642,0.996918182,1.2960939999999996,1.3922187999999998,0.077562016,0.0808959018,0.08105659956,9889.533482407309,6e8fc878526e4f5a683f81d4d20e0d0a0d504859b1b675f3816a6e128aacfa87,bd3fb6889466c945cc19951f252a442eda462a305850f0cfa5fe21e4ac08de67,62732fbf1668bed4,52393dd3dba35d76,268,40960,0.012044019,,28.98810500058453,19.70838415304226,8.624254071181872,False,33827,33827,33827,1919.0
oculus_audio_pack/swoosh_03.wav,oculus_audio_pack,normalized,reference,ima,default,33827,44100,33827,44100,1,18492,7,0.7670521541950114,192.86302657640343,0.347155173,0.3555971549,0.35728800218,0.243478571,0.2500994451,0.25167388902,3150.388763350395,f1afd579436ec1bb9ec88891a60886dee1fefb8ed6378408a46153665aef2293,8f9798e0857948cbe2efbac669a43986f001232bd6a7ba8f153189005166b40d,74e02b241c1f1ba1,b1d38975811e787c,,,,,30.36332417195419,23.076218074729926,7.686105041309682,False,33827,33827,33827,3547.0
oculus_audio_pack/swoosh_03.wav,oculus_audio_pack,legacy_import,baseline,rgs,high,36819,48000,33828,44100,1,13716,7,0.7670625,143.04962111953066,1.488985714,1.5162800001,1.51778171442,0.209266667,0.2107943751,0.21086387501999998,3665.478649784201,b77b69134ae99fb1876d7f6b8a5c8ee34a333525adfb2d2675e9064b3c2dae73,5f3c7a73a0a504d3cfee1b33d7fa730d5916a3fa94dc87cd81ee5d85ed83c1d0,99ffff0fd15c471d,a3ffa740a20f08cf,48,40960,0.026837265,0.229079545,19.25853593013474,12.395087873172395,12.78867393107236,False,33827,33827,33828,5624.0
oculus_audio_pack/swoosh_03.wav,oculus_audio_pack,legacy_import,baseline,rgs,medium,36819,48000,33828,44100,1,10382,7,0.7670625,108.27800863684512,3.797066666,3.848456667,3.857024667,0.21286383,0.2137419152,0.21388029824,3603.5361197813645,ef9f6c47f8c6426cdef12726a32f93049dc0bfe228704add9bd24bad27c946ac,6321975232d28d74d9e30c5f668037d66a62fb4a4d95c87baf656d2164b22f2a,f017b46ef82ca64b,023b850dcef6073d,48,40960,0.026757487,0.232881395,18.893969883661555,12.011957025265856,12.656084663385117,False,33827,33827,33828,5516.0
oculus_audio_pack/swoosh_03.wav,oculus_audio_pack,legacy_import,baseline,rgs,low,36819,48000,33828,44100,1,10332,7,0.7670625,107.75653874358349,4.258966666,4.3090533331,4.315037333019999,0.213295745,0.2160863829,0.21638153178,3596.2391092236744,deb3d386758aaa4d6c82f8d2f2f74473be89a978b57544555bc99a7cf7977d1a,a5d6c594ba76326740c419342c9d08747d617857ae9b542883603c62432d22fe,52315f6cb7235310,fa240d8e0e5b055b,48,40960,0.026976819,0.231143182,18.91003631070886,12.029900533182728,12.618876198959084,False,33827,33827,33828,6261.0
oculus_audio_pack/ui_casual_musical_open.wav,oculus_audio_pack,normalized,baseline,rgs,high,47569,44100,47569,44100,1,19284,7,1.0786621315192744,143.02161491727804,1.797916667,1.8340033332999999,1.8395473330599998,0.321409375,0.32307326610000003,0.32318465322,3356.0381725619372,2b54e958053b623d9847831ac6a11aa0586b941dae4d5391358a6317b285e0ac,6a50f775511117052309880caf5432b67838d04e3aff4aacd8ebc597f9b95aef,1a34cd5219b1ee74,f23b74df52f50b18,48,40960,0.026365263,0.343843333,41.066254353187446,34.985036403452334,9.786535204018364,False,47569,47569,47569,625.0
oculus_audio_pack/ui_casual_musical_open.wav,oculus_audio_pack,normalized,candidate,rgs,high,47569,44100,47569,44100,1,19284,7,1.0786621315192744,143.02161491727804,1.755566667,1.786311667,1.791675667,0.273221622,0.2748781086,0.27534318972,3947.9383938335395,2b54e958053b623d9847831ac6a11aa0586b941dae4d5391358a6317b285e0ac,6a50f775511117052309880caf5432b67838d04e3aff4aacd8ebc597f9b95aef,1a34cd5219b1ee74,f23b74df52f50b18,48,40960,0.02310485,0.279822222,41.066254353187446,34.985036403452334,9.786535204018364,False,47569,47569,47569,625.0
oculus_audio_pack/ui_casual_musical_open.wav,oculus_audio_pack,normalized,baseline,rgs,medium,47569,44100,47569,44100,1,14598,7,1.0786621315192744,108.26745149151758,5.14505,5.2118849997,5.21897699994,0.331332258,0.33981800009999996,0.34170760002,3255.530077362025,1e440a901bb0eef28d3f0c137a477452de90d543b91c7ed0e5e5d41f23a7dc3b,9b5f68daac980ae09ce7c9cbbfa0dae1657a4beed7d7d15c060c14349ca1f0a2,e0278da244bfc177,d5172b7549a7181e,48,40960,0.028317797,0.352893103,33.421694760698315,29.321741750000463,12.432350372169758,False,47569,47569,47569,1000.0
oculus_audio_pack/ui_casual_musical_open.wav,oculus_audio_pack,normalized,candidate,rgs,medium,47569,44100,47569,44100,1,14598,7,1.0786621315192744,108.26745149151758,3.864533334,3.9011033332,3.9036873330399997,0.277067568,0.2876501669,0.28969689098,3893.137472947662,1e440a901bb0eef28d3f0c137a477452de90d543b91c7ed0e5e5d41f23a7dc3b,9b5f68daac980ae09ce7c9cbbfa0dae1657a4beed7d7d15c060c14349ca1f0a2,e0278da244bfc177,d5172b7549a7181e,48,40960,0.023467681,0.281566667,33.421694760698315,29.321741750000463,12.432350372169758,False,47569,47569,47569,1000.0
oculus_audio_pack/ui_casual_musical_open.wav,oculus_audio_pack,normalized,baseline,rgs,low,47569,44100,47569,44100,1,14526,7,1.0786621315192744,107.73345666295278,5.85495,5.9074049987,5.90900099894,0.326629032,0.3309451613,0.33099161305999997,3302.40739751289,157dc56e1abcd7d554fa3d20c3cb5259710c220ca2d96cb14b36f96845613d21,23fb6b1d38883421d03aa2177625033e9e4bb5db88fb722210d8207f72486e65,f74f025938cdd500,e580dd8bcd39b24f,48,40960,0.028262429,0.344743333,33.287136906594085,29.186805451475212,12.40729872811284,False,47569,47569,47569,1204.0
oculus_audio_pack/ui_casual_musical_open.wav,oculus_audio_pack,normalized,candidate,rgs,low,47569,44100,47569,44100,1,14526,7,1.0786621315192744,107.73345666295278,3.8274,3.9581833328,3.97494333296,0.274527027,0.2775383787,0.27786010854,3929.1655299180234,157dc56e1abcd7d554fa3d20c3cb5259710c220ca2d96cb14b36f96845613d21,23fb6b1d38883421d03aa2177625033e9e4bb5db88fb722210d8207f72486e65,f74f025938cdd500,e580dd8bcd39b24f,48,40960,0.023402336,0.276981081,33.287136906594085,29.186805451475212,12.40729872811284,False,47569,47569,47569,1204.0
oculus_audio_pack/ui_casual_musical_open.wav,oculus_audio_pack,normalized,reference,pcm,default,47569,44100,47569,44100,1,95182,7,1.0786621315192744,705.9263301730118,0.002157497,0.0021706044,0.00217456008,0.002640285,0.0026833048,0.00268482736,408540.0369730065,fbb44cd6aa5c9e35f3156e85d1c174b08dd23f9a4c338047059d9f65dec96168,fbb44cd6aa5c9e35f3156e85d1c174b08dd23f9a4c338047059d9f65dec96168,0ff82827dbdb260d,79189e8570be8553,,,,,,60.0,0.0,True,47569,47569,47569,0.0
oculus_audio_pack/ui_casual_musical_open.wav,oculus_audio_pack,normalized,reference,qoa,default,47569,44100,47569,44100,1,19280,7,1.0786621315192744,142.99194853791334,1.170588889,1.1810555556,1.18222888872,0.110067033,0.11206477769999999,0.11218984434,9800.04731770388,3bd179ea698b7e5eacb8d4d6409c9f681ba742f5c89844c5146963890c6dc40c,6a50f775511117052309880caf5432b67838d04e3aff4aacd8ebc597f9b95aef,a5744e643112a1c0,f23b74df52f50b18,268,40960,0.012092987,,41.066254353187446,34.985036403452334,9.786535204018364,False,47569,47569,47569,625.0
oculus_audio_pack/ui_casual_musical_open.wav,oculus_audio_pack,normalized,reference,ima,default,47569,44100,47569,44100,1,24636,7,1.0786621315192744,182.71523050726313,0.474104545,0.4807847622,0.48165790524,0.339223333,0.345729655,0.346017655,3179.799343340791,59709a02a0f3972a1fd3fcf8249062dec714a3bec33395f53f0a39bb09074e9e,a780afc80f3d3bdf3aa2c407f1450f9a03d4ccec9b55eb4e3f06f30e5996fd0b,94dd94f16a5b4f4d,7cda44ad19997dc0,,,,,39.249428687538966,36.2790382952053,9.538287930010577,False,47569,47569,47569,2611.0
oculus_audio_pack/ui_casual_musical_open.wav,oculus_audio_pack,legacy_import,baseline,rgs,high,51776,48000,47570,44100,1,19284,7,1.0786666666666667,143.02101359703337,1.864466667,1.9331699991,1.9487539990199998,0.311830303,0.319121875,0.320254375,3459.146389203447,3955e1aa30ac2c2b19078058bcf6eab4cb9a4d9c5a0a64c34c73f698a051c941,29513d682f7df6eff0c89b6afa431259f3a5e9047e2f2ddc0b104b93c77633e1,c1da56dbb06ed4f0,83729c25689a6ad5,48,40960,0.025943782,0.333151613,32.6065217955478,27.83267935420776,9.010363450636834,False,47569,47569,47570,1961.0
oculus_audio_pack/ui_casual_musical_open.wav,oculus_audio_pack,legacy_import,baseline,rgs,medium,51776,48000,47570,44100,1,14526,7,1.0786666666666667,107.73300370828183,5.233999999,5.2933499997,5.30894999994,0.327983871,0.3320074195,0.33284277430000003,3288.779607905374,5efee73fdfc9c92acdc1b4e0ad49dbf2b43a9ebb08a6d14b7e60584718eb4c41,2a58a70a155fbdb56c6869a5ef3aec664a294fd75b3da3e2fd641a3071d3ea71,c3237954e78edcfc,682e9be1f74e93b6,48,40960,0.027505495,0.348110345,31.842092080206903,27.358986176215645,10.009268214138189,False,47569,47569,47570,2342.0
oculus_audio_pack/ui_casual_musical_open.wav,oculus_audio_pack,legacy_import,baseline,rgs,low,51776,48000,47570,44100,1,14526,7,1.0786666666666667,107.73300370828183,5.220800001,5.2891000004,5.31094000088,0.327370968,0.3323725807,0.33240741934,3294.9368517817584,5efee73fdfc9c92acdc1b4e0ad49dbf2b43a9ebb08a6d14b7e60584718eb4c41,2a58a70a155fbdb56c6869a5ef3aec664a294fd75b3da3e2fd641a3071d3ea71,c3237954e78edcfc,682e9be1f74e93b6,48,40960,0.027386612,0.352562069,31.842092080206903,27.358986176215645,10.009268214138189,False,47569,47569,47570,2342.0
oculus_audio_pack/ui_laser_shoot_02.wav,oculus_audio_pack,normalized,baseline,rgs,high,36574,44100,36574,44100,1,14836,7,0.829342403628118,143.11097500956964,2.08596,2.139538,2.1413476,0.257692308,0.2630265386,0.26456530772000003,3218.3436520275104,fc1ba78325924bb025e48bfe8d55b94d4dd7d1ea34041593c799acbb42cb6a36,1a7f0dc90225deff2cd4a2eec18a90aa48de8d19c851a28b2fa9f740fb5bae8f,b1acce85e5b3ee15,57962ebdc18b8388,48,40960,0.026225393,0.274754054,26.263355215011867,36.11961045263789,8.356898676518432,False,36574,36574,36574,10117.0
oculus_audio_pack/ui_laser_shoot_02.wav,oculus_audio_pack,normalized,candidate,rgs,high,36574,44100,36574,44100,1,14836,7,0.829342403628118,143.11097500956964,2.03586,2.079432,2.0811984000000003,0.218897826,0.2247808261,0.22594816522,3788.719233913808,fc1ba78325924bb025e48bfe8d55b94d4dd7d1ea34041593c799acbb42cb6a36,1a7f0dc90225deff2cd4a2eec18a90aa48de8d19c851a28b2fa9f740fb5bae8f,b1acce85e5b3ee15,57962ebdc18b8388,48,40960,0.023544471,0.22418,26.263355215011867,36.11961045263789,8.356898676518432,False,36574,36574,36574,10117.0
oculus_audio_pack/ui_laser_shoot_02.wav,oculus_audio_pack,normalized,baseline,rgs,medium,36574,44100,36574,44100,1,11994,7,0.829342403628118,115.69648384097992,5.278450001,5.3825649997000005,5.38627299994,0.266752632,0.2702052348,0.27030266856,3109.0317550385707,1474c98adac00d6da8c93d7a8368447dcad0507cb0c6434bc35c5d2c24e0e194,70f6515a46a5d1ae8823a2d47cf46c6f31b6d0694417ef20d86482c6ec665d1f,e8759971ae883d75,d28ef08c63f5c732,48,40960,0.026986792,0.284780556,25.43847817935534,30.674614973858013,10.08193088106279,False,36574,36574,36574,9665.0
oculus_audio_pack/ui_laser_shoot_02.wav,oculus_audio_pack,normalized,candidate,rgs,medium,36574,44100,36574,44100,1,11994,7,0.829342403628118,115.69648384097992,4.429033333,4.4568466668,4.46014266696,0.223706667,0.2290781818,0.22948290916,3707.2762057114637,1474c98adac00d6da8c93d7a8368447dcad0507cb0c6434bc35c5d2c24e0e194,70f6515a46a5d1ae8823a2d47cf46c6f31b6d0694417ef20d86482c6ec665d1f,e8759971ae883d75,d28ef08c63f5c732,48,40960,0.02409351,0.22318,25.43847817935534,30.674614973858013,10.08193088106279,False,36574,36574,36574,9665.0
oculus_audio_pack/ui_laser_shoot_02.wav,oculus_audio_pack,normalized,baseline,rgs,low,36574,44100,36574,44100,1,11362,7,0.829342403628118,109.60008749384808,5.803299999,5.842385,5.846477,0.259748718,0.2624151281,0.26292405122,3192.8642805779623,5d8ad4988aca3adfeb9d1c9fc0ae581605a3e604c67528f4e1981b0ab2dc4663,1d6c0ad3af819b539a8284134c6c5b1d65de6677954df2b8cf1741b5e9ecf27b,548b7f219d791e62,35c516828ed911b0,48,40960,0.026921774,0.273632432,21.18743878654461,29.271927808271872,10.454876391731846,False,36574,36574,36574,8310.0
oculus_audio_pack/ui_laser_shoot_02.wav,oculus_audio_pack,normalized,candidate,rgs,low,36574,44100,36574,44100,1,11362,7,0.829342403628118,109.60008749384808,4.440566666,4.584309999999999,4.620862,0.215080851,0.23313195659999997,0.23802639131999997,3855.9564915805454,5d8ad4988aca3adfeb9d1c9fc0ae581605a3e604c67528f4e1981b0ab2dc4663,1d6c0ad3af819b539a8284134c6c5b1d65de6677954df2b8cf1741b5e9ecf27b,548b7f219d791e62,35c516828ed911b0,48,40960,0.024103614,0.217695652,21.18743878654461,29.271927808271872,10.454876391731846,False,36574,36574,36574,8310.0
oculus_audio_pack/ui_laser_shoot_02.wav,oculus_audio_pack,normalized,reference,pcm,default,36574,44100,36574,44100,1,73192,7,0.829342403628118,706.0244326570787,0.001785574,0.0018065664,0.00180974208,0.002308587,0.0023588526,0.00236060892,359242.42994875996,d461498c0f493b01c5bf9db9a143fc087024b636b9fed55c2c9b5efedd7635a0,d461498c0f493b01c5bf9db9a143fc087024b636b9fed55c2c9b5efedd7635a0,0ff668b2e9ca80c3,ad12af2caf79cbf9,,,,,,60.0,0.0,True,36574,36574,36574,0.0
oculus_audio_pack/ui_laser_shoot_02.wav,oculus_audio_pack,normalized,reference,qoa,default,36574,44100,36574,44100,1,14832,7,0.829342403628118,143.0723902225625,1.2885,1.3119174999999998,1.3143835,0.084690756,0.0914042522,0.09215241044,9792.596533535701,17a302c5077ceb7bf1c90274d899df60187ebc615d349f22e42bb27ef6e314fd,1a7f0dc90225deff2cd4a2eec18a90aa48de8d19c851a28b2fa9f740fb5bae8f,4549fa6cfa1ea001,57962ebdc18b8388,268,40960,0.012270798,,26.263355215011867,36.11961045263789,8.356898676518432,False,36574,36574,36574,10117.0
oculus_audio_pack/ui_laser_shoot_02.wav,oculus_audio_pack,normalized,reference,ima,default,36574,44100,36574,44100,1,18492,7,0.829342403628118,178.37747033411713,0.405916,0.41650436690000003,0.41685420698000003,0.284452778,0.28787228600000003,0.288577886,2915.5714683444503,cef4d3d0d668e32701f4937f254aca1d62f9f717bcb2f7f530248f89793a2944,1f22ae31405a5cb5040cbc80a56242377c9c77d1606dc63bebdfd0e30ba1c701,44e91fbacf63d030,588a243349af7ecc,,,,,28.515275522408288,39.47007750573707,7.191237847634822,False,36574,36574,36574,5915.0
oculus_audio_pack/ui_laser_shoot_02.wav,oculus_audio_pack,legacy_import,baseline,rgs,high,39808,48000,36574,44100,1,14836,7,0.8293333333333334,143.11254019292605,1.995983333,2.0219900003,2.02475000006,0.24534878,0.2548696686,0.25657188252,3380.2219572207914,265ff68c369a348171e386501c6219ad3c6e66c15bd24c96ecf0cbed798cd9ba,c88db6efef0d25e75e17248d47cc730305dc7a0fa671353f11f383d832ea6f8c,8484ffac8df9e6e1,9ef96877b6573a41,48,40960,0.026590451,0.255055,16.778316385002924,29.35436807635578,11.250464971842405,False,36574,36574,36574,9801.0
oculus_audio_pack/ui_laser_shoot_02.wav,oculus_audio_pack,legacy_import,baseline,rgs,medium,39808,48000,36574,44100,1,11532,7,0.8293333333333334,111.2411575562701,4.880866667,4.972849999,4.999369999,0.258428205,0.2604592304,0.26070107648,3209.1440380253125,45452a3b6e6bed1ec959491868841f727f087da98bc60f237331b670b420c49b,19d7c4dc2c2c749e2d7ef2f5d45e07da9551941d3f72c05751844ce24851e80f,dedce9c86c2b01c4,d78547824c067121,48,40960,0.026386807,0.266952632,16.680400211663443,28.07725611940573,10.533009824098384,False,36574,36574,36574,10367.0
oculus_audio_pack/ui_laser_shoot_02.wav,oculus_audio_pack,legacy_import,baseline,rgs,low,39808,48000,36574,44100,1,11218,7,0.8293333333333334,108.21221864951768,5.8368,5.9257,5.93938,0.257453846,0.2654071658,0.26687511716,3221.2893542609318,ef3caf82f14027174c92c3c089cb16485740440d0813d5528031f0784d81f0f3,bf7ad12f790532407cadf06180ecb430bb8189d2bdcb12bcc82819183d001e00,5f8a70e1408a5179,30e0dbb0ddc486b2,48,40960,0.027109214,0.267515789,16.529427256145766,28.082933069017592,10.29030115709533,False,36574,36574,36574,10170.0
oculus_audio_pack/ui_magical_open.wav,oculus_audio_pack,normalized,baseline,rgs,high,76595,44100,76595,44100,1,31012,7,1.7368480725623583,142.8426607480906,4.212866666,4.3026033336,4.30590733392,0.63976875,0.647186875,0.6476023750000001,2714.806049158166,8a339e230967b1d52799e348510e7de4fd0d5e998e13409ec6b8073c5316e3cb,c7a79ea93dd2f78b187c9684594ba0f7017d686c8070bcd8952c9fa4fe36480d,533c55752cecb706,155278b0dca9bdba,48,40960,0.039088281,0.65245625,18.029910995322346,17.77001521864027,8.395726676124085,False,76595,76595,76595,5761.0
oculus_audio_pack/ui_magical_open.wav,oculus_audio_pack,normalized,candidate,rgs,high,76595,44100,76595,44100,1,31012,7,1.7368480725623583,142.8426607480906,4.157033333,4.2093399999,4.21506799998,0.55765,0.5769333335,0.5815066667,3114.584546870543,8a339e230967b1d52799e348510e7de4fd0d5e998e13409ec6b8073c5316e3cb,c7a79ea93dd2f78b187c9684594ba0f7017d686c8070bcd8952c9fa4fe36480d,533c55752cecb706,155278b0dca9bdba,48,40960,0.023159722,0.562844444,18.029910995322346,17.77001521864027,8.395726676124085,False,76595,76595,76595,5761.0
oculus_audio_pack/ui_magical_open.wav,oculus_audio_pack,normalized,baseline,rgs,medium,76595,44100,76595,44100,1,24294,7,1.7368480725623583,111.89925190939357,10.917799998,11.0149200001,11.02874400082,0.65604375,0.6707930419,0.67305994198,2647.457692512669,87cbac2b4d1db95195fe69b456fc3f0e2625b95ceb7d156d18ea6ebf8a1c9f4c,9716bc9cf6f3cb41afe732f7d8f5e74b964675536088d9c213ec3f57499f8ef0,a2ef79dd2a35f934,12b7ed809fadb497,48,40960,0.037769057,0.6482875,15.64790273823486,12.649034312134429,10.36418519717688,False,76595,76595,76595,4336.0
oculus_audio_pack/ui_magical_open.wav,oculus_audio_pack,normalized,candidate,rgs,medium,76595,44100,76595,44100,1,24294,7,1.7368480725623583,111.89925190939357,8.96445,9.280675001,9.357415001,0.574555556,0.5815427777,0.58311744434,3022.941914710783,87cbac2b4d1db95195fe69b456fc3f0e2625b95ceb7d156d18ea6ebf8a1c9f4c,9716bc9cf6f3cb41afe732f7d8f5e74b964675536088d9c213ec3f57499f8ef0,a2ef79dd2a35f934,12b7ed809fadb497,48,40960,0.023580706,0.569577778,15.64790273823486,12.649034312134429,10.36418519717688,False,76595,76595,76595,4336.0
oculus_audio_pack/ui_magical_open.wav,oculus_audio_pack,normalized,baseline,rgs,low,76595,44100,76595,44100,1,23506,7,1.7368480725623583,108.26968862197272,12.078899998,12.216840000600001,12.23032800012,0.66000625,0.6669331669,0.6675359669800001,2631.5630686260292,0ba179befd408a9fd45b061a4f8839d1f40fa567f4dabb815b4e6dd8ced9f54b,6ae6aca98b3c3e18ed66aa3ffa6e044640ac8ff6df7b8a5d177f5f02d5325fcf,ea34f556124b3d5f,4c291f6b6c68eedf,48,40960,0.038126996,0.64763125,12.264497065208333,11.945781911375446,10.58231489934201,False,76595,76595,76595,6739.0
oculus_audio_pack/ui_magical_open.wav,oculus_audio_pack,normalized,candidate,rgs,low,76595,44100,76595,44100,1,23506,7,1.7368480725623583,108.26968862197272,8.979900001,9.0995449993,9.10526899906,0.563372222,0.5834050003,0.5850943336600001,3082.9494333186312,0ba179befd408a9fd45b061a4f8839d1f40fa567f4dabb815b4e6dd8ced9f54b,6ae6aca98b3c3e18ed66aa3ffa6e044640ac8ff6df7b8a5d177f5f02d5325fcf,ea34f556124b3d5f,4c291f6b6c68eedf,48,40960,0.023699763,0.564622222,12.264497065208333,11.945781911375446,10.58231489934201,False,76595,76595,76595,6739.0
oculus_audio_pack/ui_magical_open.wav,oculus_audio_pack,normalized,reference,pcm,default,76595,44100,76595,44100,1,153234,7,1.7368480725623583,705.8026659703636,0.003196676,0.0032333884,0.00323467288,0.003645226,0.003665195,0.003669083,476471.98625335115,1356848fc300ff6e5956c98cf20868fee2aea348ed2b39035256306b4daa779a,1356848fc300ff6e5956c98cf20868fee2aea348ed2b39035256306b4daa779a,985f957939a4bbcf,808f6399dff7fe05,,,,,,60.0,0.0,True,76595,76595,76595,0.0
oculus_audio_pack/ui_magical_open.wav,oculus_audio_pack,normalized,reference,qoa,default,76595,44100,76595,44100,1,31008,7,1.7368480725623583,142.82423656896665,2.5921,2.6172,2.62128,0.178851786,0.1827718182,0.18295290924000002,9711.10275947906,b15149f8db4efaa9951f2240a90804cc3ba2fcb71379341a468840b9ce149b3c,c7a79ea93dd2f78b187c9684594ba0f7017d686c8070bcd8952c9fa4fe36480d,909e114f592ac170,155278b0dca9bdba,268,40960,0.012415385,,18.029910995322346,17.77001521864027,8.395726676124085,False,76595,76595,76595,5761.0
oculus_audio_pack/ui_magical_open.wav,oculus_audio_pack,normalized,reference,ima,default,76595,44100,76595,44100,1,38972,7,1.7368480725623583,179.50677720477836,0.763485714,0.7803500004,0.78179923128,0.528573684,0.5481042108999999,0.54894294778,3285.9147648416756,4700c77dac47053c197ee9cbe52554a1ac34cca15e8e02a9e0ea570d36a17554,269f6e13cb4244efc637c0f2b6b5c1aca0f5fe7e9c0213f6a3468127f9c03909,ee39330597033b3b,69b930e8bcd92918,,,,,15.667813124074382,19.450740268326744,7.879085652602417,False,76595,76595,76595,10855.0
oculus_audio_pack/ui_magical_open.wav,oculus_audio_pack,legacy_import,baseline,rgs,high,83369,48000,76596,44100,1,31012,7,1.7368541666666666,142.84215955571014,3.800933332,3.8536299998,3.86640599996,0.596735294,0.6078758826,0.60941047092,2910.5940006066853,ffc0c4e6e17b6e3feb1b829666b8ad38cf3ef862f54455ec8495c0454f516600,f0074c121b9e542211488868a641364fc589e5f666096a51cd07616aa2cc1022,ec69f990f38cc255,999f67451f502f5e,48,40960,0.03343,0.613588235,2.145860589611898,7.481961654260208,12.530880459202331,False,76595,76595,76596,20136.0
oculus_audio_pack/ui_magical_open.wav,oculus_audio_pack,legacy_import,baseline,rgs,medium,83369,48000,76596,44100,1,23386,7,1.7368541666666666,107.71658530149097,10.458600003,10.7692500007,10.80777000094,0.622623529,0.6251905885,0.6257157649,2789.573611932463,64194fbc90b61c7017b60bc472c54c55233bf1bfb17e2cb6c417ca25161a7b5d,eebdd08bd30cb53f0bb45de0a3854ff054728da95696fcfa6233e20456674f88,b364b46680486476,2b191ab34ec87ebd,48,40960,0.033561074,0.615005882,2.0765057052437914,6.962915880134738,11.655999457180387,False,76595,76595,76596,20296.0
oculus_audio_pack/ui_magical_open.wav,oculus_audio_pack,legacy_import,baseline,rgs,low,83369,48000,76596,44100,1,23352,7,1.7368541666666666,107.55998032841943,10.904399998,11.1286999982,11.182459997239999,0.617941176,0.6291088603999999,0.63113677208,2810.7111714249427,75446c400189a9189215e2223cc21e51b9ade3ebba3f4cddad18cfc2ccc77daf,dca7472c1c6f8ffe1078ec3c1c3410c8a4df790b88b537f20cffed051097a55f,36947872a8d6aac9,5e6eccb4c262e02b,48,40960,0.033416667,0.612758824,2.065961642778208,6.978818621065528,11.705593622857709,False,76595,76595,76596,20269.0
oculus_audio_pack/ui_metal_open.wav,oculus_audio_pack,normalized,baseline,rgs,high,40740,44100,40740,44100,1,16500,7,0.9238095238095239,142.88659793814432,2.20372,2.224606,2.2246492,0.306609091,0.30794727260000004,0.30806218172000005,3012.988038927795,a85bb99023d05691ed97ddd4b111f662790792a56bc53b65bcbb63fc01e45636,e7cccd50e154b6cf97ef180577cd7ec7fc9c62df39b95d3e31ac3dfc7f69f7ed,ed06bf9d60ea1722,929b74c06d62fbb8,48,40960,0.034453952,0.323154839,18.767552440259003,29.27190575712673,7.871990946332119,False,40740,40740,40740,16840.0
oculus_audio_pack/ui_metal_open.wav,oculus_audio_pack,normalized,candidate,rgs,high,40740,44100,40740,44100,1,16500,7,0.9238095238095239,142.88659793814432,2.13322,2.184212,2.1846824000000002,0.261561538,0.26743210510000004,0.26846536822,3531.9012530409723,a85bb99023d05691ed97ddd4b111f662790792a56bc53b65bcbb63fc01e45636,e7cccd50e154b6cf97ef180577cd7ec7fc9c62df39b95d3e31ac3dfc7f69f7ed,ed06bf9d60ea1722,929b74c06d62fbb8,48,40960,0.023243852,0.265731579,18.767552440259003,29.27190575712673,7.871990946332119,False,40740,40740,40740,16840.0
oculus_audio_pack/ui_metal_open.wav,oculus_audio_pack,normalized,baseline,rgs,medium,40740,44100,40740,44100,1,12776,7,0.9238095238095239,110.63752577319588,5.43605,5.494879998999999,5.501215998999999,0.304821212,0.3108202272,0.31218404544,3030.660227837175,720c0a8e7e48ffb536c9d36d72c8c133c9ccfeccc09cebe0ecf7eb96a3fa8d98,890a24690cf1407df10f5ee021b22fc7334da46889b0ebc570447b840f56efad,55d51c0dec31b899,8ded81ecb42921cd,48,40960,0.035639146,0.320571875,15.593620817633525,23.778710897145068,9.201571289946436,False,40740,40740,40740,17396.0
oculus_audio_pack/ui_metal_open.wav,oculus_audio_pack,normalized,candidate,rgs,medium,40740,44100,40740,44100,1,12776,7,0.9238095238095239,110.63752577319588,4.661733333,4.6892700009,4.69329400098,0.261705128,0.2656015788,0.26609926296,3529.9634014413496,720c0a8e7e48ffb536c9d36d72c8c133c9ccfeccc09cebe0ecf7eb96a3fa8d98,890a24690cf1407df10f5ee021b22fc7334da46889b0ebc570447b840f56efad,55d51c0dec31b899,8ded81ecb42921cd,48,40960,0.023770546,0.262166667,15.593620817633525,23.778710897145068,9.201571289946436,False,40740,40740,40740,17396.0
oculus_audio_pack/ui_metal_open.wav,oculus_audio_pack,normalized,baseline,rgs,low,40740,44100,40740,44100,1,12464,7,0.9238095238095239,107.93567010309278,6.4813,6.59413,6.599386,0.306818182,0.3147612217,0.31596974433999997,3010.93474248382,ed6dc2d07e78a65b60d03dadce3813928f04ca6026aaae74b723f85e5eb572c3,49ada839e2c6c251ea6f13aef215bf5de3c7e81042cfbea0bf47430d29d67c8c,be71aafcac3e81fc,e449c7f36b801bf0,48,40960,0.035957706,0.326316129,13.623417528579886,23.195484804692587,9.36339735027146,False,40740,40740,40740,14301.0
oculus_audio_pack/ui_metal_open.wav,oculus_audio_pack,normalized,candidate,rgs,low,40740,44100,40740,44100,1,12464,7,0.9238095238095239,107.93567010309278,4.6598,4.7670233338,4.79775133396,0.262415385,0.2655455262,0.26584805244,3520.4091551626207,ed6dc2d07e78a65b60d03dadce3813928f04ca6026aaae74b723f85e5eb572c3,49ada839e2c6c251ea6f13aef215bf5de3c7e81042cfbea0bf47430d29d67c8c,be71aafcac3e81fc,e449c7f36b801bf0,48,40960,0.023634434,0.259230769,13.623417528579886,23.195484804692587,9.36339735027146,False,40740,40740,40740,14301.0
oculus_audio_pack/ui_metal_open.wav,oculus_audio_pack,normalized,reference,pcm,default,40740,44100,40740,44100,1,81524,7,0.9238095238095239,705.981030927835,0.001936167,0.0019940741,0.00200433722,0.00247638,0.0024819425999999998,0.00248221572,373048.37052856345,924ace7ae64b68f7846d7f742caad96cc8c8dca51c29a7520ed8f3fc42c2c16e,924ace7ae64b68f7846d7f742caad96cc8c8dca51c29a7520ed8f3fc42c2c16e,9416f8d2042cf733,605b2d0d4bbcac61,,,,,,60.0,0.0,True,40740,40740,40740,0.0
oculus_audio_pack/ui_metal_open.wav,oculus_audio_pack,normalized,reference,qoa,default,40740,44100,40740,44100,1,16496,7,0.9238095238095239,142.8519587628866,1.34535,1.3735962499999999,1.38175925,0.095007547,0.0966039841,0.09712739842,9723.538318587722,9ab8f607299ddac8a59d33f3459771324a054a0962f0aaa0042193ce4d2c3a68,e7cccd50e154b6cf97ef180577cd7ec7fc9c62df39b95d3e31ac3dfc7f69f7ed,14eee3cc7032dbd4,929b74c06d62fbb8,268,40960,0.012375773,,18.767552440259003,29.27190575712673,7.871990946332119,False,40740,40740,40740,16840.0
oculus_audio_pack/ui_metal_open.wav,oculus_audio_pack,normalized,reference,ima,default,40740,44100,40740,44100,1,20540,7,0.9238095238095239,177.87216494845362,0.425708333,0.4331233331,0.43313133302,0.28952,0.2946733445,0.2950570217,3190.831458308662,4046e1e2198e532b4feaee31d089c24e4cffd5c4c123582b966ed716334d13ad,324cb3f2f17f09a9fd93e6c6b1326dc8260e6b775a81c1ddfdb49fd58176a7b4,1c3bd771f2c39c29,a5d74c330625b0bd,,,,,18.380813809850956,32.090899309307204,7.0743257474917405,False,40740,40740,40740,19274.0
oculus_audio_pack/ui_metal_open.wav,oculus_audio_pack,legacy_import,baseline,rgs,high,44343,48000,40741,44100,1,16508,7,0.9238125,142.95541573641836,2.01272,2.043964,2.0492247999999997,0.265781579,0.2715343239,0.27185281038,3475.8334399089413,d793c9024c2ce36a732ef881e4b080626d9c8234acc7bc66d24951f2d8a9eeb4,8eff94ec59faa3dc332757dccbb540051677b06a48eeb6cdd44178bab038ea7e,86aefab18448692e,5ffee37c2dafbb21,48,40960,0.029772619,0.285097222,7.786822565001206,21.013314675992717,12.278851225276668,False,40740,40740,40741,21245.0
oculus_audio_pack/ui_metal_open.wav,oculus_audio_pack,legacy_import,baseline,rgs,medium,44343,48000,40741,44100,1,12520,7,0.9238125,108.42026926459644,5.091349998,5.2343150004,5.2376630008800005,0.277367568,0.2832791667,0.28453583334,3330.643545174683,e3d2e17ab496189428caaaad3d62fd0bd72f0f786febb35b8830eb97b49a0560,aa6630f38c12ec42b909cc8d643585f05f78b682af5698b5ca1e54715abd751d,6e56f98bceeed289,d8f99da3a16ed791,48,40960,0.033116556,0.295623529,7.696804170724234,20.06550992360616,10.789762901736092,False,40740,40740,40741,21541.0
oculus_audio_pack/ui_metal_open.wav,oculus_audio_pack,legacy_import,baseline,rgs,low,44343,48000,40741,44100,1,12432,7,0.9238125,107.65820986401461,6.087299999,6.144985,6.152677000000001,0.274256757,0.2804708334,0.28133416668,3368.422022141828,2b4da3d36dc870b01b2754f105d41fd6e2eaefcb78605d5cb1fcd5962f671534,c91ce159ee8cedb7970db8cc5111c1fcf53864300b6da58b3d8f82162962e3be,9a6095655539b22e,177c89bbf39be098,48,40960,0.032419417,0.299014706,7.669369971672052,20.037095894988827,10.762254353866956,False,40740,40740,40741,20688.0
oculus_audio_pack/ui_notification_03.wav,oculus_audio_pack,normalized,baseline,rgs,high,23608,44100,23608,44100,1,9580,7,0.535328798185941,143.16435106743475,1.09936,1.1151542223,1.11646195566,0.166715,0.168605333,0.16883573300000002,3211.0415870554,3bb0f950d741551d936d456bd695b975802f346c6d55f2d2f064975d1e8023e4,1fad00454ef3499d9118fa88ee1436e5e58d03e4c36c29bcf2c8e95853c0efc7,9b0b50c4f8a2edd0,d270669471806a44,48,40960,0.027186413,0.183630909,32.40861335535142,20.03664079815638,6.897526455476389,False,23608,23608,23608,1266.0
oculus_audio_pack/ui_notification_03.wav,oculus_audio_pack,normalized,candidate,rgs,high,23608,44100,23608,44100,1,9580,7,0.535328798185941,143.16435106743475,1.06809,1.084591,1.0885342,0.146711594,0.1481292647,0.14815997054000002,3648.8513524428145,3bb0f950d741551d936d456bd695b975802f346c6d55f2d2f064975d1e8023e4,1fad00454ef3499d9118fa88ee1436e5e58d03e4c36c29bcf2c8e95853c0efc7,9b0b50c4f8a2edd0,d270669471806a44,48,40960,0.023166204,0.146257971,32.40861335535142,20.03664079815638,6.897526455476389,False,23608,23608,23608,1266.0
oculus_audio_pack/ui_notification_03.wav,oculus_audio_pack,normalized,baseline,rgs,medium,23608,44100,23608,44100,1,7298,7,0.535328798185941,109.0619451033548,2.801125,2.84369,2.844458,0.177610526,0.1790983927,0.17925824974000001,3014.060091156653,19b3a0c2118eb2718ab70150a5898c62ba48b389f4957bd61da7d26de88e9591,aa116aa7e3c14f1f9c47924bef7bfea1aab25f9c0be95d4a1cc0882943f2b10f,521edd4b4a74f60a,ed7cae68d4b72207,48,40960,0.028632,0.194880769,27.643031067844078,15.023437060688606,8.734815787171968,False,23608,23608,23608,2508.0
oculus_audio_pack/ui_notification_03.wav,oculus_audio_pack,normalized,candidate,rgs,medium,23608,44100,23608,44100,1,7298,7,0.535328798185941,109.0619451033548,2.268660001,2.306344,2.3190928,0.15269697,0.1534189396,0.15342439432,3505.824628910064,19b3a0c2118eb2718ab70150a5898c62ba48b389f4957bd61da7d26de88e9591,aa116aa7e3c14f1f9c47924bef7bfea1aab25f9c0be95d4a1cc0882943f2b10f,521edd4b4a74f60a,ed7cae68d4b72207,48,40960,0.023825952,0.150419403,27.643031067844078,15.023437060688606,8.734815787171968,False,23608,23608,23608,2508.0
oculus_audio_pack/ui_notification_03.wav,oculus_audio_pack,normalized,baseline,rgs,low,23608,44100,23608,44100,1,7252,7,0.535328798185941,108.37451711284311,3.086475,3.1464100000000004,3.1548220000000002,0.177314035,0.17931785709999998,0.17946357142,3019.0999724637763,408fd5d4f2426448d6d5f9f599b9d562c2bda78f198a89359c1c0832f89b5049,f8dcccd67a3529024f97dd15524aeaba861eb73b227332aca4a9b0958cf6f65a,125096f226fcda0d,231b9b361aeabb4b,48,40960,0.028593143,0.194367308,24.740913497622333,14.723256665216228,8.915767931788476,False,23608,23608,23608,2508.0
oculus_audio_pack/ui_notification_03.wav,oculus_audio_pack,normalized,candidate,rgs,low,23608,44100,23608,44100,1,7252,7,0.535328798185941,108.37451711284311,2.21958,2.263672,2.2667344000000003,0.149531343,0.15054850779999998,0.15056462716,3580.0440726727174,408fd5d4f2426448d6d5f9f599b9d562c2bda78f198a89359c1c0832f89b5049,f8dcccd67a3529024f97dd15524aeaba861eb73b227332aca4a9b0958cf6f65a,125096f226fcda0d,231b9b361aeabb4b,48,40960,0.024065385,0.14989403,24.740913497622333,14.723256665216228,8.915767931788476,False,23608,23608,23608,2508.0
oculus_audio_pack/ui_notification_03.wav,oculus_audio_pack,normalized,reference,pcm,default,23608,44100,23608,44100,1,47260,7,0.535328798185941,706.2575398170112,0.001363277,0.0013905265,0.0013930213,0.001872753,0.0018874464,0.00188943168,285851.2565116388,8d74b6a7b62d02d80c8669910da224439649e2272380ee2bb791c7e16a40e5bf,8d74b6a7b62d02d80c8669910da224439649e2272380ee2bb791c7e16a40e5bf,ae255bc293cd6f36,0394ba929bc2a9ac,,,,,,60.0,0.0,True,23608,23608,23608,0.0
oculus_audio_pack/ui_notification_03.wav,oculus_audio_pack,normalized,reference,qoa,default,23608,44100,23608,44100,1,9576,7,0.535328798185941,143.10457472043376,0.69246,0.6961313331,0.69624493302,0.054697814,0.056368637,0.056471467399999996,9787.023631071273,b25903213e609de3a70353c0b48cbad37d3f01f3ded1921010e3fe8d36346f69,1fad00454ef3499d9118fa88ee1436e5e58d03e4c36c29bcf2c8e95853c0efc7,8e1d6741c30c7210,d270669471806a44,268,40960,0.01224235,,32.40861335535142,20.03664079815638,6.897526455476389,False,23608,23608,23608,1266.0
oculus_audio_pack/ui_notification_03.wav,oculus_audio_pack,normalized,reference,ima,default,23608,44100,23608,44100,1,12348,7,0.535328798185941,184.52958319213826,0.264042105,0.27401054059999996,0.27502048652,0.183603636,0.1853553708,0.18538514856,2915.6764530847367,08436299ab25af3e538b6d72d3098b936d88226ad32494842aeb2e18dc3b3d03,397e0bde2fed365f72eaa2b8d295c5c2c3073e6144456809d6ea408d2106deb1,d4c85cfe559b8b5d,76b5c0ba54fb9a2a,,,,,30.000415971980328,24.84554128325644,5.883583137541065,False,23608,23608,23608,1983.0
oculus_audio_pack/ui_notification_03.wav,oculus_audio_pack,legacy_import,baseline,rgs,high,25696,48000,23609,44100,1,9580,7,0.5353333333333333,143.1631382316314,0.955363636,0.9895080908,1.00083761816,0.163558065,0.1681506056,0.16958266352,3273.047607486267,678d63c2c1c1d1bf67d0c093e5f461e981e0b9329c46c6eb44aeae15c5a48176,1c88d2ca64a7ad10128ead1d40b8c2efe0934cde41baaac95a30138940be28dd,85e6149ed1abefa1,ed38d2592b3575b2,48,40960,0.027032973,0.182352727,21.0286481862218,14.044104980913927,14.672625971127275,False,23608,23608,23609,3479.0
oculus_audio_pack/ui_notification_03.wav,oculus_audio_pack,legacy_import,baseline,rgs,medium,25696,48000,23609,44100,1,7254,7,0.5353333333333333,108.40348692403487,2.3946,2.4446719999999997,2.4508544,0.166905,0.16871283310000001,0.16892123302,3207.4133988396597,6ba95c013c99642ff591390a62254252483d27508afa899bd7dd47f168624ead,a85a4095aa56d3ae65972c0fabbb6880e8752c3b0e578f2c925cec577f04dc22,f15f1f7a22cd91c6,477b464ef20f5ee7,48,40960,0.028703725,0.1874,20.512154678510353,13.653603810073646,14.446299900670226,False,23608,23608,23609,4360.0
oculus_audio_pack/ui_notification_03.wav,oculus_audio_pack,legacy_import,baseline,rgs,low,25696,48000,23609,44100,1,7218,7,0.5353333333333333,107.86550435865504,2.618050001,2.6454799995999996,2.6460559991199997,0.167053333,0.167618333,0.167642333,3204.5654146471497,ca945179e2ac76451a2f6ff00881512a45541cad0ac0121fa6c23b88da179d1b,5957ff2bb7a5c80166b6217d801e03f1c3d7ce3910189622e8026e8bea56e1e9,dae49e7bf54d2830,7eba43c82026f67d,48,40960,0.02905942,0.185983333,20.499689254014534,13.641590637444724,14.214224341995273,False,23608,23608,23609,4360.0
oculus_audio_pack/ui_powerup_01.wav,oculus_audio_pack,normalized,baseline,rgs,high,75323,44100,75323,44100,1,30508,7,1.7080045351473923,142.89423416486332,3.941066666,4.0707466669,4.07772266698,0.51933,0.5255915,0.5261423,3288.8616778298815,380a866c6eb843e15e636ddd61db4a19eda1e726afccc1c12c438aae74b2f3a9,c8ef80ed82a2950aef440a56ce70a5e34964d17da717321cebc290e8d36b7634,aa41d8e762f92f1e,4c2211f95a640cf8,48,40960,0.030033934,0.538631579,32.07567208546608,35.17593740089787,9.620155654451516,False,75323,75323,75323,3030.0
oculus_audio_pack/ui_powerup_01.wav,oculus_audio_pack,normalized,candidate,rgs,high,75323,44100,75323,44100,1,30508,7,1.7080045351473923,142.89423416486332,3.834833333,3.9225600004,3.94443200008,0.437291304,0.4454334782,0.44706234764,3905.873543617031,380a866c6eb843e15e636ddd61db4a19eda1e726afccc1c12c438aae74b2f3a9,c8ef80ed82a2950aef440a56ce70a5e34964d17da717321cebc290e8d36b7634,aa41d8e762f92f1e,4c2211f95a640cf8,48,40960,0.023488263,0.448173913,32.07567208546608,35.17593740089787,9.620155654451516,False,75323,75323,75323,3030.0
oculus_audio_pack/ui_powerup_01.wav,oculus_audio_pack,normalized,baseline,rgs,medium,75323,44100,75323,44100,1,23692,7,1.7080045351473923,110.96926038527408,9.76135,9.9906349996,10.05316699912,0.551310526,0.5570783334,0.55745566668,3098.080763194774,efe240324a1542d574178c93ea1788f1977a6fec7457d883b88ebdb4b89b5a6e,fb79e1ee898dc1084426a561134ca799ed75018d7690c69c24dfd4d9293ac1d9,da3deeb82847213f,6769c25524f4dbb8,48,40960,0.029697626,0.541331579,27.80515549114934,29.943412175662107,11.752296308075648,False,75323,75323,75323,2955.0
oculus_audio_pack/ui_powerup_01.wav,oculus_audio_pack,normalized,candidate,rgs,medium,75323,44100,75323,44100,1,23692,7,1.7080045351473923,110.96926038527408,8.447150001,8.589514999999999,8.614462999999999,0.467145454,0.47299136350000004,0.47349645430000004,3656.258496197187,efe240324a1542d574178c93ea1788f1977a6fec7457d883b88ebdb4b89b5a6e,fb79e1ee898dc1084426a561134ca799ed75018d7690c69c24dfd4d9293ac1d9,da3deeb82847213f,6769c25524f4dbb8,48,40960,0.023589151,0.454968182,27.80515549114934,29.943412175662107,11.752296308075648,False,75323,75323,75323,2955.0
oculus_audio_pack/ui_powerup_01.wav,oculus_audio_pack,normalized,baseline,rgs,low,75323,44100,75323,44100,1,23058,7,1.7080045351473923,107.99971323500127,11.8585,12.078060000699999,12.08521200094,0.546152632,0.5486089474,0.54876178948,3127.3391998363422,84de24b34cc6cb629816f21b77a3e4549909e1212284f8cb9344c9328dee4982,ff58543cd5ed0e845405b8a33c58c0412daa42bdbcc50b95cdfb56eb47b00b04,56fed27272822057,493596f473125343,48,40960,0.029802976,0.543515789,25.004475001997356,29.256126441727652,12.043804604416934,False,75323,75323,75323,4703.0
oculus_audio_pack/ui_powerup_01.wav,oculus_audio_pack,normalized,candidate,rgs,low,75323,44100,75323,44100,1,23058,7,1.7080045351473923,107.99971323500127,8.495350001,8.5814400007,8.59192800094,0.462322727,0.4726363634,0.47415272708,3694.3988158025213,84de24b34cc6cb629816f21b77a3e4549909e1212284f8cb9344c9328dee4982,ff58543cd5ed0e845405b8a33c58c0412daa42bdbcc50b95cdfb56eb47b00b04,56fed27272822057,493596f473125343,48,40960,0.023654137,0.445830435,25.004475001997356,29.256126441727652,12.043804604416934,False,75323,75323,75323,4703.0
oculus_audio_pack/ui_powerup_01.wav,oculus_audio_pack,normalized,reference,pcm,default,75323,44100,75323,44100,1,150690,7,1.7080045351473923,705.8060884457603,0.003133647,0.0032133597999999997,0.00322196236,0.003722106,0.0037484144,0.00374851328,458881.21809195983,5febbc1068f51b7f07599683918881cee39f9f7b564665263e263fa57e476276,5febbc1068f51b7f07599683918881cee39f9f7b564665263e263fa57e476276,69e2e327376e691e,dd7d2dca2a7fc0ec,,,,,,60.0,0.0,True,75323,75323,75323,0.0
oculus_audio_pack/ui_powerup_01.wav,oculus_audio_pack,normalized,reference,qoa,default,75323,44100,75323,44100,1,30504,7,1.7080045351473923,142.87549885161238,2.49322,3.2726799999999994,3.5247759999999997,0.176170175,0.1787103945,0.1791849357,9695.196903490572,f451b3a0fc447d2806a6f773789eecd5b781c56f19896d3e7fbc8b69f60b8805,c8ef80ed82a2950aef440a56ce70a5e34964d17da717321cebc290e8d36b7634,5b19e9bc0247af89,4c2211f95a640cf8,268,40960,0.012136165,,32.07567208546608,35.17593740089787,9.620155654451516,False,75323,75323,75323,3030.0
oculus_audio_pack/ui_powerup_01.wav,oculus_audio_pack,normalized,reference,ima,default,75323,44100,75323,44100,1,38972,7,1.7080045351473923,182.53815700383683,0.753335714,0.7667921429,0.7681584285799999,0.529731579,0.5377247365,0.5397470521,3224.2830196600235,16e5ce7eeddff006f56c6c702804d83d324fc3867f6168d253832acf266bc4b7,7ee5e1561be6a1ea45edbf176bdc8996cecaef4d5cb16f0bcf9b3a858685b72f,b12de6ddbee0e143,8be76891c1ca0b71,,,,,32.101409659073816,41.24126323757308,8.018798516374718,False,75323,75323,75323,6322.0
oculus_audio_pack/ui_powerup_01.wav,oculus_audio_pack,legacy_import,baseline,rgs,high,81984,48000,75323,44100,1,30508,7,1.708,142.89461358313818,3.772500001,3.8734433331,3.88223533302,0.494052381,0.5036926429,0.50511052858,3457.123304502403,80e36dae5d9252848c3f073816f071ba6903fd0b14704a7eb5b0cfd628d429fe,e7960986d9d898cda6c137082942ba7cc7bb108f8ab237098c12242dd112ed18,f165260f0e133dd8,796b7128d8488e9b,48,40960,0.027185598,0.51423,20.611319826560383,28.474360633750447,10.84102999826092,False,75323,75323,75323,8231.0
oculus_audio_pack/ui_powerup_01.wav,oculus_audio_pack,legacy_import,baseline,rgs,medium,81984,48000,75323,44100,1,23190,7,1.708,108.61826697892272,9.726550002,9.9024499997,9.91048999994,0.533857895,0.5461784206,0.5479935785200001,3199.353266097151,9ac02bbecb446fbf773c87425e7b8dbdc6ae2c0e1e7e597b4c44bca66832cec2,fa7585bd8e80587a97c2c2367bba03a23f734a8997dc7317225fbe5fb8c84111,d2ec37fc001bd538,bb9685cac32d4b71,48,40960,0.027132249,0.543594737,20.359634201150936,27.31781391609898,11.574862321450153,False,75323,75323,75323,8842.0
oculus_audio_pack/ui_powerup_01.wav,oculus_audio_pack,legacy_import,baseline,rgs,low,81984,48000,75323,44100,1,22974,7,1.708,107.60655737704917,11.634799998,11.7858900006,11.806458000120001,0.530384211,0.5405778947,0.54225031574,3220.3070238076903,0d77f1a3573ce8d636715f286952891cbdf0645965fe2f646e5f72c70bab1621,bd6e3da947578478c0ee722d2373446fab8bc0923d7770169f9e3212d6afad08,9d6e2e9e1c838bae,0624e7550fbbd5a5,48,40960,0.02867765,0.538389474,20.294022616076536,27.263384654228098,11.596297406986936,False,75323,75323,75323,8951.0
oculus_audio_pack/ui_scifi_traditional_confirm.wav,oculus_audio_pack,normalized,baseline,rgs,high,28205,44100,28205,44100,1,11444,7,0.6395691609977324,143.1463641198369,1.476314286,1.4866071427,1.48898999974,0.181441071,0.18347618159999998,0.18384141792,3524.9415001399125,07c1d1ea0173597cab309c32c7b9ba6ca00dbea57587a243322ef7e435317d6a,ced5ec84347b8938016af6b755e43ab8d6aab6cb67ee8120f308f3e9b5a0f0ed,7877673b29ae5c34,fe7c15d37e9ed3d2,48,40960,0.02765124,0.199458824,25.86693132386104,28.074395231641464,8.33115354382371,False,28205,28205,28205,11667.0
oculus_audio_pack/ui_scifi_traditional_confirm.wav,oculus_audio_pack,normalized,candidate,rgs,high,28205,44100,28205,44100,1,11444,7,0.6395691609977324,143.1463641198369,1.442257143,1.4763485717,1.48259542874,0.152863636,0.1574643932,0.15870176744,4183.919588290654,07c1d1ea0173597cab309c32c7b9ba6ca00dbea57587a243322ef7e435317d6a,ced5ec84347b8938016af6b755e43ab8d6aab6cb67ee8120f308f3e9b5a0f0ed,7877673b29ae5c34,fe7c15d37e9ed3d2,48,40960,0.023053226,0.157134375,25.86693132386104,28.074395231641464,8.33115354382371,False,28205,28205,28205,11667.0
oculus_audio_pack/ui_scifi_traditional_confirm.wav,oculus_audio_pack,normalized,baseline,rgs,medium,28205,44100,28205,44100,1,8728,7,0.6395691609977324,109.17349406133665,4.330933332,4.4327866667,4.4626906669399995,0.187911111,0.1904715092,0.19054260344,3403.5728786560812,cbb12de9b611c6bbce0473b49ce175667c8da8137b894efcf7fc9372bbcde4d6,daa329accfc266d8987fadaf756c169975505b7e86238969b1e4222a6e94cee3,1dc67fe0fa06ef87,7c7688529fe44fe7,48,40960,0.027662431,0.200864,21.900512616812975,22.27657638888771,10.367732235290239,False,28205,28205,28205,12252.0
oculus_audio_pack/ui_scifi_traditional_confirm.wav,oculus_audio_pack,normalized,candidate,rgs,medium,28205,44100,28205,44100,1,8728,7,0.6395691609977324,109.17349406133665,3.20765,3.25726,3.260332,0.15448,0.1579687495,0.1580924995,4140.142160782835,cbb12de9b611c6bbce0473b49ce175667c8da8137b894efcf7fc9372bbcde4d6,daa329accfc266d8987fadaf756c169975505b7e86238969b1e4222a6e94cee3,1dc67fe0fa06ef87,7c7688529fe44fe7,48,40960,0.023963397,0.156098462,21.900512616812975,22.27657638888771,10.367732235290239,False,28205,28205,28205,12252.0
oculus_audio_pack/ui_scifi_traditional_confirm.wav,oculus_audio_pack,normalized,baseline,rgs,low,28205,44100,28205,44100,1,8664,7,0.6395691609977324,108.37295514979614,4.338266667,4.3774066669,4.3819346669799994,0.187905556,0.1893299789,0.18968184458,3403.673497540075,ddab3b41e4ba779091cebb8a19e65a148bc70ff9cd884a3694dc78be28cd14f9,d33fa73fe2202a61091e50cc59704fd36eef08f6d235c2b7c0dd972b7d80e180,abdc77856870785d,e5a473d1be5ddcb4,48,40960,0.027816111,0.202938,20.075993605536226,22.06797169733227,10.328353055426511,False,28205,28205,28205,14355.0
oculus_audio_pack/ui_scifi_traditional_confirm.wav,oculus_audio_pack,normalized,candidate,rgs,low,28205,44100,28205,44100,1,8664,7,0.6395691609977324,108.37295514979614,3.2048,3.2433175,3.2469835,0.155015385,0.1583522748,0.15895680456,4125.843128394852,ddab3b41e4ba779091cebb8a19e65a148bc70ff9cd884a3694dc78be28cd14f9,d33fa73fe2202a61091e50cc59704fd36eef08f6d235c2b7c0dd972b7d80e180,abdc77856870785d,e5a473d1be5ddcb4,48,40960,0.023961722,0.157835938,20.075993605536226,22.06797169733227,10.328353055426511,False,28205,28205,28205,14355.0
oculus_audio_pack/ui_scifi_traditional_confirm.wav,oculus_audio_pack,normalized,reference,pcm,default,28205,44100,28205,44100,1,56454,7,0.6395691609977324,706.1503705016842,0.001480299,0.0015348879,0.0015477223799999999,0.002053737,0.0020821276000000002,0.00208521112,311417.265695526,8ecd19f7577370726919577ff4e3b05e9dd7b8d087701c3ea5b6bd1be026e938,8ecd19f7577370726919577ff4e3b05e9dd7b8d087701c3ea5b6bd1be026e938,c0363162fcf10baa,ed3bc995c14041b0,,,,,,60.0,0.0,True,28205,28205,28205,0.0
oculus_audio_pack/ui_scifi_traditional_confirm.wav,oculus_audio_pack,normalized,reference,qoa,default,28205,44100,28205,44100,1,11440,7,0.6395691609977324,143.09633043786565,0.9281,1.1804531818999997,1.26405063638,0.065203896,0.0669412622,0.06738342044000001,9808.75684173431,52557234a1631a8dec2e66c57088ff5c56b3e754227520ab5a625457b23c9e1a,ced5ec84347b8938016af6b755e43ab8d6aab6cb67ee8120f308f3e9b5a0f0ed,afecb9f450414ec8,fe7c15d37e9ed3d2,268,40960,0.012153827,,25.86693132386104,28.074395231641464,8.33115354382371,False,28205,28205,28205,11667.0
oculus_audio_pack/ui_scifi_traditional_confirm.wav,oculus_audio_pack,normalized,reference,ima,default,28205,44100,28205,44100,1,14396,7,0.6395691609977324,180.0712214146428,0.271902703,0.2847705403,0.28742267926,0.189575472,0.19142207549999998,0.1917304527,3373.691513202364,555552127bbe12f78d0e6b76a1dc30e7cbaf13d5650fdc67a8c9bc652c2ab389,6bbdc7f3dee4b2a9635e2a7fa8864229cd66cfe2da68ff15489237b919b76900,dc1b55ef87a77119,8cb5ce667aad2e5c,,,,,27.155263250299676,34.156135634312115,6.961568626345759,False,28205,28205,28205,10449.0
oculus_audio_pack/ui_scifi_traditional_confirm.wav,oculus_audio_pack,legacy_import,baseline,rgs,high,30699,48000,28205,44100,1,11444,7,0.6395625,143.14785497898956,1.37665,1.412325,1.412505,0.177480702,0.1791114289,0.17913371458000002,3603.560797274737,622f3667fd9a1c61fb4267a219c99b362b1321e58c26079f0ca8fa8eec0ec009,81044d9be25bc71a63456297708f8d7543465157fd8b157c5fa5de02a85a1109,58954c77265371c0,09893314c26b422a,48,40960,0.026901882,0.194617308,17.766023624045562,20.596170598820617,11.699852750710201,False,28205,28205,28205,12002.0
oculus_audio_pack/ui_scifi_traditional_confirm.wav,oculus_audio_pack,legacy_import,baseline,rgs,medium,30699,48000,28205,44100,1,8684,7,0.6395625,108.62425486172187,3.664366667,3.7141933338,3.72454533396,0.189090566,0.1942126924,0.19486253848,3382.307819629669,7625ece609abc4cef4eab6fab6401c2b0921e2611e1fab2fd869fd5d4513e452,03d740acc1dd71ecce61024c29cfc5f346421b7ea7bfefe85cecf22efe756185,35582b08815f4aac,645dec2ed1575fd9,48,40960,0.027733795,0.202494,17.696072226246407,19.749131871610956,10.715915731821337,False,28205,28205,28205,11987.0
oculus_audio_pack/ui_scifi_traditional_confirm.wav,oculus_audio_pack,legacy_import,baseline,rgs,low,30699,48000,28205,44100,1,8658,7,0.6395625,108.2990325417766,3.6853,3.7379366669,3.73908066698,0.187037037,0.1917320756,0.19208528312,3419.443069984048,54560cada6f827d389bad23f73350e8c90cadf79d10ca575363e48c16be6f97e,f9bd63db780f5434cf037a73d131d1bd9fcd71ce39ebfc625fac9a092a86e2b4,6743346747518f0e,9d687cee2526f5a8,48,40960,0.027723546,0.201258,17.61870726484346,19.80397213140535,10.785657106175467,False,28205,28205,28205,11987.0
oculus_audio_pack/ui_wood_error.wav,oculus_audio_pack,normalized,baseline,rgs,high,17704,44100,17704,44100,1,7196,7,0.4014512471655329,143.39972887483057,0.67452,0.684840667,0.687821467,0.099483168,0.1003178,0.10039556000000001,4035.3685476274027,4cfc600768735b8099f5f3dbc0c54830d1686eec7e7fbbc7d467623276372d7c,44872ad3470bf8450c00bd479e2282656d48ae188a220d7b7671e3a7b54b389a,c56ca3dacb716980,24f22cdbae48cc42,48,40960,0.026883914,0.109209783,34.66220606821917,38.030182504354855,7.859429229820632,False,17704,17704,17704,2569.0
oculus_audio_pack/ui_wood_error.wav,oculus_audio_pack,normalized,candidate,rgs,high,17704,44100,17704,44100,1,7196,7,0.4014512471655329,143.39972887483057,0.64460625,0.6501168749999999,0.651078375,0.082264754,0.0834343756,0.08364620872,4879.990854473751,4cfc600768735b8099f5f3dbc0c54830d1686eec7e7fbbc7d467623276372d7c,44872ad3470bf8450c00bd479e2282656d48ae188a220d7b7671e3a7b54b389a,c56ca3dacb716980,24f22cdbae48cc42,48,40960,0.02251618,0.08383,34.66220606821917,38.030182504354855,7.859429229820632,False,17704,17704,17704,2569.0
oculus_audio_pack/ui_wood_error.wav,oculus_audio_pack,normalized,baseline,rgs,medium,17704,44100,17704,44100,1,5466,7,0.4014512471655329,108.92480795300497,1.773800001,1.7979949999,1.8037589999799999,0.107688172,0.10935490889999999,0.10967272098,3727.9047430160936,7440148a783feda38b546633d4d7d1865ace55b6a465722dff84bda7c7901dcf,ccae91227fbc8feaf7e0e29774b06e249a64a1b798b6c3a18289611b583dcb30,30002fa5787f0d64,bb2da77ecb6820c3,48,40960,0.028212394,0.116962791,31.388088117214032,32.94109581838901,9.278465617429088,False,17704,17704,17704,3179.0
oculus_audio_pack/ui_wood_error.wav,oculus_audio_pack,normalized,candidate,rgs,medium,17704,44100,17704,44100,1,5466,7,0.4014512471655329,108.92480795300497,1.364825,1.377885,1.379127,0.08869646,0.09050513190000001,0.09079219758000001,4526.124798729655,7440148a783feda38b546633d4d7d1865ace55b6a465722dff84bda7c7901dcf,ccae91227fbc8feaf7e0e29774b06e249a64a1b798b6c3a18289611b583dcb30,30002fa5787f0d64,bb2da77ecb6820c3,48,40960,0.024138072,0.089917857,31.388088117214032,32.94109581838901,9.278465617429088,False,17704,17704,17704,3179.0
oculus_audio_pack/ui_wood_error.wav,oculus_audio_pack,normalized,baseline,rgs,low,17704,44100,17704,44100,1,5458,7,0.4014512471655329,108.76538635336647,1.746733333,1.763363333,1.766939333,0.106316842,0.11216022199999999,0.1128778868,3775.9891999569822,7dbe545ffcfe97b0701a8b574129750bf6c5977840eb12e626b371bf2c9c4666,d99b06bf0fc7f57574995e683785e1c95d91189dc79b4569d8b1ffc50e575366,4fa84d1df0eff757,e9a57d8cab4eecd9,48,40960,0.027987709,0.11724186,29.916937115867377,32.96623098447901,9.47002254391225,False,17704,17704,17704,3179.0
oculus_audio_pack/ui_wood_error.wav,oculus_audio_pack,normalized,candidate,rgs,low,17704,44100,17704,44100,1,5458,7,0.4014512471655329,108.76538635336647,1.337125,1.37669625,1.38206925,0.088189474,0.0906049136,0.09105261871999999,4552.144705676926,7dbe545ffcfe97b0701a8b574129750bf6c5977840eb12e626b371bf2c9c4666,d99b06bf0fc7f57574995e683785e1c95d91189dc79b4569d8b1ffc50e575366,4fa84d1df0eff757,e9a57d8cab4eecd9,48,40960,0.023992326,0.090371171,29.916937115867377,32.96623098447901,9.47002254391225,False,17704,17704,17704,3179.0
oculus_audio_pack/ui_wood_error.wav,oculus_audio_pack,normalized,reference,pcm,default,17704,44100,17704,44100,1,35452,7,0.4014512471655329,706.4768187980118,0.001146549,0.0011867531,0.00119104742,0.001664497,0.0017009061,0.00170166522,241184.72257116286,c3b5636634e4a470967601b2b60527a41faacdae5d4843bee160219a4f920eff,c3b5636634e4a470967601b2b60527a41faacdae5d4843bee160219a4f920eff,c260d6851dce1fc7,0370ad7958ff7119,,,,,,60.0,0.0,True,17704,17704,17704,0.0
oculus_audio_pack/ui_wood_error.wav,oculus_audio_pack,normalized,reference,qoa,default,17704,44100,17704,44100,1,7192,7,0.4014512471655329,143.3200180750113,0.4321125,0.4411343478,0.44180947836,0.040986066,0.0416623216,0.04169179792,9794.82263961447,363d72a5ca7d2888088d6d3fc9aba858e2350481fab78ed95228c69852358003,44872ad3470bf8450c00bd479e2282656d48ae188a220d7b7671e3a7b54b389a,1cad5cf299a16a46,24f22cdbae48cc42,268,40960,0.012177616,,34.66220606821917,38.030182504354855,7.859429229820632,False,17704,17704,17704,2569.0
oculus_audio_pack/ui_wood_error.wav,oculus_audio_pack,normalized,reference,ima,default,17704,44100,17704,44100,1,10300,7,0.4014512471655329,205.25530953456845,0.173353448,0.17682693300000002,0.1778706498,0.1258575,0.1271774399,0.12740713358,3189.728440224324,cccab0369cb9ed5ee671d9ad2c1a3ce1623213b4906841b6604582cf156f457b,be39f79a4d491295068b86a5b0b27bb0bf36a950bb7e6ead35eb58427906b956,26b0fc1fdb6c5e83,1a72bfd21e15f050,,,,,35.18147598335114,40.56634868502125,6.742340512774178,False,17704,17704,17704,2149.0
oculus_audio_pack/ui_wood_error.wav,oculus_audio_pack,legacy_import,baseline,rgs,high,19270,48000,17705,44100,1,7196,7,0.4014583333333333,143.39719771665804,0.677526667,0.6926606668,0.69284146696,0.09877451,0.0995840595,0.09969027750000001,4064.392051485078,4d41a5fd618d3d1842c08f943f8ead4a0be8f187b51514a755c69312beffde43,fad6fe79d91146ce7993ee3d5420539c218aee90950de01becdd41994679b9c3,c93a4c8e22b8a20e,786bd64e0abfaeea,48,40960,0.026955914,0.1069,23.11827216508953,33.13267383358205,9.754610936405685,False,17704,17704,17705,7139.0
oculus_audio_pack/ui_wood_error.wav,oculus_audio_pack,legacy_import,baseline,rgs,medium,19270,48000,17705,44100,1,5464,7,0.4014583333333333,108.88303061754023,1.602128571,1.6410957142,1.64816199964,0.105767368,0.1072353192,0.10738238304,3795.672908617082,055fd7ba48f4cd459a126d7501549dd6a8f07f1bece1590605ac2d84f0faed67,f01e98a96064ea7356023540033adecf04413c66700fd1f76b73064f44aaff6d,7f591729104c537a,8fc4b875376945aa,48,40960,0.028512821,0.112227778,22.994773419580884,31.991063500137123,9.455840272175637,False,17704,17704,17705,7270.0
oculus_audio_pack/ui_wood_error.wav,oculus_audio_pack,legacy_import,baseline,rgs,low,19270,48000,17705,44100,1,5424,7,0.4014583333333333,108.08593668915412,1.925433333,1.9495933332,1.95738533304,0.107139362,0.1075484043,0.10758031926,3747.0666787555942,04dd87a822073907a326c5002f42a85e44cf2012969d621e367114185bf531c5,03b3bc6b6c584a58b2b9318106848991cd63fa218d832f3b459a58c6c7639d3e,0549942205cf173f,aea517726368a2af,48,40960,0.027502473,0.11092967,23.173289383146603,31.980628322644982,9.741476716822314,False,17704,17704,17705,7658.0
oculus_audio_pack/voice_animal_duck_01.wav,oculus_audio_pack,normalized,baseline,rgs,high,107949,44100,107949,44100,1,43724,7,2.4478231292517005,142.8992135174944,5.213400001,5.3115749999999995,5.323035,0.866225,0.876736667,0.876760667,2825.851400330977,3577d7150cffca2fb5df76a4bfed2514e4166dea55c45dc5351337d9ba44417e,8fd6a5e9fc1f360645bbe6097e732fb694e8d9f00d668fcf40279da126d418ac,0c67c24373bbff62,9196fcb79fc25962,48,40960,0.027603581,0.878891667,34.28044028943234,29.79681733602852,8.581120620326955,False,107949,107949,107949,755.0
oculus_audio_pack/voice_animal_duck_01.wav,oculus_audio_pack,normalized,candidate,rgs,high,107949,44100,107949,44100,1,43724,7,2.4478231292517005,142.8992135174944,4.979,5.1247950003,5.126559000059999,0.743157143,0.7469185719,0.74712085758,3293.8163244589855,3577d7150cffca2fb5df76a4bfed2514e4166dea55c45dc5351337d9ba44417e,8fd6a5e9fc1f360645bbe6097e732fb694e8d9f00d668fcf40279da126d418ac,0c67c24373bbff62,9196fcb79fc25962,48,40960,0.023402336,0.738842857,34.28044028943234,29.79681733602852,8.581120620326955,False,107949,107949,107949,755.0
oculus_audio_pack/voice_animal_duck_01.wav,oculus_audio_pack,normalized,baseline,rgs,medium,107949,44100,107949,44100,1,33274,7,2.4478231292517005,108.74641914237279,14.583500002,14.7175200003,14.74334400006,0.907066667,0.9189163633999999,0.91992872708,2698.6143558196704,c6867a198ff4fbcfbf929f2a9f80c375689b7f5fc3fa9ae50ffb608810df00b7,45ea6d009f4daa10a4cd7b13fa24c9adccab759dd442c40c5c508394143251b3,7dabbab0f78f8ddd,88fbec429fed5315,48,40960,0.02754011,0.893908333,26.78551581118309,23.03088579179789,10.839118517480488,False,107949,107949,107949,1674.0
oculus_audio_pack/voice_animal_duck_01.wav,oculus_audio_pack,normalized,candidate,rgs,medium,107949,44100,107949,44100,1,33274,7,2.4478231292517005,108.74641914237279,11.311499998,11.452460001,11.484572001,0.770876923,0.784680769,0.786960769,3175.3747663447707,c6867a198ff4fbcfbf929f2a9f80c375689b7f5fc3fa9ae50ffb608810df00b7,45ea6d009f4daa10a4cd7b13fa24c9adccab759dd442c40c5c508394143251b3,7dabbab0f78f8ddd,88fbec429fed5315,48,40960,0.023200231,0.751778571,26.78551581118309,23.03088579179789,10.839118517480488,False,107949,107949,107949,1674.0
oculus_audio_pack/voice_animal_duck_01.wav,oculus_audio_pack,normalized,baseline,rgs,low,107949,44100,107949,44100,1,32928,7,2.4478231292517005,107.61561848650751,17.808699999,18.082319999200003,18.108623998240002,0.8794,0.892921667,0.895057667,2783.5150434974994,0b587ec8e162143b708fba973508d26965aad11abca1ffb76ed06c39fa35d868,70fefd1cb01a8aa4e806802304023d62f1cb87b5ee75723417d90c82de0e9642,369d07f0da8e8506,9a8df9b654286be3,48,40960,0.027630663,0.894066667,25.790168049339872,22.890197221738845,11.010449656106417,False,107949,107949,107949,1983.0
oculus_audio_pack/voice_animal_duck_01.wav,oculus_audio_pack,normalized,candidate,rgs,low,107949,44100,107949,44100,1,32928,7,2.4478231292517005,107.61561848650751,11.2733,11.4884399992,11.48896799824,0.758071428,0.774922308,0.7759136928,3229.013835424095,0b587ec8e162143b708fba973508d26965aad11abca1ffb76ed06c39fa35d868,70fefd1cb01a8aa4e806802304023d62f1cb87b5ee75723417d90c82de0e9642,369d07f0da8e8506,9a8df9b654286be3,48,40960,0.023408178,0.740957143,25.790168049339872,22.890197221738845,11.010449656106417,False,107949,107949,107949,1983.0
oculus_audio_pack/voice_animal_duck_01.wav,oculus_audio_pack,normalized,reference,pcm,default,107949,44100,107949,44100,1,215942,7,2.4478231292517005,705.7438012394742,0.004226669,0.0043044687,0.00430726734,0.004748955,0.0048188546,0.00482240132,515444.58291386225,95524db1ad4cd4795174358597c32de239709b14bc4f65b8651aca561aa3b2c7,95524db1ad4cd4795174358597c32de239709b14bc4f65b8651aca561aa3b2c7,4a36cc9dec79d61f,ec86d23d4e5961ad,,,,,,60.0,0.0,True,107949,107949,107949,0.0
oculus_audio_pack/voice_animal_duck_01.wav,oculus_audio_pack,normalized,reference,qoa,default,107949,44100,107949,44100,1,43720,7,2.4478231292517005,142.8861406775422,3.2274,3.2661625002999997,3.2663725000599997,0.24967561,0.2550785578,0.25641263476,9804.01381317022,5934ec666f4e7ff5e86a64def2e6ea4bb3ab2eb6e9195afe570c6890af94f3b9,8fd6a5e9fc1f360645bbe6097e732fb694e8d9f00d668fcf40279da126d418ac,a88d9bfc709d06a1,9196fcb79fc25962,268,40960,0.012331073,,34.28044028943234,29.79681733602852,8.581120620326955,False,107949,107949,107949,755.0
oculus_audio_pack/voice_animal_duck_01.wav,oculus_audio_pack,normalized,reference,ima,default,107949,44100,107949,44100,1,55356,7,2.4478231292517005,180.91503209849097,1.248266667,1.29358625,1.29699725,0.849633333,0.862690833,0.866404833,2881.034717186291,a0d0fa4f23eb4e147fa5c14bdf26687a353d03aa9025f5be1389f7735ab13e31,1138bfff347f8e08bf3855198298a403821dc642b79ed530e42c8675d978b2bc,03d58d614d47724c,324c3a4751bd7832,,,,,32.98410313989518,31.712205293326175,8.292123062807532,False,107949,107949,107949,2816.0
oculus_audio_pack/voice_animal_duck_01.wav,oculus_audio_pack,legacy_import,baseline,rgs,high,117496,48000,107950,44100,1,43724,7,2.4478333333333335,142.89861782528766,5.339050001,5.3940150003,5.39508300006,0.823515385,0.8393876924,0.8443575384800001,2972.419675357168,bc77d300ce8371574e0b0341930a9821066b57774d3e26db803e29b4f2e9bc36,5162e9efbefa6e16db4c141eb0bdfcdeecef496f1b2567218f58608506c66e67,ffbc77e01ac5e2cb,277a8b17ee994dd2,48,40960,0.026989488,0.837016667,24.31739451675793,22.078476656421618,11.552097455915368,False,107949,107949,107950,2957.0
oculus_audio_pack/voice_animal_duck_01.wav,oculus_audio_pack,legacy_import,baseline,rgs,medium,117496,48000,107950,44100,1,32928,7,2.4478333333333335,107.61516987812351,16.1961,16.28294,16.285628,0.844416667,0.874724167,0.880298167,2898.845355610838,8842a41cbf01461942069f0f35fe88e3385a483c2a52bdfa6e677584f9d981ae,ff2d87de07ae32e3e7ab557c4f3ac1723caeb4b38b6309fae77e1309f8066bec,b3c4879ccf7b7ddf,b21e0e0785ddf3fd,48,40960,0.027489011,0.856208333,23.56297750424777,21.22615861161068,11.408344984455203,False,107949,107949,107950,3425.0
oculus_audio_pack/voice_animal_duck_01.wav,oculus_audio_pack,legacy_import,baseline,rgs,low,117496,48000,107950,44100,1,32928,7,2.4478333333333335,107.61516987812351,16.173299998,16.38762,16.405524,0.85325,0.8590174999,0.85906349998,2868.8348471530426,8842a41cbf01461942069f0f35fe88e3385a483c2a52bdfa6e677584f9d981ae,ff2d87de07ae32e3e7ab557c4f3ac1723caeb4b38b6309fae77e1309f8066bec,b3c4879ccf7b7ddf,b21e0e0785ddf3fd,48,40960,0.027304632,0.849608333,23.56297750424777,21.22615861161068,11.408344984455203,False,107949,107949,107950,3425.0
oculus_audio_pack/voice_animal_sheep_01.wav,oculus_audio_pack,normalized,baseline,rgs,high,42336,44100,42336,44100,1,17164,7,0.96,143.03333333333333,2.574875,2.6649524996999996,2.68321049994,0.323645161,0.3288570964,0.33059206407999997,2966.211504704067,0614984c71adf493d40bc057f89dc7da81ceb0d8ff6bd3d3a78c781f97ae5304,4a3e2f2477c1c286c55548b0b748605923915102c5e5403f1602b6fea41e3b71,9002f02618187485,c632dca57b826648,48,40960,0.027905571,0.3398,33.597460912086746,31.960197759496243,10.559486887480872,False,42336,42336,42336,1208.0
oculus_audio_pack/voice_animal_sheep_01.wav,oculus_audio_pack,normalized,candidate,rgs,high,42336,44100,42336,44100,1,17164,7,0.96,143.03333333333333,2.5231,2.5875650007,2.58827300094,0.279463889,0.2867538329,0.28820562338,3435.1486463426404,0614984c71adf493d40bc057f89dc7da81ceb0d8ff6bd3d3a78c781f97ae5304,4a3e2f2477c1c286c55548b0b748605923915102c5e5403f1602b6fea41e3b71,9002f02618187485,c632dca57b826648,48,40960,0.023365187,0.280322222,33.597460912086746,31.960197759496243,10.559486887480872,False,42336,42336,42336,1208.0
oculus_audio_pack/voice_animal_sheep_01.wav,oculus_audio_pack,normalized,baseline,rgs,medium,42336,44100,42336,44100,1,13224,7,0.96,110.2,6.6009,6.6951949993,6.6991189990599995,0.333606667,0.337057667,0.337760867,2877.6403320500785,b33d31b649028bc4b155888200940a2e482683a946295eb99458e8506e82fc60,4c6c6047d8ae4c4732648e4464b89610fbba586364105339497520c7f50f3df1,49b2a25db21e350a,f0c50f17a17fab01,48,40960,0.028218873,0.346586207,26.56164697160611,25.20339103974491,13.035759260152888,False,42336,42336,42336,2412.0
oculus_audio_pack/voice_animal_sheep_01.wav,oculus_audio_pack,normalized,candidate,rgs,medium,42336,44100,42336,44100,1,13224,7,0.96,110.2,5.9607,5.9855599997,5.993071999940001,0.284913889,0.2865519998,0.28694697116,3369.4391079685133,b33d31b649028bc4b155888200940a2e482683a946295eb99458e8506e82fc60,4c6c6047d8ae4c4732648e4464b89610fbba586364105339497520c7f50f3df1,49b2a25db21e350a,f0c50f17a17fab01,48,40960,0.023665721,0.282116667,26.56164697160611,25.20339103974491,13.035759260152888,False,42336,42336,42336,2412.0
oculus_audio_pack/voice_animal_sheep_01.wav,oculus_audio_pack,normalized,baseline,rgs,low,42336,44100,42336,44100,1,13002,7,0.96,108.35,8.24505,8.308815001300001,8.32008300106,0.335973333,0.34171933320000003,0.34242653304000004,2857.369635345434,011b6123f52ac031015414834fdce5559a53e13439e1e83d0f11837148c2d643,434dbbc9a74308cbc8d8c8643e628cfd3cf565ad91f34241fad589d44a815aeb,2f09de5015770821,b6349edfe8d21c6c,48,40960,0.027765651,0.346493103,25.04166221599519,24.374913786445223,13.502063877217243,False,42336,42336,42336,2749.0
oculus_audio_pack/voice_animal_sheep_01.wav,oculus_audio_pack,normalized,candidate,rgs,low,42336,44100,42336,44100,1,13002,7,0.96,108.35,5.984100001,6.041415,6.051963,0.280611111,0.28573150010000004,0.28696801442000003,3421.104733090914,011b6123f52ac031015414834fdce5559a53e13439e1e83d0f11837148c2d643,434dbbc9a74308cbc8d8c8643e628cfd3cf565ad91f34241fad589d44a815aeb,2f09de5015770821,b6349edfe8d21c6c,48,40960,0.023753081,0.281827778,25.04166221599519,24.374913786445223,13.502063877217243,False,42336,42336,42336,2749.0
oculus_audio_pack/voice_animal_sheep_01.wav,oculus_audio_pack,normalized,reference,pcm,default,42336,44100,42336,44100,1,84716,7,0.96,705.9666666666667,0.001974961,0.0020104278000000002,0.00201786876,0.002527059,0.0025676671,0.00256990942,379888.2416279161,47d85a4bab361204c5ea4604b90f2f0ed580ea27b9543fb5d196ac31ee3c7316,47d85a4bab361204c5ea4604b90f2f0ed580ea27b9543fb5d196ac31ee3c7316,4d788326c982bb08,5328d8bfe482e842,,,,,,60.0,0.0,True,42336,42336,42336,0.0
oculus_audio_pack/voice_animal_sheep_01.wav,oculus_audio_pack,normalized,reference,qoa,default,42336,44100,42336,44100,1,17160,7,0.96,143.0,1.593085715,1.6275428568,1.6321714281600002,0.099787129,0.1035498403,0.10383491686,9620.479210299756,28933013b3bc421623c920178bf667b4852083efbe39ea8c0bd42a2b1155b3bf,4a3e2f2477c1c286c55548b0b748605923915102c5e5403f1602b6fea41e3b71,04e4aca6bde0a2c1,c632dca57b826648,268,40960,0.012592201,,33.597460912086746,31.960197759496243,10.559486887480872,False,42336,42336,42336,1208.0
oculus_audio_pack/voice_animal_sheep_01.wav,oculus_audio_pack,normalized,reference,ima,default,42336,44100,42336,44100,1,22588,7,0.96,188.23333333333335,0.455204545,0.4740850002,0.47624609124,0.32806129,0.3401963332,0.34145793304,2926.2824638652123,02dec6570c50423855976a38536d1988208cf5edec5d746561fce71131061847,7bd156be9039f4659cd089ac96fe6a0567c12236e708ab0beb483e0a264c39f4,59e4c767f3e7c94f,b941ebc030825828,,,,,29.33926980331008,30.26285098389162,11.556624231656217,False,42336,42336,42336,5236.0
oculus_audio_pack/voice_animal_sheep_01.wav,oculus_audio_pack,legacy_import,baseline,rgs,high,46080,48000,42336,44100,1,17164,7,0.96,143.03333333333333,2.604975,2.6455575003000003,2.64831150006,0.303406061,0.3080075758,0.30876030315999997,3164.0765409758906,8bd70089f14008c38d1740a40fa5fd3added6a2695fd476d36193754e956a462,86c9c74cee53650e6a4e8c01af076241906aa1169a58a200c6302eb26541d0e8,f782f225bfaaa918,0a8de059d3bf87d4,48,40960,0.027158266,0.318028125,22.446782523986197,22.61806808331778,11.088156485192677,False,42336,42336,42336,3490.0
oculus_audio_pack/voice_animal_sheep_01.wav,oculus_audio_pack,legacy_import,baseline,rgs,medium,46080,48000,42336,44100,1,13138,7,0.96,109.48333333333335,6.224549999,6.3124099993,6.31272199906,0.32174375,0.3245513511,0.32546252862,2983.740942908759,6c0b904888a9d3bf540ad5db46c18fe47b247fbc1bcc09bbd21d7da830a2c3ea,be8f68d5517b8c39b27efd42a52e0c1dcac8980296c6814a43e9158e91057d54,b42353de9e1a4b90,3d73c34cf8de59b3,48,40960,0.028128371,0.34168,21.85852915673532,21.88138460830403,12.271200301396824,False,42336,42336,42336,3497.0
oculus_audio_pack/voice_animal_sheep_01.wav,oculus_audio_pack,legacy_import,baseline,rgs,low,46080,48000,42336,44100,1,12930,7,0.96,107.75,8.448899999,8.5949749997,8.63475499994,0.3222,0.33124066690000004,0.33303746698000003,2979.51582867784,951c7f67ca324f8b6066cd2cca3302862e05539e3bda706da86fd60e511342c5,70b6b8d071b6d101e58773aa1071091383350223098dc933733acb3cba99f8da,ee7fcd2447cfaf86,ecf9854297cd6896,48,40960,0.027453699,0.337056667,21.665357842770355,21.780621006392618,12.61170883572967,False,42336,42336,42336,4280.0
oculus_audio_pack/voice_evil_laugh_02.wav,oculus_audio_pack,normalized,baseline,rgs,high,113866,44100,113866,44100,1,46116,7,2.5819954648526076,142.88483656227496,5.380000001,5.442605,5.4588410000000005,0.857883333,0.9437172726999999,0.96080890894,3009.727972944088,2695b4deb0207b227aa954fb8155e6f482c70a064bbf8c152e065f2a402616ac,ab61046462dbda84bfc893d07a23b3b0b0b0bee3f76ef5c5a2e87842aaf6e8ca,9b902243a8cc13bb,223f706ab7b11e40,48,40960,0.026987332,0.855875,37.81709211957816,37.93648990246809,9.424251440241795,False,113866,113866,113866,982.0
oculus_audio_pack/voice_evil_laugh_02.wav,oculus_audio_pack,normalized,candidate,rgs,high,113866,44100,113866,44100,1,46116,7,2.5819954648526076,142.88483656227496,5.2367,5.30032,5.301424,0.712293333,0.7200471433000001,0.7207122862600001,3624.904720051069,2695b4deb0207b227aa954fb8155e6f482c70a064bbf8c152e065f2a402616ac,ab61046462dbda84bfc893d07a23b3b0b0b0bee3f76ef5c5a2e87842aaf6e8ca,9b902243a8cc13bb,223f706ab7b11e40,48,40960,0.023629009,0.714686667,37.81709211957816,37.93648990246809,9.424251440241795,False,113866,113866,113866,982.0
oculus_audio_pack/voice_evil_laugh_02.wav,oculus_audio_pack,normalized,baseline,rgs,medium,113866,44100,113866,44100,1,34998,7,2.5819954648526076,108.43706110691515,15.7762,15.9366800006,15.95213600012,0.873458334,0.8889483331,0.89087633302,2956.060254217699,3330c04b69e702169b633c64a97f3a8cd1c069b5a007e9a6d39269a4f3c61246,7e6ae1ed2b444969bd6e6639f2b33501d226628b71f7cc93081808f01529b1a0,a7aaf7f44b0234e2,864807b25110a965,48,40960,0.026961186,0.866383333,30.462154831961552,30.982919105798562,12.340456154708988,False,113866,113866,113866,1662.0
oculus_audio_pack/voice_evil_laugh_02.wav,oculus_audio_pack,normalized,candidate,rgs,medium,113866,44100,113866,44100,1,34998,7,2.5819954648526076,108.43706110691515,11.671700001,11.98687,12.033453999999999,0.743757143,0.7550042857,0.7552751427400001,3471.5572000262564,3330c04b69e702169b633c64a97f3a8cd1c069b5a007e9a6d39269a4f3c61246,7e6ae1ed2b444969bd6e6639f2b33501d226628b71f7cc93081808f01529b1a0,a7aaf7f44b0234e2,864807b25110a965,48,40960,0.023786698,0.724042857,30.462154831961552,30.982919105798562,12.340456154708988,False,113866,113866,113866,1662.0
oculus_audio_pack/voice_evil_laugh_02.wav,oculus_audio_pack,normalized,baseline,rgs,low,113866,44100,113866,44100,1,34728,7,2.5819954648526076,107.6004988319604,18.381000001,18.489770003,18.508994003,0.851025,0.8584733332,0.85940133304,3033.9830966806,30156b5d095c4954d9cbede7a9e1cb272881cd3bebf5e333b8dbfa003992b6d3,e9d3d44e0b85fc4cb75b6fdd6ba6a3d8f845f598fc67b8190c64c4fe7b1da389,cf1e4006a5d3e0ef,46c4d8d15c11931c,48,40960,0.026754011,0.88145,29.876532577605982,30.833478284397756,12.423830323538064,False,113866,113866,113866,3123.0
oculus_audio_pack/voice_evil_laugh_02.wav,oculus_audio_pack,normalized,candidate,rgs,low,113866,44100,113866,44100,1,34728,7,2.5819954648526076,107.6004988319604,11.796999998,11.8912400013,11.90928800106,0.726421429,0.7508414288,0.75357400016,3554.4043192765007,30156b5d095c4954d9cbede7a9e1cb272881cd3bebf5e333b8dbfa003992b6d3,e9d3d44e0b85fc4cb75b6fdd6ba6a3d8f845f598fc67b8190c64c4fe7b1da389,cf1e4006a5d3e0ef,46c4d8d15c11931c,48,40960,0.023327739,0.716085714,29.876532577605982,30.833478284397756,12.423830323538064,False,113866,113866,113866,3123.0
oculus_audio_pack/voice_evil_laugh_02.wav,oculus_audio_pack,normalized,reference,pcm,default,113866,44100,113866,44100,1,227776,7,2.5819954648526076,705.7363286670297,0.004647119,0.005143246,0.0052529788,0.004934238,0.0053352514,0.00535822468,523281.50057873334,aee80c43c27064b338fc3801b41e29c6ef5eb788b681631a584ab057c8de492e,aee80c43c27064b338fc3801b41e29c6ef5eb788b681631a584ab057c8de492e,046bbd827228d784,389b2e96cfcb222a,,,,,,60.0,0.0,True,113866,113866,113866,0.0
oculus_audio_pack/voice_evil_laugh_02.wav,oculus_audio_pack,normalized,reference,qoa,default,113866,44100,113866,44100,1,46112,7,2.5819954648526076,142.87244304709043,3.3744,3.4716466668,3.49174266696,0.269894737,0.2739259463,0.27496248686,9566.675858716755,0b4cc6fab759be646ee84baba387ade19492ca44e87d03a907f4aa7135bedc9d,ab61046462dbda84bfc893d07a23b3b0b0b0bee3f76ef5c5a2e87842aaf6e8ca,4a58eb8f711b535d,223f706ab7b11e40,268,40960,0.012481047,,37.81709211957816,37.93648990246809,9.424251440241795,False,113866,113866,113866,982.0
oculus_audio_pack/voice_evil_laugh_02.wav,oculus_audio_pack,normalized,reference,ima,default,113866,44100,113866,44100,1,57404,7,2.5819954648526076,177.85933641297666,1.258533333,1.28769,1.288608,0.893808333,0.9054033331,0.90742733302,2888.757432129029,5b0d5b713ee37880674b274cd576268480ae0b7d8285056a694ece4bdecff461,86a9e1ca6e0e22d976c6d678f9742978dbc3fab951355b1fb2e6296c6067f877,2b8c4ea1fd967ce2,bdebbebf1d8d1cf0,,,,,35.781493202341736,38.735834452838816,9.929223091966568,False,113866,113866,113866,1407.0
oculus_audio_pack/voice_evil_laugh_02.wav,oculus_audio_pack,legacy_import,baseline,rgs,high,123936,48000,113867,44100,1,46116,7,2.582,142.8845855925639,5.277799999,5.353940001,5.372948001,0.796046154,0.8035646155999999,0.80502676952,3243.5305252413796,dcf74733921b048790ab120a68073aa92082a0f8d28ddca9b71180e028e0d342,120800c0987aa81ff075b1b071cc3b55f9f18de3fa8011b0a4331f7d03c54765,93924daba7710724,53ad38ffb1da8e70,48,40960,0.027306812,0.809084615,28.330773099002997,30.744099261537286,10.489832200545989,False,113866,113866,113867,2272.0
oculus_audio_pack/voice_evil_laugh_02.wav,oculus_audio_pack,legacy_import,baseline,rgs,medium,123936,48000,113867,44100,1,34762,7,2.582,107.70565453137104,15.698800001,16.22839,16.368718,0.843425,0.8561649999000001,0.8588329999800001,3061.3273260811575,909a7b465680ae857639bd6dd193d471b21210c4ca6fe4231f89409de6f27637,6fb1ba8b5a5f289c89dc35a972bf8a159e5062c08a45b90c610e8f068cf91063,8413cf015c9d08e0,34c448edeb816b22,48,40960,0.02735082,0.858566667,27.83950091779243,29.706265433096117,11.250936903522476,False,113866,113866,113867,2440.0
oculus_audio_pack/voice_evil_laugh_02.wav,oculus_audio_pack,legacy_import,baseline,rgs,low,123936,48000,113867,44100,1,34728,7,2.582,107.6003098373354,15.874700002,16.317970001,16.328794001,0.846233333,0.8506325001,0.85124650002,3051.16792179114,a914680e4924c30d5faf9e7e6e77526c35781404a9a46b57ffaa8a30bbb35b0a,91b3bc6beeb0140bc4c79c6c9c209117c084e3e8eb17b37f9502409e44fdebd9,0e1a1e98ed511708,a668e946f752daed,48,40960,0.027138753,0.859175,27.850568376500746,29.66323718712076,11.276906560319992,False,113866,113866,113867,2837.0
oculus_audio_pack/voice_horse_neigh_01.wav,oculus_audio_pack,normalized,baseline,rgs,high,70974,44100,70974,44100,1,28740,7,1.6093877551020408,142.86178037027645,5.279899999,5.3741750003,5.39835500006,0.5649,0.5775750001,0.57879500002,2848.9781467552502,05f94ccc14c0cf0832dadb6f2d8162a2d31f54ea125c07220c4af4ef6446458a,9cdfb82e2542e95adaa82ec0c4e5028bc2b379e7e5a47b5350518bd423714e41,325a33c1573fe577,9d61b7ea265215db,48,40960,0.02846733,0.587333333,35.815222766995376,35.64483448554398,10.969914215218497,False,70974,70974,70974,782.0
oculus_audio_pack/voice_horse_neigh_01.wav,oculus_audio_pack,normalized,candidate,rgs,high,70974,44100,70974,44100,1,28740,7,1.6093877551020408,142.86178037027645,5.075550001,5.131705001,5.140141001,0.482352381,0.4866438097,0.48725638114,3336.539464707319,05f94ccc14c0cf0832dadb6f2d8162a2d31f54ea125c07220c4af4ef6446458a,9cdfb82e2542e95adaa82ec0c4e5028bc2b379e7e5a47b5350518bd423714e41,325a33c1573fe577,9d61b7ea265215db,48,40960,0.023255916,0.488938095,35.815222766995376,35.64483448554398,10.969914215218497,False,70974,70974,70974,782.0
oculus_audio_pack/voice_horse_neigh_01.wav,oculus_audio_pack,normalized,baseline,rgs,medium,70974,44100,70974,44100,1,22408,7,1.6093877551020408,111.38645701242709,13.284600001,13.5854399983,13.63036799806,0.581833333,0.5932499996,0.5949229407200001,2766.063172771232,043523b9f2a65057257fa0299cbdd1d8fae5208710ab8d29ed93e72cbe184ae4,d79b82901ab21d9fd23e9cb241287dbdfdd6f5320d12f72f6ca7d15d5d8c334b,00542db4b1c2dac3,6552dca69a5bd4f2,48,40960,0.028107865,0.583711111,27.436385467236825,27.132708237354553,14.113601023127629,False,70974,70974,70974,1795.0
oculus_audio_pack/voice_horse_neigh_01.wav,oculus_audio_pack,normalized,candidate,rgs,medium,70974,44100,70974,44100,1,22408,7,1.6093877551020408,111.38645701242709,12.147799999,12.23791,12.258142,0.50231,0.510485,0.511517,3203.9731542315317,043523b9f2a65057257fa0299cbdd1d8fae5208710ab8d29ed93e72cbe184ae4,d79b82901ab21d9fd23e9cb241287dbdfdd6f5320d12f72f6ca7d15d5d8c334b,00542db4b1c2dac3,6552dca69a5bd4f2,48,40960,0.023025287,0.495176191,27.436385467236825,27.132708237354553,14.113601023127629,False,70974,70974,70974,1795.0
oculus_audio_pack/voice_horse_neigh_01.wav,oculus_audio_pack,normalized,baseline,rgs,low,70974,44100,70974,44100,1,21676,7,1.6093877551020408,107.74780623890439,18.578299999,18.9643199987,18.99422399894,0.566455555,0.5748355558,0.57623822236,2841.1545105282635,4912c7f0b3256b09e3e0ea52de7552dfe768e8e264b3ac44ab3ece18e82edf0b,8cd8acdf8174652c54f20bd346c51dc41d475dc79cdcacf823c41017fe863cb6,217b670f41eb68ac,cf088aeb5a1ae439,48,40960,0.028063025,0.577338889,26.302217618562253,26.43893198302369,14.60704213071749,False,70974,70974,70974,3630.0
oculus_audio_pack/voice_horse_neigh_01.wav,oculus_audio_pack,normalized,candidate,rgs,low,70974,44100,70974,44100,1,21676,7,1.6093877551020408,107.74780623890439,12.385500003,12.5565299996,12.59226599912,0.488933333,0.5015372858,0.50325945716,3291.6302622019034,4912c7f0b3256b09e3e0ea52de7552dfe768e8e264b3ac44ab3ece18e82edf0b,8cd8acdf8174652c54f20bd346c51dc41d475dc79cdcacf823c41017fe863cb6,217b670f41eb68ac,cf088aeb5a1ae439,48,40960,0.023125173,0.476642857,26.302217618562253,26.43893198302369,14.60704213071749,False,70974,70974,70974,3630.0
oculus_audio_pack/voice_horse_neigh_01.wav,oculus_audio_pack,normalized,reference,pcm,default,70974,44100,70974,44100,1,141992,7,1.6093877551020408,705.8187167131626,0.002988673,0.0030560352,0.00305701584,0.003486581,0.0035549752,0.00357339184,461594.8274547589,80b5234b869b92d17d9f96d0e9ac7e7bd46b104c105ea84d63cc04d6e22f9490,80b5234b869b92d17d9f96d0e9ac7e7bd46b104c105ea84d63cc04d6e22f9490,ac0cc96a42eee5cf,89fa0d38785b0645,,,,,,60.0,0.0,True,70974,70974,70974,0.0
oculus_audio_pack/voice_horse_neigh_01.wav,oculus_audio_pack,normalized,reference,qoa,default,70974,44100,70974,44100,1,28736,7,1.6093877551020408,142.8418970327162,3.1979,3.3543199993,3.3878239990599996,0.164585246,0.1706621103,0.17151140526,9778.444874105184,76f890503aabc2d32c4796688f8ab9c75c3c1e8f9f78dbbc3a626db463de2c76,9cdfb82e2542e95adaa82ec0c4e5028bc2b379e7e5a47b5350518bd423714e41,0bb57ce690047cd2,9d61b7ea265215db,268,40960,0.012314391,,35.815222766995376,35.64483448554398,10.969914215218497,False,70974,70974,70974,782.0
oculus_audio_pack/voice_horse_neigh_01.wav,oculus_audio_pack,normalized,reference,ima,default,70974,44100,70974,44100,1,36924,7,1.6093877551020408,183.54308901851383,0.781038461,0.8000353843,0.80353938406,0.556944444,0.561959444,0.562067444,2889.6737770527807,ecff15f19e4ef66eb68c352b7bfd02f9d1a9151be6f75f01731134e101a8aa17,bea4af1035dfb6e83c0482191ce8d83b2204d8a444ccbc99cebcc8f8811c74e2,ea0547b4136d3991,02e3170724125da4,,,,,31.87337731796052,32.1792064332722,12.566962905824763,False,70974,70974,70974,4270.0
oculus_audio_pack/voice_horse_neigh_01.wav,oculus_audio_pack,legacy_import,baseline,rgs,high,77251,48000,70975,44100,1,28740,7,1.6093958333333334,142.86106328720663,5.05005,5.1193349996,5.12894699912,0.51692,0.5330597371,0.53710878982,3113.4330908715724,81484d0421013347bc1cfcebb50d8df49801f2f041c1d5a98a40a9b2dbd44589,52f2ff48349ed1b88ee1e85e412dcd3b58d548b478fb39341395f9911a7e02b5,a8c0a4505ce7c5a0,a16e70b0fb7057ad,48,40960,0.026889785,0.536821053,24.03171693328642,24.499699261522327,11.53582272586243,False,70974,70974,70975,2989.0
oculus_audio_pack/voice_horse_neigh_01.wav,oculus_audio_pack,legacy_import,baseline,rgs,medium,77251,48000,70975,44100,1,21926,7,1.6093958333333334,108.98996776740753,14.113600001,14.2193199994,14.23698399988,0.562566667,0.5763649997,0.57901966634,2860.8090875980274,8f8739fa7eec7904e639f4b3e01154655700762a7ccd9a283840d8cdac6a8000,c4f5050471f6634c29d67a5bd2bbbcb510c578d18e341f4adc1fb4c2e7dcd8e6,83087fada19fd20f,454464b5563803f2,48,40960,0.027745429,0.568,23.473452661610708,23.828685559816932,13.020674320924362,False,70974,70974,70975,3027.0
oculus_audio_pack/voice_horse_neigh_01.wav,oculus_audio_pack,legacy_import,baseline,rgs,low,77251,48000,70975,44100,1,21642,7,1.6093958333333334,107.5782578866293,17.796599999,17.9401400017,17.95626800194,0.555089474,0.5664933329999999,0.5682453329999999,2899.3448961226986,e23fb06c79599d30907c7bbdb4725ff34f91b0a39fd5e925dbdd526312537df1,a59513b4cf9ccbfab77a46113a8fbee7f8d34b01221720633958106241ccfe4c,b9405775d2054839,ee9e3ec54ed86db4,48,40960,0.027594766,0.5712,23.411242767543357,23.815453688384032,13.115413159332252,False,70974,70974,70975,4342.0
oculus_audio_pack/voice_male_breathing_01.wav,oculus_audio_pack,normalized,baseline,rgs,high,478758,44100,478758,44100,1,193772,7,10.856190476190477,142.79189402579172,27.847000003,28.1212799979,28.14489599718,4.228766666,4.6708099998999995,4.79656199998,2567.2238110170715,19488a9ab8de2bdbd9146a55992b09e1c620531854b5ea488a04e227369979a9,9f953206a063c7a487121b5d0af3186e987050d7090add40aaf487b1c9102954,0d797d0dfea1da6b,187bc49cbe8b16b7,48,40960,0.034183276,4.288333333,26.375438339165388,25.48837777216274,9.041595790761093,False,478758,478758,478758,2319.0
oculus_audio_pack/voice_male_breathing_01.wav,oculus_audio_pack,normalized,candidate,rgs,high,478758,44100,478758,44100,1,193772,7,10.856190476190477,142.79189402579172,26.951099999,28.0492100004,28.30128200088,3.642999999,3.660276667,3.6605886670000003,2980.013856483802,19488a9ab8de2bdbd9146a55992b09e1c620531854b5ea488a04e227369979a9,9f953206a063c7a487121b5d0af3186e987050d7090add40aaf487b1c9102954,0d797d0dfea1da6b,187bc49cbe8b16b7,48,40960,0.022877397,3.656366666,26.375438339165388,25.48837777216274,9.041595790761093,False,478758,478758,478758,2319.0
oculus_audio_pack/voice_male_breathing_01.wav,oculus_audio_pack,normalized,baseline,rgs,medium,478758,44100,478758,44100,1,149184,7,10.856190476190477,109.93469602596717,84.010600001,84.2706300016,84.28164600112,4.311266667,4.461336666499999,4.4904806669,2518.0976531300416,61a4adc822f58204dad883e82170ac4ab96902959fa23bd00ed4c2d8d0496fe3,e4463358539d428bd56eca4202c908b1c3a987f93a7f8eeecca6d5d237d9b605,d6d39db6ceb75358,d1140bf3891e62ce,48,40960,0.033737374,4.356133334,21.58571544756247,18.770278985783353,11.253643570805705,False,478758,478758,478758,2906.0
oculus_audio_pack/voice_male_breathing_01.wav,oculus_audio_pack,normalized,candidate,rgs,medium,478758,44100,478758,44100,1,149184,7,10.856190476190477,109.93469602596717,61.317000002,61.7562800021,61.80965600282,3.735266667,3.7871033337999997,3.79416733396,2906.4030614204275,61a4adc822f58204dad883e82170ac4ab96902959fa23bd00ed4c2d8d0496fe3,e4463358539d428bd56eca4202c908b1c3a987f93a7f8eeecca6d5d237d9b605,d6d39db6ceb75358,d1140bf3891e62ce,48,40960,0.02346534,3.7203,21.58571544756247,18.770278985783353,11.253643570805705,False,478758,478758,478758,2906.0
oculus_audio_pack/voice_male_breathing_01.wav,oculus_audio_pack,normalized,baseline,rgs,low,478758,44100,478758,44100,1,146172,7,10.856190476190477,107.71513290639528,91.3444,91.6262900014,91.63941800188,4.292866666,4.3192900008,4.32121800096,2528.890673957512,c6c337c73f676675af9a337c5d5d4e8d893c9e6005cb2ff567f8582754ee6954,4056751c74b20ac1cc2290e43fdd9267cfcb289e615c3ca04b00241991d2f940,6e5de56dff29f56b,fdd06f79415e8564,48,40960,0.03516386,4.274099999,18.41108347238055,18.336381489333323,11.505467075619444,False,478758,478758,478758,4270.0
oculus_audio_pack/voice_male_breathing_01.wav,oculus_audio_pack,normalized,candidate,rgs,low,478758,44100,478758,44100,1,146172,7,10.856190476190477,107.71513290639528,62.358899999,63.549810001299996,63.84028200106,3.7393,3.9949633337,4.08013933394,2903.2681186827685,c6c337c73f676675af9a337c5d5d4e8d893c9e6005cb2ff567f8582754ee6954,4056751c74b20ac1cc2290e43fdd9267cfcb289e615c3ca04b00241991d2f940,6e5de56dff29f56b,fdd06f79415e8564,48,40960,0.023263488,3.6525,18.41108347238055,18.336381489333323,11.505467075619444,False,478758,478758,478758,4270.0
oculus_audio_pack/voice_male_breathing_01.wav,oculus_audio_pack,normalized,reference,pcm,default,478758,44100,478758,44100,1,957560,7,10.856190476190477,705.632423896833,0.039349412,0.041080108799999994,0.04133734416,0.03893463,0.048232222899999996,0.05037644457999999,278831.22238969465,027431db774b532b7da784d0bfeaf518a165483fe7797da50498e9e3685e71a3,027431db774b532b7da784d0bfeaf518a165483fe7797da50498e9e3685e71a3,b1d9fec3b2bc7c1c,2ef129c962ae067a,,,,,,60.0,0.0,True,478758,478758,478758,0.0
oculus_audio_pack/voice_male_breathing_01.wav,oculus_audio_pack,normalized,reference,qoa,default,478758,44100,478758,44100,1,193768,7,10.856190476190477,142.7889463988069,16.589499999,16.8186300005,16.8224460017,1.1232,1.1973844439999999,1.2128191104,9665.411748745082,b00c92503951df2256902d4da1c1d288a18bc29cabc1feb0e78d8e7f0e2c0f7d,9f953206a063c7a487121b5d0af3186e987050d7090add40aaf487b1c9102954,84bc8e6b1940fdcd,187bc49cbe8b16b7,268,40960,0.012119249,,26.375438339165388,25.48837777216274,9.041595790761093,False,478758,478758,478758,2319.0
oculus_audio_pack/voice_male_breathing_01.wav,oculus_audio_pack,normalized,reference,ima,default,478758,44100,478758,44100,1,241724,7,10.856190476190477,178.12804631985261,5.50145,5.5837000002999995,5.60830000006,3.755066667,3.8308466671,3.8387026670199997,2891.077959173415,9c367b7156a576419a18f1f32fb852af71d9ea9ec42369d4e65546a24209241e,77dc6ced178a5ac7d1977a205c4ddfcc28ee6ce28620019a1d20db8d7527f34d,717f4e94c72bd4b1,30ff84c6c4cd3064,,,,,25.24958583656486,26.50352459529914,8.998676618256233,False,478758,478758,478758,4784.0
oculus_audio_pack/voice_male_breathing_01.wav,oculus_audio_pack,legacy_import,baseline,rgs,high,521097,48000,478758,44100,1,193772,7,10.8561875,142.7919331717511,37.795500003,39.0508700003,39.40489400006,3.844433332,3.9247099998,3.93014199996,2823.8719630370742,dd16442f9cb9323c52219fc10ed83e664ff4573b0f5b96796fa40e05fc159c2c,29001b64378c16ac5ddfd0419c1591e9f88345fdfb23d9c384f127f3433a8b03,2d1246930fb70e95,67fee0963ed44b2e,48,40960,0.028993333,3.862566667,14.009431521382423,15.518819696258593,11.138183438116808,False,478758,478758,478758,6695.0
oculus_audio_pack/voice_male_breathing_01.wav,oculus_audio_pack,legacy_import,baseline,rgs,medium,521097,48000,478758,44100,1,146876,7,10.8561875,108.23394492771979,76.817299999,77.98677000069999,78.31799400093999,4.032333333,4.4176666669,4.54286666698,2692.2842442500028,8ce3704210a88ad6d9aadfa753ec979271eb676713598f231e758d6fd7bb7166,eb5adff5b958e3eb1b5fba9e4e5c3abe6a6501946585157b6826b6a0b7a347ad,954e1084c3fc3d89,0b1ea51c604f6f5c,48,40960,0.031750949,4.016733333,13.710588627851735,14.916221300242883,11.418749629534354,False,478758,478758,478758,7525.0
oculus_audio_pack/voice_male_breathing_01.wav,oculus_audio_pack,legacy_import,baseline,rgs,low,521097,48000,478758,44100,1,145896,7,10.8561875,107.51177611845779,84.580800001,84.8374800017,84.91053600194,3.984066666,4.0838100008,4.10124200096,2724.901064695186,4fcf6c3a4f412f2d3795d403133376f10aaf3bea19afe7958262ddb7fa1a9a16,f7d4715da567c3075c153bc26b13a6035bd97e3677ecda1c37cc79923b24410a,ab6539f7cf98867b,4c2de88363f869ae,48,40960,0.03087284,4.015533333,13.63435625645937,14.908980431432784,11.395257849888175,False,478758,478758,478758,7563.0
oculus_audio_pack/voice_male_scream_01.wav,oculus_audio_pack,normalized,baseline,rgs,high,46245,44100,46245,44100,1,18756,7,1.0486394557823129,143.0882646772624,3.553266667,3.692403333,3.6972273330000003,0.336436667,0.3408806668,0.34166146696,3116.9000249973133,478c56417f704756a22d77a8cb2f14582c919ade00960469380b882c18ad9274,d8bf0ae39160d637bfc49e488e9267af16cdd10a2bc942b48e64f3cf7b1b4244,4c13f9bc320b42e6,bfb6973c6a6f5d75,48,40960,0.027397808,0.35367931,34.74063333847076,33.801585724258516,10.381453900198572,False,46245,46245,46245,1246.0
oculus_audio_pack/voice_male_scream_01.wav,oculus_audio_pack,normalized,candidate,rgs,high,46245,44100,46245,44100,1,18756,7,1.0486394557823129,143.0882646772624,3.477100001,3.5300799991,3.53049599902,0.29028,0.293077714,0.293740114,3612.510182521403,478c56417f704756a22d77a8cb2f14582c919ade00960469380b882c18ad9274,d8bf0ae39160d637bfc49e488e9267af16cdd10a2bc942b48e64f3cf7b1b4244,4c13f9bc320b42e6,bfb6973c6a6f5d75,48,40960,0.023401168,0.294129412,34.74063333847076,33.801585724258516,10.381453900198572,False,46245,46245,46245,1246.0
oculus_audio_pack/voice_male_scream_01.wav,oculus_audio_pack,normalized,baseline,rgs,medium,46245,44100,46245,44100,1,14748,7,1.0486394557823129,112.51150178397666,7.9132,8.049340000399999,8.08022800088,0.352051724,0.36306428609999997,0.36507000042,2978.651670463948,e42cf9a5dd1905b243549f02b5a405240c3c2c48deb16d93be89175efa0d0be5,d6e4ae572cda6665ff7d01113cc40c2476d3b6682211015a9dff0249f371a24c,e860cc4aa347d53f,c9bfa680c873cb96,48,40960,0.026977628,0.362321429,27.765589289316274,26.995490664157213,12.71127686607081,False,46245,46245,46245,2163.0
oculus_audio_pack/voice_male_scream_01.wav,oculus_audio_pack,normalized,candidate,rgs,medium,46245,44100,46245,44100,1,14748,7,1.0486394557823129,112.51150178397666,7.7818,7.8953999999999995,7.91208,0.301455882,0.30234558840000003,0.30249029448000003,3478.5834956184826,e42cf9a5dd1905b243549f02b5a405240c3c2c48deb16d93be89175efa0d0be5,d6e4ae572cda6665ff7d01113cc40c2476d3b6682211015a9dff0249f371a24c,e860cc4aa347d53f,c9bfa680c873cb96,48,40960,0.02371872,0.292802857,27.765589289316274,26.995490664157213,12.71127686607081,False,46245,46245,46245,2163.0
oculus_audio_pack/voice_male_scream_01.wav,oculus_audio_pack,normalized,baseline,rgs,low,46245,44100,46245,44100,1,14130,7,1.0486394557823129,107.79682127797601,12.050899997,12.3424400018,12.38040800276,0.34328,0.35880974169999996,0.36195909154,3054.7642035140784,623d941cceb83722a080fb2df09d3d3c4399c8d38ef872bddf7fc307db8cb2a0,707f62471140f52209efe605671d08aa8052fc954dc89c1a8f87b4a58fec4b65,620bff88a1f5746d,d2ac241fb6f8d588,48,40960,0.027549036,0.348889655,26.32350200205766,25.883159660715325,13.471988536530876,False,46245,46245,46245,2681.0
oculus_audio_pack/voice_male_scream_01.wav,oculus_audio_pack,normalized,candidate,rgs,low,46245,44100,46245,44100,1,14130,7,1.0486394557823129,107.79682127797601,7.913099999,8.5508700007,8.65169400094,0.285261111,0.29007885699999997,0.291106057,3676.06875015751,623d941cceb83722a080fb2df09d3d3c4399c8d38ef872bddf7fc307db8cb2a0,707f62471140f52209efe605671d08aa8052fc954dc89c1a8f87b4a58fec4b65,620bff88a1f5746d,d2ac241fb6f8d588,48,40960,0.02304447,0.279530556,26.32350200205766,25.883159660715325,13.471988536530876,False,46245,46245,46245,2681.0
oculus_audio_pack/voice_male_scream_01.wav,oculus_audio_pack,normalized,reference,pcm,default,46245,44100,46245,44100,1,92534,7,1.0486394557823129,705.9356730457348,0.002199252,0.0022950747,0.00230299734,0.002619063,0.0027119987,0.0027357109400000003,400387.2590244346,53a518deeca163c816126ade632a1d18898767834b978e9a6c058f3159433388,53a518deeca163c816126ade632a1d18898767834b978e9a6c058f3159433388,934c6234e1cea0da,b0eaa133fca5eee4,,,,,,60.0,0.0,True,46245,46245,46245,0.0
oculus_audio_pack/voice_male_scream_01.wav,oculus_audio_pack,normalized,reference,qoa,default,46245,44100,46245,44100,1,18752,7,1.0486394557823129,143.057748945832,2.19162,2.254374,2.2717548,0.108262366,0.11176102069999999,0.11248703534,9686.094018879217,889b70677e4117f6b570798b0ac7dc8f09c8ffe002505e0fa6fd96fdd549343c,d8bf0ae39160d637bfc49e488e9267af16cdd10a2bc942b48e64f3cf7b1b4244,e013f2db9c6a91e7,bfb6973c6a6f5d75,268,40960,0.012453856,,34.74063333847076,33.801585724258516,10.381453900198572,False,46245,46245,46245,1246.0
oculus_audio_pack/voice_male_scream_01.wav,oculus_audio_pack,normalized,reference,ima,default,46245,44100,46245,44100,1,24636,7,1.0486394557823129,187.946389879987,0.502295,0.5245690265,0.5269601213,0.348624138,0.3637151725,0.36611446329999997,3007.9370344181757,7a4bcc010849322d078256bcccd20507f2f809402ce53704f068c65f32d1ccf9,bdc6d806acd4df56c5cadfd1159d7ff5362c8a7360f75831b8fd9c5a2e35fc3b,e288e2ed7316ef90,f3b9f9ac44ed0730,,,,,32.54407832877215,32.976839366817586,11.05741841742722,False,46245,46245,46245,2362.0
oculus_audio_pack/voice_male_scream_01.wav,oculus_audio_pack,legacy_import,baseline,rgs,high,50335,48000,46246,44100,1,18756,7,1.0486458333333333,143.08739445713718,3.150625,3.2549900007,3.2640980009400002,0.315134375,0.3186809375,0.3194961875,3327.6148732848746,4632fe1a89d689d926a8073e3ede34e6cd8894e588b562bd6b96da5ec45f6128,ff98cadaabbd4ef85df72f53d704dda326b3bfad5c65ba07dd9d31f36cdc35bc,36c32170a87ff82a,098492b4f6559fb2,48,40960,0.026558886,0.331687097,25.16368095377233,24.866160566037653,12.148739952733534,False,46245,46245,46246,2387.0
oculus_audio_pack/voice_male_scream_01.wav,oculus_audio_pack,legacy_import,baseline,rgs,medium,50335,48000,46246,44100,1,14316,7,1.0486458333333333,109.21513857157048,8.494900001,8.6652599993,8.66917199906,0.34096,0.4539824483999999,0.49085248967999995,3075.5684928828405,021793ad022e48741e1df5df39e6f6a36c43362ff2cb966a53d3fb6125ecb562,0997046f2183140ee469993c7c98cb81dbc55f3dc45b81a7abdd98b2590c1918,958f7ba01dfbe040,caf2a34188c10639,48,40960,0.027440548,0.348462069,24.545912260313564,24.107919894532564,12.269529334803613,False,46245,46245,46246,2958.0
oculus_audio_pack/voice_male_scream_01.wav,oculus_audio_pack,legacy_import,baseline,rgs,low,50335,48000,46246,44100,1,14130,7,1.0486458333333333,107.79616568987782,10.7546,11.2633600007,11.29955200094,0.340203333,0.3457458623,0.34579469006,3082.409052510174,544b5af458d65c73f98406451df21dcb657660ebfc253eb5d90f091beba4be81,ec2ad0dfc57f57842e779a5426f19567ebf62b48cac79cbc767574be810e413f,f4730f15bf29398d,b0ec8c9e5ae07dd9,48,40960,0.02732459,0.340933333,24.486311175916015,24.04175521092909,12.328953585034927,False,46245,46245,46246,2758.0
sqam/01_sine_wave_1khz_20db_10db_0db_mono.wav,sqam,normalized,baseline,rgs,high,4498200,44100,4498200,44100,2,3633732,7,102.0,284.9985882352941,301.744399998,320.6848699989,324.45025399818,52.4472,56.658520001,56.903224001,1944.8130691438246,88c7bc4225f385bb2bb9c74e57f3183353ee2b05e570c6b779edb8cda994aacb,ed1e519443d421dadda13ee73e2c45caaa124029297d91e1f645005d3801d3c2,0af99ea251aa7cf3,f5938e8ddbb80da3,48,81920,0.046049541,52.561499998,73.99116030058917,59.909842572190485,12.122536166726674,False,4498200,4498200,4498200,318.0
sqam/01_sine_wave_1khz_20db_10db_0db_mono.wav,sqam,normalized,candidate,rgs,high,4498200,44100,4498200,44100,2,3633732,7,102.0,284.9985882352941,299.848499998,312.0698500003,312.76501000006,46.028700002,48.8291499997,48.85350999994,2216.0087075143983,88c7bc4225f385bb2bb9c74e57f3183353ee2b05e570c6b779edb8cda994aacb,ed1e519443d421dadda13ee73e2c45caaa124029297d91e1f645005d3801d3c2,0af99ea251aa7cf3,f5938e8ddbb80da3,48,81920,0.04297897,45.4001,73.99116030058917,59.909842572190485,12.122536166726674,False,4498200,4498200,4498200,318.0
sqam/01_sine_wave_1khz_20db_10db_0db_mono.wav,sqam,normalized,baseline,rgs,medium,4498200,44100,4498200,44100,2,2734936,7,102.0,214.50478431372548,803.783199999,841.5860999987,842.3728199989399,58.939000003,61.879159998999995,61.972951998999996,1730.6028265631958,4266aada5b02e41621913b87b6d19026706eb665ccbb471f67065bfe136d84aa,fc4e2d48fe2fc9ca3d371b34bd55d9d7dac984d687a976753d3dfff0bf2d7f27,58d2614b48e99b6d,d0d9aac5c9ed9441,48,81920,0.045545,59.186899997,56.23700511884826,56.54803849146949,25.240469882497436,False,4498200,4498200,4498200,1668.0
sqam/01_sine_wave_1khz_20db_10db_0db_mono.wav,sqam,normalized,candidate,rgs,medium,4498200,44100,4498200,44100,2,2734936,7,102.0,214.50478431372548,523.005899999,558.202130001,561.209306001,50.0339,55.5854400015,56.6436480027,2038.6178171199924,4266aada5b02e41621913b87b6d19026706eb665ccbb471f67065bfe136d84aa,fc4e2d48fe2fc9ca3d371b34bd55d9d7dac984d687a976753d3dfff0bf2d7f27,58d2614b48e99b6d,d0d9aac5c9ed9441,48,81920,0.04112582,49.334800001,56.23700511884826,56.54803849146949,25.240469882497436,False,4498200,4498200,4498200,1668.0
sqam/01_sine_wave_1khz_20db_10db_0db_mono.wav,sqam,normalized,baseline,rgs,low,4498200,44100,4498200,44100,2,2734248,7,102.0,214.45082352941176,818.1778,855.314559999,861.445071999,58.976500001,60.873039999,61.138287999,1729.502428904233,0ec8c00b91acc5cf70ce1f5a1a0180ed885cbfdd494cb52a1983e85add2f0767,055730aab79cc7bcb9ee6946d32e5a36aa90f98e27ccbc715afeb1663aee569d,f5d6f688fa5220d8,53ec3f6a15c09919,48,81920,0.044573333,58.671600003,54.87011742666404,56.24409717866559,26.049871103170553,False,4498200,4498200,4498200,2654.0
sqam/01_sine_wave_1khz_20db_10db_0db_mono.wav,sqam,normalized,candidate,rgs,low,4498200,44100,4498200,44100,2,2734248,7,102.0,214.45082352941176,538.550799999,585.7828700017,593.84665400194,49.606599998,53.3920799986,53.67129599812,2056.1780086543395,0ec8c00b91acc5cf70ce1f5a1a0180ed885cbfdd494cb52a1983e85add2f0767,055730aab79cc7bcb9ee6946d32e5a36aa90f98e27ccbc715afeb1663aee569d,f5d6f688fa5220d8,53ec3f6a15c09919,48,81920,0.041613693,49.348000001,54.87011742666404,56.24409717866559,26.049871103170553,False,4498200,4498200,4498200,2654.0
sqam/01_sine_wave_1khz_20db_10db_0db_mono.wav,sqam,normalized,reference,pcm,default,4498200,44100,4498200,44100,2,17992844,7,102.0,1411.203450980392,0.65570625,0.9582830768999997,1.0134166153799997,0.694726667,0.9248065905,0.9449031357,146820.33214654188,3218d0cc48785273016ab70147803316538f291caf9f1802760376ca1bc87a5d,3218d0cc48785273016ab70147803316538f291caf9f1802760376ca1bc87a5d,cd04777fdc35b4ba,f77fcde055bd1f31,,,,,,60.0,0.0,True,4498200,4498200,4498200,0.0
sqam/01_sine_wave_1khz_20db_10db_0db_mono.wav,sqam,normalized,reference,qoa,default,4498200,44100,4498200,44100,2,3633728,7,102.0,284.99827450980393,210.453399997,222.8013400011,226.10666800182,26.672799997,34.7190199994,37.18132399987999,3824.1204527260866,fa76eebf280a483d6555e5f00279cb3971a6c7a8170514039b868e9143a6af9a,ed1e519443d421dadda13ee73e2c45caaa124029297d91e1f645005d3801d3c2,9e90f23385a958a1,f5938e8ddbb80da3,268,81920,0.030296677,,73.99116030058917,59.909842572190485,12.122536166726674,False,4498200,4498200,4498200,318.0
sqam/01_sine_wave_1khz_20db_10db_0db_mono.wav,sqam,normalized,reference,ima,default,4498200,44100,4498200,44100,2,4513852,7,102.0,354.0276078431372,44.741,49.100219999000004,49.114523999,24.606199998,28.986900001,29.447940001,4145.2967141732815,b2506fe09cdb7a0329d1c46868734ca63228e5ac31c592e893d84f5dbedc0ca3,e9ce2d70bb5f819bd36ae6d24e0d03bcc1cc56766b9d8693880ff2694460bc48,839ccc4dd0a3c32b,1fdafabcafad8905,,,,,38.59430734936778,38.49868159271867,42.816765802808604,False,4498200,4498200,4498200,718.0
sqam/02_band_limited_pink_noise_stereo.wav,sqam,normalized,baseline,rgs,high,2160900,44100,2160900,44100,2,1745652,7,49.0,285.00440816326534,167.830200002,180.4777900017,182.01323800194,35.804499999,41.22421,41.267722,1368.543060268082,a2ff370304dd9569d55aafa83f9779769765bf2cd20efcc6387e759675d6cfa5,d0f7d73540653782b8076973590a85bb18e9caff6a3cc6c278b9b32dd7da2b8a,8c13127cb7326b66,aaafc3cc42e40936,48,81920,0.045689498,35.6611,20.141201819888334,19.937709369378457,7.425985099480576,False,2160900,2160900,2160900,110.0
sqam/02_band_limited_pink_noise_stereo.wav,sqam,normalized,candidate,rgs,high,2160900,44100,2160900,44100,2,1745652,7,49.0,285.00440816326534,165.531399999,177.46027000109999,178.54917400181998,31.735100001,33.6652899987,34.129137998939996,1544.031687262872,a2ff370304dd9569d55aafa83f9779769765bf2cd20efcc6387e759675d6cfa5,d0f7d73540653782b8076973590a85bb18e9caff6a3cc6c278b9b32dd7da2b8a,8c13127cb7326b66,aaafc3cc42e40936,48,81920,0.043078112,31.6019,20.141201819888334,19.937709369378457,7.425985099480576,False,2160900,2160900,2160900,110.0
sqam/02_band_limited_pink_noise_stereo.wav,sqam,normalized,baseline,rgs,medium,2160900,44100,2160900,44100,2,1313472,7,49.0,214.4444081632653,547.4342,572.78828,577.033016,35.824000001,37.737889999,38.161417999,1367.7981241243915,bfd6ec6ef488c6b3bc407d5e8c91c244f31da4a2b93beb7c714b872dcbf066ba,910dfe64a3cf75cf5de888aede0dde089e2376e1bffeaafc72b4559e3cf0aea0,5cf8a7ce9f919283,33da03a04633e85b,48,81920,0.045268778,35.789299998,13.379107441347378,13.256103725936862,8.994091965226678,False,2160900,2160900,2160900,232.0
sqam/02_band_limited_pink_noise_stereo.wav,sqam,normalized,candidate,rgs,medium,2160900,44100,2160900,44100,2,1313472,7,49.0,214.4444081632653,357.080600001,364.7737599997,366.19787199994,31.6195,31.9767699993,31.980873999059998,1549.676623602524,bfd6ec6ef488c6b3bc407d5e8c91c244f31da4a2b93beb7c714b872dcbf066ba,910dfe64a3cf75cf5de888aede0dde089e2376e1bffeaafc72b4559e3cf0aea0,5cf8a7ce9f919283,33da03a04633e85b,48,81920,0.0417725,31.853700001,13.379107441347378,13.256103725936862,8.994091965226678,False,2160900,2160900,2160900,232.0
sqam/02_band_limited_pink_noise_stereo.wav,sqam,normalized,baseline,rgs,low,2160900,44100,2160900,44100,2,1313472,7,49.0,214.4444081632653,550.880700003,554.4342900003,555.15517800006,35.0594,36.203299998700004,36.23305999894,1397.6280255794454,bfd6ec6ef488c6b3bc407d5e8c91c244f31da4a2b93beb7c714b872dcbf066ba,910dfe64a3cf75cf5de888aede0dde089e2376e1bffeaafc72b4559e3cf0aea0,5cf8a7ce9f919283,33da03a04633e85b,48,81920,0.043575217,35.604899999,13.379107441347378,13.256103725936862,8.994091965226678,False,2160900,2160900,2160900,232.0
sqam/02_band_limited_pink_noise_stereo.wav,sqam,normalized,candidate,rgs,low,2160900,44100,2160900,44100,2,1313472,7,49.0,214.4444081632653,354.0977,364.5135899983,367.42711799806,31.837400001,34.6439199986,35.480463998119994,1539.070401429166,bfd6ec6ef488c6b3bc407d5e8c91c244f31da4a2b93beb7c714b872dcbf066ba,910dfe64a3cf75cf5de888aede0dde089e2376e1bffeaafc72b4559e3cf0aea0,5cf8a7ce9f919283,33da03a04633e85b,48,81920,0.040868571,31.881099999,13.379107441347378,13.256103725936862,8.994091965226678,False,2160900,2160900,2160900,232.0
sqam/02_band_limited_pink_noise_stereo.wav,sqam,normalized,reference,pcm,default,2160900,44100,2160900,44100,2,8643644,7,49.0,1411.2071836734694,0.25914359,0.28250875649999996,0.28549832249999996,0.265502632,0.3067879375,0.3134900875,184555.6092265029,7087217825f05c37050da91dec467b1b9f2777ef04c1167801d03b73215fa4e7,7087217825f05c37050da91dec467b1b9f2777ef04c1167801d03b73215fa4e7,54a9462cd7e2d019,f1b9b29228fffcfe,,,,,,60.0,0.0,True,2160900,2160900,2160900,0.0
sqam/02_band_limited_pink_noise_stereo.wav,sqam,normalized,reference,qoa,default,2160900,44100,2160900,44100,2,1745648,7,49.0,285.0037551020408,105.1523,106.6296799997,106.70585599994,13.018600002,13.3295199986,13.350303998120001,3763.845574214763,d5340fed99a26d1c67df2dbd3c97821293f62ea975d37826e45ab2635e14d965,d0f7d73540653782b8076973590a85bb18e9caff6a3cc6c278b9b32dd7da2b8a,fadf192f32fcd129,aaafc3cc42e40936,268,81920,0.029726409,,20.141201819888334,19.937709369378457,7.425985099480576,False,2160900,2160900,2160900,110.0
sqam/02_band_limited_pink_noise_stereo.wav,sqam,normalized,reference,ima,default,2160900,44100,2160900,44100,2,2168892,7,49.0,354.10481632653057,43.965299997,44.888339998300005,44.92054799806,30.120299999,30.394529999099998,30.444905999819998,1626.809825985359,fa6cb354846d4050507a8129b212c2542203c93a1da19b5f51c588452f65a0cd,3e6669ddb8c7f49a1179b84e000e97c6ff8b8d02c6a47712b32acb72e43d907f,6f23e070614d4088,fa848f7221281216,,,,,21.46003765577904,21.405244184437084,6.661023849219644,False,2160900,2160900,2160900,218.0
sqam/03_electronic_gong_100hz_mono.wav,sqam,normalized,baseline,rgs,high,1190700,44100,1190700,44100,2,961892,7,27.0,285.005037037037,52.215,52.9207800033,53.03463600306,11.906300001,12.093400000299999,12.106840002459998,2267.707012063554,27bc7e9bb98080c795cc8ccfd757ee93792a6d7c93b9d62874d652798fda0b7c,0a134f9c28194bde282e45deeec69688b74e3cf21f0de4420afd57b77d17c03a,0a5f32466913b0b1,67a029d1846c5321,48,81920,0.04529095,11.899000004,73.55051111913367,50.93947393258778,9.863427125107926,False,1190700,1190700,1190700,67.0
sqam/03_electronic_gong_100hz_mono.wav,sqam,normalized,candidate,rgs,high,1190700,44100,1190700,44100,2,961892,7,27.0,285.005037037037,51.529300004,52.1944999984,52.28161999888,10.5977,10.886020003,10.934404003000001,2547.7226190588526,27bc7e9bb98080c795cc8ccfd757ee93792a6d7c93b9d62874d652798fda0b7c,0a134f9c28194bde282e45deeec69688b74e3cf21f0de4420afd57b77d17c03a,0a5f32466913b0b1,67a029d1846c5321,48,81920,0.042207173,10.583799995,73.55051111913367,50.93947393258778,9.863427125107926,False,1190700,1190700,1190700,67.0
sqam/03_electronic_gong_100hz_mono.wav,sqam,normalized,baseline,rgs,medium,1190700,44100,1190700,44100,2,723752,7,27.0,214.44503703703705,135.505299997,136.2106500047,136.23285000494,12.151700005,12.2206000041,12.22180000482,2221.9113365940934,c2d27d5ae9aa5c126c1e0e26376b9029316c5079d9d63d33cda372fbd4f50ad8,516e3150fb1b1c1f6256d1b98630924b5179e129dde03cf0c34a3c7559e0a4ce,796069f0dbf534f8,df0a4bea14da60e9,48,81920,0.044553778,11.981899999,61.85691274258649,49.25132419800749,15.136296101935757,False,1190700,1190700,1190700,526.0
sqam/03_electronic_gong_100hz_mono.wav,sqam,normalized,candidate,rgs,medium,1190700,44100,1190700,44100,2,723752,7,27.0,214.44503703703705,94.527899999,95.8946999968,96.15101999776,10.722899996,11.081959996499998,11.1457519953,2517.9755485989704,c2d27d5ae9aa5c126c1e0e26376b9029316c5079d9d63d33cda372fbd4f50ad8,516e3150fb1b1c1f6256d1b98630924b5179e129dde03cf0c34a3c7559e0a4ce,796069f0dbf534f8,df0a4bea14da60e9,48,81920,0.041535685,10.844799995,61.85691274258649,49.25132419800749,15.136296101935757,False,1190700,1190700,1190700,526.0
sqam/03_electronic_gong_100hz_mono.wav,sqam,normalized,baseline,rgs,low,1190700,44100,1190700,44100,2,723752,7,27.0,214.44503703703705,133.8046,137.29761000119998,138.16480200024,11.9551,13.338909998299998,13.73354199806,2258.4503684619954,c2d27d5ae9aa5c126c1e0e26376b9029316c5079d9d63d33cda372fbd4f50ad8,516e3150fb1b1c1f6256d1b98630924b5179e129dde03cf0c34a3c7559e0a4ce,796069f0dbf534f8,df0a4bea14da60e9,48,81920,0.044277434,11.945299998,61.85691274258649,49.25132419800749,15.136296101935757,False,1190700,1190700,1190700,526.0
sqam/03_electronic_gong_100hz_mono.wav,sqam,normalized,candidate,rgs,low,1190700,44100,1190700,44100,2,723752,7,27.0,214.44503703703705,93.064099997,95.3596699997,95.79553399993999,10.580199998,10.9066399969,10.919167996179999,2551.9366368408796,c2d27d5ae9aa5c126c1e0e26376b9029316c5079d9d63d33cda372fbd4f50ad8,516e3150fb1b1c1f6256d1b98630924b5179e129dde03cf0c34a3c7559e0a4ce,796069f0dbf534f8,df0a4bea14da60e9,48,81920,0.040460887,10.455499999,61.85691274258649,49.25132419800749,15.136296101935757,False,1190700,1190700,1190700,526.0
sqam/03_electronic_gong_100hz_mono.wav,sqam,normalized,reference,pcm,default,1190700,44100,1190700,44100,2,4762844,7,27.0,1411.213037037037,0.139179167,0.151005949,0.1517466442,0.139115278,0.1541399593,0.15666049185999997,194083.64335080434,ed3b7ee95e702985e2998994b5c82c5f93dc5d916aa847a5f3d88e7fccb6ad0c,ed3b7ee95e702985e2998994b5c82c5f93dc5d916aa847a5f3d88e7fccb6ad0c,7e20dec8723f2dbe,292b97ecfe924b45,,,,,,60.0,0.0,True,1190700,1190700,1190700,0.0
sqam/03_electronic_gong_100hz_mono.wav,sqam,normalized,reference,qoa,default,1190700,44100,1190700,44100,2,961888,7,27.0,285.00385185185183,38.478799999,39.586130002800004,39.794186003760004,7.019850001,8.0045299989,8.232865998180001,3846.236030136508,e5e31dc95fee8e013bf39b023417c2f74c545be85b720b270b5b2c2e7f7af3d5,0a134f9c28194bde282e45deeec69688b74e3cf21f0de4420afd57b77d17c03a,b805d746be33ac4f,67a029d1846c5321,268,81920,0.030521646,,73.55051111913367,50.93947393258778,9.863427125107926,False,1190700,1190700,1190700,67.0
sqam/03_electronic_gong_100hz_mono.wav,sqam,normalized,reference,ima,default,1190700,44100,1190700,44100,2,1196092,7,27.0,354.3976296296296,10.2949,10.6882000015,10.6906000027,6.876350001,7.1849399984,7.22938799888,3926.5017045487066,e7dcda021c40e81182792ec00d7649e85f724efdb4ee8edb3244d19430fc5940,fe8367d0732a11b12d1a5b62e30993c01d54d7f340f8e3b2e826b0cba9880950,5b22ce97a416ca0d,504c6a8ad02fb511,,,,,58.726180582869645,56.95116776842652,17.434331917310455,False,1190700,1190700,1190700,68.0
sqam/04_electronic_gong_400hz_mono.wav,sqam,normalized,baseline,rgs,high,1190700,44100,1190700,44100,2,961892,7,27.0,285.005037037037,54.7513,56.6498200014,57.13428400188,12.994199999,13.1625400004,13.190668000879999,2077.850117904746,d81117b27a07b098829a928c6026c1fbc3d1aeb0024e4c505e0e4dc9e3394e60,0ebb92ef1444652b451f42f7da1a3717fe5d3823cbcc997b565c124528e6376b,06524b4349bc309c,75acfa1648e917ae,48,81920,0.046146083,13.0251,73.23973039028621,50.90743865785747,9.714643230748052,False,1190700,1190700,1190700,86.0
sqam/04_electronic_gong_400hz_mono.wav,sqam,normalized,candidate,rgs,high,1190700,44100,1190700,44100,2,961892,7,27.0,285.005037037037,54.564300001,54.857330004699996,54.87170600494,11.434100002,11.6577899993,11.67235799906,2361.357692802869,d81117b27a07b098829a928c6026c1fbc3d1aeb0024e4c505e0e4dc9e3394e60,0ebb92ef1444652b451f42f7da1a3717fe5d3823cbcc997b565c124528e6376b,06524b4349bc309c,75acfa1648e917ae,48,81920,0.043422944,11.4208,73.23973039028621,50.90743865785747,9.714643230748052,False,1190700,1190700,1190700,86.0
sqam/04_electronic_gong_400hz_mono.wav,sqam,normalized,baseline,rgs,medium,1190700,44100,1190700,44100,2,723752,7,27.0,214.44503703703705,138.699299999,156.24827000119998,160.80085400264,12.8587,13.3040399991,13.39672799982,2099.7456974655292,e4830f7336a79c2cc9d697e12933c477d04ec58206f03265ed136130ed3f617c,6438fc0215808565af0c428838aae1f8f1da12246e13b792e6b42f65ec75f159,51b4ad97e15552bd,b0d5b0df656a6264,48,81920,0.044421681,12.8838,61.42867879741219,50.28923093783618,13.68133225670987,False,1190700,1190700,1190700,884.0
sqam/04_electronic_gong_400hz_mono.wav,sqam,normalized,candidate,rgs,medium,1190700,44100,1190700,44100,2,723752,7,27.0,214.44503703703705,96.354699999,98.2074899971,98.79421799782,11.406200007,12.0603500009,12.09623000018,2367.1336626948555,e4830f7336a79c2cc9d697e12933c477d04ec58206f03265ed136130ed3f617c,6438fc0215808565af0c428838aae1f8f1da12246e13b792e6b42f65ec75f159,51b4ad97e15552bd,b0d5b0df656a6264,48,81920,0.041203292,11.211999997,61.42867879741219,50.28923093783618,13.68133225670987,False,1190700,1190700,1190700,884.0
sqam/04_electronic_gong_400hz_mono.wav,sqam,normalized,baseline,rgs,low,1190700,44100,1190700,44100,2,723752,7,27.0,214.44503703703705,137.1426,138.6609199994,138.81514399748,12.814199999,13.0672900049,13.07633800418,2107.037505432024,e4830f7336a79c2cc9d697e12933c477d04ec58206f03265ed136130ed3f617c,6438fc0215808565af0c428838aae1f8f1da12246e13b792e6b42f65ec75f159,51b4ad97e15552bd,b0d5b0df656a6264,48,81920,0.045047748,12.785099998,61.42867879741219,50.28923093783618,13.68133225670987,False,1190700,1190700,1190700,884.0
sqam/04_electronic_gong_400hz_mono.wav,sqam,normalized,candidate,rgs,low,1190700,44100,1190700,44100,2,723752,7,27.0,214.44503703703705,97.030400001,98.26232,98.592944,11.257799998,11.4962199992,11.50740400064,2398.3371533333934,e4830f7336a79c2cc9d697e12933c477d04ec58206f03265ed136130ed3f617c,6438fc0215808565af0c428838aae1f8f1da12246e13b792e6b42f65ec75f159,51b4ad97e15552bd,b0d5b0df656a6264,48,81920,0.041319753,11.220600002,61.42867879741219,50.28923093783618,13.68133225670987,False,1190700,1190700,1190700,884.0
sqam/04_electronic_gong_400hz_mono.wav,sqam,normalized,reference,pcm,default,1190700,44100,1190700,44100,2,4762844,7,27.0,1411.213037037037,0.142267606,0.1576782258,0.16003596276,0.143624286,0.15102868109999998,0.15190876662,187990.490689019,422adcc7c5d14222eb661cbcfde91f7f424874bf274330a86b527696c8c9b460,422adcc7c5d14222eb661cbcfde91f7f424874bf274330a86b527696c8c9b460,cc21b74c2e520ce0,8ef5827afd4e7e27,,,,,,60.0,0.0,True,1190700,1190700,1190700,0.0
sqam/04_electronic_gong_400hz_mono.wav,sqam,normalized,reference,qoa,default,1190700,44100,1190700,44100,2,961888,7,27.0,285.00385185185183,40.116499998,64.71598000039997,72.93199600087998,7.2238,7.2572150008,7.257683001759999,3737.645006783134,a71edcc1b708fa305fc9c814de0037f69daf31bd1e5d18baaf9412eb71ada496,0ebb92ef1444652b451f42f7da1a3717fe5d3823cbcc997b565c124528e6376b,9c0e1cddb3624776,75acfa1648e917ae,268,81920,0.030704601,,73.23973039028621,50.90743865785747,9.714643230748052,False,1190700,1190700,1190700,86.0
sqam/04_electronic_gong_400hz_mono.wav,sqam,normalized,reference,ima,default,1190700,44100,1190700,44100,2,1196092,7,27.0,354.3976296296296,11.278099999,11.3719699996,11.38735399912,7.413999997,8.0636600017,8.13465200194,3641.7588361107737,8b5ac6bea650180fb4bb876c67d0154f9c26be871537e14b8c22dabea4cd8b68,d0b8f31270b1977ae89219f47a265928cf64f0fca0c2ebfa0e91d945cd069611,0c830806e622c96e,30d1077c30b33fab,,,,,46.66888652140592,46.102960241896724,24.595110013057283,False,1190700,1190700,1190700,284.0
sqam/05_electronic_gong_5khz_mono.wav,sqam,normalized,baseline,rgs,high,1234800,44100,1234800,44100,2,997532,7,28.0,285.0091428571428,59.370400004,61.0730000025,61.1526800013,14.1483,14.473320001400001,14.518344001880001,1979.0363506569693,d8fccbc824c2b287f0acc648870f9f6b11affd0dccd1d2472fcacfe92d16aa5e,aee3d097a6a3bcd18276beaaefb7156316fe234277862b10fa516f4de97c82c1,de2e0148aa629362,97646c0f3d332a93,48,81920,0.045001345,14.236199997,72.47534704926858,50.54159266151332,8.303448209802044,False,1234800,1234800,1234800,212.0
sqam/05_electronic_gong_5khz_mono.wav,sqam,normalized,candidate,rgs,high,1234800,44100,1234800,44100,2,997532,7,28.0,285.0091428571428,59.143400006,60.345929997599995,60.42078599712,12.976900004,13.4401800015,13.4937960027,2157.6801848954124,d8fccbc824c2b287f0acc648870f9f6b11affd0dccd1d2472fcacfe92d16aa5e,aee3d097a6a3bcd18276beaaefb7156316fe234277862b10fa516f4de97c82c1,de2e0148aa629362,97646c0f3d332a93,48,81920,0.043334199,13.177200004,72.47534704926858,50.54159266151332,8.303448209802044,False,1234800,1234800,1234800,212.0
sqam/05_electronic_gong_5khz_mono.wav,sqam,normalized,baseline,rgs,medium,1234800,44100,1234800,44100,2,752174,7,28.0,214.90685714285712,157.882999994,161.2242100007,161.45876200333998,15.693400003,16.152139999,16.180027999,1784.1895315640606,351e6335e300da701f4d3bcffc788b2d77b6dc5b73910bba02c235f1d28e847b,c0d60d8ae6638b5f6abc97aeb192b0313e242d0ca8b190bb8bd5653e760f5418,e305c42659787f39,299fdbd0377d6817,48,81920,0.044556,16.417800002,48.68439251932591,47.67142177850346,16.267586339830753,False,1234800,1234800,1234800,1571.0
sqam/05_electronic_gong_5khz_mono.wav,sqam,normalized,candidate,rgs,medium,1234800,44100,1234800,44100,2,752174,7,28.0,214.90685714285712,114.6338,117.59485999969999,118.24113199994,14.406500004,14.734229999399998,14.82876599748,1943.5671392930783,351e6335e300da701f4d3bcffc788b2d77b6dc5b73910bba02c235f1d28e847b,c0d60d8ae6638b5f6abc97aeb192b0313e242d0ca8b190bb8bd5653e760f5418,e305c42659787f39,299fdbd0377d6817,48,81920,0.040237349,14.408299997,48.68439251932591,47.67142177850346,16.267586339830753,False,1234800,1234800,1234800,1571.0
sqam/05_electronic_gong_5khz_mono.wav,sqam,normalized,baseline,rgs,low,1234800,44100,1234800,44100,2,751000,7,28.0,214.57142857142858,158.029899999,161.6617299957,162.44554599594,15.878800005,16.183699994599998,16.196659994119997,1763.357431996323,448e64f2d490bd29b2adf13a21d57f22f4fb2b88622e56c644aec5610f7c1792,b961727b7fa710ec8338a5e9d96f5e1657adefa041e43b0c134ad5957c4dd64c,4ad075c83c5770fc,89d6f7db9036eb4d,48,81920,0.044448,16.048500001,46.19737533132732,48.32326155903777,15.69330825976321,False,1234800,1234800,1234800,4865.0
sqam/05_electronic_gong_5khz_mono.wav,sqam,normalized,candidate,rgs,low,1234800,44100,1234800,44100,2,751000,7,28.0,214.57142857142858,110.673299998,115.108959996,115.757871996,14.789899997,15.0224900007,15.032018000939999,1893.1838623438666,448e64f2d490bd29b2adf13a21d57f22f4fb2b88622e56c644aec5610f7c1792,b961727b7fa710ec8338a5e9d96f5e1657adefa041e43b0c134ad5957c4dd64c,4ad075c83c5770fc,89d6f7db9036eb4d,48,81920,0.04177375,15.093899995,46.19737533132732,48.32326155903777,15.69330825976321,False,1234800,1234800,1234800,4865.0
sqam/05_electronic_gong_5khz_mono.wav,sqam,normalized,reference,pcm,default,1234800,44100,1234800,44100,2,4939244,7,28.0,1411.2125714285714,0.14495942,0.1521412238,0.15312763916,0.147811765,0.1530168105,0.1537098237,189430.11741994962,43cb9f9698cb72fea1cde252f3d861dd434daffb6ab2898b0be92fbbf0a8e12c,43cb9f9698cb72fea1cde252f3d861dd434daffb6ab2898b0be92fbbf0a8e12c,292fdb3f46e153e6,a4cfcf44107b96a9,,,,,,60.0,0.0,True,1234800,1234800,1234800,0.0
sqam/05_electronic_gong_5khz_mono.wav,sqam,normalized,reference,qoa,default,1234800,44100,1234800,44100,2,997528,7,28.0,285.008,42.601300001,44.5167600024,45.06439200288,7.206149999,7.6860800014,7.76141600188,3885.569965083376,3cfa1525e2e4e19b6f086d378db938f301644c9da8a45ff8f3b14f0cf6b713d4,aee3d097a6a3bcd18276beaaefb7156316fe234277862b10fa516f4de97c82c1,1765cb2fd272e2d9,97646c0f3d332a93,268,81920,0.030052553,,72.47534704926858,50.54159266151332,8.303448209802044,False,1234800,1234800,1234800,212.0
sqam/05_electronic_gong_5khz_mono.wav,sqam,normalized,reference,ima,default,1234800,44100,1234800,44100,2,1239100,7,28.0,354.0285714285714,10.536800005,10.9707699994,11.072313999879999,6.684299998,6.7895100008,6.79426200176,4188.920307044543,fd319c3ad68c6f79bbc2675f4cdf9f43321594d8a04082cd180411ef6af4e5db,a467aa2bf70320e65c7984281401e77f731ad351da568f1e03283a2a43524a8f,eb92e509f4157304,7e379e1333ff53fd,,,,,23.847493906004505,22.983558449780187,38.82726596906675,False,1234800,1234800,1234800,3333.0
sqam/06_electronic_gong_500hz_vibrato_mono.wav,sqam,normalized,baseline,rgs,high,1014300,44100,1014300,44100,2,819412,7,23.0,285.0128695652174,44.565400004,45.7712900008,45.92817799936,10.598200001,10.727730004,10.747626006399999,2170.1798416551696,6426a7a9b7fae9f6896f317e712ddd47e3aba58924bb02ade88ff440a9141fb0,ef104df333d6f86e1caed96deca588a4d91c27d8b54b90e71c8b713534146866,80cf1ea9d7f90dbc,9d2fde9595a0cb5d,48,81920,0.046344907,10.624899998,65.98353052883837,51.60292270563071,8.622159865809987,False,1014300,1014300,1014300,316.0
sqam/06_electronic_gong_500hz_vibrato_mono.wav,sqam,normalized,candidate,rgs,high,1014300,44100,1014300,44100,2,819412,7,23.0,285.0128695652174,43.934299998,45.490239999699995,45.864927999939994,9.617850002,9.747335001,9.763067001,2391.386847914786,6426a7a9b7fae9f6896f317e712ddd47e3aba58924bb02ade88ff440a9141fb0,ef104df333d6f86e1caed96deca588a4d91c27d8b54b90e71c8b713534146866,80cf1ea9d7f90dbc,9d2fde9595a0cb5d,48,81920,0.043174138,9.43705,65.98353052883837,51.60292270563071,8.622159865809987,False,1014300,1014300,1014300,316.0
sqam/06_electronic_gong_500hz_vibrato_mono.wav,sqam,normalized,baseline,rgs,medium,1014300,44100,1014300,44100,2,616552,7,23.0,214.45286956521738,106.715999998,111.8946400017,113.12444800194001,10.505400002,10.658369994200001,10.682393993240002,2189.3502385079387,29035ad5e837c0ff17363a3cb8c2621a836e744b502c771079c97c02bd273574,3aa79c5260a88bb28a22feef2e4b43048b4e873b428f0a460833c45a0d4a688c,58b71c0d88cbbbdc,bcc61a1240ad46d5,48,81920,0.04529095,10.410000004,57.177619647103946,51.14931399855612,10.952205030364198,False,1014300,1014300,1014300,756.0
sqam/06_electronic_gong_500hz_vibrato_mono.wav,sqam,normalized,candidate,rgs,medium,1014300,44100,1014300,44100,2,616552,7,23.0,214.45286956521738,74.437899999,75.3624600001,75.41161200082,9.397050001,9.8334000004,9.891360000879999,2447.5766328318377,29035ad5e837c0ff17363a3cb8c2621a836e744b502c771079c97c02bd273574,3aa79c5260a88bb28a22feef2e4b43048b4e873b428f0a460833c45a0d4a688c,58b71c0d88cbbbdc,bcc61a1240ad46d5,48,81920,0.041842083,9.286399998,57.177619647103946,51.14931399855612,10.952205030364198,False,1014300,1014300,1014300,756.0
sqam/06_electronic_gong_500hz_vibrato_mono.wav,sqam,normalized,baseline,rgs,low,1014300,44100,1014300,44100,2,616552,7,23.0,214.45286956521738,106.307300001,108.0621399999,108.30674799918,10.506700002,10.9274600005,11.0639719993,2189.0793489508446,29035ad5e837c0ff17363a3cb8c2621a836e744b502c771079c97c02bd273574,3aa79c5260a88bb28a22feef2e4b43048b4e873b428f0a460833c45a0d4a688c,58b71c0d88cbbbdc,bcc61a1240ad46d5,48,81920,0.045383258,10.3653,57.177619647103946,51.14931399855612,10.952205030364198,False,1014300,1014300,1014300,756.0
sqam/06_electronic_gong_500hz_vibrato_mono.wav,sqam,normalized,candidate,rgs,low,1014300,44100,1014300,44100,2,616552,7,23.0,214.45286956521738,75.472000003,75.8432000008,75.92455999936,9.421949998,10.865664999999998,11.264173,2441.1082636696456,29035ad5e837c0ff17363a3cb8c2621a836e744b502c771079c97c02bd273574,3aa79c5260a88bb28a22feef2e4b43048b4e873b428f0a460833c45a0d4a688c,58b71c0d88cbbbdc,bcc61a1240ad46d5,48,81920,0.042529237,9.355950002,57.177619647103946,51.14931399855612,10.952205030364198,False,1014300,1014300,1014300,756.0
sqam/06_electronic_gong_500hz_vibrato_mono.wav,sqam,normalized,reference,pcm,default,1014300,44100,1014300,44100,2,4057244,7,23.0,1411.215304347826,0.12604125,0.13794584470000001,0.13945139134,0.129055128,0.1389696646,0.14108182012,178218.4122121827,cded5c5a853ac9dc1144c2ee640bca31833831c6ab9a8519a319d89a848e4e0d,cded5c5a853ac9dc1144c2ee640bca31833831c6ab9a8519a319d89a848e4e0d,c94c4a139ebc8fbe,33acee7afb92bc5d,,,,,,60.0,0.0,True,1014300,1014300,1014300,0.0
sqam/06_electronic_gong_500hz_vibrato_mono.wav,sqam,normalized,reference,qoa,default,1014300,44100,1014300,44100,2,819408,7,23.0,285.0114782608696,33.004000001,36.0758099997,37.04860199994,6.295299999,6.5727850008,6.63927700176,3653.519292750706,9ee31c9b170ef33032c754632cdc45507c81bdd27abfc72464e3dde0aeb81509,ef104df333d6f86e1caed96deca588a4d91c27d8b54b90e71c8b713534146866,5dd058abcb744dec,9d2fde9595a0cb5d,268,81920,0.031325625,,65.98353052883837,51.60292270563071,8.622159865809987,False,1014300,1014300,1014300,316.0
sqam/06_electronic_gong_500hz_vibrato_mono.wav,sqam,normalized,reference,ima,default,1014300,44100,1014300,44100,2,1017916,7,23.0,354.05773913043475,8.671300001,9.135439999099999,9.22584799982,5.885299999,6.0749850003,6.09863700006,3908.0420715865025,1124413924c63edc5d79a761961daa8e1dab342045ce36e1d8a4f6b059e271a8,7f72ac45a6da40e6991cd40e97acbadb165f40bae6f519d4cf2a1a8d80d2cb74,65501f9e04926c04,1c944877d44707bd,,,,,45.07371328286841,43.83412507659233,20.39219201840063,False,1014300,1014300,1014300,337.0
sqam/07_electronic_tune_frere_jacques_mono.wav,sqam,normalized,baseline,rgs,high,1543500,44100,1543500,44100,2,1246892,7,35.0,285.00388571428573,74.868000001,75.4743199988,75.47782399736,16.987099998,17.0558299987,17.05796599894,2060.386999789297,0fdf8e60a8c0c9f82fa78a392427b12925a5bb4d429123d0fc4484b9b617b74d,ebdc9d5be95e2b3c9943bbe7ef725e5a77fab0ac944df186124332cc884fb977,6435660c9802dad3,30928a637715c8c6,48,81920,0.046217511,16.783200003,71.9078969175936,49.83252944436346,8.80598028379938,False,1543500,1543500,1543500,72.0
sqam/07_electronic_tune_frere_jacques_mono.wav,sqam,normalized,candidate,rgs,high,1543500,44100,1543500,44100,2,1246892,7,35.0,285.00388571428573,74.634400003,76.7941700011,77.02723400182,15.057099998,16.023549998100002,16.31766999882,2324.484794857507,0fdf8e60a8c0c9f82fa78a392427b12925a5bb4d429123d0fc4484b9b617b74d,ebdc9d5be95e2b3c9943bbe7ef725e5a77fab0ac944df186124332cc884fb977,6435660c9802dad3,30928a637715c8c6,48,81920,0.042987124,15.005900003,71.9078969175936,49.83252944436346,8.80598028379938,False,1543500,1543500,1543500,72.0
sqam/07_electronic_tune_frere_jacques_mono.wav,sqam,normalized,baseline,rgs,medium,1543500,44100,1543500,44100,2,938192,7,35.0,214.44388571428573,208.554699995,220.2843299979,223.21974599717998,17.196000002,18.331520000599998,18.60646400012,2035.35705954462,257fb0a8e69464f2807afa45428ae3f4d56012bda2828878779bdd7d5926f6b7,d67c85bbf8cc25256d3f62c0681d39f1c52376a45db916c04d1c60d26644389f,7acc6ee4c6c054e6,4fdba8480ba0739a,48,81920,0.045107658,17.039799996,59.97021177317202,44.23468073610698,13.843412132990883,False,1543500,1543500,1543500,818.0
sqam/07_electronic_tune_frere_jacques_mono.wav,sqam,normalized,candidate,rgs,medium,1543500,44100,1543500,44100,2,938192,7,35.0,214.44388571428573,141.825399995,151.2682300032,153.75916600464,15.083499998,15.1420000011,15.146800001819999,2320.416349298295,257fb0a8e69464f2807afa45428ae3f4d56012bda2828878779bdd7d5926f6b7,d67c85bbf8cc25256d3f62c0681d39f1c52376a45db916c04d1c60d26644389f,7acc6ee4c6c054e6,4fdba8480ba0739a,48,81920,0.042142437,15.257100001,59.97021177317202,44.23468073610698,13.843412132990883,False,1543500,1543500,1543500,818.0
sqam/07_electronic_tune_frere_jacques_mono.wav,sqam,normalized,baseline,rgs,low,1543500,44100,1543500,44100,2,938192,7,35.0,214.44388571428573,211.123099998,236.8402900017,243.38189800194,17.088500001,20.3507899964,20.76423799448,2048.1610438570874,257fb0a8e69464f2807afa45428ae3f4d56012bda2828878779bdd7d5926f6b7,d67c85bbf8cc25256d3f62c0681d39f1c52376a45db916c04d1c60d26644389f,7acc6ee4c6c054e6,4fdba8480ba0739a,48,81920,0.045431674,16.991700001,59.97021177317202,44.23468073610698,13.843412132990883,False,1543500,1543500,1543500,818.0
sqam/07_electronic_tune_frere_jacques_mono.wav,sqam,normalized,candidate,rgs,low,1543500,44100,1543500,44100,2,938192,7,35.0,214.44388571428573,144.456299998,152.4223900017,154.02719800193998,15.2601,15.3810900048,15.42085800576,2293.5629517499888,257fb0a8e69464f2807afa45428ae3f4d56012bda2828878779bdd7d5926f6b7,d67c85bbf8cc25256d3f62c0681d39f1c52376a45db916c04d1c60d26644389f,7acc6ee4c6c054e6,4fdba8480ba0739a,48,81920,0.042028571,15.141400002,59.97021177317202,44.23468073610698,13.843412132990883,False,1543500,1543500,1543500,818.0
sqam/07_electronic_tune_frere_jacques_mono.wav,sqam,normalized,reference,pcm,default,1543500,44100,1543500,44100,2,6174044,7,35.0,1411.2100571428573,0.190001887,0.2137957577,0.21493787474,0.194688462,0.2124655914,0.21598247988,179774.39258829833,61093e5b32d2f1edb6f03445cc51b9f591d42889e9ed2b43ef190dec314006de,61093e5b32d2f1edb6f03445cc51b9f591d42889e9ed2b43ef190dec314006de,9cbe6935e906b5fe,839ac3ece408b645,,,,,,60.0,0.0,True,1543500,1543500,1543500,0.0
sqam/07_electronic_tune_frere_jacques_mono.wav,sqam,normalized,reference,qoa,default,1543500,44100,1543500,44100,2,1246888,7,35.0,285.00297142857147,54.778200001,57.53208000119999,57.80361600024,9.343800001,9.4965300017,9.52950600194,3745.7993531811685,3b667a85b331c29cf70d106717519d7e5cbe31aea17ec669fb66784fbee03633,ebdc9d5be95e2b3c9943bbe7ef725e5a77fab0ac944df186124332cc884fb977,9e77d7d00155747e,30928a637715c8c6,268,81920,0.030631193,,71.9078969175936,49.83252944436346,8.80598028379938,False,1543500,1543500,1543500,72.0
sqam/07_electronic_tune_frere_jacques_mono.wav,sqam,normalized,reference,ima,default,1543500,44100,1543500,44100,2,1550396,7,35.0,354.37622857142856,20.122600004,20.7127300031,20.72302600382,15.420599997,15.755950001,15.7827100034,2269.6911927427645,1812ccd30628286970b12e2c6916df630140f998af15c84b282e4d0fd88af498,dd341456d308236108afbd40f4c6d744343e4bbed6def636736cff67324d221c,5115547fcbe60f59,21d0e1d00c229528,,,,,40.87311375166504,42.939864419057045,23.548196253629367,False,1543500,1543500,1543500,553.0
sqam/08_violin_arpegio_melodious_phrase_stereo.wav,sqam,normalized,baseline,rgs,high,3131100,44100,3131100,44100,2,2529372,7,71.0,284.999661971831,279.607900001,285.1139899983,285.49383799806003,42.844400004,43.5390900015,43.5673380003,1657.1593952388494,e76b506046b74e0189bbab276a16be24d1ab59b8899f67bd53267f24daa8a486,6b6ae0a6be3d31ef68ac92bba2ab0a7c05e6b9849531db985a7ab5d2d41daab6,7ce85762a65cb8a3,43a92cc0dad3181a,48,81920,0.045003139,42.710000001,36.964113458574644,38.23764279797473,9.17386759489559,False,3131100,3131100,3131100,1302.0
sqam/08_violin_arpegio_melodious_phrase_stereo.wav,sqam,normalized,candidate,rgs,high,3131100,44100,3131100,44100,2,2529372,7,71.0,284.999661971831,272.594099998,278.6249899965,279.2328379953,37.875399999,38.303519998,38.3780639956,1874.5676613811224,e76b506046b74e0189bbab276a16be24d1ab59b8899f67bd53267f24daa8a486,6b6ae0a6be3d31ef68ac92bba2ab0a7c05e6b9849531db985a7ab5d2d41daab6,7ce85762a65cb8a3,43a92cc0dad3181a,48,81920,0.04231097,37.305599995,36.964113458574644,38.23764279797473,9.17386759489559,False,3131100,3131100,3131100,1302.0
sqam/08_violin_arpegio_melodious_phrase_stereo.wav,sqam,normalized,baseline,rgs,medium,3131100,44100,3131100,44100,2,1905214,7,71.0,214.672,926.118599996,950.3404999986,952.28137999812,43.539499998,45.4531200031,45.67214400382,1630.7031546816434,727c2faf89659c26aa62769b9e8f53c20f449cecbb559b91330e621671803ec6,43a7a6c1f9fda09d55d08ebc3d8a4fd52d6f608d88abf6d7a24bd679468c9c5b,5d6036fc1e0d3275,e2af8a5da2621e6b,48,81920,0.044372124,43.155899994,29.271060536156387,29.79528717172105,12.804460081692564,False,3131100,3131100,3131100,2415.0
sqam/08_violin_arpegio_melodious_phrase_stereo.wav,sqam,normalized,candidate,rgs,medium,3131100,44100,3131100,44100,2,1905214,7,71.0,214.672,614.800500005,628.1682799995,629.2152559983,37.462099999,38.3200699956,38.39545399512,1895.248798169223,727c2faf89659c26aa62769b9e8f53c20f449cecbb559b91330e621671803ec6,43a7a6c1f9fda09d55d08ebc3d8a4fd52d6f608d88abf6d7a24bd679468c9c5b,5d6036fc1e0d3275,e2af8a5da2621e6b,48,81920,0.041924686,37.624400005,29.271060536156387,29.79528717172105,12.804460081692564,False,3131100,3131100,3131100,2415.0
sqam/08_violin_arpegio_melodious_phrase_stereo.wav,sqam,normalized,baseline,rgs,low,3131100,44100,3131100,44100,2,1903152,7,71.0,214.439661971831,945.844599999,955.3676899987,957.54777799894,43.319499999,44.5099600029,44.67791200458,1638.984752862775,b3ca4e2ae255bfc0e442a49fde7113e1d8e3a9ab3d0b8033dd5756eea735c4f6,ca6dbda1449be97735a9db5efd49209082c5b07d4fe053b83d485d1f7c91bc13,0bc0caa604b85304,e9945ef734cb736a,48,81920,0.044629778,42.841899998,28.993410542473633,29.774417352909197,12.837183963055558,False,3131100,3131100,3131100,2843.0
sqam/08_violin_arpegio_melodious_phrase_stereo.wav,sqam,normalized,candidate,rgs,low,3131100,44100,3131100,44100,2,1903152,7,71.0,214.439661971831,615.988800004,635.0244200000001,637.110164,38.061899997,39.9374800014,40.31821600188,1865.382442957292,b3ca4e2ae255bfc0e442a49fde7113e1d8e3a9ab3d0b8033dd5756eea735c4f6,ca6dbda1449be97735a9db5efd49209082c5b07d4fe053b83d485d1f7c91bc13,0bc0caa604b85304,e9945ef734cb736a,48,81920,0.041086475,37.560600005,28.993410542473633,29.774417352909197,12.837183963055558,False,3131100,3131100,3131100,2843.0
sqam/08_violin_arpegio_melodious_phrase_stereo.wav,sqam,normalized,reference,pcm,default,3131100,44100,3131100,44100,2,12524444,7,71.0,1411.204957746479,0.411168,0.4420876091,0.44814621781999997,0.408076,0.4680465216,0.47580358992,173987.1984630314,71a092d65b1e15c33cc329bf8f9e4a316cc80eb88638e5e8e90af48c43b2e992,71a092d65b1e15c33cc329bf8f9e4a316cc80eb88638e5e8e90af48c43b2e992,ae625d07afd1477e,8a5cb782a32ab26d,,,,,,60.0,0.0,True,3131100,3131100,3131100,0.0
sqam/08_violin_arpegio_melodious_phrase_stereo.wav,sqam,normalized,reference,qoa,default,3131100,44100,3131100,44100,2,2529368,7,71.0,284.99921126760563,182.843999997,190.09087999460002,190.74641599412,19.003600001,19.1078699961,19.12445399442,3736.1342059538124,5a875bc40ba39489ce789e0172120c62745e3603abbaf077ffc38883b86f0a9b,6b6ae0a6be3d31ef68ac92bba2ab0a7c05e6b9849531db985a7ab5d2d41daab6,80ba5feaba1bac78,43a92cc0dad3181a,268,81920,0.030448024,,36.964113458574644,38.23764279797473,9.17386759489559,False,3131100,3131100,3131100,1302.0
sqam/08_violin_arpegio_melodious_phrase_stereo.wav,sqam,normalized,reference,ima,default,3131100,44100,3131100,44100,2,3143740,7,71.0,354.2242253521127,58.150800005,60.829840001899996,61.182928001179995,42.304099999,43.5672500018,43.749530002760004,1678.3243232140223,405d30b0a0def3240fa4919cbd878b8fe6d39b253a79ea3400ff0199752a4416,0e45e79ead4c0862b2c86deaf7945a02344083a33aaa02522777a4742d3d9a04,7cbf4e346a9036f1,7db48b5a096f291c,,,,,34.800030412877,36.31640162984544,10.274541404338299,False,3131100,3131100,3131100,2442.0
sqam/09_viola_arpegio_melodious_phrase_stereo.wav,sqam,normalized,baseline,rgs,high,2469600,44100,2469600,44100,2,1995012,7,56.0,285.0017142857143,212.815899998,276.3837700033,280.83675400306,32.759900004,42.539999998799985,45.80519999975999,1709.4069271628537,d4502a1c3c37eefe5ca2a78f9d723864bf13d6b4bce367b03e102434c0da67b4,838ed05d46ae863156f84b3e0655aadf5a0a405abb442fbb9a8f43b0cde6bdb9,3f702e23da778aeb,9279add1f525de4b,48,81920,0.045902752,32.835299999,43.00273417694428,42.753814309066584,8.369202285997682,False,2469600,2469600,2469600,1063.0
sqam/09_viola_arpegio_melodious_phrase_stereo.wav,sqam,normalized,candidate,rgs,high,2469600,44100,2469600,44100,2,1995012,7,56.0,285.0017142857143,208.5669,236.50346999949997,241.5482940007,28.409000002,33.7105699977,34.77547399794,1971.2063077214118,d4502a1c3c37eefe5ca2a78f9d723864bf13d6b4bce367b03e102434c0da67b4,838ed05d46ae863156f84b3e0655aadf5a0a405abb442fbb9a8f43b0cde6bdb9,3f702e23da778aeb,9279add1f525de4b,48,81920,0.043196121,28.314800002,43.00273417694428,42.753814309066584,8.369202285997682,False,2469600,2469600,2469600,1063.0
sqam/09_viola_arpegio_melodious_phrase_stereo.wav,sqam,normalized,baseline,rgs,medium,2469600,44100,2469600,44100,2,1501092,7,56.0,214.44171428571428,708.5374,720.6383099966,720.75670199612,32.372899994,33.4337999998,33.630120000759995,1729.8419360137352,e4dda2ad0aa6dbf039a40e5c33a9d975916b75b3c9f3df25e512926a9884998c,6faade99fb46a8aee8ec7221ff7e8857d6600d85068fda23f29856a3057cc43d,5d5c270bb39a0f6c,6f531842632eba39,48,81920,0.045103153,32.286499999,34.04757076429495,33.90085026155629,11.97871004892671,False,2469600,2469600,2469600,1528.0
sqam/09_viola_arpegio_melodious_phrase_stereo.wav,sqam,normalized,candidate,rgs,medium,2469600,44100,2469600,44100,2,1501092,7,56.0,214.44171428571428,464.9877,485.5501699975,490.97851399629997,27.664999999,29.01015,29.16363,2024.2183264783741,e4dda2ad0aa6dbf039a40e5c33a9d975916b75b3c9f3df25e512926a9884998c,6faade99fb46a8aee8ec7221ff7e8857d6600d85068fda23f29856a3057cc43d,5d5c270bb39a0f6c,6f531842632eba39,48,81920,0.04022008,27.722900003,34.04757076429495,33.90085026155629,11.97871004892671,False,2469600,2469600,2469600,1528.0
sqam/09_viola_arpegio_melodious_phrase_stereo.wav,sqam,normalized,baseline,rgs,low,2469600,44100,2469600,44100,2,1501092,7,56.0,214.44171428571428,718.0484,759.3527900022999,767.38791800206,32.749499999,33.4364100019,33.53872200118,1709.9497702777126,e4dda2ad0aa6dbf039a40e5c33a9d975916b75b3c9f3df25e512926a9884998c,6faade99fb46a8aee8ec7221ff7e8857d6600d85068fda23f29856a3057cc43d,5d5c270bb39a0f6c,6f531842632eba39,48,81920,0.044712946,32.488300003,34.04757076429495,33.90085026155629,11.97871004892671,False,2469600,2469600,2469600,1528.0
sqam/09_viola_arpegio_melodious_phrase_stereo.wav,sqam,normalized,candidate,rgs,low,2469600,44100,2469600,44100,2,1501092,7,56.0,214.44171428571428,466.098200001,474.2788399989,475.15248799818005,28.073300004,28.6174999989,28.662139998180002,1994.7779559945175,e4dda2ad0aa6dbf039a40e5c33a9d975916b75b3c9f3df25e512926a9884998c,6faade99fb46a8aee8ec7221ff7e8857d6600d85068fda23f29856a3057cc43d,5d5c270bb39a0f6c,6f531842632eba39,48,81920,0.041600415,28.122000001,34.04757076429495,33.90085026155629,11.97871004892671,False,2469600,2469600,2469600,1528.0
sqam/09_viola_arpegio_melodious_phrase_stereo.wav,sqam,normalized,reference,pcm,default,2469600,44100,2469600,44100,2,9878444,7,56.0,1411.2062857142857,0.300232353,0.3428563364,0.35056850888,0.296735294,0.36119391619999996,0.38037416803999996,188720.38861679865,d8325f0bbf78995753d4de6877bff9f5c6b5c4a836b9414aaa820a7d60b915c3,d8325f0bbf78995753d4de6877bff9f5c6b5c4a836b9414aaa820a7d60b915c3,2cac5cb044e54352,4dc1641cfe58baf1,,,,,,60.0,0.0,True,2469600,2469600,2469600,0.0
sqam/09_viola_arpegio_melodious_phrase_stereo.wav,sqam,normalized,reference,qoa,default,2469600,44100,2469600,44100,2,1995008,7,56.0,285.00114285714284,139.471600004,200.6108899988,201.31569799736,14.894499995,15.2763299985,15.2847059973,3759.777100191271,ecb47610a3518217e4bc840a14db75595d344f0818a756ad7909ff26a83ed24f,838ed05d46ae863156f84b3e0655aadf5a0a405abb442fbb9a8f43b0cde6bdb9,7b527ea51c73d9b2,9279add1f525de4b,268,81920,0.030651682,,43.00273417694428,42.753814309066584,8.369202285997682,False,2469600,2469600,2469600,1063.0
sqam/09_viola_arpegio_melodious_phrase_stereo.wav,sqam,normalized,reference,ima,default,2469600,44100,2469600,44100,2,2478140,7,56.0,354.02,43.186999999,44.4887900038,44.505758004760004,31.4344,32.360030001,32.378726001,1781.4877968085918,a9507fc5f0c20a7877a6fdd929bac898270c35a68a4e1a3847514bc74f193721,d8ced03d168dea0d351fdce3a2f0ae45e59d34e5bd939b815cef717bee7eae0e,2000bb5cd9eb0fc4,489ecf720bb7bf51,,,,,38.686892203271995,39.457959789588756,10.000900602411757,False,2469600,2469600,2469600,2251.0
sqam/10_violoncello_arpegio_melodious_phrase_stereo.wav,sqam,normalized,baseline,rgs,high,3263400,44100,3263400,44100,2,2636252,7,74.0,285.0002162162162,233.362399995,236.9515199988,237.22094399975998,44.489699997,45.1593099998,45.18458199836,1663.3063384331635,64e4d38d989074fee1674d15ae644a9ebd0c23cc3f05a876c8034023851e115c,66f4347093e5d4d89ed3a5aa1a5c50e5074f8ad1686668227ba3a95c033b8938,ed866bd735488b1e,07cae3b5af0cf52d,48,81920,0.046904673,44.681099996,43.090349877857136,40.530467431639494,8.952669588670593,False,3263400,3263400,3263400,266.0
sqam/10_violoncello_arpegio_melodious_phrase_stereo.wav,sqam,normalized,candidate,rgs,high,3263400,44100,3263400,44100,2,2636252,7,74.0,285.0002162162162,227.832799993,230.3887199988,230.54486399736,38.466799997,40.519250001399996,41.08601000188,1923.7368329513035,64e4d38d989074fee1674d15ae644a9ebd0c23cc3f05a876c8034023851e115c,66f4347093e5d4d89ed3a5aa1a5c50e5074f8ad1686668227ba3a95c033b8938,ed866bd735488b1e,07cae3b5af0cf52d,48,81920,0.042502966,37.262800001,43.090349877857136,40.530467431639494,8.952669588670593,False,3263400,3263400,3263400,266.0
sqam/10_violoncello_arpegio_melodious_phrase_stereo.wav,sqam,normalized,baseline,rgs,medium,3263400,44100,3263400,44100,2,1983572,7,74.0,214.4402162162162,749.848799996,759.4614299989,761.46684599818,43.923699997,45.6366199984,46.17412399888,1684.739673685373,2a3d99cd337e3844b4c2b5ee20fe0d728b25d5f2848910d76cfdaefe3229505d,fee308e06ebece316d275d2e234f33678dca5746b78deecdcd62263e49949908,39aa2b370f14bab7,c378ceca8a06cef0,48,81920,0.043859389,43.1338,34.50140857893818,32.710199980427454,12.644506456942933,False,3263400,3263400,3263400,699.0
sqam/10_violoncello_arpegio_melodious_phrase_stereo.wav,sqam,normalized,candidate,rgs,medium,3263400,44100,3263400,44100,2,1983572,7,74.0,214.4402162162162,493.572000004,501.7199299997,502.72238599754,37.441100001,39.0573700049,39.37659400658,1976.4376580288388,2a3d99cd337e3844b4c2b5ee20fe0d728b25d5f2848910d76cfdaefe3229505d,fee308e06ebece316d275d2e234f33678dca5746b78deecdcd62263e49949908,39aa2b370f14bab7,c378ceca8a06cef0,48,81920,0.041322634,36.895499997,34.50140857893818,32.710199980427454,12.644506456942933,False,3263400,3263400,3263400,699.0
sqam/10_violoncello_arpegio_melodious_phrase_stereo.wav,sqam,normalized,baseline,rgs,low,3263400,44100,3263400,44100,2,1983572,7,74.0,214.4402162162162,746.6611,750.5954399981,750.64108799642,44.023099996,44.5443099985,44.6634219997,1680.9356907333593,2a3d99cd337e3844b4c2b5ee20fe0d728b25d5f2848910d76cfdaefe3229505d,fee308e06ebece316d275d2e234f33678dca5746b78deecdcd62263e49949908,39aa2b370f14bab7,c378ceca8a06cef0,48,81920,0.045217117,42.6536,34.50140857893818,32.710199980427454,12.644506456942933,False,3263400,3263400,3263400,699.0
sqam/10_violoncello_arpegio_melodious_phrase_stereo.wav,sqam,normalized,candidate,rgs,low,3263400,44100,3263400,44100,2,1983572,7,74.0,214.4402162162162,495.2381,504.8291299991,505.75526599982004,38.218500003,41.3941199962,41.66522399524,1936.2350692515743,2a3d99cd337e3844b4c2b5ee20fe0d728b25d5f2848910d76cfdaefe3229505d,fee308e06ebece316d275d2e234f33678dca5746b78deecdcd62263e49949908,39aa2b370f14bab7,c378ceca8a06cef0,48,81920,0.041765,37.878899999,34.50140857893818,32.710199980427454,12.644506456942933,False,3263400,3263400,3263400,699.0
sqam/10_violoncello_arpegio_melodious_phrase_stereo.wav,sqam,normalized,reference,pcm,default,3263400,44100,3263400,44100,2,13053644,7,74.0,1411.2047567567568,0.407196,0.4758475758,0.47852570556,0.441965217,0.5351066576,0.53721922592,167433.99062555638,d811e7849a1cd04bd1662f938ec1f10da2b496efe0afb818cf95a1d00dd05340,d811e7849a1cd04bd1662f938ec1f10da2b496efe0afb818cf95a1d00dd05340,c8954838c1acea18,bf24e84ba72b9e07,,,,,,60.0,0.0,True,3263400,3263400,3263400,0.0
sqam/10_violoncello_arpegio_melodious_phrase_stereo.wav,sqam,normalized,reference,qoa,default,3263400,44100,3263400,44100,2,2636248,7,74.0,284.9997837837838,155.502599999,157.13023000270002,157.31668600294,19.504500002,20.139019996800002,20.16628399536,3793.996256884924,b79ea0e692a7c34d751b452faef6e6389f345f5f4c73c1f276def6e5dfeefcc1,66f4347093e5d4d89ed3a5aa1a5c50e5074f8ad1686668227ba3a95c033b8938,c4cd72fb5dea1290,07cae3b5af0cf52d,268,81920,0.030717178,,43.090349877857136,40.530467431639494,8.952669588670593,False,3263400,3263400,3263400,266.0
sqam/10_violoncello_arpegio_melodious_phrase_stereo.wav,sqam,normalized,reference,ima,default,3263400,44100,3263400,44100,2,3274812,7,74.0,354.0337297297297,58.454399996,60.4976899998,60.84873799836,43.288699999,45.3304899966,45.35993799612,1709.453044367455,ba10fb22f2ccf1c965388b380ab79e6c6d95f75f728597ea0c2138f44e11408d,30ceb338ec248f68ac937e4b75ac04eef54a9ad4416551b10e69ccacae5cdd13,5b6303144e7a7d7f,b9ad19c2fcb46c45,,,,,40.63876489580977,40.51358429343492,9.630000123392719,False,3263400,3263400,3263400,933.0
sqam/11_double_bass_arpegio_melodious_phrase_stereo.wav,sqam,normalized,baseline,rgs,high,2910600,44100,2910600,44100,2,2351252,7,66.0,285.00024242424246,171.715099998,175.75608,175.937136,35.750699997,44.248160000599995,46.98099200012,1846.1176985496327,fab55cc226033d17007054c2d6b752f37555859347fa859d3928892a5ce473d1,4ae3f8633ca37faca975249e6491e7e63ab95ae07e979c06bd94195d79c3988f,92755b7ab37ef738,306ecbe9df45bd63,48,81920,0.045606818,35.558899999,55.106925204751164,51.08035144640021,6.5317728095748775,False,2910600,2910600,2910600,197.0
sqam/11_double_bass_arpegio_melodious_phrase_stereo.wav,sqam,normalized,candidate,rgs,high,2910600,44100,2910600,44100,2,2351252,7,66.0,285.00024242424246,171.488699995,172.72465999669998,172.94181199454,30.987999998,31.3049599957,31.34955199594,2129.856718867294,fab55cc226033d17007054c2d6b752f37555859347fa859d3928892a5ce473d1,4ae3f8633ca37faca975249e6491e7e63ab95ae07e979c06bd94195d79c3988f,92755b7ab37ef738,306ecbe9df45bd63,48,81920,0.042365823,30.711100005,55.106925204751164,51.08035144640021,6.5317728095748775,False,2910600,2910600,2910600,197.0
sqam/11_double_bass_arpegio_melodious_phrase_stereo.wav,sqam,normalized,baseline,rgs,medium,2910600,44100,2910600,44100,2,1769132,7,66.0,214.44024242424243,539.598500006,566.7604800038999,567.23793600558,37.159700006,39.0267399969,39.28190799618,1776.1176755825072,ee5f06f908ba05b5e833da61d2bea43562c4133a1d00e29093b34ea0ce3e3599,c55fde0e22bda2f5d093076a6dc8cca896d5db6f84d6f32c24ef99024eff3a25,966b82ea1fc3975d,c3be51e1542e4250,48,81920,0.045182432,37.013300002,48.09237751539902,44.495077632350615,8.749368649249822,False,2910600,2910600,2910600,543.0
sqam/11_double_bass_arpegio_melodious_phrase_stereo.wav,sqam,normalized,candidate,rgs,medium,2910600,44100,2910600,44100,2,1769132,7,66.0,214.44024242424243,358.046999998,365.0790600039,366.04813200558004,32.064099997,35.1217300008,36.05386599936,2058.3768141371543,ee5f06f908ba05b5e833da61d2bea43562c4133a1d00e29093b34ea0ce3e3599,c55fde0e22bda2f5d093076a6dc8cca896d5db6f84d6f32c24ef99024eff3a25,966b82ea1fc3975d,c3be51e1542e4250,48,81920,0.041885774,31.694299996,48.09237751539902,44.495077632350615,8.749368649249822,False,2910600,2910600,2910600,543.0
sqam/11_double_bass_arpegio_melodious_phrase_stereo.wav,sqam,normalized,baseline,rgs,low,2910600,44100,2910600,44100,2,1769132,7,66.0,214.44024242424243,537.101799995,560.9720999993999,562.9549799998799,37.100299999,38.8957500024,39.34515000288,1778.9613561555825,ee5f06f908ba05b5e833da61d2bea43562c4133a1d00e29093b34ea0ce3e3599,c55fde0e22bda2f5d093076a6dc8cca896d5db6f84d6f32c24ef99024eff3a25,966b82ea1fc3975d,c3be51e1542e4250,48,81920,0.044929596,36.549699999,48.09237751539902,44.495077632350615,8.749368649249822,False,2910600,2910600,2910600,543.0
sqam/11_double_bass_arpegio_melodious_phrase_stereo.wav,sqam,normalized,candidate,rgs,low,2910600,44100,2910600,44100,2,1769132,7,66.0,214.44024242424243,360.071099997,375.4916700034,376.60697400388,32.022699997,32.8158099954,32.99876199348,2061.037951396451,ee5f06f908ba05b5e833da61d2bea43562c4133a1d00e29093b34ea0ce3e3599,c55fde0e22bda2f5d093076a6dc8cca896d5db6f84d6f32c24ef99024eff3a25,966b82ea1fc3975d,c3be51e1542e4250,48,81920,0.041872385,31.578000002,48.09237751539902,44.495077632350615,8.749368649249822,False,2910600,2910600,2910600,543.0
sqam/11_double_bass_arpegio_melodious_phrase_stereo.wav,sqam,normalized,reference,pcm,default,2910600,44100,2910600,44100,2,11642444,7,66.0,1411.2053333333333,0.394469231,0.439285,0.44193699999999997,0.37592963,0.46670055539999994,0.49498011107999995,175564.77258789097,757f4ee87d8c404174cb2de902c61a5cc27b00df70e0284b8dc5158c814f86fa,757f4ee87d8c404174cb2de902c61a5cc27b00df70e0284b8dc5158c814f86fa,c7db70c26eb223ee,2cf18f4b78b09959,,,,,,60.0,0.0,True,2910600,2910600,2910600,0.0
sqam/11_double_bass_arpegio_melodious_phrase_stereo.wav,sqam,normalized,reference,qoa,default,2910600,44100,2910600,44100,2,2351248,7,66.0,284.99975757575754,120.200899996,127.6420900045,127.7262580057,17.746799998,18.3219199988,18.49078399976,3718.9803236323146,3a96406ee5eab9afea688eea5812d6c41e42ae7532974d4273525f77d4634ad3,4ae3f8633ca37faca975249e6491e7e63ab95ae07e979c06bd94195d79c3988f,fb837d40a398715c,306ecbe9df45bd63,268,81920,0.030678834,,55.106925204751164,51.08035144640021,6.5317728095748775,False,2910600,2910600,2910600,197.0
sqam/11_double_bass_arpegio_melodious_phrase_stereo.wav,sqam,normalized,reference,ima,default,2910600,44100,2910600,44100,2,2922556,7,66.0,354.2492121212121,52.083699994,54.0585399991,54.30290799982,38.987399995,43.2100599996,44.07401199912,1692.8546147848863,633ff7bb9feed9c28bb38398c2571d59994bccb9bd76235a0b260771ac1d5ce7,818f55109876c0b93153ed80317bb52640eb960301cd4e6de041d2721dd93280,23d045b631ff0b00,ab7ef732a8616d60,,,,,53.925984266490794,51.853146265111484,6.41200652387132,False,2910600,2910600,2910600,244.0
sqam/12_piccolo_melodious_phrase_stereo.wav,sqam,normalized,baseline,rgs,high,1190700,44100,1190700,44100,2,961892,7,27.0,285.005037037037,85.214700006,89.9707199991,90.18062399742,16.0242,19.526329997899996,20.39702599718,1684.9515108398546,2adfb7f5f05ccc3d9e4688a19b560d036a1f0b2f1beb6bbf2fd5edd38f9bb1c9,f88daf12497ecf4deda24021d49753dd52be690f574e4e9963714ba7336985d2,11b715ebd4022f1c,c2ab437cb5b90f88,48,81920,0.045976606,15.722599998,40.90310866215569,40.54151966287449,9.439722218868287,False,1190700,1190700,1190700,267.0
sqam/12_piccolo_melodious_phrase_stereo.wav,sqam,normalized,candidate,rgs,high,1190700,44100,1190700,44100,2,961892,7,27.0,285.005037037037,83.434499994,88.0717300038,88.74730600475999,13.863600001,15.760329997999998,16.398465998,1947.5460917836965,2adfb7f5f05ccc3d9e4688a19b560d036a1f0b2f1beb6bbf2fd5edd38f9bb1c9,f88daf12497ecf4deda24021d49753dd52be690f574e4e9963714ba7336985d2,11b715ebd4022f1c,c2ab437cb5b90f88,48,81920,0.043327706,13.920000002,40.90310866215569,40.54151966287449,9.439722218868287,False,1190700,1190700,1190700,267.0
sqam/12_piccolo_melodious_phrase_stereo.wav,sqam,normalized,baseline,rgs,medium,1190700,44100,1190700,44100,2,723752,7,27.0,214.44503703703705,278.864700004,294.18261,294.373482,16.061000004,16.295569998199998,16.311913999639998,1681.0908407493703,7c3f5298a2fca4e8cab42be72d544d66dced6731053a8a1f60bf2dcfe47a9813,b718473937d35ae782b99f08d0f04e8c0c5d72f32d1f3e770a395bad9b91ad45,b3b760e0e73f4bb3,e1f87315167e267a,48,81920,0.045081532,15.932799995,32.5933776771175,32.566032271946796,13.32596513074243,False,1190700,1190700,1190700,503.0
sqam/12_piccolo_melodious_phrase_stereo.wav,sqam,normalized,candidate,rgs,medium,1190700,44100,1190700,44100,2,723752,7,27.0,214.44503703703705,183.804499999,190.2688599986,192.14489199812,14.049199998,14.289030002,14.315646002000001,1921.817612664325,7c3f5298a2fca4e8cab42be72d544d66dced6731053a8a1f60bf2dcfe47a9813,b718473937d35ae782b99f08d0f04e8c0c5d72f32d1f3e770a395bad9b91ad45,b3b760e0e73f4bb3,e1f87315167e267a,48,81920,0.042314768,14.059199996,32.5933776771175,32.566032271946796,13.32596513074243,False,1190700,1190700,1190700,503.0
sqam/12_piccolo_melodious_phrase_stereo.wav,sqam,normalized,baseline,rgs,low,1190700,44100,1190700,44100,2,723752,7,27.0,214.44503703703705,276.274200007,286.5797000036,288.40706000552,16.036400005,16.630000000800003,16.77663999936,1683.6696510177876,7c3f5298a2fca4e8cab42be72d544d66dced6731053a8a1f60bf2dcfe47a9813,b718473937d35ae782b99f08d0f04e8c0c5d72f32d1f3e770a395bad9b91ad45,b3b760e0e73f4bb3,e1f87315167e267a,48,81920,0.044889686,15.908399999,32.5933776771175,32.566032271946796,13.32596513074243,False,1190700,1190700,1190700,503.0
sqam/12_piccolo_melodious_phrase_stereo.wav,sqam,normalized,candidate,rgs,low,1190700,44100,1190700,44100,2,723752,7,27.0,214.44503703703705,184.359999999,193.5483600039,194.75047200558,14.113299996,14.7206699986,14.79965399812,1913.0890725522986,7c3f5298a2fca4e8cab42be72d544d66dced6731053a8a1f60bf2dcfe47a9813,b718473937d35ae782b99f08d0f04e8c0c5d72f32d1f3e770a395bad9b91ad45,b3b760e0e73f4bb3,e1f87315167e267a,48,81920,0.042333333,14.239499994,32.5933776771175,32.566032271946796,13.32596513074243,False,1190700,1190700,1190700,503.0
sqam/12_piccolo_melodious_phrase_stereo.wav,sqam,normalized,reference,pcm,default,1190700,44100,1190700,44100,2,4762844,7,27.0,1411.213037037037,0.144417143,0.15878973929999998,0.15935032865999998,0.144012857,0.1548301771,0.15604103542,187483.2606091552,5eb0d4180a3c69266f5245bb456886b1af36c44bbfd2e159fb03a2fb25e87a5c,5eb0d4180a3c69266f5245bb456886b1af36c44bbfd2e159fb03a2fb25e87a5c,6b5ce7b8b127397e,5a186677c177a46d,,,,,,60.0,0.0,True,1190700,1190700,1190700,0.0
sqam/12_piccolo_melodious_phrase_stereo.wav,sqam,normalized,reference,qoa,default,1190700,44100,1190700,44100,2,961888,7,27.0,285.00385185185183,56.960599996,57.4271000022,57.51926000124,7.22115,7.5235249986,7.58418499812,3739.016638624042,6fc84eda6f5af84f7cf22a4c0b32e6d04d7b03f4c8d0a015acd94890f3482189,f88daf12497ecf4deda24021d49753dd52be690f574e4e9963714ba7336985d2,9493e3c46460f932,c2ab437cb5b90f88,268,81920,0.030659021,,40.90310866215569,40.54151966287449,9.439722218868287,False,1190700,1190700,1190700,267.0
sqam/12_piccolo_melodious_phrase_stereo.wav,sqam,normalized,reference,ima,default,1190700,44100,1190700,44100,2,1196092,7,27.0,354.3976296296296,19.899800003,20.2423499993,20.30054999906,15.077399999,15.2967900002,15.29887800164,1790.7596801697082,523d63b2a3e9a07e7e588c8ed199184ef703e625f4eae23f51b0bcbe4c89afe2,2a357a5cabe219a4027ccda7ab89d4b5a367ff53a6172a647e0914b18c3f20aa,264d924f441c5e57,aca7b60a9aa4327c,,,,,33.369874579773686,34.14276002436815,13.765690867958535,False,1190700,1190700,1190700,450.0
sqam/13_flute_arpegio_melodious_phrase_stereo.wav,sqam,normalized,baseline,rgs,high,2028600,44100,2028600,44100,2,1638772,7,46.0,285.00382608695656,145.382200003,149.06924999970002,149.07368999994,25.250200003,27.7670900036,28.03677800552,1821.7677481578244,995e4afaab2a98f75862acf18d489d524ac81434773b847104b9f4e31699bd4e,01fc27ec9094e01278c24264bd7cedb4ee9412de900d20e215669ab03021534d,6d4cd8a50b4f21e0,1739d90a928ec00f,48,81920,0.045482273,24.854699999,45.4238382877608,43.87781942713225,9.575446080938153,False,2028600,2028600,2028600,331.0
sqam/13_flute_arpegio_melodious_phrase_stereo.wav,sqam,normalized,candidate,rgs,high,2028600,44100,2028600,44100,2,1638772,7,46.0,285.00382608695656,141.732200004,147.76754999599999,149.287829996,21.580200002,24.2397500043,24.85379000406,2131.5835810482213,995e4afaab2a98f75862acf18d489d524ac81434773b847104b9f4e31699bd4e,01fc27ec9094e01278c24264bd7cedb4ee9412de900d20e215669ab03021534d,6d4cd8a50b4f21e0,1739d90a928ec00f,48,81920,0.042515678,21.394999996,45.4238382877608,43.87781942713225,9.575446080938153,False,2028600,2028600,2028600,331.0
sqam/13_flute_arpegio_melodious_phrase_stereo.wav,sqam,normalized,baseline,rgs,medium,2028600,44100,2028600,44100,2,1233118,7,46.0,214.4553043478261,472.262199998,478.76063999950003,479.10148800070004,25.170400001,25.418589998999998,25.450917998999998,1827.5434636784657,b747c22b5ff1d10acc49e212167bf4ab3c8e8d17d78c08d8a2e3f878e114e680,751ef734867a329c5189d175ec93daf6a0fbdd0f6b2b4378bcfd50bf94623661,f8ef390ec4ebd011,702792a5b68faa67,48,81920,0.044595111,25.435499996,36.29651993750802,35.46907921582656,13.717839588791687,False,2028600,2028600,2028600,1379.0
sqam/13_flute_arpegio_melodious_phrase_stereo.wav,sqam,normalized,candidate,rgs,medium,2028600,44100,2028600,44100,2,1233118,7,46.0,214.4553043478261,318.283399999,321.2680500001,321.54273000082,21.451200001,21.8757500013,21.990350001059998,2144.402177866767,b747c22b5ff1d10acc49e212167bf4ab3c8e8d17d78c08d8a2e3f878e114e680,751ef734867a329c5189d175ec93daf6a0fbdd0f6b2b4378bcfd50bf94623661,f8ef390ec4ebd011,702792a5b68faa67,48,81920,0.040382661,21.216899998,36.29651993750802,35.46907921582656,13.717839588791687,False,2028600,2028600,2028600,1379.0
sqam/13_flute_arpegio_melodious_phrase_stereo.wav,sqam,normalized,baseline,rgs,low,2028600,44100,2028600,44100,2,1233052,7,46.0,214.4438260869565,472.841299996,482.1875500023,483.35839000206,25.226899996,25.3644399977,25.37384799794,1823.4503647809997,d9aea2de44a8320bf7b060ed0e65419e1df66555940791424151172f997fc1ce,14b9b540ff49ac5f1b9542690b55e8722f85769bc66e2b73c841c8a31d62dc10,b4a3c61beaa192f0,6388873cf5218d62,48,81920,0.044476,25.052299999,36.27881737985205,35.45110029345032,13.733955569966682,False,2028600,2028600,2028600,1137.0
sqam/13_flute_arpegio_melodious_phrase_stereo.wav,sqam,normalized,candidate,rgs,low,2028600,44100,2028600,44100,2,1233052,7,46.0,214.4438260869565,312.9745,331.4776999986,335.93593999812003,21.597800002,22.4814800004,22.50125600088,2129.8465582485396,d9aea2de44a8320bf7b060ed0e65419e1df66555940791424151172f997fc1ce,14b9b540ff49ac5f1b9542690b55e8722f85769bc66e2b73c841c8a31d62dc10,b4a3c61beaa192f0,6388873cf5218d62,48,81920,0.04086,21.885700002,36.27881737985205,35.45110029345032,13.733955569966682,False,2028600,2028600,2028600,1137.0
sqam/13_flute_arpegio_melodious_phrase_stereo.wav,sqam,normalized,reference,pcm,default,2028600,44100,2028600,44100,2,8114444,7,46.0,1411.2076521739132,0.237581395,0.24911122,0.2495373664,0.243995122,0.2503281219,0.25077762438,188528.3591858037,39048fb57401de6ea5f7ea47adea477af99fe18c51078bc2ea09bae888fb0e75,39048fb57401de6ea5f7ea47adea477af99fe18c51078bc2ea09bae888fb0e75,b0ca8fa1d7f52bf9,141e48ceb8db4169,,,,,,60.0,0.0,True,2028600,2028600,2028600,0.0
sqam/13_flute_arpegio_melodious_phrase_stereo.wav,sqam,normalized,reference,qoa,default,2028600,44100,2028600,44100,2,1638768,7,46.0,285.0031304347826,98.1351,99.3172500026,99.33465000212,12.020899996,12.6853000004,12.75610000088,3826.6685535447987,1ff4e136282f576246cede276d0fdfd1a1773b74a1cf8240c727fbce274c3535,01fc27ec9094e01278c24264bd7cedb4ee9412de900d20e215669ab03021534d,621d4cd9619bbb38,1739d90a928ec00f,268,81920,0.02971632,,45.4238382877608,43.87781942713225,9.575446080938153,False,2028600,2028600,2028600,331.0
sqam/13_flute_arpegio_melodious_phrase_stereo.wav,sqam,normalized,reference,ima,default,2028600,44100,2028600,44100,2,2035772,7,46.0,354.0473043478261,32.514800005,32.9278700009,32.99437400018,25.239299998,26.1116600037,26.325692003940002,1822.554508391481,032bff2e15b515236dc451d9581f115bdbb62ed9e64f3f9099886cdefffa622c,bea20e19e89fc4aa5d50e5caa21485dfd5d03cc675f24949d6b5089ba59aa508,57c708bf6b20ac34,3ad904b403ffc032,,,,,36.43629187467822,39.01027870977344,13.077840709764835,False,2028600,2028600,2028600,860.0
sqam/14_oboe_arpegio_melodious_phrase_stereo.wav,sqam,normalized,baseline,rgs,high,2160900,44100,2160900,44100,2,1745652,7,49.0,285.00440816326534,176.082699999,182.8299200056,184.73806400512,28.571600005,29.506769998,29.703353998,1714.989709761618,2fb3cc529e2fb7841c7a45045600bfddd0323a97374f80ff2083efe1ec08bb12,1c812ea61490add8af9b53089b9f813de93255eace3554ed1919186dcde1de5b,4a2183d17ea3bc53,52100f8a4dcbe3bb,48,81920,0.044791964,27.887000002,46.107877585718775,44.773672575509096,11.071015771158013,False,2160900,2160900,2160900,480.0
sqam/14_oboe_arpegio_melodious_phrase_stereo.wav,sqam,normalized,candidate,rgs,high,2160900,44100,2160900,44100,2,1745652,7,49.0,285.00440816326534,170.3037,172.9545199999,173.23570400158,24.449000001,24.9504799984,25.11209599648,2004.1719496910232,2fb3cc529e2fb7841c7a45045600bfddd0323a97374f80ff2083efe1ec08bb12,1c812ea61490add8af9b53089b9f813de93255eace3554ed1919186dcde1de5b,4a2183d17ea3bc53,52100f8a4dcbe3bb,48,81920,0.042137395,23.890799999,46.107877585718775,44.773672575509096,11.071015771158013,False,2160900,2160900,2160900,480.0
sqam/14_oboe_arpegio_melodious_phrase_stereo.wav,sqam,normalized,baseline,rgs,medium,2160900,44100,2160900,44100,2,1313472,7,49.0,214.4444081632653,589.037900001,608.0304700025,608.7252940037,28.527599998,28.907130002000002,28.918866002,1717.6348519831768,7e68839992786042cdae9fc43f3aae29539ef6a4576f0ef58a824003472e5798,12b74a9d6036ba6a6d11df1cd3cb60d43e7b44c3da8a8f2cb56b79452a770b97,90464cc4773790dc,9fcff5c73fedcee2,48,81920,0.044729018,28.363399997,35.889291193112236,35.33248150087541,16.4683602608443,False,2160900,2160900,2160900,1019.0
sqam/14_oboe_arpegio_melodious_phrase_stereo.wav,sqam,normalized,candidate,rgs,medium,2160900,44100,2160900,44100,2,1313472,7,49.0,214.4444081632653,390.132700004,399.7900200017,401.52464400194,25.123300001,26.742020000399997,27.25360399848,1950.380722200094,7e68839992786042cdae9fc43f3aae29539ef6a4576f0ef58a824003472e5798,12b74a9d6036ba6a6d11df1cd3cb60d43e7b44c3da8a8f2cb56b79452a770b97,90464cc4773790dc,9fcff5c73fedcee2,48,81920,0.041307407,24.709000006,35.889291193112236,35.33248150087541,16.4683602608443,False,2160900,2160900,2160900,1019.0
sqam/14_oboe_arpegio_melodious_phrase_stereo.wav,sqam,normalized,baseline,rgs,low,2160900,44100,2160900,44100,2,1313472,7,49.0,214.4444081632653,587.200500004,612.3438700031,616.44429400382,28.847099997,29.9909900022,30.23571800364,1698.6109524040833,7e68839992786042cdae9fc43f3aae29539ef6a4576f0ef58a824003472e5798,12b74a9d6036ba6a6d11df1cd3cb60d43e7b44c3da8a8f2cb56b79452a770b97,90464cc4773790dc,9fcff5c73fedcee2,48,81920,0.045117117,28.541700006,35.889291193112236,35.33248150087541,16.4683602608443,False,2160900,2160900,2160900,1019.0
sqam/14_oboe_arpegio_melodious_phrase_stereo.wav,sqam,normalized,candidate,rgs,low,2160900,44100,2160900,44100,2,1313472,7,49.0,214.4444081632653,386.825300001,408.10078000069996,412.97863600094,24.8125,25.7014300026,25.74580600452,1974.8110831234258,7e68839992786042cdae9fc43f3aae29539ef6a4576f0ef58a824003472e5798,12b74a9d6036ba6a6d11df1cd3cb60d43e7b44c3da8a8f2cb56b79452a770b97,90464cc4773790dc,9fcff5c73fedcee2,48,81920,0.041154098,24.424999997,35.889291193112236,35.33248150087541,16.4683602608443,False,2160900,2160900,2160900,1019.0
sqam/14_oboe_arpegio_melodious_phrase_stereo.wav,sqam,normalized,reference,pcm,default,2160900,44100,2160900,44100,2,8643644,7,49.0,1411.2071836734694,0.251085,0.27207103120000004,0.27431042224,0.244821951,0.2741487823,0.27922309006,200145.45182674407,565735f7e07e004be88670ef28ee28ea37486f36df360bfc219f1be71f6b4e17,565735f7e07e004be88670ef28ee28ea37486f36df360bfc219f1be71f6b4e17,e835e48f62720476,a49a9d5839ad5a6d,,,,,,60.0,0.0,True,2160900,2160900,2160900,0.0
sqam/14_oboe_arpegio_melodious_phrase_stereo.wav,sqam,normalized,reference,qoa,default,2160900,44100,2160900,44100,2,1745648,7,49.0,285.0037551020408,114.506499998,155.92665999509998,168.54149199582,12.997500002,13.396560000800001,13.43947199936,3769.955760143111,f92ccb4ce8c561bd0737e928e39ce0bb6340fb14e2dd1f1fe80f4c310d21c5d5,1c812ea61490add8af9b53089b9f813de93255eace3554ed1919186dcde1de5b,9d762249be975cb3,52100f8a4dcbe3bb,268,81920,0.029910448,,46.107877585718775,44.773672575509096,11.071015771158013,False,2160900,2160900,2160900,480.0
sqam/14_oboe_arpegio_melodious_phrase_stereo.wav,sqam,normalized,reference,ima,default,2160900,44100,2160900,44100,2,2168892,7,49.0,354.10481632653057,35.302500002,36.634460002000004,36.9236120044,26.778499998,27.7034000037,27.83420000394,1829.826166650845,d313c9fd07ac56d14783c89585c4f5af460b25a4082b005fde0de1a4ad1dd6b8,488eff75141711802d0dc29147641f9f714daa6b79ca8cc6f23f64e12c1068c7,5399e251b7a64d04,417b4a718a2d765f,,,,,35.07926646296135,36.525835406977585,17.208549578245773,False,2160900,2160900,2160900,1097.0
sqam/15_cor_anglais_arpegio_stereo.wav,sqam,normalized,baseline,rgs,high,1058400,44100,1058400,44100,2,855012,7,24.0,285.004,78.999899998,81.4611199987,81.55966399654,13.491299994,14.2712700034,14.36393400388,1778.924196383858,fb13f868d42c20529a711b285d38f77bc95ed85268786e2f1da2850879d6c2f1,e34f16c8e0947a3f922e8d67ec7392e8dde6ee139b51f4fef2b6b22497f15f11,ba7d345297d02969,ce8041b852cc5e10,48,81920,0.045812329,13.495499998,46.820194259934205,45.10425515394584,9.098474311637341,False,1058400,1058400,1058400,467.0
sqam/15_cor_anglais_arpegio_stereo.wav,sqam,normalized,candidate,rgs,high,1058400,44100,1058400,44100,2,855012,7,24.0,285.004,78.008299999,79.0141000039,79.29874000318,11.743600003,11.814230004399999,11.81732600488,2043.666336887241,fb13f868d42c20529a711b285d38f77bc95ed85268786e2f1da2850879d6c2f1,e34f16c8e0947a3f922e8d67ec7392e8dde6ee139b51f4fef2b6b22497f15f11,ba7d345297d02969,ce8041b852cc5e10,48,81920,0.043106034,11.685400002,46.820194259934205,45.10425515394584,9.098474311637341,False,1058400,1058400,1058400,467.0
sqam/15_cor_anglais_arpegio_stereo.wav,sqam,normalized,baseline,rgs,medium,1058400,44100,1058400,44100,2,643332,7,24.0,214.444,259.925099999,261.6049700014,261.94291400187996,14.203199998,15.1047500005,15.1742300017,1689.7600543102624,b1cb649bf7a79314f376ad7467dc63042cd57d4e398a05bfc64c6c846fbd6676,a0e236750d149a641ca413b4c8135f591904c4ef07d5bcc7c2c2855823157794,ddf01b3f49275275,07f415da15827be5,48,81920,0.044835714,14.083000004,38.54685517701828,37.44795200293723,12.599729382257491,False,1058400,1058400,1058400,1092.0
sqam/15_cor_anglais_arpegio_stereo.wav,sqam,normalized,candidate,rgs,medium,1058400,44100,1058400,44100,2,643332,7,24.0,214.444,169.271000005,172.4062100034,172.41324200628,12.061700001,12.5955600027,12.73015200294,1989.7692695068051,b1cb649bf7a79314f376ad7467dc63042cd57d4e398a05bfc64c6c846fbd6676,a0e236750d149a641ca413b4c8135f591904c4ef07d5bcc7c2c2855823157794,ddf01b3f49275275,07f415da15827be5,48,81920,0.041452066,11.999600001,38.54685517701828,37.44795200293723,12.599729382257491,False,1058400,1058400,1058400,1092.0
sqam/15_cor_anglais_arpegio_stereo.wav,sqam,normalized,baseline,rgs,low,1058400,44100,1058400,44100,2,643332,7,24.0,214.444,260.600200005,279.34238000029995,284.28359600005996,14.058200002,14.2548500032,14.29049000224,1707.1886867867595,b1cb649bf7a79314f376ad7467dc63042cd57d4e398a05bfc64c6c846fbd6676,a0e236750d149a641ca413b4c8135f591904c4ef07d5bcc7c2c2855823157794,ddf01b3f49275275,07f415da15827be5,48,81920,0.044912108,13.993600003,38.54685517701828,37.44795200293723,12.599729382257491,False,1058400,1058400,1058400,1092.0
sqam/15_cor_anglais_arpegio_stereo.wav,sqam,normalized,candidate,rgs,low,1058400,44100,1058400,44100,2,643332,7,24.0,214.444,171.348000005,177.5859599985,179.6295119997,12.154799998,12.421269997,12.460893997,1974.5285816261114,b1cb649bf7a79314f376ad7467dc63042cd57d4e398a05bfc64c6c846fbd6676,a0e236750d149a641ca413b4c8135f591904c4ef07d5bcc7c2c2855823157794,ddf01b3f49275275,07f415da15827be5,48,81920,0.041235802,12.203999996,38.54685517701828,37.44795200293723,12.599729382257491,False,1058400,1058400,1058400,1092.0
sqam/15_cor_anglais_arpegio_stereo.wav,sqam,normalized,reference,pcm,default,1058400,44100,1058400,44100,2,4233644,7,24.0,1411.2146666666667,0.128392308,0.14675207799999998,0.152092234,0.126781013,0.13497780929999997,0.13590042666,189302.7941021421,eb2aba5eb2b7e2dca5f3e3034ce4dc0861953ca2c9eaa60c0db5796a88291a42,eb2aba5eb2b7e2dca5f3e3034ce4dc0861953ca2c9eaa60c0db5796a88291a42,0745b2382b7f8876,052bfbcb31237831,,,,,,60.0,0.0,True,1058400,1058400,1058400,0.0
sqam/15_cor_anglais_arpegio_stereo.wav,sqam,normalized,reference,qoa,default,1058400,44100,1058400,44100,2,855008,7,24.0,285.0026666666667,53.6483,54.2159899977,54.245437995539994,6.27135,6.5914050023,6.62012100206,3826.927216627999,4ba754d025503f2d011401aa61d7cdbae992c4bbe0622eb2929d4d775dcecf40,e34f16c8e0947a3f922e8d67ec7392e8dde6ee139b51f4fef2b6b22497f15f11,604c45f192254ad8,ce8041b852cc5e10,268,81920,0.030265559,,46.820194259934205,45.10425515394584,9.098474311637341,False,1058400,1058400,1058400,467.0
sqam/15_cor_anglais_arpegio_stereo.wav,sqam,normalized,reference,ima,default,1058400,44100,1058400,44100,2,1062972,7,24.0,354.324,16.930500001,17.7709800006,17.77707600012,12.973800004,13.1528199985,13.1541639997,1849.8820694476926,af1df531e9e64e999795cdd02459152389d769cb4d1640b424aaf15f6044f085,c496ba10ca20b7ef91026d9e719efbd6101a0f7e8cb37837ba1caae448517b84,a3ae2363fabb63b4,7b997e53a9ec8c0e,,,,,37.93698021973053,38.821923831026695,13.364581109228311,False,1058400,1058400,1058400,690.0
sqam/16_clarinet_arpegio_melodious_phrase_stereo.wav,sqam,normalized,baseline,rgs,high,1719900,44100,1719900,44100,2,1389372,7,39.0,284.9993846153846,127.427600004,130.6463599988,131.36679199736,21.207599998,21.4620500003,21.46457000006,1838.963390656082,8da27e04f128462d54dcf9e78567423bfc71c516bda957782f193fa36f6f710a,b04b37228cd54cdf6a972fd0c42b27c1dcca56182a19941b0878a04623c622b0,bb05e6c4b3cf6986,a43ae5b0ecdc85be,48,81920,0.044071366,20.665300004,46.801111548936525,44.969902050853904,11.936585087950618,False,1719900,1719900,1719900,490.0
sqam/16_clarinet_arpegio_melodious_phrase_stereo.wav,sqam,normalized,candidate,rgs,high,1719900,44100,1719900,44100,2,1389372,7,39.0,284.9993846153846,127.776000001,131.430500005,132.586340005,18.719300002,19.0649199997,19.157223997539997,2083.4112384455175,8da27e04f128462d54dcf9e78567423bfc71c516bda957782f193fa36f6f710a,b04b37228cd54cdf6a972fd0c42b27c1dcca56182a19941b0878a04623c622b0,bb05e6c4b3cf6986,a43ae5b0ecdc85be,48,81920,0.04308927,18.4243,46.801111548936525,44.969902050853904,11.936585087950618,False,1719900,1719900,1719900,490.0
sqam/16_clarinet_arpegio_melodious_phrase_stereo.wav,sqam,normalized,baseline,rgs,medium,1719900,44100,1719900,44100,2,1045526,7,39.0,214.4668717948718,437.445499994,445.7412699982,446.21889399724,21.985699996,22.2434099964,22.24396199688,1773.8802952417034,c8ac7745abcfbbb3f75e09a0f17e213b4f4961fc3370cdad64335983faee6e7e,c3903fc70ff44fdb6573c9cf2e4f2b174e19c150d3476a267a0c66971b441b5f,3cfb4c9e647a4838,56e2ed2c8f9a4a54,48,81920,0.045257466,21.603099994,36.177960246499836,35.435130709822104,17.43107663354648,False,1719900,1719900,1719900,1568.0
sqam/16_clarinet_arpegio_melodious_phrase_stereo.wav,sqam,normalized,candidate,rgs,medium,1719900,44100,1719900,44100,2,1045526,7,39.0,214.4668717948718,287.7914,294.1738000004,294.85227999847996,18.811099999,19.068460002400002,19.12193200288,2073.2439890316487,c8ac7745abcfbbb3f75e09a0f17e213b4f4961fc3370cdad64335983faee6e7e,c3903fc70ff44fdb6573c9cf2e4f2b174e19c150d3476a267a0c66971b441b5f,3cfb4c9e647a4838,56e2ed2c8f9a4a54,48,81920,0.040957959,18.219799995,36.177960246499836,35.435130709822104,17.43107663354648,False,1719900,1719900,1719900,1568.0
sqam/16_clarinet_arpegio_melodious_phrase_stereo.wav,sqam,normalized,baseline,rgs,low,1719900,44100,1719900,44100,2,1045392,7,39.0,214.43938461538463,433.807699993,441.2630200008,441.70500399936,21.896300003,22.3045800009,22.390836000180002,1781.1228378610374,f95d689906e0d00da4478c1fc20d31590822662c13a43e220b82a8bba622f489,2f0604359691fbafaea04234cefd7e59d6ff55a200cf2dca94a6d0529195a056,e2cb8ef29d6482d2,2585d1f91013ff1b,48,81920,0.045142342,21.786400005,36.2696712434772,35.63984317261535,17.25629911316203,False,1719900,1719900,1719900,1705.0
sqam/16_clarinet_arpegio_melodious_phrase_stereo.wav,sqam,normalized,candidate,rgs,low,1719900,44100,1719900,44100,2,1045392,7,39.0,214.43938461538463,289.3935,290.46969999969997,290.56329999994,18.634000003,19.112509996500002,19.1634619953,2092.948373603153,f95d689906e0d00da4478c1fc20d31590822662c13a43e220b82a8bba622f489,2f0604359691fbafaea04234cefd7e59d6ff55a200cf2dca94a6d0529195a056,e2cb8ef29d6482d2,2585d1f91013ff1b,48,81920,0.040188353,18.234399997,36.2696712434772,35.63984317261535,17.25629911316203,False,1719900,1719900,1719900,1705.0
sqam/16_clarinet_arpegio_melodious_phrase_stereo.wav,sqam,normalized,reference,pcm,default,1719900,44100,1719900,44100,2,6879644,7,39.0,1411.2090256410258,0.202138,0.2122378191,0.21271649982,0.201676,0.2066675513,0.20710493906,193379.47995795237,ff185d8798eec77bcf7b83fe7905851fe52e6d05d56c364e60a170c3fd96db0c,ff185d8798eec77bcf7b83fe7905851fe52e6d05d56c364e60a170c3fd96db0c,9d16b7f608fef83e,df43bc1790d5d3b1,,,,,,60.0,0.0,True,1719900,1719900,1719900,0.0
sqam/16_clarinet_arpegio_melodious_phrase_stereo.wav,sqam,normalized,reference,qoa,default,1719900,44100,1719900,44100,2,1389368,7,39.0,284.9985641025641,87.688000001,89.3340299999,89.62536600157999,10.478299998,10.5924100015,10.6107220003,3721.977802453065,8824ade17ac75428ae239ebad7ecd73b91f9e02557a05f1e45c7ae24aa2945d7,b04b37228cd54cdf6a972fd0c42b27c1dcca56182a19941b0878a04623c622b0,e8b1187fa5ca0f39,a43ae5b0ecdc85be,268,81920,0.029973653,,46.801111548936525,44.969902050853904,11.936585087950618,False,1719900,1719900,1719900,490.0
sqam/16_clarinet_arpegio_melodious_phrase_stereo.wav,sqam,normalized,reference,ima,default,1719900,44100,1719900,44100,2,1726524,7,39.0,354.1587692307692,26.929599993,27.2242999989,27.25213999818,20.505800001,20.844390001700003,20.85031800194,1901.9009254990342,3d749e080613d3ddf47d0857c7dbb7951894a675bade1360985f7310c1156f84,0fc3d597991714ee3fb52b7207bf0eb0714383959301aaba92ef190f3f5f6b07,ecbb05f02ca7f053,f79c94eb8a98df14,,,,,39.0101667749061,40.71831847224593,15.98491554314016,False,1719900,1719900,1719900,777.0
sqam/17_bass_clarinet_arpegio_stereo.wav,sqam,normalized,baseline,rgs,high,1014300,44100,1014300,44100,2,819412,7,23.0,285.0128695652174,83.5854,84.2405900002,84.26475800164,12.834300004,13.123319998,13.140743998,1792.0728043470785,511cb99b69d2bab16a567994502bfe9811264c4c0a6889d7fddb5c4399db910b,32b06c75780c095c8e6506f4279d422fd8c7d58e5f2f1a301b1f92c14c81963e,e77aa08f7b21f09a,3dc8d9932392a463,48,81920,0.045588636,12.957899995,45.72822936490684,43.64162089486226,11.087692757564604,False,1014300,1014300,1014300,308.0
sqam/17_bass_clarinet_arpegio_stereo.wav,sqam,normalized,candidate,rgs,high,1014300,44100,1014300,44100,2,819412,7,23.0,285.0128695652174,82.681899995,87.2340299988,87.80208599976001,11.286600001,11.326390001,11.333998001000001,2037.8147535982657,511cb99b69d2bab16a567994502bfe9811264c4c0a6889d7fddb5c4399db910b,32b06c75780c095c8e6506f4279d422fd8c7d58e5f2f1a301b1f92c14c81963e,e77aa08f7b21f09a,3dc8d9932392a463,48,81920,0.043413853,11.214400001,45.72822936490684,43.64162089486226,11.087692757564604,False,1014300,1014300,1014300,308.0
sqam/17_bass_clarinet_arpegio_stereo.wav,sqam,normalized,baseline,rgs,medium,1014300,44100,1014300,44100,2,616552,7,23.0,214.45286956521738,278.335499994,279.844300002,279.973180002,13.244999997,13.3938400002,13.43540799924,1736.5043416541723,80397cc9f5c06e1624834295d18d72ebcf92009a9762b24dd16b46feed40a400,9f322589031246f55298c0705c2319d60fbe4f0f8418bf3063f57adb8437e3c5,cccbfda0e3cb41ce,c51d6b72022e3cf8,48,81920,0.045168919,13.154899999,36.117964352834974,34.791485505586635,15.634721188559658,False,1014300,1014300,1014300,1077.0
sqam/17_bass_clarinet_arpegio_stereo.wav,sqam,normalized,candidate,rgs,medium,1014300,44100,1014300,44100,2,616552,7,23.0,214.45286956521738,182.541000001,185.6634600025,185.7226920037,11.444700003,11.6493899983,11.69035799806,2009.6638613481357,80397cc9f5c06e1624834295d18d72ebcf92009a9762b24dd16b46feed40a400,9f322589031246f55298c0705c2319d60fbe4f0f8418bf3063f57adb8437e3c5,cccbfda0e3cb41ce,c51d6b72022e3cf8,48,81920,0.04178375,11.344499998,36.117964352834974,34.791485505586635,15.634721188559658,False,1014300,1014300,1014300,1077.0
sqam/17_bass_clarinet_arpegio_stereo.wav,sqam,normalized,baseline,rgs,low,1014300,44100,1014300,44100,2,616552,7,23.0,214.45286956521738,274.013899997,278.9429700016,279.03971400112,13.126599997,13.269400001600001,13.285960001120001,1752.1673552371903,80397cc9f5c06e1624834295d18d72ebcf92009a9762b24dd16b46feed40a400,9f322589031246f55298c0705c2319d60fbe4f0f8418bf3063f57adb8437e3c5,cccbfda0e3cb41ce,c51d6b72022e3cf8,48,81920,0.044820536,13.222799994,36.117964352834974,34.791485505586635,15.634721188559658,False,1014300,1014300,1014300,1077.0
sqam/17_bass_clarinet_arpegio_stereo.wav,sqam,normalized,candidate,rgs,low,1014300,44100,1014300,44100,2,616552,7,23.0,214.45286956521738,181.2654,187.3320399971,188.44784799541998,11.431400001,11.5409199988,11.54658399976,2012.0020293216926,80397cc9f5c06e1624834295d18d72ebcf92009a9762b24dd16b46feed40a400,9f322589031246f55298c0705c2319d60fbe4f0f8418bf3063f57adb8437e3c5,cccbfda0e3cb41ce,c51d6b72022e3cf8,48,81920,0.041669167,11.367099993,36.117964352834974,34.791485505586635,15.634721188559658,False,1014300,1014300,1014300,1077.0
sqam/17_bass_clarinet_arpegio_stereo.wav,sqam,normalized,reference,pcm,default,1014300,44100,1014300,44100,2,4057244,7,23.0,1411.215304347826,0.12514625,0.1391195099,0.14182052197999998,0.123787654,0.132230366,0.1341143396,185802.05098644167,2565a5b8f68a4de1f954aa640f98efe56838406885d62c22e3405a5db517ad30,2565a5b8f68a4de1f954aa640f98efe56838406885d62c22e3405a5db517ad30,66572ee8d67d3cca,bb999e4a71d51f69,,,,,,60.0,0.0,True,1014300,1014300,1014300,0.0
sqam/17_bass_clarinet_arpegio_stereo.wav,sqam,normalized,reference,qoa,default,1014300,44100,1014300,44100,2,819408,7,23.0,285.0114782608696,55.285799995,57.4528599967,57.89537199694,6.037250001,6.2149050003,6.227301000060001,3809.681559682027,122620e641eecbc7305db1bf4cead5a0140bbd50bb7f7282ea14bf4338bd4b89,32b06c75780c095c8e6506f4279d422fd8c7d58e5f2f1a301b1f92c14c81963e,964deaebd2f9dcd0,3dc8d9932392a463,268,81920,0.03011021,,45.72822936490684,43.64162089486226,11.087692757564604,False,1014300,1014300,1014300,308.0
sqam/17_bass_clarinet_arpegio_stereo.wav,sqam,normalized,reference,ima,default,1014300,44100,1014300,44100,2,1017916,7,23.0,354.05773913043475,17.105300002,17.366020001,17.383444000999997,12.728199996,12.951170001,12.957194001,1807.0112040373378,8d810e0664460c8f6a7122e118ee981563c0bb0c9044fc171f8f8c3251eb0849,0f18e4d85ab1acd19e64d70c181474ce6573d857e7f5ec5bf5d0fb62228fce8b,f68ea1a7f9060bc1,c95bdc1d40705647,,,,,41.330787248323944,41.13176351743813,13.168735655452434,False,1014300,1014300,1014300,644.0
sqam/18_bassoon_arpegio_melodious_phrase_stereo.wav,sqam,normalized,baseline,rgs,high,1675800,44100,1675800,44100,2,1353772,7,38.0,285.00463157894734,100.626500003,103.5032600016,103.86513200111999,20.754300006,21.003919997,21.019663997000002,1830.945875746921,9bb93870d73c1b4d93ec065c76ca8189a3ffa5235fc53417ec70568552474a25,c02974ef3568f9a1e5f217cd57eeeb32e7d7af833b7726e6052cfd19b19df2b1,83fc7a72b9fc27bb,3c8aa7c171a63b59,48,81920,0.044927354,20.398500003,55.71637560800076,52.920122143388326,6.5989740158777375,False,1675800,1675800,1675800,126.0
sqam/18_bassoon_arpegio_melodious_phrase_stereo.wav,sqam,normalized,candidate,rgs,high,1675800,44100,1675800,44100,2,1353772,7,38.0,285.00463157894734,98.488600001,99.80529999790001,99.99297999718,17.821800001,18.2561900004,18.26043800088,2132.2200898824913,9bb93870d73c1b4d93ec065c76ca8189a3ffa5235fc53417ec70568552474a25,c02974ef3568f9a1e5f217cd57eeeb32e7d7af833b7726e6052cfd19b19df2b1,83fc7a72b9fc27bb,3c8aa7c171a63b59,48,81920,0.042452542,17.693700001,55.71637560800076,52.920122143388326,6.5989740158777375,False,1675800,1675800,1675800,126.0
sqam/18_bassoon_arpegio_melodious_phrase_stereo.wav,sqam,normalized,baseline,rgs,medium,1675800,44100,1675800,44100,2,1018612,7,38.0,214.44463157894737,317.2918,331.26692999669996,335.73810599693996,20.862699993,21.201960001099998,21.21055200182,1821.432509346826,9ae7ef9e49bdcdb8c100ff8c40ac06abf098524020b14d8d21538cf0162ca06f,7bb177cd95dea36a20594e37c981855af69fbe9ae3d7fed9dfa28310cc1aefa8,c036d96cc576b52f,31c3a71467ac4b6e,48,81920,0.044580889,20.205499999,47.246229514232176,44.85711397843148,9.517852237505085,False,1675800,1675800,1675800,510.0
sqam/18_bassoon_arpegio_melodious_phrase_stereo.wav,sqam,normalized,candidate,rgs,medium,1675800,44100,1675800,44100,2,1018612,7,38.0,214.44463157894737,210.789300002,222.62211000009998,224.31130199842,17.992700003,18.3829700016,18.48523400352,2111.967630965008,9ae7ef9e49bdcdb8c100ff8c40ac06abf098524020b14d8d21538cf0162ca06f,7bb177cd95dea36a20594e37c981855af69fbe9ae3d7fed9dfa28310cc1aefa8,c036d96cc576b52f,31c3a71467ac4b6e,48,81920,0.041930126,18.1329,47.246229514232176,44.85711397843148,9.517852237505085,False,1675800,1675800,1675800,510.0
sqam/18_bassoon_arpegio_melodious_phrase_stereo.wav,sqam,normalized,baseline,rgs,low,1675800,44100,1675800,44100,2,1018612,7,38.0,214.44463157894737,315.038800001,320.5704000008,321.16560000176,20.318299994,21.2668699969,21.29017399618,1870.2352072378796,9ae7ef9e49bdcdb8c100ff8c40ac06abf098524020b14d8d21538cf0162ca06f,7bb177cd95dea36a20594e37c981855af69fbe9ae3d7fed9dfa28310cc1aefa8,c036d96cc576b52f,31c3a71467ac4b6e,48,81920,0.044419912,20.625400007,47.246229514232176,44.85711397843148,9.517852237505085,False,1675800,1675800,1675800,510.0
sqam/18_bassoon_arpegio_melodious_phrase_stereo.wav,sqam,normalized,candidate,rgs,low,1675800,44100,1675800,44100,2,1018612,7,38.0,214.44463157894737,209.751900002,216.86664999559997,218.58612999512,17.864100002,18.7154699995,18.9170940007,2127.1712538412603,9ae7ef9e49bdcdb8c100ff8c40ac06abf098524020b14d8d21538cf0162ca06f,7bb177cd95dea36a20594e37c981855af69fbe9ae3d7fed9dfa28310cc1aefa8,c036d96cc576b52f,31c3a71467ac4b6e,48,81920,0.041915063,17.901100002,47.246229514232176,44.85711397843148,9.517852237505085,False,1675800,1675800,1675800,510.0
sqam/18_bassoon_arpegio_melodious_phrase_stereo.wav,sqam,normalized,reference,pcm,default,1675800,44100,1675800,44100,2,6703244,7,38.0,1411.2092631578948,0.200762,0.2174005704,0.21925576608,0.202842,0.2268817421,0.22809453002,187337.92804251585,6cff207c8bcb3cc1c4875d0f1da21ce48ffba4229c7dd2b7757dcdd4a4b2b9af,6cff207c8bcb3cc1c4875d0f1da21ce48ffba4229c7dd2b7757dcdd4a4b2b9af,b777f264e667b0fe,72e9092d4b16d4f5,,,,,,60.0,0.0,True,1675800,1675800,1675800,0.0
sqam/18_bassoon_arpegio_melodious_phrase_stereo.wav,sqam,normalized,reference,qoa,default,1675800,44100,1675800,44100,2,1353768,7,38.0,285.0037894736842,69.982599996,71.145529998,71.293105998,10.089299999,10.1869499979,10.21226999718,3766.3663488811285,666628bf1faaad1eb80a4e079610ea7b63a1eeeff77e0f9799a6c9e9ba5e895d,c02974ef3568f9a1e5f217cd57eeeb32e7d7af833b7726e6052cfd19b19df2b1,d097463d236bbb13,3c8aa7c171a63b59,268,81920,0.030746626,,55.71637560800076,52.920122143388326,6.5989740158777375,False,1675800,1675800,1675800,126.0
sqam/18_bassoon_arpegio_melodious_phrase_stereo.wav,sqam,normalized,reference,ima,default,1675800,44100,1675800,44100,2,1683516,7,38.0,354.4244210526316,25.111900002,27.3439699978,27.40663399636,19.432700001,20.736769996,21.134473996,1955.4668161420973,75435cffc65148be3a64bc09178478bee9e1c80daecc6c16c0ecddb66a7c4069,1299f161a597f7981d2b8a24752ba07d9078af62e23430f48f2fd7d74a6c30a8,b46ec9156fc14c6f,ae4b5cf605920edc,,,,,44.06927790584444,44.214220564144,11.199590532147814,False,1675800,1675800,1675800,274.0
sqam/19_contra_bassoon_arpegio_stereo.wav,sqam,normalized,baseline,rgs,high,970200,44100,970200,44100,2,783772,7,22.0,285.008,58.737400003,62.7251400031,63.38254800382,12.418899998,13.158809998999999,13.385921998999999,1771.4934497856482,4ed85a20c65cdae0ebbb486342ae184bd0015c17ac36c370e61f834e8d4a52fc,9fcf28c6ec2ef3b38b567cb19f865f18e36fed9284aeca22fde6692ac72fae20,eb2ef9facdf270ca,f40ff0d7593df217,48,81920,0.045404072,12.490000002,53.06721704800334,49.81035675713148,6.701490762563874,False,970200,970200,970200,176.0
sqam/19_contra_bassoon_arpegio_stereo.wav,sqam,normalized,candidate,rgs,high,970200,44100,970200,44100,2,783772,7,22.0,285.008,58.2914,60.005420002,60.511724002,10.8257,10.8910199964,10.89812399688,2032.2011509648337,4ed85a20c65cdae0ebbb486342ae184bd0015c17ac36c370e61f834e8d4a52fc,9fcf28c6ec2ef3b38b567cb19f865f18e36fed9284aeca22fde6692ac72fae20,eb2ef9facdf270ca,f40ff0d7593df217,48,81920,0.043114655,10.755199999,53.06721704800334,49.81035675713148,6.701490762563874,False,970200,970200,970200,176.0
sqam/19_contra_bassoon_arpegio_stereo.wav,sqam,normalized,baseline,rgs,medium,970200,44100,970200,44100,2,589732,7,22.0,214.448,182.943700001,186.6357499986,186.67882999812,12.704900004,13.146849999599999,13.263129999119998,1731.6153604572676,253b20c08aad1d018859612d9e6207b9e4d9235847772391ef6c484cb6e96dd1,ca9a1c79ab9bf5fbaaef5e6d4f69362a1f02020341ec5a537f1fc61e8e5c92ac,253c2a305845dd50,b7a25d9215bda83c,48,81920,0.045220721,12.580700003,45.55611619665409,42.71765138334126,8.925518731709314,False,970200,970200,970200,366.0
sqam/19_contra_bassoon_arpegio_stereo.wav,sqam,normalized,candidate,rgs,medium,970200,44100,970200,44100,2,589732,7,22.0,214.448,121.093999997,124.75122999749999,125.2669659963,10.797399998,10.9943199993,11.00550399906,2037.5275533068198,253b20c08aad1d018859612d9e6207b9e4d9235847772391ef6c484cb6e96dd1,ca9a1c79ab9bf5fbaaef5e6d4f69362a1f02020341ec5a537f1fc61e8e5c92ac,253c2a305845dd50,b7a25d9215bda83c,48,81920,0.041038934,10.727000006,45.55611619665409,42.71765138334126,8.925518731709314,False,970200,970200,970200,366.0
sqam/19_contra_bassoon_arpegio_stereo.wav,sqam,normalized,baseline,rgs,low,970200,44100,970200,44100,2,589732,7,22.0,214.448,183.134100005,187.6137799988,188.31323599976,12.648000002,13.169030002,13.296206002,1739.4054393201448,253b20c08aad1d018859612d9e6207b9e4d9235847772391ef6c484cb6e96dd1,ca9a1c79ab9bf5fbaaef5e6d4f69362a1f02020341ec5a537f1fc61e8e5c92ac,253c2a305845dd50,b7a25d9215bda83c,48,81920,0.045228829,12.573600002,45.55611619665409,42.71765138334126,8.925518731709314,False,970200,970200,970200,366.0
sqam/19_contra_bassoon_arpegio_stereo.wav,sqam,normalized,candidate,rgs,low,970200,44100,970200,44100,2,589732,7,22.0,214.448,123.132600002,124.1458700017,124.28173400194,10.914800003,11.9829399984,12.27578799888,2015.6118292550632,253b20c08aad1d018859612d9e6207b9e4d9235847772391ef6c484cb6e96dd1,ca9a1c79ab9bf5fbaaef5e6d4f69362a1f02020341ec5a537f1fc61e8e5c92ac,253c2a305845dd50,b7a25d9215bda83c,48,81920,0.041986611,10.896600001,45.55611619665409,42.71765138334126,8.925518731709314,False,970200,970200,970200,366.0
sqam/19_contra_bassoon_arpegio_stereo.wav,sqam,normalized,reference,pcm,default,970200,44100,970200,44100,2,3880844,7,22.0,1411.216,0.114647727,0.12764422379999998,0.12946858475999998,0.117167442,0.1219200263,0.12255668846,187765.47157187233,afbeae49451aa568bde557513090c9789056626531129a934ae787a56253cf03,afbeae49451aa568bde557513090c9789056626531129a934ae787a56253cf03,fb78433b93d87150,4eb08f4d78a61ee7,,,,,,60.0,0.0,True,970200,970200,970200,0.0
sqam/19_contra_bassoon_arpegio_stereo.wav,sqam,normalized,reference,qoa,default,970200,44100,970200,44100,2,783768,7,22.0,285.00654545454546,39.723799996,40.2703299982,40.30006599724,5.859950002,6.0199449996,6.02842899912,3754.298243584229,cc9685ff282409f076804da404374b92d87ebaf524a8785fc42e0a2847d173d9,9fcf28c6ec2ef3b38b567cb19f865f18e36fed9284aeca22fde6692ac72fae20,901e8dbce9f7b8d2,f40ff0d7593df217,268,81920,0.030669113,,53.06721704800334,49.81035675713148,6.701490762563874,False,970200,970200,970200,176.0
sqam/19_contra_bassoon_arpegio_stereo.wav,sqam,normalized,reference,ima,default,970200,44100,970200,44100,2,974908,7,22.0,354.512,15.645999998,16.8274599997,17.092611999939997,11.725500003,12.0002900042,12.03117800324,1876.2526113488757,ab19718c03f6c798666389e1b86a966b3070e3ee160c7f48ec87033b4fe8f45f,66000a73623b050795e21368a9a93617a6d00a0f3def0ed8faf9fd2ac0028deb,bf43997f7020bbcf,6d02df49476a5c2b,,,,,46.37525656997702,45.82782229701556,9.160697847678383,False,970200,970200,970200,205.0
sqam/20_saxophone_arpegio_melodious_phrase_stereo.wav,sqam,normalized,baseline,rgs,high,1719900,44100,1719900,44100,2,1389372,7,39.0,284.9993846153846,111.127300002,112.3219999997,112.46335999994,21.662299998,22.0321500013,22.08147000106,1800.3628425236805,3dbf282dfea31e524ccd9031d4b309dab4b7bade4ae692ba77245991d6dd0f8e,eec03662edf2a6d1819631428ed9f18d75e8c45a4ddea7bc96ef0676abb379a2,8abc8e9bed0f1464,0835e2175e09e051,48,81920,0.044732143,21.302700005,48.23207930400215,45.10595407488262,7.316682823866064,False,1719900,1719900,1719900,263.0
sqam/20_saxophone_arpegio_melodious_phrase_stereo.wav,sqam,normalized,candidate,rgs,high,1719900,44100,1719900,44100,2,1389372,7,39.0,284.9993846153846,109.761300005,113.73670999859999,114.80358199812,19.0427,19.22319,19.240398000000003,2048.0289034643197,3dbf282dfea31e524ccd9031d4b309dab4b7bade4ae692ba77245991d6dd0f8e,eec03662edf2a6d1819631428ed9f18d75e8c45a4ddea7bc96ef0676abb379a2,8abc8e9bed0f1464,0835e2175e09e051,48,81920,0.043111638,18.930699997,48.23207930400215,45.10595407488262,7.316682823866064,False,1719900,1719900,1719900,263.0
sqam/20_saxophone_arpegio_melodious_phrase_stereo.wav,sqam,normalized,baseline,rgs,medium,1719900,44100,1719900,44100,2,1045392,7,39.0,214.43938461538463,350.241399996,357.8771400023,358.29310800206,21.337499999,21.6661599963,21.72107199606,1827.7680141454139,95f34f4e35199fdaf5ddf1ca246a24a1ea04f3d434ed29ba175fb0147708ca4b,9ad154e4fac4dcbd38049db0841576ccc06400c58a1351a8e7d5d5d430d82846,46df15a34fa41a35,0d912ec0eac9e0cf,48,81920,0.044369469,21.404800005,39.067912908313026,37.16989657275545,10.428749476576817,False,1719900,1719900,1719900,772.0
sqam/20_saxophone_arpegio_melodious_phrase_stereo.wav,sqam,normalized,candidate,rgs,medium,1719900,44100,1719900,44100,2,1045392,7,39.0,214.43938461538463,233.185999997,238.25107,238.409734,18.665899999,18.8803400012,18.90894800264,2089.371527871111,95f34f4e35199fdaf5ddf1ca246a24a1ea04f3d434ed29ba175fb0147708ca4b,9ad154e4fac4dcbd38049db0841576ccc06400c58a1351a8e7d5d5d430d82846,46df15a34fa41a35,0d912ec0eac9e0cf,48,81920,0.041259671,18.557099998,39.067912908313026,37.16989657275545,10.428749476576817,False,1719900,1719900,1719900,772.0
sqam/20_saxophone_arpegio_melodious_phrase_stereo.wav,sqam,normalized,baseline,rgs,low,1719900,44100,1719900,44100,2,1045392,7,39.0,214.43938461538463,350.724699996,365.8437800007,368.81315600093995,21.414900005,21.5981499998,21.621309998359997,1821.1619008678158,95f34f4e35199fdaf5ddf1ca246a24a1ea04f3d434ed29ba175fb0147708ca4b,9ad154e4fac4dcbd38049db0841576ccc06400c58a1351a8e7d5d5d430d82846,46df15a34fa41a35,0d912ec0eac9e0cf,48,81920,0.044657143,21.224200003,39.067912908313026,37.16989657275545,10.428749476576817,False,1719900,1719900,1719900,772.0
sqam/20_saxophone_arpegio_melodious_phrase_stereo.wav,sqam,normalized,candidate,rgs,low,1719900,44100,1719900,44100,2,1045392,7,39.0,214.43938461538463,234.0691,236.5643900002,236.70471799924002,18.689300001,20.124410003399998,20.36064200388,2086.7555231021624,95f34f4e35199fdaf5ddf1ca246a24a1ea04f3d434ed29ba175fb0147708ca4b,9ad154e4fac4dcbd38049db0841576ccc06400c58a1351a8e7d5d5d430d82846,46df15a34fa41a35,0d912ec0eac9e0cf,48,81920,0.041702917,18.659099996,39.067912908313026,37.16989657275545,10.428749476576817,False,1719900,1719900,1719900,772.0
sqam/20_saxophone_arpegio_melodious_phrase_stereo.wav,sqam,normalized,reference,pcm,default,1719900,44100,1719900,44100,2,6879644,7,39.0,1411.2090256410258,0.206169388,0.210284167,0.21044016699999998,0.207257143,0.2174535871,0.22005767422,188172.0428810504,a74e95871214056d4c06b77c769a8968c5d77dd4ec7a17d65454b8b13e5cacbe,a74e95871214056d4c06b77c769a8968c5d77dd4ec7a17d65454b8b13e5cacbe,afdbbf4dd90671ea,16b8d8d6b1eea9e5,,,,,,60.0,0.0,True,1719900,1719900,1719900,0.0
sqam/20_saxophone_arpegio_melodious_phrase_stereo.wav,sqam,normalized,reference,qoa,default,1719900,44100,1719900,44100,2,1389368,7,39.0,284.9985641025641,76.616300002,109.22102999939997,118.85580599987998,10.405999996,10.5268999993,10.56553999906,3747.837787333399,aeea13d00f220b179f6ed19d4e13c0d24a0e075a362e9cea1067a718c4093080,eec03662edf2a6d1819631428ed9f18d75e8c45a4ddea7bc96ef0676abb379a2,5b1db77ffe5f0062,0835e2175e09e051,268,81920,0.030223263,,48.23207930400215,45.10595407488262,7.316682823866064,False,1719900,1719900,1719900,263.0
sqam/20_saxophone_arpegio_melodious_phrase_stereo.wav,sqam,normalized,reference,ima,default,1719900,44100,1719900,44100,2,1726524,7,39.0,354.1587692307692,27.560800001,28.619789995999998,28.670597995999998,20.664100006,21.6963799991,21.882235999819997,1887.331168000349,6202c9dcecf50c94ebb11f0d7ac379fafb7570ed6f4e4e86050f9b8225947ddd,ada3c1a523a5606d0d2216e1a0e13dd6e23fac44edb96afccef96c412809e102,3842e97069deb08d,852448b411b5c889,,,,,42.60279525442735,43.7664698608028,9.046810201650088,False,1719900,1719900,1719900,528.0
sqam/21_trumpet_arpegio_melodious_phrase_stereo.wav,sqam,normalized,baseline,rgs,high,1587600,44100,1587600,44100,2,1282532,7,36.0,285.0071111111111,108.664699994,110.1729500006,110.29091000012001,19.384000003,20.281080002099998,20.33805600282,1857.2018156432312,53b3acfb26c57a0922930fabddd9cc041e03398e0a5f770095e9d6a2ba869de5,b56670f2403564c23e4ac06ffb7b939c693b4287a590ddcf9c4c5f4935e0952e,d391e042f86ccf4b,d811d71f74902c11,48,81920,0.045810046,19.299100004,39.40408527609366,40.10783814047947,12.160578593385502,False,1587600,1587600,1587600,825.0
sqam/21_trumpet_arpegio_melodious_phrase_stereo.wav,sqam,normalized,candidate,rgs,high,1587600,44100,1587600,44100,2,1282532,7,36.0,285.0071111111111,104.257699996,109.9771000017,110.95750000193999,16.853,18.5581300021,19.11634600282,2136.118198540319,53b3acfb26c57a0922930fabddd9cc041e03398e0a5f770095e9d6a2ba869de5,b56670f2403564c23e4ac06ffb7b939c693b4287a590ddcf9c4c5f4935e0952e,d391e042f86ccf4b,d811d71f74902c11,48,81920,0.043218103,17.040899999,39.40408527609366,40.10783814047947,12.160578593385502,False,1587600,1587600,1587600,825.0
sqam/21_trumpet_arpegio_melodious_phrase_stereo.wav,sqam,normalized,baseline,rgs,medium,1587600,44100,1587600,44100,2,965720,7,36.0,214.60444444444443,341.0053,347.1406500046,347.16717000652,19.519000001,19.7931600015,19.7938320003,1844.3567804782851,0110270fa56e21d974c50369c91e6c4ffbae87f8207a204eff0f454cf164b526,60a724e6556ca45fdb9db54a8ce91af9f6692b99613b0d1134f73a3d361d2942,e6358fff1322a52b,d15c11b643e8c42f,48,81920,0.044493778,19.612499997,29.795379620712605,30.799219670530213,17.927836289988598,False,1587600,1587600,1587600,1425.0
sqam/21_trumpet_arpegio_melodious_phrase_stereo.wav,sqam,normalized,candidate,rgs,medium,1587600,44100,1587600,44100,2,965720,7,36.0,214.60444444444443,232.497000001,238.76912999980001,239.73294599836,17.122599997,17.5961200008,17.623383999359998,2102.484436143311,0110270fa56e21d974c50369c91e6c4ffbae87f8207a204eff0f454cf164b526,60a724e6556ca45fdb9db54a8ce91af9f6692b99613b0d1134f73a3d361d2942,e6358fff1322a52b,d15c11b643e8c42f,48,81920,0.041762917,17.132100001,29.795379620712605,30.799219670530213,17.927836289988598,False,1587600,1587600,1587600,1425.0
sqam/21_trumpet_arpegio_melodious_phrase_stereo.wav,sqam,normalized,baseline,rgs,low,1587600,44100,1587600,44100,2,965012,7,36.0,214.44711111111113,354.109699994,364.8515499999,366.22590999918003,19.623599999,21.908060001999996,22.602812001999997,1834.5257751806257,0e0b5bdf1559cc0d3d8ca844932a1ca2f3c5eefc2d3f4934fef6ed30e48bc0cb,1f0d6a11a76c4531e31e34ccf7736682eb255c94335bf870dad3b6b8abf38970,f436f2966a44799c,7d0c66a67e67e4fc,48,81920,0.044909865,19.2927,29.737773665237217,30.72453226255644,17.97351873837281,False,1587600,1587600,1587600,2014.0
sqam/21_trumpet_arpegio_melodious_phrase_stereo.wav,sqam,normalized,candidate,rgs,low,1587600,44100,1587600,44100,2,965012,7,36.0,214.44711111111113,235.046599999,243.2139799971,244.40807599542,16.7623,19.791590002999996,20.505998003,2147.676631488519,0e0b5bdf1559cc0d3d8ca844932a1ca2f3c5eefc2d3f4934fef6ed30e48bc0cb,1f0d6a11a76c4531e31e34ccf7736682eb255c94335bf870dad3b6b8abf38970,f436f2966a44799c,7d0c66a67e67e4fc,48,81920,0.040247791,16.761500001,29.737773665237217,30.72453226255644,17.97351873837281,False,1587600,1587600,1587600,2014.0
sqam/21_trumpet_arpegio_melodious_phrase_stereo.wav,sqam,normalized,reference,pcm,default,1587600,44100,1587600,44100,2,6350444,7,36.0,1411.2097777777778,0.198256863,0.2075940012,0.20833713384,0.193748077,0.2748865814999999,0.29966095229999995,185808.29579020804,c113a1e257dd9d012df8f8a04e1045d6dc7e06daf1181ef0fa82ef1f5983e885,c113a1e257dd9d012df8f8a04e1045d6dc7e06daf1181ef0fa82ef1f5983e885,7234bad58e2709d6,6a9fa63db6cb4585,,,,,,60.0,0.0,True,1587600,1587600,1587600,0.0
sqam/21_trumpet_arpegio_melodious_phrase_stereo.wav,sqam,normalized,reference,qoa,default,1587600,44100,1587600,44100,2,1282528,7,36.0,285.0062222222222,73.706600003,74.7807300045,75.02334600569999,9.566949997,9.7904099999,9.82528199918,3762.9547568753746,379e827e9a339462e4f561fb4fc966dc2b3327fcf53f86054d5142bf0b23d424,b56670f2403564c23e4ac06ffb7b939c693b4287a590ddcf9c4c5f4935e0952e,69b92a7e8d05922d,d811d71f74902c11,268,81920,0.030268882,,39.40408527609366,40.10783814047947,12.160578593385502,False,1587600,1587600,1587600,825.0
sqam/21_trumpet_arpegio_melodious_phrase_stereo.wav,sqam,normalized,reference,ima,default,1587600,44100,1587600,44100,2,1593404,7,36.0,354.0897777777777,23.720399998,25.636560000299998,25.79563200006,18.294,19.369069996,19.505653996,1967.8583142013774,a211c997a3002622a3d3270ca4702af2d3db094ad8be109dc678ac29f3c78c0d,96da5f5a6328b1421cadff5e3c1f01258f1c86fa3bdfce99d8c3c0509846c756,8b7d328752073275,9db51c3ef24db6c6,,,,,35.00050423176955,37.14098724090792,16.057618586672277,False,1587600,1587600,1587600,1906.0
sqam/22_trombone_arpegio_melodious_phrase_stereo.wav,sqam,normalized,baseline,rgs,high,1764000,44100,1764000,44100,2,1425012,7,40.0,285.0024,98.796400003,107.8622000013,110.88356000346,20.729699999,21.675290003199997,21.943058004639997,1929.5985953453064,7a463ab9d62e9513d45caccbe25c31553d14162f14f608abeaa27a9811b0bcfc,ca8ecd9eba36cbfc5632ca48b673ef75a7f71d00a47623b383ac6ae6d8f9246d,75a6093019317407,01bbc3f39ca5608e,48,81920,0.045673973,20.750099994,52.572417765905,49.30112759632005,10.054548355871832,False,1764000,1764000,1764000,126.0
sqam/22_trombone_arpegio_melodious_phrase_stereo.wav,sqam,normalized,candidate,rgs,high,1764000,44100,1764000,44100,2,1425012,7,40.0,285.0024,97.020400003,98.33327000509999,98.43313400582,18.1272,21.887430002399995,23.139966002879998,2206.628712652809,7a463ab9d62e9513d45caccbe25c31553d14162f14f608abeaa27a9811b0bcfc,ca8ecd9eba36cbfc5632ca48b673ef75a7f71d00a47623b383ac6ae6d8f9246d,75a6093019317407,01bbc3f39ca5608e,48,81920,0.043193966,18.028200001,52.572417765905,49.30112759632005,10.054548355871832,False,1764000,1764000,1764000,126.0
sqam/22_trombone_arpegio_melodious_phrase_stereo.wav,sqam,normalized,baseline,rgs,medium,1764000,44100,1764000,44100,2,1072212,7,40.0,214.4424,301.694300003,309.4598299994,311.84972599988,21.420699999,21.9937699989,22.02859399818,1867.3526076116725,b7a42ce9ca4639734a5268b00394ac0212e14d60e5b29108b2c147e48036c43e,97838fab25d8ee34ce925978d8826da5defec685786fb11f3042f65a8951e273,e8f617d02f991d68,3dad7e0a96985710,48,81920,0.045186036,21.354800001,43.02244725392021,40.87531672686271,14.925190483514632,False,1764000,1764000,1764000,367.0
sqam/22_trombone_arpegio_melodious_phrase_stereo.wav,sqam,normalized,candidate,rgs,medium,1764000,44100,1764000,44100,2,1072212,7,40.0,214.4424,200.876700006,206.9551299986,208.43566599812,18.925999999,20.8497899952,21.50803799424,2113.4946635376464,b7a42ce9ca4639734a5268b00394ac0212e14d60e5b29108b2c147e48036c43e,97838fab25d8ee34ce925978d8826da5defec685786fb11f3042f65a8951e273,e8f617d02f991d68,3dad7e0a96985710,48,81920,0.041815417,18.893700004,43.02244725392021,40.87531672686271,14.925190483514632,False,1764000,1764000,1764000,367.0
sqam/22_trombone_arpegio_melodious_phrase_stereo.wav,sqam,normalized,baseline,rgs,low,1764000,44100,1764000,44100,2,1072212,7,40.0,214.4424,300.322900005,310.46542999440004,312.23756599488,21.548499994,21.932580001,21.9338760034,1856.277699660657,b7a42ce9ca4639734a5268b00394ac0212e14d60e5b29108b2c147e48036c43e,97838fab25d8ee34ce925978d8826da5defec685786fb11f3042f65a8951e273,e8f617d02f991d68,3dad7e0a96985710,48,81920,0.045117568,21.673799999,43.02244725392021,40.87531672686271,14.925190483514632,False,1764000,1764000,1764000,367.0
sqam/22_trombone_arpegio_melodious_phrase_stereo.wav,sqam,normalized,candidate,rgs,low,1764000,44100,1764000,44100,2,1072212,7,40.0,214.4424,199.941399999,202.793549996,203.197589996,18.914400004,19.3748699987,19.48865399894,2114.7908467379793,b7a42ce9ca4639734a5268b00394ac0212e14d60e5b29108b2c147e48036c43e,97838fab25d8ee34ce925978d8826da5defec685786fb11f3042f65a8951e273,e8f617d02f991d68,3dad7e0a96985710,48,81920,0.04112541,18.5845,43.02244725392021,40.87531672686271,14.925190483514632,False,1764000,1764000,1764000,367.0
sqam/22_trombone_arpegio_melodious_phrase_stereo.wav,sqam,normalized,reference,pcm,default,1764000,44100,1764000,44100,2,7056044,7,40.0,1411.2088,0.20904375,0.2174303283,0.21796084806000002,0.213744681,0.2279078636,0.22896884552,187139.15973422516,3f5170f1bc5475fd0ae3ebe61a297310ce341e6208a851d68d8dc708823b15cf,3f5170f1bc5475fd0ae3ebe61a297310ce341e6208a851d68d8dc708823b15cf,b16968bcb4ddbaa8,fd0ca32e75aca4eb,,,,,,60.0,0.0,True,1764000,1764000,1764000,0.0
sqam/22_trombone_arpegio_melodious_phrase_stereo.wav,sqam,normalized,reference,qoa,default,1764000,44100,1764000,44100,2,1425008,7,40.0,285.0016,68.475900002,102.98365999849997,114.50433199729999,10.6065,11.1579799959,11.304235995179999,3771.272333003347,986bdc551a19293580f55e114771969b0eae301064994a3a897dbcc896083cfc,ca8ecd9eba36cbfc5632ca48b673ef75a7f71d00a47623b383ac6ae6d8f9246d,5feb856a9b9c9281,01bbc3f39ca5608e,268,81920,0.029455294,,52.572417765905,49.30112759632005,10.054548355871832,False,1764000,1764000,1764000,126.0
sqam/22_trombone_arpegio_melodious_phrase_stereo.wav,sqam,normalized,reference,ima,default,1764000,44100,1764000,44100,2,1771580,7,40.0,354.316,25.668899998,25.9699799971,25.980155997820003,20.056699999,20.4272399985,20.4606479973,1994.3460291071985,a6f095ca18b3dceb00c700a72040c984d991a3928f4e21c7f49895ddb406cab4,df8230cd505620551eee51e214d52686c24870b676a903c77c6e51a528829a2e,2152732568d7317d,8ee7c20c5d0957fc,,,,,40.49435468707519,41.81319435725165,16.951953120913032,False,1764000,1764000,1764000,400.0
sqam/23_horn_arpegio_melodious_phrase_stereo.wav,sqam,normalized,baseline,rgs,high,1940400,44100,1940400,44100,2,1567492,7,44.0,284.9985454545455,107.038599998,107.4692499976,107.50776999712,22.401299998,25.006249996799998,25.82884999536,1964.1717223522003,86e03992b836e54c45970a87d5431e9c752ba1e121c52caac7eca5b9378d2701,faafdc65f890eb40a498b690f2890d0a9fd763b5212b36c3f9ed971b4bcaf9dd,b16bacddaa95b93e,bef7cf99b1b05404,48,81920,0.045797717,22.243100002,58.34962477582218,54.432578597894974,9.433266062098076,False,1940400,1940400,1940400,125.0
sqam/23_horn_arpegio_melodious_phrase_stereo.wav,sqam,normalized,candidate,rgs,high,1940400,44100,1940400,44100,2,1567492,7,44.0,284.9985454545455,104.700600006,105.17456000189999,105.19779200357999,19.488899998,19.893920000799998,19.955984001759997,2257.6954063346516,86e03992b836e54c45970a87d5431e9c752ba1e121c52caac7eca5b9378d2701,faafdc65f890eb40a498b690f2890d0a9fd763b5212b36c3f9ed971b4bcaf9dd,b16bacddaa95b93e,bef7cf99b1b05404,48,81920,0.04266766,19.443300001,58.34962477582218,54.432578597894974,9.433266062098076,False,1940400,1940400,1940400,125.0
sqam/23_horn_arpegio_melodious_phrase_stereo.wav,sqam,normalized,baseline,rgs,medium,1940400,44100,1940400,44100,2,1179412,7,44.0,214.43854545454545,333.285700001,348.19035000310004,349.92807000382004,22.925099999,23.2473700003,23.34243400006,1919.2937000021502,3db107320eb4a60492ae2d4f28333849b40768164100620d2a7344eac14f8b03,bcd8544c154573a3a233968e70ac507d06dcd528e41cd1b92af8adc5e6563736,4f7f3f2a938aa136,20dc972a81b9d228,48,81920,0.044775,22.603,47.83475170652935,45.3474786269571,15.331597257302024,False,1940400,1940400,1940400,338.0
sqam/23_horn_arpegio_melodious_phrase_stereo.wav,sqam,normalized,candidate,rgs,medium,1940400,44100,1940400,44100,2,1179412,7,44.0,214.43854545454545,222.401100002,225.3223000009,225.57958000018,19.848499998,20.022619999499998,20.0280439983,2216.792201145355,3db107320eb4a60492ae2d4f28333849b40768164100620d2a7344eac14f8b03,bcd8544c154573a3a233968e70ac507d06dcd528e41cd1b92af8adc5e6563736,4f7f3f2a938aa136,20dc972a81b9d228,48,81920,0.04177375,19.7892,47.83475170652935,45.3474786269571,15.331597257302024,False,1940400,1940400,1940400,338.0
sqam/23_horn_arpegio_melodious_phrase_stereo.wav,sqam,normalized,baseline,rgs,low,1940400,44100,1940400,44100,2,1179412,7,44.0,214.43854545454545,329.6272,351.186340001,353.39366800100004,23.0189,23.5867299985,23.6939859973,1911.4727463084685,3db107320eb4a60492ae2d4f28333849b40768164100620d2a7344eac14f8b03,bcd8544c154573a3a233968e70ac507d06dcd528e41cd1b92af8adc5e6563736,4f7f3f2a938aa136,20dc972a81b9d228,48,81920,0.045018834,22.847599998,47.83475170652935,45.3474786269571,15.331597257302024,False,1940400,1940400,1940400,338.0
sqam/23_horn_arpegio_melodious_phrase_stereo.wav,sqam,normalized,candidate,rgs,low,1940400,44100,1940400,44100,2,1179412,7,44.0,214.43854545454545,221.242699996,227.0140699988,227.07769399736,20.187699996,20.619979999199998,20.633755998239998,2179.544970884161,3db107320eb4a60492ae2d4f28333849b40768164100620d2a7344eac14f8b03,bcd8544c154573a3a233968e70ac507d06dcd528e41cd1b92af8adc5e6563736,4f7f3f2a938aa136,20dc972a81b9d228,48,81920,0.041929289,19.737800002,47.83475170652935,45.3474786269571,15.331597257302024,False,1940400,1940400,1940400,338.0
sqam/23_horn_arpegio_melodious_phrase_stereo.wav,sqam,normalized,reference,pcm,default,1940400,44100,1940400,44100,2,7761644,7,44.0,1411.208,0.232134091,0.2642768625,0.2652869517,0.237648837,0.26250989469999997,0.26671671574,185147.1295018372,c3cb7e9008420a95598cfc5635307e205f2cf8947e016be919b8ba3b9b4f5e00,c3cb7e9008420a95598cfc5635307e205f2cf8947e016be919b8ba3b9b4f5e00,d7dd444ce356512a,224f098deb26f241,,,,,,60.0,0.0,True,1940400,1940400,1940400,0.0
sqam/23_horn_arpegio_melodious_phrase_stereo.wav,sqam,normalized,reference,qoa,default,1940400,44100,1940400,44100,2,1567488,7,44.0,284.99781818181816,75.042400002,76.4842799987,76.72989599894001,12.583299994,13.425059999699998,13.543811999939999,3496.698006165329,5b70ce445bf61723acce57e5b1d4d6b21cbfd1202979101cdfe45640cbfad2e8,faafdc65f890eb40a498b690f2890d0a9fd763b5212b36c3f9ed971b4bcaf9dd,0978e0d74d3bad9a,bef7cf99b1b05404,268,81920,0.03113913,,58.34962477582218,54.432578597894974,9.433266062098076,False,1940400,1940400,1940400,125.0
sqam/23_horn_arpegio_melodious_phrase_stereo.wav,sqam,normalized,reference,ima,default,1940400,44100,1940400,44100,2,1947708,7,44.0,354.1287272727273,28.595300004,32.8799099951,33.74326199342,22.501599997,23.8558000037,23.92732000394,1955.416503975995,5a978413ae32364b5bde26175fa58da06c670d3784a0e4cc7c91423236c95a3c,2761c6b9968b4227e95dc6de16953b3bc9181f042feb5d4209aa2a4f3bf1708a,6d3bb775dfd17bfa,5cbe05dd79f6900f,,,,,43.979705066123806,44.54113263608875,17.81525779240965,False,1940400,1940400,1940400,208.0
sqam/24_tuba_arpegio_melodious_phrase_stereo.wav,sqam,normalized,baseline,rgs,high,2160900,44100,2160900,44100,2,1745652,7,49.0,285.00440816326534,112.645400003,118.4356999985,120.2200999973,23.678199999,23.9993100021,24.06442200282,2069.4140602777834,001a3cacb7207208a3b7e9a905e3520b9c69bf619d0d1fec2962d54fe1442654,f508b8321cca4ca11b999c0760928da591284b551edca424b4057b8099b4a8ef,298dd256736f8f48,34f4efa31037025f,48,81920,0.044366372,23.603200004,63.61298030081016,56.26922611226392,9.193021482104921,False,2160900,2160900,2160900,314.0
sqam/24_tuba_arpegio_melodious_phrase_stereo.wav,sqam,normalized,candidate,rgs,high,2160900,44100,2160900,44100,2,1745652,7,49.0,285.00440816326534,113.352300003,117.6439400036,118.17366800312,21.079900004,21.2831199953,21.30390399506,2324.48920491568,001a3cacb7207208a3b7e9a905e3520b9c69bf619d0d1fec2962d54fe1442654,f508b8321cca4ca11b999c0760928da591284b551edca424b4057b8099b4a8ef,298dd256736f8f48,34f4efa31037025f,48,81920,0.043131034,20.961300001,63.61298030081016,56.26922611226392,9.193021482104921,False,2160900,2160900,2160900,314.0
sqam/24_tuba_arpegio_melodious_phrase_stereo.wav,sqam,normalized,baseline,rgs,medium,2160900,44100,2160900,44100,2,1313472,7,49.0,214.4444081632653,322.035599999,327.9428799985,328.96873599730003,24.715599999,25.0793100016,25.09090200112,1982.5535290254963,725482cd0cada45faadf3bd1325ad5b7a461b0a49ada2a4f0d0763c25febd653,6123a1f9e400e66f802718477c28a4fbc6917faafa8d323fa640cbac052e41a9,b728d82ea875f473,7389b4610f5b26a6,48,81920,0.045021973,24.5973,54.87293154275018,51.486180174057125,13.954032258481128,False,2160900,2160900,2160900,647.0
sqam/24_tuba_arpegio_melodious_phrase_stereo.wav,sqam,normalized,candidate,rgs,medium,2160900,44100,2160900,44100,2,1313472,7,49.0,214.4444081632653,214.502899997,228.4230699964,231.35349399688,21.211199999,21.7146199987,21.72772399894,2310.1003244658527,725482cd0cada45faadf3bd1325ad5b7a461b0a49ada2a4f0d0763c25febd653,6123a1f9e400e66f802718477c28a4fbc6917faafa8d323fa640cbac052e41a9,b728d82ea875f473,7389b4610f5b26a6,48,81920,0.04107459,21.012600005,54.87293154275018,51.486180174057125,13.954032258481128,False,2160900,2160900,2160900,647.0
sqam/24_tuba_arpegio_melodious_phrase_stereo.wav,sqam,normalized,baseline,rgs,low,2160900,44100,2160900,44100,2,1313472,7,49.0,214.4444081632653,324.372099996,326.8678900018,327.10013800276,24.607799999,25.196539994600002,25.31682799412,1991.2385504592542,725482cd0cada45faadf3bd1325ad5b7a461b0a49ada2a4f0d0763c25febd653,6123a1f9e400e66f802718477c28a4fbc6917faafa8d323fa640cbac052e41a9,b728d82ea875f473,7389b4610f5b26a6,48,81920,0.044778571,24.041500002,54.87293154275018,51.486180174057125,13.954032258481128,False,2160900,2160900,2160900,647.0
sqam/24_tuba_arpegio_melodious_phrase_stereo.wav,sqam,normalized,candidate,rgs,low,2160900,44100,2160900,44100,2,1313472,7,49.0,214.4444081632653,217.838399999,222.7658399961,223.83436799682,21.6932,21.9404500017,21.965290001939998,2258.7723341876717,725482cd0cada45faadf3bd1325ad5b7a461b0a49ada2a4f0d0763c25febd653,6123a1f9e400e66f802718477c28a4fbc6917faafa8d323fa640cbac052e41a9,b728d82ea875f473,7389b4610f5b26a6,48,81920,0.040915918,21.037499994,54.87293154275018,51.486180174057125,13.954032258481128,False,2160900,2160900,2160900,647.0
sqam/24_tuba_arpegio_melodious_phrase_stereo.wav,sqam,normalized,reference,pcm,default,2160900,44100,2160900,44100,2,8643644,7,49.0,1411.2071836734694,0.2559675,0.3416981385999999,0.36581518372,0.258553846,0.2917828455,0.29682715709999996,189515.6492856811,c0075900addb05bd512db14e7926c25471b9e7b5a808df613e31a33c50c1014a,c0075900addb05bd512db14e7926c25471b9e7b5a808df613e31a33c50c1014a,d5ab1543d526217e,2c887feeea559c3d,,,,,,60.0,0.0,True,2160900,2160900,2160900,0.0
sqam/24_tuba_arpegio_melodious_phrase_stereo.wav,sqam,normalized,reference,qoa,default,2160900,44100,2160900,44100,2,1745648,7,49.0,285.0037551020408,81.486099996,81.85468,81.869896,12.762900002,13.1062600009,13.10717200018,3839.252833785542,207b6506288817ee5833a7df87fc3568dc0aeb34eba0d931e8a9227043c27c2f,f508b8321cca4ca11b999c0760928da591284b551edca424b4057b8099b4a8ef,dc292c6c9544cc9a,34f4efa31037025f,268,81920,0.030003892,,63.61298030081016,56.26922611226392,9.193021482104921,False,2160900,2160900,2160900,314.0
sqam/24_tuba_arpegio_melodious_phrase_stereo.wav,sqam,normalized,reference,ima,default,2160900,44100,2160900,44100,2,2168892,7,49.0,354.10481632653057,29.585299999,30.1154300018,30.18308600276,23.389300004,24.2675699977,24.548153997940002,2094.9750523367566,1e1675d948b768bcb28e76d91101eb6c026fa33278d810e4e76d986921a15ccf,3716719480d17eadb834d3da36f1b7f1c0462a59c9daaf3a718b515ab1952689,6a8d34c5eda37349,c3c3d0db7e8abf0a,,,,,49.49623931125967,49.49010502356758,17.470782546978654,False,2160900,2160900,2160900,211.0
sqam/25_harp_arpegio_melodious_phrase_stereo.wav,sqam,normalized,baseline,rgs,high,2998800,44100,2998800,44100,2,2422492,7,68.0,284.9990588235294,159.740599997,162.4961699974,162.53915399548,35.234699994,39.18508999869999,40.36605799653999,1929.915680042103,bc7f8d2fbbe64af27e9348441331e802bdbd74694ba27814db8184eca3249723,987e5ec1321e86836bf10eda39165c73821955f7da545722fc9e0fd05c79f935,0e721bc359a66c14,40c09890c3d5ec73,48,81920,0.045333937,35.921300001,56.88871323615875,48.015001529080976,6.83028630081658,False,2998800,2998800,2998800,219.0
sqam/25_harp_arpegio_melodious_phrase_stereo.wav,sqam,normalized,candidate,rgs,high,2998800,44100,2998800,44100,2,2422492,7,68.0,284.9990588235294,158.084700003,165.6911499984,167.75262999888,30.4027,31.1161500021,31.13499000282,2236.6434560088414,bc7f8d2fbbe64af27e9348441331e802bdbd74694ba27814db8184eca3249723,987e5ec1321e86836bf10eda39165c73821955f7da545722fc9e0fd05c79f935,0e721bc359a66c14,40c09890c3d5ec73,48,81920,0.04251017,30.428899996,56.88871323615875,48.015001529080976,6.83028630081658,False,2998800,2998800,2998800,219.0
sqam/25_harp_arpegio_melodious_phrase_stereo.wav,sqam,normalized,baseline,rgs,medium,2998800,44100,2998800,44100,2,1822732,7,68.0,214.4390588235294,461.410599999,479.5636500003,481.24617000006003,35.117399998,37.2078500026,37.49285000452,1936.3620314679538,c8bd689c419df4c3cd422bee353284f6ceaf2627e923d2a3caac13671da57549,bc9d2619918f549065ffe6306de6dbb2bff09bee9e2c683dc941b501193d36b4,601a7976061d6d3e,79ab77aa295f8c60,48,81920,0.044060965,35.282200001,48.316115470879325,41.79317931425846,9.811284569791999,False,2998800,2998800,2998800,323.0
sqam/25_harp_arpegio_melodious_phrase_stereo.wav,sqam,normalized,candidate,rgs,medium,2998800,44100,2998800,44100,2,1822732,7,68.0,214.4390588235294,313.164399996,318.5439499986,318.92662999812,30.754000001,32.3584900015,32.6646580003,2211.0944917015318,c8bd689c419df4c3cd422bee353284f6ceaf2627e923d2a3caac13671da57549,bc9d2619918f549065ffe6306de6dbb2bff09bee9e2c683dc941b501193d36b4,601a7976061d6d3e,79ab77aa295f8c60,48,81920,0.041041393,30.673900001,48.316115470879325,41.79317931425846,9.811284569791999,False,2998800,2998800,2998800,323.0
sqam/25_harp_arpegio_melodious_phrase_stereo.wav,sqam,normalized,baseline,rgs,low,2998800,44100,2998800,44100,2,1822732,7,68.0,214.4390588235294,464.978300005,486.8900000018,491.70104000276,35.501000002,37.7674000018,38.09164000276,1915.4390016103525,c8bd689c419df4c3cd422bee353284f6ceaf2627e923d2a3caac13671da57549,bc9d2619918f549065ffe6306de6dbb2bff09bee9e2c683dc941b501193d36b4,601a7976061d6d3e,79ab77aa295f8c60,48,81920,0.043686463,34.860799998,48.316115470879325,41.79317931425846,9.811284569791999,False,2998800,2998800,2998800,323.0
sqam/25_harp_arpegio_melodious_phrase_stereo.wav,sqam,normalized,candidate,rgs,low,2998800,44100,2998800,44100,2,1822732,7,68.0,214.4390588235294,306.222500004,321.46845999929997,324.12641199906,30.286700003,31.152859997199997,31.33473199864,2245.209943416231,c8bd689c419df4c3cd422bee353284f6ceaf2627e923d2a3caac13671da57549,bc9d2619918f549065ffe6306de6dbb2bff09bee9e2c683dc941b501193d36b4,601a7976061d6d3e,79ab77aa295f8c60,48,81920,0.040273896,30.166200005,48.316115470879325,41.79317931425846,9.811284569791999,False,2998800,2998800,2998800,323.0
sqam/25_harp_arpegio_melodious_phrase_stereo.wav,sqam,normalized,reference,pcm,default,2998800,44100,2998800,44100,2,11995244,7,68.0,1411.2051764705882,0.386511538,0.4198871831,0.42211410302,0.40908,0.4771163637,0.47953755834,166226.65493302044,eed344bc7d7795fbf4de508e793fb6f854af7c4064170b16fa4cbc247004edae,eed344bc7d7795fbf4de508e793fb6f854af7c4064170b16fa4cbc247004edae,091aee294b9b2e26,14e69360aaf39155,,,,,,60.0,0.0,True,2998800,2998800,2998800,0.0
sqam/25_harp_arpegio_melodious_phrase_stereo.wav,sqam,normalized,reference,qoa,default,2998800,44100,2998800,44100,2,2422488,7,68.0,284.9985882352941,112.012199998,113.666849998,113.6859299956,17.766399994,18.9641999951,19.27667999342,3827.4495690159342,4c4e00c807ceb0f703614057a072e42fad4f68993684b6d57a536f87b94e6d31,987e5ec1321e86836bf10eda39165c73821955f7da545722fc9e0fd05c79f935,57e4cc97b2612e32,40c09890c3d5ec73,268,81920,0.029791369,,56.88871323615875,48.015001529080976,6.83028630081658,False,2998800,2998800,2998800,219.0
sqam/25_harp_arpegio_melodious_phrase_stereo.wav,sqam,normalized,reference,ima,default,2998800,44100,2998800,44100,2,3010620,7,68.0,354.1905882352941,46.118100002,47.3002900011,47.46437800182,35.883200005,37.167580005,37.268236005,1895.0372316439118,f56b1182fc1721943e6d6b4982a3746283d2bcb7f8af5008f28a92101dc253f0,036485e810f6d12af98266159d8e9eb8b88b1027a1c8613cc8734ddaa13f559c,84f6861c1460e8c4,e45261d07487eabe,,,,,47.27600392890926,47.191868883513166,9.096663241546285,False,2998800,2998800,2998800,231.0
sqam/26_claves_single_tone_single_tone_rhythm_stereo.wav,sqam,normalized,baseline,rgs,high,1719900,44100,1719900,44100,2,1389372,7,39.0,284.9993846153846,87.919700004,90.7681299991,90.90010599982,21.259900004,21.9249999958,22.10163999436,1834.4394843184702,5b88149f788fd5e2abc26f2c86ed88b86896666b70601fb6977eea270843eaa5,9bb161b2388dff62933accddf7d4d8b912b46f769c4bd38ce12a0d97890b2338,f9db1ca47ec9e1c9,fedb1b9f209fe0d4,48,81920,0.044237445,21.124899998,41.75502979784216,36.456520858110125,8.353954953142601,False,1719900,1719900,1719900,1114.0
sqam/26_claves_single_tone_single_tone_rhythm_stereo.wav,sqam,normalized,candidate,rgs,high,1719900,44100,1719900,44100,2,1389372,7,39.0,284.9993846153846,87.291299999,91.524020001,92.341844001,19.210000001,19.392019999000002,19.431523999000003,2030.1926079109737,5b88149f788fd5e2abc26f2c86ed88b86896666b70601fb6977eea270843eaa5,9bb161b2388dff62933accddf7d4d8b912b46f769c4bd38ce12a0d97890b2338,f9db1ca47ec9e1c9,fedb1b9f209fe0d4,48,81920,0.041588797,19.031500004,41.75502979784216,36.456520858110125,8.353954953142601,False,1719900,1719900,1719900,1114.0
sqam/26_claves_single_tone_single_tone_rhythm_stereo.wav,sqam,normalized,baseline,rgs,medium,1719900,44100,1719900,44100,2,1046404,7,39.0,214.64697435897435,259.555300005,261.2325000015,261.3001800027,21.908600003,22.3911899965,22.5005579953,1780.122873878734,e05a4cfe72375e0c5e89bc2230f9d7da07879dc75cb9ad10884592d59a956d46,53a3db7e0d9184a7dc2bc62fa70a659f6939f4dff7246b381d12a4b4e6167d5a,f0f441cbfd797d40,9dc87f73e1bf1268,48,81920,0.04541629,21.432999998,33.571578281539104,29.9979267444049,11.588710611426343,False,1719900,1719900,1719900,1534.0
sqam/26_claves_single_tone_single_tone_rhythm_stereo.wav,sqam,normalized,candidate,rgs,medium,1719900,44100,1719900,44100,2,1046404,7,39.0,214.64697435897435,179.227200001,186.3496999969,187.76377999618,19.0889,20.975970003599997,21.39815400312,2043.0721518788407,e05a4cfe72375e0c5e89bc2230f9d7da07879dc75cb9ad10884592d59a956d46,53a3db7e0d9184a7dc2bc62fa70a659f6939f4dff7246b381d12a4b4e6167d5a,f0f441cbfd797d40,9dc87f73e1bf1268,48,81920,0.040310442,18.697600007,33.571578281539104,29.9979267444049,11.588710611426343,False,1719900,1719900,1719900,1534.0
sqam/26_claves_single_tone_single_tone_rhythm_stereo.wav,sqam,normalized,baseline,rgs,low,1719900,44100,1719900,44100,2,1045392,7,39.0,214.43938461538463,266.479199998,268.1768699985,268.53521399730005,21.869400002,22.083199998999998,22.134079996599997,1783.3136709938715,032fca2e57b17acd28523b0557a8e2937acbfe284cc004c834fce38acbc58b78,24f0fcc8315588689a4de026b15f7b0ce37aa6c979aa1e9f89ed83c1e4e296b3,814865c824dec585,290347487d1e4f70,48,81920,0.043876316,21.459699996,33.24768167466245,29.97497052463835,11.593505331645515,False,1719900,1719900,1719900,1988.0
sqam/26_claves_single_tone_single_tone_rhythm_stereo.wav,sqam,normalized,candidate,rgs,low,1719900,44100,1719900,44100,2,1045392,7,39.0,214.43938461538463,177.3741,183.9813999984,184.27251999647999,19.276900001,19.4449299977,19.46458599794,2023.1468751706368,032fca2e57b17acd28523b0557a8e2937acbfe284cc004c834fce38acbc58b78,24f0fcc8315588689a4de026b15f7b0ce37aa6c979aa1e9f89ed83c1e4e296b3,814865c824dec585,290347487d1e4f70,48,81920,0.041192593,18.962699994,33.24768167466245,29.97497052463835,11.593505331645515,False,1719900,1719900,1719900,1988.0
sqam/26_claves_single_tone_single_tone_rhythm_stereo.wav,sqam,normalized,reference,pcm,default,1719900,44100,1719900,44100,2,6879644,7,39.0,1411.2090256410258,0.195609615,0.21346597369999998,0.21698710753999997,0.208529167,0.2186560868,0.21884599976,187024.19695562302,e1729ad4971a8b3d92b6bfc407e9bc23fe77193042712306bd8fac475d088244,e1729ad4971a8b3d92b6bfc407e9bc23fe77193042712306bd8fac475d088244,b449feaf55059b9e,aca10d52289a9f31,,,,,,60.0,0.0,True,1719900,1719900,1719900,0.0
sqam/26_claves_single_tone_single_tone_rhythm_stereo.wav,sqam,normalized,reference,qoa,default,1719900,44100,1719900,44100,2,1389368,7,39.0,284.9985641025641,62.604200006,74.23052000409999,77.98330400481998,10.266199999,10.6448600034,10.69569200388,3798.873975161099,4b6c04c8de907deb290b4ff60ffd24df339e9d3886d0292dae7251af3d7a4f25,9bb161b2388dff62933accddf7d4d8b912b46f769c4bd38ce12a0d97890b2338,18df2c15974e88ab,fedb1b9f209fe0d4,268,81920,0.030908333,,41.75502979784216,36.456520858110125,8.353954953142601,False,1719900,1719900,1719900,1114.0
sqam/26_claves_single_tone_single_tone_rhythm_stereo.wav,sqam,normalized,reference,ima,default,1719900,44100,1719900,44100,2,1726524,7,39.0,354.1587692307692,25.824200004,26.818340002,26.971508002,19.554099999,20.1611999987,20.20775999654,1994.4666336980206,45e8f94f7092257e7c49ec2de4a226cdbb21a510c47359641df02cbb4afc0ef1,14bc9f29504f32fc15608e9d3a966984cc72a63bd14253f0b28e36d490387dc1,b564cde8e1b63ecf,a78762702ae68cba,,,,,32.00532535010577,34.177155613885745,12.364726962729186,False,1719900,1719900,1719900,1579.0
sqam/27_castanets_single_tone_rhythm_stereo.wav,sqam,normalized,baseline,rgs,high,882000,44100,882000,44100,2,712532,7,20.0,285.01279999999997,69.991400003,76.7229600006,78.46747200012,12.104999997,14.004309999599998,14.55854199912,1652.209831057962,defcd99179681e355c888624a10e6f1bc07acf46ff1159385f23409465c7acdf,c2bde4122f8e629b7131447d6907aa201815ff06de0f7dc4e55c5bf3772828c8,6cc99dd8aab4edde,6ce059b7b00cb684,48,81920,0.045619091,11.841600001,15.371958774295218,26.079008698832993,9.235309627898852,False,882000,882000,882000,32219.0
sqam/27_castanets_single_tone_rhythm_stereo.wav,sqam,normalized,candidate,rgs,high,882000,44100,882000,44100,2,712532,7,20.0,285.01279999999997,69.313999996,71.2516500012,71.85153000264,10.728299998,10.7720399996,10.77760799912,1864.2282564552124,defcd99179681e355c888624a10e6f1bc07acf46ff1159385f23409465c7acdf,c2bde4122f8e629b7131447d6907aa201815ff06de0f7dc4e55c5bf3772828c8,6cc99dd8aab4edde,6ce059b7b00cb684,48,81920,0.042294515,10.667300001,15.371958774295218,26.079008698832993,9.235309627898852,False,882000,882000,882000,32219.0
sqam/27_castanets_single_tone_rhythm_stereo.wav,sqam,normalized,baseline,rgs,medium,882000,44100,882000,44100,2,542576,7,20.0,217.0304,179.370200001,180.9925199997,181.22810399994,12.1017,12.2459299984,12.24806599888,1652.6603700306568,7c6d0999c8a10571f05d1dc7f6536b7013cba63837c156ef1e6c137a989f819e,85f045afe4e98b1768be40f7264f5e041303ab675229d5272ea7a578dc85b655,efff3dc87e7a36be,729dfce9607ed3d4,48,81920,0.044028947,12.055500001,14.128621183313324,19.721354711749704,11.460340012936305,False,882000,882000,882000,39516.0
sqam/27_castanets_single_tone_rhythm_stereo.wav,sqam,normalized,candidate,rgs,medium,882000,44100,882000,44100,2,542576,7,20.0,217.0304,150.8693,154.5498500026,154.82429000452,10.938599996,11.3315499956,11.43894999512,1828.3875456926435,7c6d0999c8a10571f05d1dc7f6536b7013cba63837c156ef1e6c137a989f819e,85f045afe4e98b1768be40f7264f5e041303ab675229d5272ea7a578dc85b655,efff3dc87e7a36be,729dfce9607ed3d4,48,81920,0.042135714,10.820900001,14.128621183313324,19.721354711749704,11.460340012936305,False,882000,882000,882000,39516.0
sqam/27_castanets_single_tone_rhythm_stereo.wav,sqam,normalized,baseline,rgs,low,882000,44100,882000,44100,2,540556,7,20.0,216.2224,187.835099995,191.0153900004,191.68059800088,12.468399994,12.5644200018,12.56480400276,1604.0550519412539,88c108d71d080f05881be240c1b71cbb22a557f1f781837804c88beac1108ab1,15c3a6b094f52a3646f91eb0b5a31a3c3adc9684d9ce7e73511ee2bef30ef5df,ba963251fc733ea1,9ffedca45c3d4f9c,48,81920,0.045084234,12.273800001,12.376743683208627,19.389573685346267,11.566957693573752,False,882000,882000,882000,39878.0
sqam/27_castanets_single_tone_rhythm_stereo.wav,sqam,normalized,candidate,rgs,low,882000,44100,882000,44100,2,540556,7,20.0,216.2224,149.970599994,151.6675700016,151.97455400352,10.988600001,11.6040899986,11.755217998120001,1820.068070380206,88c108d71d080f05881be240c1b71cbb22a557f1f781837804c88beac1108ab1,15c3a6b094f52a3646f91eb0b5a31a3c3adc9684d9ce7e73511ee2bef30ef5df,ba963251fc733ea1,9ffedca45c3d4f9c,48,81920,0.041446281,10.905299999,12.376743683208627,19.389573685346267,11.566957693573752,False,882000,882000,882000,39878.0
sqam/27_castanets_single_tone_rhythm_stereo.wav,sqam,normalized,reference,pcm,default,882000,44100,882000,44100,2,3528044,7,20.0,1411.2176000000002,0.104297917,0.10913576109999999,0.10923150022,0.108866304,0.12074635569999999,0.12442027114,183711.5734176114,5b8387fbddef6d96310eaf5ac1d3d5162eeb35f84fd2f9e7d19f0bdb780e09c2,5b8387fbddef6d96310eaf5ac1d3d5162eeb35f84fd2f9e7d19f0bdb780e09c2,f35ab5fac6cdc026,a0f131ed3bb19ce5,,,,,,60.0,0.0,True,882000,882000,882000,0.0
sqam/27_castanets_single_tone_rhythm_stereo.wav,sqam,normalized,reference,qoa,default,882000,44100,882000,44100,2,712528,7,20.0,285.01120000000003,46.444200002,46.8765899992,46.93579799824,5.313850001,5.6994300004,5.79468600088,3763.7494464910096,1551db265bdb31c97f614ed21cbe7c7746c6eb5d6f1ba181cc29c175133af347,c2bde4122f8e629b7131447d6907aa201815ff06de0f7dc4e55c5bf3772828c8,54cbcf15d22cd8db,6ce059b7b00cb684,268,81920,0.030036036,,15.371958774295218,26.079008698832993,9.235309627898852,False,882000,882000,882000,32219.0
sqam/27_castanets_single_tone_rhythm_stereo.wav,sqam,normalized,reference,ima,default,882000,44100,882000,44100,2,886844,7,20.0,354.7376,15.506999999,16.200480000099997,16.40385600082,10.550100006,10.716890003,10.724498003,1895.7166272002826,7514fbaac6c10357943f961bc013a6ce47a230057e5957a9524810a714964451,992e1f0bac1fac067332f6bf3b8ec091ee51c26914d1925f8b813e647184453a,e984df3c0a28c9aa,1c42a5cbf74e9768,,,,,18.255511856144114,28.497950387330974,8.671984936264408,False,882000,882000,882000,16207.0
sqam/28_side_drum_stereo.wav,sqam,normalized,baseline,rgs,high,3351600,44100,3351600,44100,2,2707492,7,76.0,284.99915789473687,213.694699995,217.18934999939998,217.83890999987997,41.584700003,41.9913799992,42.029875998239994,1827.595245234839,24eb3415f5277bf1adf7abfe3fe0947892c73475df3580b3c25f4f5db6f31ab9,6d35792ec26b40356bafeb48d35a9c5b5f088e981ccc5a4533ec7a9fc68fe6de,c48f4f64d7321e66,d0f840c06213a343,48,81920,0.045985321,41.664999999,35.47683416031722,30.397181457714503,6.889266163257141,False,3351600,3351600,3351600,1125.0
sqam/28_side_drum_stereo.wav,sqam,normalized,candidate,rgs,high,3351600,44100,3351600,44100,2,2707492,7,76.0,284.99915789473687,211.961599998,212.7013099956,212.85234199512,36.228600003,36.9960499989,37.02832999818,2097.7901435249123,24eb3415f5277bf1adf7abfe3fe0947892c73475df3580b3c25f4f5db6f31ab9,6d35792ec26b40356bafeb48d35a9c5b5f088e981ccc5a4533ec7a9fc68fe6de,c48f4f64d7321e66,d0f840c06213a343,48,81920,0.042906838,35.841899998,35.47683416031722,30.397181457714503,6.889266163257141,False,3351600,3351600,3351600,1125.0
sqam/28_side_drum_stereo.wav,sqam,normalized,baseline,rgs,medium,3351600,44100,3351600,44100,2,2037374,7,76.0,214.46042105263157,640.3653,649.6834100016,650.74764200112,40.262800001,42.4568299977,42.62120599794,1887.598477952661,76a75c433d65012a109fa86758fcfe8416bd0d30180c3345fead43d61fa7bd01,1fe2ee33dd542f1411c671a47d005d8f70c19c902862b2840c5e746761b26bf6,333e91a78e2885af,7f5757d5a2ec860b,48,81920,0.04362087,39.6021,28.143865821902658,24.76593540097714,8.783520886791418,False,3351600,3351600,3351600,1670.0
sqam/28_side_drum_stereo.wav,sqam,normalized,candidate,rgs,medium,3351600,44100,3351600,44100,2,2037374,7,76.0,214.46042105263157,427.7315,437.623829999,440.686685999,35.687199995,37.2751300007,37.59310600094,2129.615100390282,76a75c433d65012a109fa86758fcfe8416bd0d30180c3345fead43d61fa7bd01,1fe2ee33dd542f1411c671a47d005d8f70c19c902862b2840c5e746761b26bf6,333e91a78e2885af,7f5757d5a2ec860b,48,81920,0.040609717,35.048799999,28.143865821902658,24.76593540097714,8.783520886791418,False,3351600,3351600,3351600,1670.0
sqam/28_side_drum_stereo.wav,sqam,normalized,baseline,rgs,low,3351600,44100,3351600,44100,2,2037172,7,76.0,214.43915789473687,641.951399997,655.6229399958,658.81162799436,40.458700001,40.820110001,40.861942001,1878.4587739626222,d344a9a43efd136461facce0d6c2f2a49b83c6cd13f8dc965366cd91b7f31083,16021469f72498a6eac6491d1207d016de1a6cfbf2eae0ebeb03d3734e715bb7,811b048a4f06da35,b065ac62d787fe28,48,81920,0.043506522,39.733800001,28.139254769900603,24.77385510233685,8.776034364374905,False,3351600,3351600,3351600,1677.0
sqam/28_side_drum_stereo.wav,sqam,normalized,candidate,rgs,low,3351600,44100,3351600,44100,2,2037172,7,76.0,214.43915789473687,433.6602,441.2770799993,442.69869599906,35.4815,37.4693799962,38.04259599524,2141.9613037780255,d344a9a43efd136461facce0d6c2f2a49b83c6cd13f8dc965366cd91b7f31083,16021469f72498a6eac6491d1207d016de1a6cfbf2eae0ebeb03d3734e715bb7,811b048a4f06da35,b065ac62d787fe28,48,81920,0.040877143,35.364200003,28.139254769900603,24.77385510233685,8.776034364374905,False,3351600,3351600,3351600,1677.0
sqam/28_side_drum_stereo.wav,sqam,normalized,reference,pcm,default,3351600,44100,3351600,44100,2,13406444,7,76.0,1411.2046315789473,0.431454166,0.48758090909999996,0.49363046742,0.445313044,0.4909038093,0.49221123786,170666.45817812605,956a3322d2c3f69ee9551a1bbed07f2a49574c08d2f084597e01101020a967a6,956a3322d2c3f69ee9551a1bbed07f2a49574c08d2f084597e01101020a967a6,695798cd1b436140,f141488fe78e2cff,,,,,,60.0,0.0,True,3351600,3351600,3351600,0.0
sqam/28_side_drum_stereo.wav,sqam,normalized,reference,qoa,default,3351600,44100,3351600,44100,2,2707488,7,76.0,284.9987368421053,142.583300002,143.4914100042,143.69716200564,20.001500003,20.646430001600002,20.70832600352,3799.7150208034823,ff00a6febb1d178929ba9487845d4a9406ace37856513e1cfdaba5918391ed4f,6d35792ec26b40356bafeb48d35a9c5b5f088e981ccc5a4533ec7a9fc68fe6de,ce2cd220b33ad105,d0f840c06213a343,268,81920,0.029736795,,35.47683416031722,30.397181457714503,6.889266163257141,False,3351600,3351600,3351600,1125.0
sqam/28_side_drum_stereo.wav,sqam,normalized,reference,ima,default,3351600,44100,3351600,44100,2,3364924,7,76.0,354.2025263157895,51.259599999,51.7753900006,51.84275800012,37.059900001,37.836690001899996,37.98901800358,2050.7340817959375,5a10aed0567d6a64f46aa67014c4e95af3be090efed018ae39ce309264192c49,0a8932230588efeba7b63db7a41ec92503db22e213f9e3f8dccfd76c96b6d64d,ec996062dbb9fab3,731eedbf32e087ac,,,,,35.815173560873795,35.4085780630876,5.958326840220873,False,3351600,3351600,3351600,2195.0
sqam/29_bass_drum_single_tone_stereo.wav,sqam,normalized,baseline,rgs,high,1058400,44100,1058400,44100,2,855012,7,24.0,285.004,46.907500006,47.9562700042,47.99469400564,11.625,12.3588800013,12.53801600106,2064.516129032258,fd3542a9fc85ad7cdfbbaff26843d84fbdbe44502c6c701d8bfc9ecafeff96e3,efe5648c90419ac95f089ec68275c1a75e279e0cadf0f6033646de6b6ff1285a,593f448fc3ff6b37,623afafa3db18161,48,81920,0.045902752,11.700400002,56.5277444702481,44.21548863595164,6.688504526793923,False,1058400,1058400,1058400,350.0
sqam/29_bass_drum_single_tone_stereo.wav,sqam,normalized,candidate,rgs,high,1058400,44100,1058400,44100,2,855012,7,24.0,285.004,47.294599995,50.6326000014,51.39244000188,10.122400001,10.5145900004,10.549798000880001,2370.9792141813223,fd3542a9fc85ad7cdfbbaff26843d84fbdbe44502c6c701d8bfc9ecafeff96e3,efe5648c90419ac95f089ec68275c1a75e279e0cadf0f6033646de6b6ff1285a,593f448fc3ff6b37,623afafa3db18161,48,81920,0.043127155,10.1131,56.5277444702481,44.21548863595164,6.688504526793923,False,1058400,1058400,1058400,350.0
sqam/29_bass_drum_single_tone_stereo.wav,sqam,normalized,baseline,rgs,medium,1058400,44100,1058400,44100,2,643332,7,24.0,214.444,123.635799997,124.4883000019,124.59150000358,11.592799999,12.986849997599998,13.386329997119999,2070.250500489118,ddef8a61d3c50cefc585b62de00d4d001b11da14b2d5b44e5cfa0f27fa3b4690,31d73d777eb3a6d0d90d5a5f9f04c644fc46ce35a093a57113b278171b06dc73,8fb7cfea9d264810,e2c411f11d692b88,48,81920,0.044598222,11.706500001,48.39529547836794,38.74760770276859,9.897437283025198,False,1058400,1058400,1058400,798.0
sqam/29_bass_drum_single_tone_stereo.wav,sqam,normalized,candidate,rgs,medium,1058400,44100,1058400,44100,2,643332,7,24.0,214.444,84.465700001,91.1270199972,91.93716399624,10.209699996,10.4405799999,10.44475599918,2350.7057023617563,ddef8a61d3c50cefc585b62de00d4d001b11da14b2d5b44e5cfa0f27fa3b4690,31d73d777eb3a6d0d90d5a5f9f04c644fc46ce35a093a57113b278171b06dc73,8fb7cfea9d264810,e2c411f11d692b88,48,81920,0.041230864,10.049999997,48.39529547836794,38.74760770276859,9.897437283025198,False,1058400,1058400,1058400,798.0
sqam/29_bass_drum_single_tone_stereo.wav,sqam,normalized,baseline,rgs,low,1058400,44100,1058400,44100,2,643332,7,24.0,214.444,123.054899998,130.7148200009,132.44368400017999,11.698399998,11.945079998099999,11.955015996419998,2051.5626072029618,ddef8a61d3c50cefc585b62de00d4d001b11da14b2d5b44e5cfa0f27fa3b4690,31d73d777eb3a6d0d90d5a5f9f04c644fc46ce35a093a57113b278171b06dc73,8fb7cfea9d264810,e2c411f11d692b88,48,81920,0.044403982,11.775600001,48.39529547836794,38.74760770276859,9.897437283025198,False,1058400,1058400,1058400,798.0
sqam/29_bass_drum_single_tone_stereo.wav,sqam,normalized,candidate,rgs,low,1058400,44100,1058400,44100,2,643332,7,24.0,214.444,85.542800002,86.5450600013,86.59229200346,10.359099999,10.442619996,10.443243996,2316.803583546525,ddef8a61d3c50cefc585b62de00d4d001b11da14b2d5b44e5cfa0f27fa3b4690,31d73d777eb3a6d0d90d5a5f9f04c644fc46ce35a093a57113b278171b06dc73,8fb7cfea9d264810,e2c411f11d692b88,48,81920,0.041558506,10.231999993,48.39529547836794,38.74760770276859,9.897437283025198,False,1058400,1058400,1058400,798.0
sqam/29_bass_drum_single_tone_stereo.wav,sqam,normalized,reference,pcm,default,1058400,44100,1058400,44100,2,4233644,7,24.0,1411.2146666666667,0.128262025,0.1320934192,0.13238815744,0.127959494,0.133478087,0.134841563,187559.35374361512,3aef54abe0da60b7abe93411111d0e16ae650c5eb58b1644f635807a7049da74,3aef54abe0da60b7abe93411111d0e16ae650c5eb58b1644f635807a7049da74,6a359f38f98a7872,0d2a13961315d4fd,,,,,,60.0,0.0,True,1058400,1058400,1058400,0.0
sqam/29_bass_drum_single_tone_stereo.wav,sqam,normalized,reference,qoa,default,1058400,44100,1058400,44100,2,855008,7,24.0,285.0026666666667,35.3517,35.9682599996,36.00277199912,6.348999999,6.754145000299999,6.82706900006,3780.1228545881436,fc8cbcaccd665e1420f9a2cf72601c20168ce7c74efb7ed77754e313ab9be45e,efe5648c90419ac95f089ec68275c1a75e279e0cadf0f6033646de6b6ff1285a,38ee9e87f2e05fef,623afafa3db18161,268,81920,0.030374545,,56.5277444702481,44.21548863595164,6.688504526793923,False,1058400,1058400,1058400,350.0
sqam/29_bass_drum_single_tone_stereo.wav,sqam,normalized,reference,ima,default,1058400,44100,1058400,44100,2,1062972,7,24.0,354.324,13.732300006,14.072330002000001,14.087426002,10.481300004,10.7106000005,10.7394000017,2289.7922958832237,212ec50e97733975a446b2ff9d8e91dd387ce3cf4cd72cc569816f19f39d0c30,0b1385d945d26cd67d4992a98c369fba936ec6dfbafcf4d7f469d1832b2b0e01,16da577dcc266194,fb8740cefc3a136b,,,,,51.63567247853871,48.14428173205133,6.136908220611193,False,1058400,1058400,1058400,289.0
sqam/30_kettle_drums_single_tone_stereo.wav,sqam,normalized,baseline,rgs,high,1146600,44100,1146600,44100,2,926252,7,26.0,285.0006153846154,52.783599995,54.1312400027,54.43392800534,12.713800006,12.9740799993,12.99793599906,2045.0219436934567,c2ec0d2f9a9641002e29260e7fb92c8e12268ef476d6616eef62947ae0717299,5118842c99aa67cf0309801a044246a19c98d3b306ba541913046845d478d584,9f98be2ee3cc9c2f,55c6457f81f35882,48,81920,0.045786301,12.8134,49.28904000620327,44.66920873488275,7.434134642969661,False,1146600,1146600,1146600,445.0
sqam/30_kettle_drums_single_tone_stereo.wav,sqam,normalized,candidate,rgs,high,1146600,44100,1146600,44100,2,926252,7,26.0,285.0006153846154,51.473800004,54.713909999100004,55.32694199982,11.257799998,12.0763099968,12.303901997759999,2309.5098513580824,c2ec0d2f9a9641002e29260e7fb92c8e12268ef476d6616eef62947ae0717299,5118842c99aa67cf0309801a044246a19c98d3b306ba541913046845d478d584,9f98be2ee3cc9c2f,55c6457f81f35882,48,81920,0.043088412,11.058900006,49.28904000620327,44.66920873488275,7.434134642969661,False,1146600,1146600,1146600,445.0
sqam/30_kettle_drums_single_tone_stereo.wav,sqam,normalized,baseline,rgs,medium,1146600,44100,1146600,44100,2,696932,7,26.0,214.44061538461537,140.3046,141.7427500002,141.88279000164002,13.096599996,14.3198299992,14.59484599824,1985.2480802606015,514043ad83fd3143a2c4a47512f3ff13f0738be47bb1e63d718baff970bf79ff,e667730ebd92509c790057f784ad7bd9931a10858178968ed15a71bc221e44a1,23dafa76151f43b5,43c2aba6ae93fe13,48,81920,0.04416652,12.677500002,42.78702420923896,39.638129797596555,10.289070917049287,False,1146600,1146600,1146600,478.0
sqam/30_kettle_drums_single_tone_stereo.wav,sqam,normalized,candidate,rgs,medium,1146600,44100,1146600,44100,2,696932,7,26.0,214.44061538461537,96.387800001,97.4096599994,97.47033199988,11.384900004,11.8989099953,11.94506199506,2283.726689814148,514043ad83fd3143a2c4a47512f3ff13f0738be47bb1e63d718baff970bf79ff,e667730ebd92509c790057f784ad7bd9931a10858178968ed15a71bc221e44a1,23dafa76151f43b5,43c2aba6ae93fe13,48,81920,0.04143595,11.178400002,42.78702420923896,39.638129797596555,10.289070917049287,False,1146600,1146600,1146600,478.0
sqam/30_kettle_drums_single_tone_stereo.wav,sqam,normalized,baseline,rgs,low,1146600,44100,1146600,44100,2,696932,7,26.0,214.44061538461537,142.935400002,145.9223800063,146.73511600606,13.0462,14.1153399976,14.45354799712,1992.917477886281,514043ad83fd3143a2c4a47512f3ff13f0738be47bb1e63d718baff970bf79ff,e667730ebd92509c790057f784ad7bd9931a10858178968ed15a71bc221e44a1,23dafa76151f43b5,43c2aba6ae93fe13,48,81920,0.045134234,12.897399999,42.78702420923896,39.638129797596555,10.289070917049287,False,1146600,1146600,1146600,478.0
sqam/30_kettle_drums_single_tone_stereo.wav,sqam,normalized,candidate,rgs,low,1146600,44100,1146600,44100,2,696932,7,26.0,214.44061538461537,96.291100003,97.1806099974,97.31700199788,11.344399996,11.4425899968,11.45835799536,2291.8796947540213,514043ad83fd3143a2c4a47512f3ff13f0738be47bb1e63d718baff970bf79ff,e667730ebd92509c790057f784ad7bd9931a10858178968ed15a71bc221e44a1,23dafa76151f43b5,43c2aba6ae93fe13,48,81920,0.041976987,11.2619,42.78702420923896,39.638129797596555,10.289070917049287,False,1146600,1146600,1146600,478.0
sqam/30_kettle_drums_single_tone_stereo.wav,sqam,normalized,reference,pcm,default,1146600,44100,1146600,44100,2,4586444,7,26.0,1411.2135384615385,0.136762162,0.14579306369999998,0.14748449513999998,0.130006493,0.1457721946,0.14640429412,199990.0112681295,ee932588b8ae8af36ecfdca8a9a5eb02cc3195206c4de705e11345be0f891797,ee932588b8ae8af36ecfdca8a9a5eb02cc3195206c4de705e11345be0f891797,ebea2152cadfdf1e,9d6eb753521ab321,,,,,,60.0,0.0,True,1146600,1146600,1146600,0.0
sqam/30_kettle_drums_single_tone_stereo.wav,sqam,normalized,reference,qoa,default,1146600,44100,1146600,44100,2,926248,7,26.0,284.9993846153846,38.208700001,39.1951499987,39.21470999894,6.950750001,7.0761100003,7.10678200006,3740.603531454792,0b6251a45c7582440db4912b242e342d535f1cd8c417c3aa1d48211e704736fd,5118842c99aa67cf0309801a044246a19c98d3b306ba541913046845d478d584,d49f0b8137e3edeb,55c6457f81f35882,268,81920,0.029867761,,49.28904000620327,44.66920873488275,7.434134642969661,False,1146600,1146600,1146600,445.0
sqam/30_kettle_drums_single_tone_stereo.wav,sqam,normalized,reference,ima,default,1146600,44100,1146600,44100,2,1151036,7,26.0,354.16492307692306,16.191099994,17.348069997,17.670893997,12.853299998,13.375450002300001,13.45477000206,2022.8268229984246,611dbd6fa16e31a570b9290ad8c30975962075aa7e0a0af17d8a69cb3e57dd6f,404db837802fafb811848b5d21bb5f22b7c23400bb0f2c786de04c608cca7403,53bcf0583f08af60,88adbd6e27aef3de,,,,,48.39172569133426,47.47980893688105,7.9198584708775,False,1146600,1146600,1146600,109.0
sqam/31_cymbal.wav,sqam,normalized,baseline,rgs,high,5468400,44100,5468400,44100,2,4417492,7,124.0,284.99948387096777,415.505800001,417.91064000029996,418.19868800006,70.281499997,70.9812000011,71.05535999942,1764.3334306366967,573d40b5ae7459476103936d14421821000bef76f84524639489d97700c95915,b60c51ab54d60523ce05b95f289c67a7416b9e844adeb69f6706ff639534725d,ba742c2d69e7f225,fd48fb3ec4180c24,48,81920,0.044712054,71.697099999,23.581119402740836,30.83296481352587,9.251969948298001,False,5468400,5468400,5468400,9801.0
sqam/31_cymbal.wav,sqam,normalized,candidate,rgs,high,5468400,44100,5468400,44100,2,4417492,7,124.0,284.99948387096777,402.258000001,410.0795,411.35006000000004,62.020399995,62.852529999299996,62.88874599906,1999.3421520982888,573d40b5ae7459476103936d14421821000bef76f84524639489d97700c95915,b60c51ab54d60523ce05b95f289c67a7416b9e844adeb69f6706ff639534725d,ba742c2d69e7f225,fd48fb3ec4180c24,48,81920,0.041543983,60.982700005,23.581119402740836,30.83296481352587,9.251969948298001,False,5468400,5468400,5468400,9801.0
sqam/31_cymbal.wav,sqam,normalized,baseline,rgs,medium,5468400,44100,5468400,44100,2,3348004,7,124.0,216.00025806451612,1007.362099998,1022.4286699984999,1023.8475739973,72.319700003,73.7355199985,74.1071839973,1714.6088824325348,ee489a2dc2df55385138365e40ac79f8040f443a16a7f8d02d819f1554139c85,b478609e4ba4468a07a9155b3ebf785b45c1bb32be6e7505ab403cb0caaa5e87,3390b7a5349c846a,cd157a00881cf4c0,48,81920,0.043604348,71.941799998,18.757375847715153,24.688102860361127,12.239941086033198,False,5468400,5468400,5468400,11494.0
sqam/31_cymbal.wav,sqam,normalized,candidate,rgs,medium,5468400,44100,5468400,44100,2,3348004,7,124.0,216.00025806451612,716.880499996,755.9783399994,763.9396679998799,64.073699996,64.7163200003,64.77190400246,1935.2714141331167,ee489a2dc2df55385138365e40ac79f8040f443a16a7f8d02d819f1554139c85,b478609e4ba4468a07a9155b3ebf785b45c1bb32be6e7505ab403cb0caaa5e87,3390b7a5349c846a,cd157a00881cf4c0,48,81920,0.04083551,63.908599995,18.757375847715153,24.688102860361127,12.239941086033198,False,5468400,5468400,5468400,11494.0
sqam/31_cymbal.wav,sqam,normalized,baseline,rgs,low,5468400,44100,5468400,44100,2,3325244,7,124.0,214.53187096774195,1060.049699999,1102.8347799991,1110.22207599742,72.585199997,74.2398499966,74.34460999612,1708.3372368626801,ef6dc9073af998717b1bb26cc210907e4e3ddc9371de2b36f984d53ff2af0a1d,3f9030909edeef8073e4fa99db2881548be825af22486a79db785355d90a22ab,0109128e573e1929,2e5f261039d3dac0,48,81920,0.043536957,71.430399999,16.068764184190773,24.57012323411094,12.240858190738683,False,5468400,5468400,5468400,15555.0
sqam/31_cymbal.wav,sqam,normalized,candidate,rgs,low,5468400,44100,5468400,44100,2,3325244,7,124.0,214.53187096774195,717.449900001,742.4195600016,745.3415120035199,63.516999997,64.452519998,64.557303998,1952.2332604791898,ef6dc9073af998717b1bb26cc210907e4e3ddc9371de2b36f984d53ff2af0a1d,3f9030909edeef8073e4fa99db2881548be825af22486a79db785355d90a22ab,0109128e573e1929,2e5f261039d3dac0,48,81920,0.04075813,62.820100002,16.068764184190773,24.57012323411094,12.240858190738683,False,5468400,5468400,5468400,15555.0
sqam/31_cymbal.wav,sqam,normalized,reference,pcm,default,5468400,44100,5468400,44100,2,21873644,7,124.0,1411.2028387096773,0.870083333,0.9445540911,0.9610126366199999,0.902733333,1.04925,1.0567140000000002,137360.60857298598,dbb4a50c92c05f00c7bc7fcd63154de5cfed4b543920ea03d2463c2ce63418be,dbb4a50c92c05f00c7bc7fcd63154de5cfed4b543920ea03d2463c2ce63418be,7df904a4dda72b92,53b1c983c54ccaa5,,,,,,60.0,0.0,True,5468400,5468400,5468400,0.0
sqam/31_cymbal.wav,sqam,normalized,reference,qoa,default,5468400,44100,5468400,44100,2,4417488,7,124.0,284.99922580645165,267.549500003,273.323410006,274.921642006,32.383300006,32.8781499996,32.98650999912,3829.134151770363,796863dbe6bbf9ebcf9afff265b44ad89bd552c0840ed552aeef000ab23b3baa,b60c51ab54d60523ce05b95f289c67a7416b9e844adeb69f6706ff639534725d,6462533d8a76b473,fd48fb3ec4180c24,268,81920,0.029690504,,23.581119402740836,30.83296481352587,9.251969948298001,False,5468400,5468400,5468400,9801.0
sqam/31_cymbal.wav,sqam,normalized,reference,ima,default,5468400,44100,5468400,44100,2,5488700,7,124.0,354.10967741935485,86.429299995,89.4319600013,89.43575200106001,64.536499999,66.40278000069999,66.61935600093999,1921.3933200889635,9cfeb1ad7b8805751c6c678b9543c73ee690365cd0d93ecae21fbd2d71ab1bbb,e5a5038c8c7d049cda6b514e96491d78cc64913691dcfe6f7edf453ceaaea21e,f0560b35d46e3bd8,76dfb758244d4ecc,,,,,22.050300868545737,33.323247973078786,9.205063763468088,False,5468400,5468400,5468400,10237.0
sqam/32_triangles-triangle_roll_stereo.wav,sqam,normalized,baseline,rgs,high,3263400,44100,3263400,44100,2,2636252,7,74.0,285.0002162162162,341.670600004,354.2137499961,357.73202999681996,43.808600001,44.401060002799994,44.41421200376,1689.1660541151928,17d0a4d23b7364a25014868ec5c2eff3e2a19c2e79a277234c213deb7c0d7480,9488f4f1765aa07eef314baad49adc29511ae228baa9b1c65ffd569b64709708,da2f8c8e444f712b,c71fefea2955db18,48,81920,0.045630455,43.855999999,22.41336986038376,34.60232440567896,12.59139742263691,False,3263400,3263400,3263400,9249.0
sqam/32_triangles-triangle_roll_stereo.wav,sqam,normalized,candidate,rgs,high,3263400,44100,3263400,44100,2,2636252,7,74.0,285.0002162162162,338.505600005,344.6211400018,346.12646800276,38.1259,39.430089998599996,39.70505800052,1940.9377876981264,17d0a4d23b7364a25014868ec5c2eff3e2a19c2e79a277234c213deb7c0d7480,9488f4f1765aa07eef314baad49adc29511ae228baa9b1c65ffd569b64709708,da2f8c8e444f712b,c71fefea2955db18,48,81920,0.043044635,38.030900002,22.41336986038376,34.60232440567896,12.59139742263691,False,3263400,3263400,3263400,9249.0
sqam/32_triangles-triangle_roll_stereo.wav,sqam,normalized,baseline,rgs,medium,3263400,44100,3263400,44100,2,1991034,7,74.0,215.2469189189189,689.049100004,693.2182400019,693.56460800358,45.389599994,48.7398299997,49.621565999939996,1630.3294148831885,f595797e2ab1b783d38afcbc88f156008814971a5a8a8bf8565913a8a6447c9b,0eb79844825d529dffdbc6b97105af4f49f82243de220dd1c0dacf60ee166a81,74f7335197c02cda,6e3149baa450b80f,48,81920,0.044886099,45.330799997,16.644265573508,27.07761537596389,17.01743964099001,False,3263400,3263400,3263400,3729.0
sqam/32_triangles-triangle_roll_stereo.wav,sqam,normalized,candidate,rgs,medium,3263400,44100,3263400,44100,2,1991034,7,74.0,215.2469189189189,481.299099997,506.86221999569995,509.04396399354,39.066800006,40.918039997499996,41.0186479963,1894.191487110151,f595797e2ab1b783d38afcbc88f156008814971a5a8a8bf8565913a8a6447c9b,0eb79844825d529dffdbc6b97105af4f49f82243de220dd1c0dacf60ee166a81,74f7335197c02cda,6e3149baa450b80f,48,81920,0.040752439,39.464899994,16.644265573508,27.07761537596389,17.01743964099001,False,3263400,3263400,3263400,3729.0
sqam/32_triangles-triangle_roll_stereo.wav,sqam,normalized,baseline,rgs,low,3263400,44100,3263400,44100,2,1984650,7,74.0,214.55675675675676,718.680799998,743.4528300005,744.9818460017,45.462200001,50.3158999988,51.707899999759995,1627.7258909241584,1787f57baa8ef63ab3c0f29561751ff71b94330358022a689c790598677ece94,67e288c33543e06a5fc18e38b05d3abd8a0710e05e66b71ab46dd27bb3197a60,defc99d3a39cd770,9de680484ff94cdc,48,81920,0.044201762,43.822400004,15.610416789621196,27.032336853326512,17.073521218227246,False,3263400,3263400,3263400,9062.0
sqam/32_triangles-triangle_roll_stereo.wav,sqam,normalized,candidate,rgs,low,3263400,44100,3263400,44100,2,1984650,7,74.0,214.55675675675676,485.0264,500.9294800006,503.06125600012,39.471300006,39.6799299991,39.71134599982,1874.7799030878466,1787f57baa8ef63ab3c0f29561751ff71b94330358022a689c790598677ece94,67e288c33543e06a5fc18e38b05d3abd8a0710e05e66b71ab46dd27bb3197a60,defc99d3a39cd770,9de680484ff94cdc,48,81920,0.041899163,39.880000003,15.610416789621196,27.032336853326512,17.073521218227246,False,3263400,3263400,3263400,9062.0
sqam/32_triangles-triangle_roll_stereo.wav,sqam,normalized,reference,pcm,default,3263400,44100,3263400,44100,2,13053644,7,74.0,1411.2047567567568,0.438282609,0.49241619049999996,0.49612133329999997,0.433566667,0.8104343636999997,0.9084141455399998,170677.32746161503,72d41a59cc8dc5bb3120099b2995ce58fd3654aba8d24d43ccb950cf45f6f4ce,72d41a59cc8dc5bb3120099b2995ce58fd3654aba8d24d43ccb950cf45f6f4ce,11bc7dff1b9d450a,88f8194ffecbb265,,,,,,60.0,0.0,True,3263400,3263400,3263400,0.0
sqam/32_triangles-triangle_roll_stereo.wav,sqam,normalized,reference,qoa,default,3263400,44100,3263400,44100,2,2636248,7,74.0,284.9997837837838,221.613800004,224.9354800026,225.39949600212,19.4868,20.5167699993,20.731833999059997,3797.442371246177,e20637952a7f68e3437085b02887476d63d3d60c84190bd514dfb7ff3851b542,9488f4f1765aa07eef314baad49adc29511ae228baa9b1c65ffd569b64709708,2643b4a17a558954,c71fefea2955db18,268,81920,0.030529878,,22.41336986038376,34.60232440567896,12.59139742263691,False,3263400,3263400,3263400,9249.0
sqam/32_triangles-triangle_roll_stereo.wav,sqam,normalized,reference,ima,default,3263400,44100,3263400,44100,2,3274812,7,74.0,354.0337297297297,60.331600003,61.6868000008,61.85983999936,44.197300002,44.5901300021,44.66570600282,1674.310421601577,c6294fbe150c6f72848d878483f5219e3729c7ad43046563597cc51912767e38,86bd2f8beb41b738b488903c80e404d7963795adea8a81f3666afd57a3f7b7bd,bd1170977242e10f,b7831af0f08ecd59,,,,,20.66836795582262,35.04683558346367,14.118368840681212,False,3263400,3263400,3263400,6211.0
sqam/33_gong_single_tone_forte_single_tone_piano_roll_stereo.wav,sqam,normalized,baseline,rgs,high,11730600,44100,11730600,44100,2,9476172,7,266.0,284.99765413533834,606.006499998,633.1729699967001,634.49467399694,132.952399999,140.155140004,141.456228004,2000.7160457577354,b5598657dbdd685d9258dbe601629bfcb3dae3b6abf6b73054e9113528a2bb4b,0dbdfd3b8e532f795883d2f55aa8e4f23f439bb6bdf9e49d6b64240a9eb39010,0aa8da5e5aca4304,85413a342bd84033,48,81920,0.045477273,135.3323,39.551110326929674,44.30560251180043,8.175896745859434,False,11730600,11730600,11730600,526.0
sqam/33_gong_single_tone_forte_single_tone_piano_roll_stereo.wav,sqam,normalized,candidate,rgs,high,11730600,44100,11730600,44100,2,9476172,7,266.0,284.99765413533834,596.398199998,627.6721199999,630.69986399918,114.398900002,121.0437700001,122.23875400082,2325.197182799394,b5598657dbdd685d9258dbe601629bfcb3dae3b6abf6b73054e9113528a2bb4b,0dbdfd3b8e532f795883d2f55aa8e4f23f439bb6bdf9e49d6b64240a9eb39010,0aa8da5e5aca4304,85413a342bd84033,48,81920,0.041799167,114.493299998,39.551110326929674,44.30560251180043,8.175896745859434,False,11730600,11730600,11730600,526.0
sqam/33_gong_single_tone_forte_single_tone_piano_roll_stereo.wav,sqam,normalized,baseline,rgs,medium,11730600,44100,11730600,44100,2,7131010,7,266.0,214.46646616541352,1688.914899997,1725.6207300034,1727.49438600388,136.004299998,148.4042600027,152.00565200294,1955.8205145272,8f4fb9983005289baa2069c6afbfa8bc4f67b6755dff67747061fe698bae5dc1,d10647795b65ebf925918c80f8d4d2df69fcb002d4d907d4fd420814b5ffbf34,e2fedabe33d887aa,667667009f01df4e,48,81920,0.043981579,137.107199997,29.52612934214251,37.75677947567282,11.814056041666236,False,11730600,11730600,11730600,1517.0
sqam/33_gong_single_tone_forte_single_tone_piano_roll_stereo.wav,sqam,normalized,candidate,rgs,medium,11730600,44100,11730600,44100,2,7131010,7,266.0,214.46646616541352,1149.476100005,1168.8141300026,1169.7637860045202,117.823599994,124.7635099998,126.88902200076,2257.6122272069915,8f4fb9983005289baa2069c6afbfa8bc4f67b6755dff67747061fe698bae5dc1,d10647795b65ebf925918c80f8d4d2df69fcb002d4d907d4fd420814b5ffbf34,e2fedabe33d887aa,667667009f01df4e,48,81920,0.041165432,119.099399999,29.52612934214251,37.75677947567282,11.814056041666236,False,11730600,11730600,11730600,1517.0
sqam/33_gong_single_tone_forte_single_tone_piano_roll_stereo.wav,sqam,normalized,baseline,rgs,low,11730600,44100,11730600,44100,2,7130052,7,266.0,214.43765413533836,1698.407000005,1749.2963399994,1756.0814279998801,135.739100002,140.5421799955,140.8391559943,1959.6416949580537,19e3109a6c5a86e5554045972e263c2e5fb35a8de908905036ac836b89db7a9a,dfa29d2c569a48bdd01227855547a21b1e92588b7715f047d465866a80e098d7,92b7e771efef4f0e,f2978e41993063df,48,81920,0.043209483,136.1756,29.462654848811965,37.7710931140554,11.826440822280746,False,11730600,11730600,11730600,1652.0
sqam/33_gong_single_tone_forte_single_tone_piano_roll_stereo.wav,sqam,normalized,candidate,rgs,low,11730600,44100,11730600,44100,2,7130052,7,266.0,214.43765413533836,1144.106300004,1184.351999997,1193.177279997,116.581300005,124.5576999977,125.20017999794,2281.6695300926617,19e3109a6c5a86e5554045972e263c2e5fb35a8de908905036ac836b89db7a9a,dfa29d2c569a48bdd01227855547a21b1e92588b7715f047d465866a80e098d7,92b7e771efef4f0e,f2978e41993063df,48,81920,0.040199197,117.422700003,29.462654848811965,37.7710931140554,11.826440822280746,False,11730600,11730600,11730600,1652.0
sqam/33_gong_single_tone_forte_single_tone_piano_roll_stereo.wav,sqam,normalized,reference,pcm,default,11730600,44100,11730600,44100,2,46922444,7,266.0,1411.2013233082707,2.492240001,3.1827200006,3.19078400012,2.551525,3.3378241669,3.37049816698,104251.37907721853,e5d35f330e9257bd8da73b3d366166a0d130a9368818bce87aea25636e057b3c,e5d35f330e9257bd8da73b3d366166a0d130a9368818bce87aea25636e057b3c,a483dfe7e75a8916,cf63c823c2e7b4b5,,,,,,60.0,0.0,True,11730600,11730600,11730600,0.0
sqam/33_gong_single_tone_forte_single_tone_piano_roll_stereo.wav,sqam,normalized,reference,qoa,default,11730600,44100,11730600,44100,2,9476168,7,266.0,284.9975338345864,429.317200005,658.1584600028998,730.9748920045798,68.2751,73.2202799999,73.93605600158,3896.003081650558,8eb21a5dccdc2f8e69b6e8a15b105e95f4cfb0e96db2f0010e35198a21229587,0dbdfd3b8e532f795883d2f55aa8e4f23f439bb6bdf9e49d6b64240a9eb39010,1360375704bfe935,85413a342bd84033,268,81920,0.029564307,,39.551110326929674,44.30560251180043,8.175896745859434,False,11730600,11730600,11730600,526.0
sqam/33_gong_single_tone_forte_single_tone_piano_roll_stereo.wav,sqam,normalized,reference,ima,default,11730600,44100,11730600,44100,2,11771964,7,266.0,354.04403007518795,181.915200002,187.5677099982,188.64226199724,141.0647,145.7612900048,145.82577800576001,1885.659559053399,28f0c48a8586389beb446dcf943b26ff919e9ab664dff3d217be8ec6d3c719f7,d517b12b219ea24e9c9837090f2760449577deb2a1d0a49f7fe141b397100ab2,ef48bce118ba4c00,2838ad139a86582a,,,,,33.67808145380166,46.50597250857933,9.0857896181525,False,11730600,11730600,11730600,2540.0
sqam/34_tubular_bells_melodious_phrase_stereo.wav,sqam,normalized,baseline,rgs,high,1190700,44100,1190700,44100,2,961892,7,27.0,285.005037037037,66.026800007,67.47369000180001,67.69873800276001,14.184599996,15.6810399997,16.166127999940002,1903.4727808760128,eb29b99a822a909153fcf19194b085b3eb3a625f84b485dc4082d199f944fe62,43d66d5fb5a984ef832be7faaac9639fbd1a6b2ee316f3caf9ed684172ef8ede,97f825fc4a621133,5a046e70b7940d19,48,81920,0.044798214,14.198800005,44.612945073301866,45.347888724720924,8.861812297151792,False,1190700,1190700,1190700,1029.0
sqam/34_tubular_bells_melodious_phrase_stereo.wav,sqam,normalized,candidate,rgs,high,1190700,44100,1190700,44100,2,961892,7,27.0,285.005037037037,66.058499999,66.3584399979,66.40360799718,12.726599999,13.0671999993,13.13415999906,2121.540710175659,eb29b99a822a909153fcf19194b085b3eb3a625f84b485dc4082d199f944fe62,43d66d5fb5a984ef832be7faaac9639fbd1a6b2ee316f3caf9ed684172ef8ede,97f825fc4a621133,5a046e70b7940d19,48,81920,0.042998283,12.671999998,44.612945073301866,45.347888724720924,8.861812297151792,False,1190700,1190700,1190700,1029.0
sqam/34_tubular_bells_melodious_phrase_stereo.wav,sqam,normalized,baseline,rgs,medium,1190700,44100,1190700,44100,2,723818,7,27.0,214.4645925925926,202.488700002,203.75998000090001,203.89687600258,14.809499994,16.0668399995,16.2408880007,1823.1540572564181,348f8700549dfcc1f1b3220432f199345fcae3c890867b5c8875d8bc03194402,d0d70d10a3561a750bbcaf8dd990cd489eab4d91cabaa79ef9554f96adcd2ad4,8c3f77171493f36c,c101eafeb0c0c59e,48,81920,0.045211712,14.969499998,35.38256878250861,37.39092074544215,13.350049840554597,False,1190700,1190700,1190700,1039.0
sqam/34_tubular_bells_melodious_phrase_stereo.wav,sqam,normalized,candidate,rgs,medium,1190700,44100,1190700,44100,2,723818,7,27.0,214.4645925925926,136.495700002,137.4455200025,137.48646400369998,12.967999995,16.096039998499997,17.1357679997,2082.048119248168,348f8700549dfcc1f1b3220432f199345fcae3c890867b5c8875d8bc03194402,d0d70d10a3561a750bbcaf8dd990cd489eab4d91cabaa79ef9554f96adcd2ad4,8c3f77171493f36c,c101eafeb0c0c59e,48,81920,0.041558921,12.984900005,35.38256878250861,37.39092074544215,13.350049840554597,False,1190700,1190700,1190700,1039.0
sqam/34_tubular_bells_melodious_phrase_stereo.wav,sqam,normalized,baseline,rgs,low,1190700,44100,1190700,44100,2,723752,7,27.0,214.44503703703705,204.253700003,206.5667899974,207.04551799548,14.903700002,15.3105399976,15.37250799712,1811.6306686511898,32341db25c6f9b4c98688d66d1c0e6211aeddbc071bf0e7f091ab51c8b25ce50,233b3caa7d66fa65530db32a0555860097533b34ab27726889621b452f6bc7b0,a7e102151bb031a6,d4693886868d8a93,48,81920,0.044688839,14.739299998,35.25735118358337,37.290923928789226,13.412491277702276,False,1190700,1190700,1190700,1433.0
sqam/34_tubular_bells_melodious_phrase_stereo.wav,sqam,normalized,candidate,rgs,low,1190700,44100,1190700,44100,2,723752,7,27.0,214.44503703703705,135.597100005,137.5463199974,137.68662399788,13.134600006,14.806770002099999,14.98967400282,2055.639302884455,32341db25c6f9b4c98688d66d1c0e6211aeddbc071bf0e7f091ab51c8b25ce50,233b3caa7d66fa65530db32a0555860097533b34ab27726889621b452f6bc7b0,a7e102151bb031a6,d4693886868d8a93,48,81920,0.041546888,12.8587,35.25735118358337,37.290923928789226,13.412491277702276,False,1190700,1190700,1190700,1433.0
sqam/34_tubular_bells_melodious_phrase_stereo.wav,sqam,normalized,reference,pcm,default,1190700,44100,1190700,44100,2,4762844,7,27.0,1411.213037037037,0.140273611,0.1580044947,0.15953486694000002,0.143315714,0.151190316,0.1521132144,188395.2516190932,b4991fee9c42c5bcadebe7811e3e2412d612de3de2344a0b3ed8eabb0d7387d7,b4991fee9c42c5bcadebe7811e3e2412d612de3de2344a0b3ed8eabb0d7387d7,4f97c5db65207e5a,78ba1d2b6548a669,,,,,,60.0,0.0,True,1190700,1190700,1190700,0.0
sqam/34_tubular_bells_melodious_phrase_stereo.wav,sqam,normalized,reference,qoa,default,1190700,44100,1190700,44100,2,961888,7,27.0,285.00385185185183,46.301899999,47.6032899995,47.638497998300004,7.009100001,7.1652700007,7.17621400094,3852.135080987269,8399c437248fff63bc16b9e32199ad86b5a819b461369a7ac5efbab34b005642,43d66d5fb5a984ef832be7faaac9639fbd1a6b2ee316f3caf9ed684172ef8ede,6e1ff19ec919a6c5,5a046e70b7940d19,268,81920,0.030136145,,44.612945073301866,45.347888724720924,8.861812297151792,False,1190700,1190700,1190700,1029.0
sqam/34_tubular_bells_melodious_phrase_stereo.wav,sqam,normalized,reference,ima,default,1190700,44100,1190700,44100,2,1196092,7,27.0,354.3976296296296,17.829300001,19.385629998899997,19.894645998179996,13.885299996,14.1585700029,14.17947400458,1944.5024599956796,a02cdc466e5b238c70c27288afaa45a51731bb1f1ba564198af3b2dfb26a0198,7fca228d1210382710617d9cb19d237a9d650d5eeb0037fd40fac4116595502e,4ddf4a76f6ecb0b8,761dc10592cc0bff,,,,,35.00347066670061,38.90405475122224,14.837709016385674,False,1190700,1190700,1190700,673.0
sqam/35_glockenspiel_arpegio_melodious_phrase_stereo.wav,sqam,normalized,baseline,rgs,high,2601900,44100,2601900,44100,2,2101892,7,59.0,285.00230508474573,184.740499996,188.5113900013,188.61499800106,32.514600001,33.1034000015,33.1173200027,1814.5694548967367,e416ad1eda80f52b999401083f65474d24dbd1d369dba9f772be7b4bc2929dd8,e16d072802b4301f8e14a4ff8ff0533e2e0fd35c75fb0c511bf510863a106aff,c85447349f0ff690,3a9b14a17219db15,48,81920,0.044865919,32.678900003,31.184315257269994,39.41535074432189,13.231685571814689,False,2601900,2601900,2601900,9711.0
sqam/35_glockenspiel_arpegio_melodious_phrase_stereo.wav,sqam,normalized,candidate,rgs,high,2601900,44100,2601900,44100,2,2101892,7,59.0,285.00230508474573,181.095799997,188.0001600011,189.79027200182,28.237900004,29.7177599994,29.82067199988,2089.390499705801,e416ad1eda80f52b999401083f65474d24dbd1d369dba9f772be7b4bc2929dd8,e16d072802b4301f8e14a4ff8ff0533e2e0fd35c75fb0c511bf510863a106aff,c85447349f0ff690,3a9b14a17219db15,48,81920,0.041843096,28.568099998,31.184315257269994,39.41535074432189,13.231685571814689,False,2601900,2601900,2601900,9711.0
sqam/35_glockenspiel_arpegio_melodious_phrase_stereo.wav,sqam,normalized,baseline,rgs,medium,2601900,44100,2601900,44100,2,1588612,7,59.0,215.40501694915255,495.022300005,511.9674799975,512.1367759986999,33.441999994,34.9729499984,35.00810999648,1764.24855004442,a4b5c5b2b0b0be6ab94d266d8a453eda2042f6f0a9b8b36212a4b11529a490fa,d44b09b864e5598b8ca4a3e3208dfcc3f20b49da5317327c23a2a120ab6bfee8,9559edcf6018e959,82283d998dba3399,48,81920,0.043265517,33.373199999,25.218539338520966,31.811006789609483,17.766186395574714,False,2601900,2601900,2601900,15628.0
sqam/35_glockenspiel_arpegio_melodious_phrase_stereo.wav,sqam,normalized,candidate,rgs,medium,2601900,44100,2601900,44100,2,1588612,7,59.0,215.40501694915255,352.546900004,358.6316500009,359.17033000018,29.763800003,30.4737500018,30.57659000276,1982.2737686066018,a4b5c5b2b0b0be6ab94d266d8a453eda2042f6f0a9b8b36212a4b11529a490fa,d44b09b864e5598b8ca4a3e3208dfcc3f20b49da5317327c23a2a120ab6bfee8,9559edcf6018e959,82283d998dba3399,48,81920,0.040327016,29.721600004,25.218539338520966,31.811006789609483,17.766186395574714,False,2601900,2601900,2601900,15628.0
sqam/35_glockenspiel_arpegio_melodious_phrase_stereo.wav,sqam,normalized,baseline,rgs,low,2601900,44100,2601900,44100,2,1583028,7,59.0,214.64786440677966,496.935399994,503.0745499993,503.64970999906,33.201000005,34.342510001,34.49282200099999,1777.0549077170788,36c0663a403d9c4a019ddb3a0f771ce8abb52610ab5cd3edcb4bf5748f715a76,114ca02aff99eb622ffdfa39e1b709a09fa3ff1080d9f1b579b4eade1175131d,ef9b2dec7994a3af,0b81c7ada1e8279b,48,81920,0.043437662,33.038900003,23.185395330235345,31.967279847673137,17.74934804090395,False,2601900,2601900,2601900,17320.0
sqam/35_glockenspiel_arpegio_melodious_phrase_stereo.wav,sqam,normalized,candidate,rgs,low,2601900,44100,2601900,44100,2,1583028,7,59.0,214.64786440677966,343.151100002,347.2252899984,348.19745799888,29.216700003,30.062809999699997,30.12768199994,2019.3930181691233,36c0663a403d9c4a019ddb3a0f771ce8abb52610ab5cd3edcb4bf5748f715a76,114ca02aff99eb622ffdfa39e1b709a09fa3ff1080d9f1b579b4eade1175131d,ef9b2dec7994a3af,0b81c7ada1e8279b,48,81920,0.040425,30.062300004,23.185395330235345,31.967279847673137,17.74934804090395,False,2601900,2601900,2601900,17320.0
sqam/35_glockenspiel_arpegio_melodious_phrase_stereo.wav,sqam,normalized,reference,pcm,default,2601900,44100,2601900,44100,2,10407644,7,59.0,1411.205966101695,0.308384849,0.40405316699999994,0.42548396699999996,0.320675,0.3432361622,0.34831068043999996,183986.9026272706,dbb796c770bfc93f3935db3e07295f8898925857baee66ccc6d0974d8b062f99,dbb796c770bfc93f3935db3e07295f8898925857baee66ccc6d0974d8b062f99,633eea18e6f92e52,f947ff6d5489d871,,,,,,60.0,0.0,True,2601900,2601900,2601900,0.0
sqam/35_glockenspiel_arpegio_melodious_phrase_stereo.wav,sqam,normalized,reference,qoa,default,2601900,44100,2601900,44100,2,2101888,7,59.0,285.00176271186444,121.337700002,126.55383999819999,128.14124799724,14.762000002,15.7323000013,15.95814000106,3996.748407533295,fdccb2d5355f166ff43aee11f9d99998f2568487c567c722a188b59d757fdbfc,e16d072802b4301f8e14a4ff8ff0533e2e0fd35c75fb0c511bf510863a106aff,e7fb91171e05d5a8,3a9b14a17219db15,268,81920,0.029323977,,31.184315257269994,39.41535074432189,13.231685571814689,False,2601900,2601900,2601900,9711.0
sqam/35_glockenspiel_arpegio_melodious_phrase_stereo.wav,sqam,normalized,reference,ima,default,2601900,44100,2601900,44100,2,2611260,7,59.0,354.0691525423729,37.958099999,39.536780003,39.957836003000004,29.252999999,29.8049999998,29.93076000076,2016.8871569417456,abd177315563032ca06b30dfa78c9655137cdf515d59509d39a17c6780cc1774,9d9f7b296de0ae33d41704214cad679e32899b5ac9adf46023e35106c12fd52c,3f70b00a8b7532ea,4503bbd45208938b,,,,,25.582981043526228,31.88308368604289,20.85919698203656,False,2601900,2601900,2601900,20455.0
sqam/36_xylophone_single_tone_melodious_phrase_stereo.wav,sqam,normalized,baseline,rgs,high,2205000,44100,2205000,44100,2,1781252,7,50.0,285.00032,138.533500001,143.29089999869998,144.23241999894,26.905999996,31.1410000008,32.12499999936,1858.321564239697,311059eef893e0804d1bcfd068be22692fa0af7c95d92745c8e50b84e0bca915,cdfd9ada5c63b88395a7b63ee31756e60a68fa7440486d04b214a01e4b42af43,387cf1752662b8b3,de049bbe90fac7d2,48,81920,0.044736161,27.427299999,32.33062397254216,31.167741725574746,8.974995077875974,False,2205000,2205000,2205000,1547.0
sqam/36_xylophone_single_tone_melodious_phrase_stereo.wav,sqam,normalized,candidate,rgs,high,2205000,44100,2205000,44100,2,1781252,7,50.0,285.00032,136.873899996,139.41306999999998,139.500214,24.404299997,25.2449200027,25.40898400294,2048.8192657091768,311059eef893e0804d1bcfd068be22692fa0af7c95d92745c8e50b84e0bca915,cdfd9ada5c63b88395a7b63ee31756e60a68fa7440486d04b214a01e4b42af43,387cf1752662b8b3,de049bbe90fac7d2,48,81920,0.042144958,24.321999997,32.33062397254216,31.167741725574746,8.974995077875974,False,2205000,2205000,2205000,1547.0
sqam/36_xylophone_single_tone_melodious_phrase_stereo.wav,sqam,normalized,baseline,rgs,medium,2205000,44100,2205000,44100,2,1342442,7,50.0,214.79072,385.1765,396.5428199977,396.85832399554,27.278200001,27.8040200021,27.89512400282,1832.9655181854755,f118b03c1b659835535c65aaef9305a83e376f46bfaf247942befbc485a9b498,45b75aec905856b6101cf270f86636ae9dd9c603e36287786cdd8a9cf7bbf7ae,b2228a735b3ac022,075ea874498a4817,48,81920,0.043982456,27.712499999,23.505107034863673,24.529311485150874,12.219927425293838,False,2205000,2205000,2205000,1741.0
sqam/36_xylophone_single_tone_melodious_phrase_stereo.wav,sqam,normalized,candidate,rgs,medium,2205000,44100,2205000,44100,2,1342442,7,50.0,214.79072,271.192899995,273.9822800017,274.66733600194004,24.196800001,25.0117100026,25.061222002119997,2066.388943907195,f118b03c1b659835535c65aaef9305a83e376f46bfaf247942befbc485a9b498,45b75aec905856b6101cf270f86636ae9dd9c603e36287786cdd8a9cf7bbf7ae,b2228a735b3ac022,075ea874498a4817,48,81920,0.040736992,24.637999997,23.505107034863673,24.529311485150874,12.219927425293838,False,2205000,2205000,2205000,1741.0
sqam/36_xylophone_single_tone_melodious_phrase_stereo.wav,sqam,normalized,baseline,rgs,low,2205000,44100,2205000,44100,2,1340252,7,50.0,214.44032,404.284400001,421.2488900002,424.59129799924,27.4441,28.0942799966,28.09509599612,1821.8852139439807,2ebb3e6b91d4f427d08cf65af67289c1b85c279095475a0222f1f1a268bf5cef,6c717dc30abc4f0c5bfbdc218eaf7ee8b32e0ee2316ec3c22a394b2cceaf56d5,5780007e3cd835c4,daccb29855dfb08d,48,81920,0.044048684,27.530900002,23.099711631348853,24.484517041510472,12.287118723978896,False,2205000,2205000,2205000,3162.0
sqam/36_xylophone_single_tone_melodious_phrase_stereo.wav,sqam,normalized,candidate,rgs,low,2205000,44100,2205000,44100,2,1340252,7,50.0,214.44032,270.6501,274.1251299979,274.39966599958,24.0656,24.8862000015,24.9291600027,2077.654411275846,2ebb3e6b91d4f427d08cf65af67289c1b85c279095475a0222f1f1a268bf5cef,6c717dc30abc4f0c5bfbdc218eaf7ee8b32e0ee2316ec3c22a394b2cceaf56d5,5780007e3cd835c4,daccb29855dfb08d,48,81920,0.040161446,23.920099996,23.099711631348853,24.484517041510472,12.287118723978896,False,2205000,2205000,2205000,3162.0
sqam/36_xylophone_single_tone_melodious_phrase_stereo.wav,sqam,normalized,reference,pcm,default,2205000,44100,2205000,44100,2,8820044,7,50.0,1411.20704,0.263342105,0.3068820523,0.31821891045999995,0.276881081,0.2998211165,0.30401513210000003,180582.9413097387,4e516193d54408eda86802c11265c44d7772cef324e8a2e688490a6381a53904,4e516193d54408eda86802c11265c44d7772cef324e8a2e688490a6381a53904,76cad032644b598a,741cfb753ec300a1,,,,,,60.0,0.0,True,2205000,2205000,2205000,0.0
sqam/36_xylophone_single_tone_melodious_phrase_stereo.wav,sqam,normalized,reference,qoa,default,2205000,44100,2205000,44100,2,1781248,7,50.0,284.99968,92.750300005,95.0535499966,95.27566999612,12.782399997,13.4504600011,13.625611999419998,3911.6284900906626,9edcae66aa816ee1f00dc00d7b38a677799c160d94b351c38ed89b699299c34c,cdfd9ada5c63b88395a7b63ee31756e60a68fa7440486d04b214a01e4b42af43,824660e546f2ffc5,de049bbe90fac7d2,268,81920,0.029465882,,32.33062397254216,31.167741725574746,8.974995077875974,False,2205000,2205000,2205000,1547.0
sqam/36_xylophone_single_tone_melodious_phrase_stereo.wav,sqam,normalized,reference,ima,default,2205000,44100,2205000,44100,2,2213948,7,50.0,354.23168,34.265100002,36.6624899968,37.23049799536,24.261099994,24.578089996099997,24.60105799682,2060.9123251775673,339a4f6a9ddb534c15e63bc68dad534f4d9f5d5c5b0118a13e0825213997d343,a30978089516ce4aa173ee1e7219424ed02a1248cf4cf638df77f0b121d7e01e,aea2b463740344a8,cf5e825bd0736b79,,,,,28.329856354930556,33.34979096490549,9.66289569936387,False,2205000,2205000,2205000,2590.0
sqam/37_vibraphone_arpegio_stereo.wav,sqam,normalized,baseline,rgs,high,661500,44100,661500,44100,2,534412,7,15.0,285.01973333333336,37.138300002,37.5792499988,37.58944999976,7.521699999,7.6574600005999995,7.69593200012,1994.2300280514019,4b92df83fa0ae2a965b3e3649e8192a4e0820540f845fa21a33227093525a89f,9acf52848defc9f072a64980391ab976deb5998585f3784068e49c4bd8137be9,0a2fbadea2dbec96,cb7e7c96926457e3,48,81920,0.045717808,7.502299998,48.896604995814165,47.12669355125425,8.503826289260118,False,661500,661500,661500,717.0
sqam/37_vibraphone_arpegio_stereo.wav,sqam,normalized,candidate,rgs,high,661500,44100,661500,44100,2,534412,7,15.0,285.01973333333336,35.877599999,38.1218200003,38.71980400006,6.62655,6.7281599996,6.74155199912,2263.621341422007,4b92df83fa0ae2a965b3e3649e8192a4e0820540f845fa21a33227093525a89f,9acf52848defc9f072a64980391ab976deb5998585f3784068e49c4bd8137be9,0a2fbadea2dbec96,cb7e7c96926457e3,48,81920,0.043054077,6.6261,48.896604995814165,47.12669355125425,8.503826289260118,False,661500,661500,661500,717.0
sqam/37_vibraphone_arpegio_stereo.wav,sqam,normalized,baseline,rgs,medium,661500,44100,661500,44100,2,402246,7,15.0,214.5312,108.692999996,112.19304000059999,112.88860800012,7.683350001,7.788539999999999,7.807188,1952.2734221462938,baf9bed37da72c788781cd5f020b48896566522904b6f2593e5bd48193895741,9ea3fc8aba75a387529fdca290e11b95ee2f63281676c5276b2b91230c9cbee6,0b175d22f4c9f436,371f5e8b65ba9915,48,81920,0.044062555,7.402399998,39.489620219123076,38.864427776832756,13.021952427877329,False,661500,661500,661500,1496.0
sqam/37_vibraphone_arpegio_stereo.wav,sqam,normalized,candidate,rgs,medium,661500,44100,661500,44100,2,402246,7,15.0,214.5312,74.861499995,76.2057200001,76.45210400082,6.678149998,6.7548849993,6.756936999060001,2246.1310399575123,baf9bed37da72c788781cd5f020b48896566522904b6f2593e5bd48193895741,9ea3fc8aba75a387529fdca290e11b95ee2f63281676c5276b2b91230c9cbee6,0b175d22f4c9f436,371f5e8b65ba9915,48,81920,0.04075813,6.738000002,39.489620219123076,38.864427776832756,13.021952427877329,False,661500,661500,661500,1496.0
sqam/37_vibraphone_arpegio_stereo.wav,sqam,normalized,baseline,rgs,low,661500,44100,661500,44100,2,402112,7,15.0,214.45973333333333,112.5682,115.0708199998,115.70120400076,7.705800001,7.980374997999999,8.039474998,1946.5856884494035,829754a32a427ce46ab2ce49195f78548fa389482691146acd0c49eb2337ee1c,a0605bd95db4763267e300a626d0b4a06285701cc9f5aa262fe39669a852a56c,8dec1317280debf1,3f84a64a3ce3ba9d,48,81920,0.044878924,7.644650001,39.38724362111969,38.850826910040055,12.922325819256852,False,661500,661500,661500,2576.0
sqam/37_vibraphone_arpegio_stereo.wav,sqam,normalized,candidate,rgs,low,661500,44100,661500,44100,2,402112,7,15.0,214.45973333333333,75.688500002,78.80171,79.30506199999999,6.738400001,7.2665950006,7.44223900012,2226.047726132903,829754a32a427ce46ab2ce49195f78548fa389482691146acd0c49eb2337ee1c,a0605bd95db4763267e300a626d0b4a06285701cc9f5aa262fe39669a852a56c,8dec1317280debf1,3f84a64a3ce3ba9d,48,81920,0.041648548,6.77155,39.38724362111969,38.850826910040055,12.922325819256852,False,661500,661500,661500,2576.0
sqam/37_vibraphone_arpegio_stereo.wav,sqam,normalized,reference,pcm,default,661500,44100,661500,44100,2,2646044,7,15.0,1411.2234666666666,0.080981452,0.094399219,0.0946700326,0.077848837,0.0803750667,0.08064461334,192681.10582050183,d5d31dd0d31ceaf92eba988ff85d8721572e28aedecd5c3ef0c4eef3c199006a,d5d31dd0d31ceaf92eba988ff85d8721572e28aedecd5c3ef0c4eef3c199006a,6b91868257b35d87,a35e4428757180b5,,,,,,60.0,0.0,True,661500,661500,661500,0.0
sqam/37_vibraphone_arpegio_stereo.wav,sqam,normalized,reference,qoa,default,661500,44100,661500,44100,2,534408,7,15.0,285.01759999999996,26.130400002,26.6966100011,26.71228200182,3.8477,4.0055033323,4.03696733206,3898.432830002339,668c6ec8eb4846a184b32dde120326ecb8b31294638b47b2e29e43b8316b2292,9acf52848defc9f072a64980391ab976deb5998585f3784068e49c4bd8137be9,47d5a564da5f0d00,cb7e7c96926457e3,268,81920,0.029154519,,48.896604995814165,47.12669355125425,8.503826289260118,False,661500,661500,661500,717.0
sqam/37_vibraphone_arpegio_stereo.wav,sqam,normalized,reference,ima,default,661500,44100,661500,44100,2,665660,7,15.0,355.01866666666666,8.989899997,9.7738399976,10.00884799712,6.9472,8.63131,9.002661999999999,2159.1432519576233,61142fed7997c3f10fffacf25931a8a2601e05209fdc1b6fe83d23a065d5a104,1c918759ca62659c4df9cbc5cbb0df70121bc89860310bd4161b37d5f2003a2f,76e1aa39bcee2b1f,679d2a99ba29fdab,,,,,40.248695984953244,41.65202878555723,13.939351498658674,False,661500,661500,661500,1012.0
sqam/38_marimba_single_tone_stereo.wav,sqam,normalized,baseline,rgs,high,926100,44100,926100,44100,2,748132,7,21.0,285.0026666666667,39.390699998,40.0650900038,40.209018004760004,10.233800001,10.3384499975,10.3572899963,2052.0236860157493,e406bc985e806a0c16678d7ae2598da91389683b480947a3f6de170b2a113655,5a4a8659fe4e11f146c46db6e75115c596792ecb90630970151199497094f9d8,5f0f8d76812fe40d,10af4a5c4d4b40ff,48,81920,0.044146696,9.988899998,46.79480625642917,40.70125433895589,5.8259377509401205,False,926100,926100,926100,548.0
sqam/38_marimba_single_tone_stereo.wav,sqam,normalized,candidate,rgs,high,926100,44100,926100,44100,2,748132,7,21.0,285.0026666666667,39.324699998,40.3525700011,40.41883400182,8.881200001,9.0572599997,9.07185199994,2364.545331445689,e406bc985e806a0c16678d7ae2598da91389683b480947a3f6de170b2a113655,5a4a8659fe4e11f146c46db6e75115c596792ecb90630970151199497094f9d8,5f0f8d76812fe40d,10af4a5c4d4b40ff,48,81920,0.041430578,8.82835,46.79480625642917,40.70125433895589,5.8259377509401205,False,926100,926100,926100,548.0
sqam/38_marimba_single_tone_stereo.wav,sqam,normalized,baseline,rgs,medium,926100,44100,926100,44100,2,562912,7,21.0,214.44266666666667,105.325100005,107.0348599961,107.17641199442001,10.351199999,10.588419996899999,10.591443996179999,2028.7502900174618,92cb06e0eeda03930664837cd2ffb86b5321834bf05633df6ba828719b3628dc,4065e203b3190d0145d87c8128f5a0687d23b97a26c9216903322ec88f20bb5f,dc424abea4029df3,df361fed276c8ee4,48,81920,0.044061674,10.381300002,44.910030488910635,35.850306794168276,7.954116298626179,False,926100,926100,926100,107.0
sqam/38_marimba_single_tone_stereo.wav,sqam,normalized,candidate,rgs,medium,926100,44100,926100,44100,2,562912,7,21.0,214.44266666666667,73.587299995,74.1803099963,74.29606199606,9.231199998,9.264290000199999,9.26565799924,2274.8938387804174,92cb06e0eeda03930664837cd2ffb86b5321834bf05633df6ba828719b3628dc,4065e203b3190d0145d87c8128f5a0687d23b97a26c9216903322ec88f20bb5f,dc424abea4029df3,df361fed276c8ee4,48,81920,0.041684583,9.17255,44.910030488910635,35.850306794168276,7.954116298626179,False,926100,926100,926100,107.0
sqam/38_marimba_single_tone_stereo.wav,sqam,normalized,baseline,rgs,low,926100,44100,926100,44100,2,562912,7,21.0,214.44266666666667,103.505599998,106.64030000300001,106.71974000300001,10.2064,10.7601500014,10.84859000188,2057.5325286095,92cb06e0eeda03930664837cd2ffb86b5321834bf05633df6ba828719b3628dc,4065e203b3190d0145d87c8128f5a0687d23b97a26c9216903322ec88f20bb5f,dc424abea4029df3,df361fed276c8ee4,48,81920,0.043321645,10.143699996,44.910030488910635,35.850306794168276,7.954116298626179,False,926100,926100,926100,107.0
sqam/38_marimba_single_tone_stereo.wav,sqam,normalized,candidate,rgs,low,926100,44100,926100,44100,2,562912,7,21.0,214.44266666666667,72.655000001,73.9905299998,74.05434599835999,8.985399999,9.0862899997,9.11249799994,2337.124669167441,92cb06e0eeda03930664837cd2ffb86b5321834bf05633df6ba828719b3628dc,4065e203b3190d0145d87c8128f5a0687d23b97a26c9216903322ec88f20bb5f,dc424abea4029df3,df361fed276c8ee4,48,81920,0.041550207,9.157600001,44.910030488910635,35.850306794168276,7.954116298626179,False,926100,926100,926100,107.0
sqam/38_marimba_single_tone_stereo.wav,sqam,normalized,reference,pcm,default,926100,44100,926100,44100,2,3704444,7,21.0,1411.2167619047618,0.108952174,0.1127253932,0.11273564023999999,0.107964516,0.11128320389999999,0.11137841838,194508.35124384757,39bfb446cf82695feb48d55337a1f4feaf641aa263b95e4b8b13aa9afb29d36a,39bfb446cf82695feb48d55337a1f4feaf641aa263b95e4b8b13aa9afb29d36a,4bf812d74c79b7be,ec25bcb1a551a73d,,,,,,60.0,0.0,True,926100,926100,926100,0.0
sqam/38_marimba_single_tone_stereo.wav,sqam,normalized,reference,qoa,default,926100,44100,926100,44100,2,748128,7,21.0,285.00114285714284,29.202199996,30.5762599992,30.71493200064,5.422349997,5.5631000013,5.60054000106,3872.85955565734,2b3c991230e497280fd1beae86971dcfdbcf2aeec575775ec09e0a55ab890201,5a4a8659fe4e11f146c46db6e75115c596792ecb90630970151199497094f9d8,84884140261e8d6f,10af4a5c4d4b40ff,268,81920,0.029593787,,46.79480625642917,40.70125433895589,5.8259377509401205,False,926100,926100,926100,548.0
sqam/38_marimba_single_tone_stereo.wav,sqam,normalized,reference,ima,default,926100,44100,926100,44100,2,929852,7,21.0,354.22933333333333,12.3336,12.836000002099999,12.92720000282,9.297199998,9.535325001099999,9.54270500182,2258.7445687430077,e779b9be1e44b117826c8eb885c34f2a5be7c7f60727a3f9e473169f0d61a087,1798c0c4e8b53e77951ba73e17f9a8f43f7218bca2f689a941b9b0871bac0716,f263f5a95bf96d8b,b3b2baa997f50809,,,,,47.763835473364594,43.66475279916125,6.193478288977954,False,926100,926100,926100,112.0
sqam/39_grand_piano_arpegio_stereo.wav,sqam,normalized,baseline,rgs,high,6041700,44100,6041700,44100,2,4880612,7,137.0,284.99924087591245,349.110700004,351.0749299971,351.48554599542,72.676399998,73.3675900014,73.38239800188,1885.0686055414158,655b4f41f44b8b4627eab51263e6d69ae39861fbd264ad9a74385b7e5fdc6513,acbd72ad19808dad9a13e11207eb55130f34904cb4c3187359c42a972339eda7,a5b86df72af922c9,af985d4386d15fdb,48,81920,0.045743836,73.248899996,48.66341517162313,44.83371450590545,10.586192027752409,False,6041700,6041700,6041700,496.0
sqam/39_grand_piano_arpegio_stereo.wav,sqam,normalized,candidate,rgs,high,6041700,44100,6041700,44100,2,4880612,7,137.0,284.99924087591245,347.521200001,356.3925699997,357.70635399994,62.351499997,64.1303500021,64.60951000041999,2197.220596242138,655b4f41f44b8b4627eab51263e6d69ae39861fbd264ad9a74385b7e5fdc6513,acbd72ad19808dad9a13e11207eb55130f34904cb4c3187359c42a972339eda7,a5b86df72af922c9,af985d4386d15fdb,48,81920,0.042420339,61.4991,48.66341517162313,44.83371450590545,10.586192027752409,False,6041700,6041700,6041700,496.0
sqam/39_grand_piano_arpegio_stereo.wav,sqam,normalized,baseline,rgs,medium,6041700,44100,6041700,44100,2,3672406,7,137.0,214.44706569343066,1102.901900001,1127.89064,1131.4923680024,74.489699997,82.80832000049999,84.93606400169999,1839.18045052561,d5fe28d9586fecb83967be72949ce38857dba099e4768317afb542bfad9fb7a6,b2bc33e5f58caa9a0bb332778d4bf5f4aabeea467ae476497b83429a7e635d86,d0fc4702fe3d8cc8,75683e8f7e880601,48,81920,0.044914798,76.046699993,38.5539350750947,36.91583895548181,15.53027042852674,False,6041700,6041700,6041700,1243.0
sqam/39_grand_piano_arpegio_stereo.wav,sqam,normalized,candidate,rgs,medium,6041700,44100,6041700,44100,2,3672406,7,137.0,214.44706569343066,738.327000007,761.6328400003,763.3688080000601,64.756000005,67.3393299988,67.75906599976,2115.6340723550225,d5fe28d9586fecb83967be72949ce38857dba099e4768317afb542bfad9fb7a6,b2bc33e5f58caa9a0bb332778d4bf5f4aabeea467ae476497b83429a7e635d86,d0fc4702fe3d8cc8,75683e8f7e880601,48,81920,0.041480579,64.213200003,38.5539350750947,36.91583895548181,15.53027042852674,False,6041700,6041700,6041700,1243.0
sqam/39_grand_piano_arpegio_stereo.wav,sqam,normalized,baseline,rgs,low,6041700,44100,6041700,44100,2,3672272,7,137.0,214.43924087591242,1116.491399996,1147.834729999,1153.531345999,75.116899997,77.24338000200001,77.80651600200001,1823.82393316912,0df2764023e81cb2afc372fbc2959060af2fd0aaf590c74e297080e7cdc1ff4a,d67f1697578e00d0f5a46e332edca1e041a6d8387d4e7a9c878b7ce52c7e8993,4bb299772ec2393e,e42807f806faf529,48,81920,0.044080617,73.045100003,38.56729354642775,36.93433605344291,15.506357913496498,False,6041700,6041700,6041700,1828.0
sqam/39_grand_piano_arpegio_stereo.wav,sqam,normalized,candidate,rgs,low,6041700,44100,6041700,44100,2,3672272,7,137.0,214.43924087591242,736.284699999,770.4101199986,776.19882399812,64.192699999,66.2699400014,66.54598800188,2134.199060050975,0df2764023e81cb2afc372fbc2959060af2fd0aaf590c74e297080e7cdc1ff4a,d67f1697578e00d0f5a46e332edca1e041a6d8387d4e7a9c878b7ce52c7e8993,4bb299772ec2393e,e42807f806faf529,48,81920,0.041097951,65.080600001,38.56729354642775,36.93433605344291,15.506357913496498,False,6041700,6041700,6041700,1828.0
sqam/39_grand_piano_arpegio_stereo.wav,sqam,normalized,reference,pcm,default,6041700,44100,6041700,44100,2,24166844,7,137.0,1411.2025693430655,1.131233333,1.1980366668,1.20584733336,1.111344444,1.2487774994,1.26345549908,123274.11248568766,0aa1bb17d8540abcf503b246a26b18f62a6258a9c90665a26d63ff7f6229fbcd,0aa1bb17d8540abcf503b246a26b18f62a6258a9c90665a26d63ff7f6229fbcd,28f559af0ffac48e,08a057815988d6f5,,,,,,60.0,0.0,True,6041700,6041700,6041700,0.0
sqam/39_grand_piano_arpegio_stereo.wav,sqam,normalized,reference,qoa,default,6041700,44100,6041700,44100,2,4880608,7,137.0,284.9990072992701,241.790600002,248.1100600011,248.80697200182001,36.508900002,37.337560001599996,37.39151200112,3752.5096618220487,ae49e8a7bb7f02d8d8cc51a6d8de37d1d4512cb15bd4d978796670c40e463977,acbd72ad19808dad9a13e11207eb55130f34904cb4c3187359c42a972339eda7,a0751029dda516b1,af985d4386d15fdb,268,81920,0.030090991,,48.66341517162313,44.83371450590545,10.586192027752409,False,6041700,6041700,6041700,496.0
sqam/39_grand_piano_arpegio_stereo.wav,sqam,normalized,reference,ima,default,6041700,44100,6041700,44100,2,6064188,7,137.0,354.1131678832117,97.946900003,100.2039000038,100.21494000476,77.697699994,79.3148699959,79.32401399518,1763.243957164491,ae1a4997987a8e173f0df171e8ad7db421af9e0e24d82c11d0d92722faf56a90,b6bb1d372a78b05bfb01b1feb988395c10ba91b1e42e7c8f93509e3080272612,26d3c550c0b460dc,2d1b2df4d8884712,,,,,42.599197792157135,43.65243136264046,13.51718219210393,False,6041700,6041700,6041700,1108.0
sqam/40_harpsichord_arpegio_melodious_phrase_stereo.wav,sqam,normalized,baseline,rgs,high,2337300,44100,2337300,44100,2,1888132,7,53.0,285.00105660377363,183.943800002,196.61671000369998,199.32950200393998,30.588500001,33.6384100004,34.27880200088,1732.6773133127588,c775e4c4d2b6e660a598804203f05b64e07313132c887ca3719947d3f8b7f1f5,fa24e9687ba7fc3ff2bfb93892258a0a25097d51ee17a6ed2c44dae67e1a70ca,2cfafc8e58bb431c,afc029e2499c0b83,48,81920,0.04631713,30.954500005,24.478092479227517,31.915416362578423,10.636995807888459,False,2337300,2337300,2337300,2171.0
sqam/40_harpsichord_arpegio_melodious_phrase_stereo.wav,sqam,normalized,candidate,rgs,high,2337300,44100,2337300,44100,2,1888132,7,53.0,285.00105660377363,180.037200004,187.59801000139998,189.96160200187998,26.870200001,36.26518000069999,37.35343600093999,1972.4453110891454,c775e4c4d2b6e660a598804203f05b64e07313132c887ca3719947d3f8b7f1f5,fa24e9687ba7fc3ff2bfb93892258a0a25097d51ee17a6ed2c44dae67e1a70ca,2cfafc8e58bb431c,afc029e2499c0b83,48,81920,0.04361913,26.794799998,24.478092479227517,31.915416362578423,10.636995807888459,False,2337300,2337300,2337300,2171.0
sqam/40_harpsichord_arpegio_melodious_phrase_stereo.wav,sqam,normalized,baseline,rgs,medium,2337300,44100,2337300,44100,2,1423244,7,53.0,214.82928301886793,553.855400003,622.0927600016,626.29463200112,31.128600001,32.6216600013,32.75433200106,1702.6143160404704,aee919c63d64073c53d99edc280201a864f8f38fcae937cdb3a0e1f2fc3d11b9,3ad90d03108824bb504d4a0df6de17b262e54a95a96ab012a8c1d120b6ee37f0,350839cac54655c4,0a2def9751cc3e46,48,81920,0.044884305,30.166299999,18.211947114063157,25.24658281809988,13.8181868733561,False,2337300,2337300,2337300,2504.0
sqam/40_harpsichord_arpegio_melodious_phrase_stereo.wav,sqam,normalized,candidate,rgs,medium,2337300,44100,2337300,44100,2,1423244,7,53.0,214.82928301886793,379.797399998,411.9149400002,414.90442799924,26.274700001,32.1839600003,33.33399200005999,2017.1495772733028,aee919c63d64073c53d99edc280201a864f8f38fcae937cdb3a0e1f2fc3d11b9,3ad90d03108824bb504d4a0df6de17b262e54a95a96ab012a8c1d120b6ee37f0,350839cac54655c4,0a2def9751cc3e46,48,81920,0.04192636,27.2729,18.211947114063157,25.24658281809988,13.8181868733561,False,2337300,2337300,2337300,2504.0
sqam/40_harpsichord_arpegio_melodious_phrase_stereo.wav,sqam,normalized,baseline,rgs,low,2337300,44100,2337300,44100,2,1420672,7,53.0,214.44105660377357,579.022500001,595.7510300021,597.41300600282,30.542099997,32.907870001,33.486534001,1735.3096219711783,a841e2bd350638e828dddd782b105290acebd9c8839a3accad386481e197dcc0,0a7b16377145da0c4ee648844e49e513326860778f80f51f26b609f65707db83,3d7750e6543c9a8a,11463353fbbb8a37,48,81920,0.045784018,30.169200003,17.928654417498734,25.236078229649785,13.824449945568512,False,2337300,2337300,2337300,5829.0
sqam/40_harpsichord_arpegio_melodious_phrase_stereo.wav,sqam,normalized,candidate,rgs,low,2337300,44100,2337300,44100,2,1420672,7,53.0,214.44105660377357,384.7293,395.6571700005,396.5159139993,26.180800006,30.446229998599996,31.475085998119997,2024.3842811470122,a841e2bd350638e828dddd782b105290acebd9c8839a3accad386481e197dcc0,0a7b16377145da0c4ee648844e49e513326860778f80f51f26b609f65707db83,3d7750e6543c9a8a,11463353fbbb8a37,48,81920,0.042029832,26.177500002,17.928654417498734,25.236078229649785,13.824449945568512,False,2337300,2337300,2337300,5829.0
sqam/40_harpsichord_arpegio_melodious_phrase_stereo.wav,sqam,normalized,reference,pcm,default,2337300,44100,2337300,44100,2,9349244,7,53.0,1411.206641509434,0.29246,0.3189831674,0.32259921428,0.291648571,0.3369699783,0.33852466206,181725.5603834246,9441b7638505f523a25edf76ced754b009833e08fa89f4ccae74ec718a749b07,9441b7638505f523a25edf76ced754b009833e08fa89f4ccae74ec718a749b07,8fda2886e2e1097e,7796fd4fa9822e25,,,,,,60.0,0.0,True,2337300,2337300,2337300,0.0
sqam/40_harpsichord_arpegio_melodious_phrase_stereo.wav,sqam,normalized,reference,qoa,default,2337300,44100,2337300,44100,2,1888128,7,53.0,285.0004528301887,121.229500003,124.9535299968,125.84678599536001,14.088500001,15.4602300039,15.57684600558,3761.9334915880377,d02bf28cf50655aee929b332fc7cb1909aad7f0660acef4b37cd2d6293bddb7f,fa24e9687ba7fc3ff2bfb93892258a0a25097d51ee17a6ed2c44dae67e1a70ca,1e86b3abcfdc07c7,afc029e2499c0b83,268,81920,0.030156928,,24.478092479227517,31.915416362578423,10.636995807888459,False,2337300,2337300,2337300,2171.0
sqam/40_harpsichord_arpegio_melodious_phrase_stereo.wav,sqam,normalized,reference,ima,default,2337300,44100,2337300,44100,2,2347068,7,53.0,354.27441509433964,40.503599994,41.5737299952,41.80986599424,29.319700003,30.828889999,31.178737999,1807.6583319262143,306cd9a9a1c6e7944265b52a6723acc5782cad53d7ddcca663c2c9ca2e265d03,707630ef0f52b879b4ffaafca75ba27cc9c3d34e34e6f89769744b8ccddfee48,e758b4082addd748,cc9b47bea45e91d0,,,,,25.556591884755257,36.04539259481447,9.588576497554442,False,2337300,2337300,2337300,2870.0
sqam/41_celesta_arpegio_single_tone_melodious_phrase_stereo.wav,sqam,normalized,baseline,rgs,high,2910600,44100,2910600,44100,2,2351252,7,66.0,285.00024242424246,163.014899999,197.02579999869997,204.79771999893998,34.044400007,39.901620004399994,41.73512400487999,1938.6448281194407,9c82d0710fa29e738fb010e5e89f23d30ecc9edb4c03cdaabd15b95be04f2b41,97e88a1fb993ffc97c46f2aec7d95f6f957682f473e9f786e2b72f58b7a8001b,e15bf4cd66429a41,f090be1e35f15ab3,48,81920,0.044494222,34.334200002,52.00800688698084,49.15162083455478,8.337366641367971,False,2910600,2910600,2910600,284.0
sqam/41_celesta_arpegio_single_tone_melodious_phrase_stereo.wav,sqam,normalized,candidate,rgs,high,2910600,44100,2910600,44100,2,2351252,7,66.0,285.00024242424246,162.261799999,173.187200002,174.444560002,29.719300002,31.4001700027,31.756594002940002,2220.7790895330118,9c82d0710fa29e738fb010e5e89f23d30ecc9edb4c03cdaabd15b95be04f2b41,97e88a1fb993ffc97c46f2aec7d95f6f957682f473e9f786e2b72f58b7a8001b,e15bf4cd66429a41,f090be1e35f15ab3,48,81920,0.042219409,29.600100003,52.00800688698084,49.15162083455478,8.337366641367971,False,2910600,2910600,2910600,284.0
sqam/41_celesta_arpegio_single_tone_melodious_phrase_stereo.wav,sqam,normalized,baseline,rgs,medium,2910600,44100,2910600,44100,2,1769132,7,66.0,214.44024242424243,501.946699999,522.4175100029,526.21366200458,35.405000001,37.9975700049,38.67943400658,1864.1434825063088,ae76ca7ddcde5ac3c13b0f6ad6b9dbd9ec4fba5c3796b1db3709078f9a63cf0e,60b09195dc5034cfbd74a2dc8e425e18ab228ce362f6c113aa278e59a6df1668,0adfb4e35a41cded,aff201b2e3100d49,48,81920,0.044934978,35.881499998,44.197417147674074,42.325372176627084,11.71328290340682,False,2910600,2910600,2910600,627.0
sqam/41_celesta_arpegio_single_tone_melodious_phrase_stereo.wav,sqam,normalized,candidate,rgs,medium,2910600,44100,2910600,44100,2,1769132,7,66.0,214.44024242424243,338.963600002,343.148679999,343.392375999,30.616599999,31.981230002100002,32.272086002820004,2155.693316767887,ae76ca7ddcde5ac3c13b0f6ad6b9dbd9ec4fba5c3796b1db3709078f9a63cf0e,60b09195dc5034cfbd74a2dc8e425e18ab228ce362f6c113aa278e59a6df1668,0adfb4e35a41cded,aff201b2e3100d49,48,81920,0.040958776,30.357299998,44.197417147674074,42.325372176627084,11.71328290340682,False,2910600,2910600,2910600,627.0
sqam/41_celesta_arpegio_single_tone_melodious_phrase_stereo.wav,sqam,normalized,baseline,rgs,low,2910600,44100,2910600,44100,2,1769132,7,66.0,214.44024242424243,497.937399998,510.3142500007,511.78965000094,35.095299996,39.068390000899996,40.227038000179995,1880.5936979459464,ae76ca7ddcde5ac3c13b0f6ad6b9dbd9ec4fba5c3796b1db3709078f9a63cf0e,60b09195dc5034cfbd74a2dc8e425e18ab228ce362f6c113aa278e59a6df1668,0adfb4e35a41cded,aff201b2e3100d49,48,81920,0.044546667,34.9811,44.197417147674074,42.325372176627084,11.71328290340682,False,2910600,2910600,2910600,627.0
sqam/41_celesta_arpegio_single_tone_melodious_phrase_stereo.wav,sqam,normalized,candidate,rgs,low,2910600,44100,2910600,44100,2,1769132,7,66.0,214.44024242424243,332.262500003,347.2289200048,349.31682400576,30.125100002,30.6886500023,30.709650002060002,2190.86409657124,ae76ca7ddcde5ac3c13b0f6ad6b9dbd9ec4fba5c3796b1db3709078f9a63cf0e,60b09195dc5034cfbd74a2dc8e425e18ab228ce362f6c113aa278e59a6df1668,0adfb4e35a41cded,aff201b2e3100d49,48,81920,0.04125679,30.338600002,44.197417147674074,42.325372176627084,11.71328290340682,False,2910600,2910600,2910600,627.0
sqam/41_celesta_arpegio_single_tone_melodious_phrase_stereo.wav,sqam,normalized,reference,pcm,default,2910600,44100,2910600,44100,2,11642444,7,66.0,1411.2053333333333,0.398030769,0.4120324,0.41311048,0.392080769,0.4260675001,0.42669350002,168332.66311003384,9584ee4725834d8e46263dc40fd88990ad884a17bfe3032968708d4a3323d1ec,9584ee4725834d8e46263dc40fd88990ad884a17bfe3032968708d4a3323d1ec,03493495181252ae,ee86471e89666259,,,,,,60.0,0.0,True,2910600,2910600,2910600,0.0
sqam/41_celesta_arpegio_single_tone_melodious_phrase_stereo.wav,sqam,normalized,reference,qoa,default,2910600,44100,2910600,44100,2,2351248,7,66.0,284.99975757575754,117.777800001,120.55428000410001,121.49277600482,17.684,18.121259999,18.172811999,3732.187287943904,d787ab6e10790c74a8c9b6e25b9f9aa07041f3b0bf89cfa6038dc0d1f5a2ae0a,97e88a1fb993ffc97c46f2aec7d95f6f957682f473e9f786e2b72f58b7a8001b,e40b6ec7bd9341c9,f090be1e35f15ab3,268,81920,0.030351212,,52.00800688698084,49.15162083455478,8.337366641367971,False,2910600,2910600,2910600,284.0
sqam/41_celesta_arpegio_single_tone_melodious_phrase_stereo.wav,sqam,normalized,reference,ima,default,2910600,44100,2910600,44100,2,2922556,7,66.0,354.2492121212121,42.710299999,43.9888900001,44.03009799842,33.331200004,34.4445000005,34.546259999300005,1980.1267278729686,ca7f03b2d153dcbe5c01ea6f039dd4b57a77a405eec0923f2daa267c528375d5,e1b753961a8cc6cd13552b11bcb5973a6968576779ac9c0e419452fece4d3b18,2f5f7f3aab7d5a9c,e82066b76b2cd31e,,,,,41.44024335179326,43.76603900326545,13.703835360349618,False,2910600,2910600,2910600,438.0
sqam/42_accordion_melodious_phrase_stereo.wav,sqam,normalized,baseline,rgs,high,970200,44100,970200,44100,2,783772,7,22.0,285.008,75.219700001,76.7279700021,77.10839400282,12.894100003,13.6390899987,13.784457998939999,1706.206714301997,c413f980b3b6eb6e95219b35dfa15fe3317483a50ba28fcf0558b422b6509135,1d2fc5f62de699a0692ebcd78591342eea03f676cdc9057bc4ade2d992fcd7ee,8bf898716a0cb198,ba935a91530d30fc,48,81920,0.045335294,12.982000001,37.351473308792976,36.81298699732431,13.391780960331003,False,970200,970200,970200,269.0
sqam/42_accordion_melodious_phrase_stereo.wav,sqam,normalized,candidate,rgs,high,970200,44100,970200,44100,2,783772,7,22.0,285.008,73.571699999,74.2299799981,74.40671599642,11.218400002,11.897119997799999,12.06478399636,1961.0639659913957,c413f980b3b6eb6e95219b35dfa15fe3317483a50ba28fcf0558b422b6509135,1d2fc5f62de699a0692ebcd78591342eea03f676cdc9057bc4ade2d992fcd7ee,8bf898716a0cb198,ba935a91530d30fc,48,81920,0.041457438,11.096999995,37.351473308792976,36.81298699732431,13.391780960331003,False,970200,970200,970200,269.0
sqam/42_accordion_melodious_phrase_stereo.wav,sqam,normalized,baseline,rgs,medium,970200,44100,970200,44100,2,589732,7,22.0,214.448,250.650600001,252.2238800006,252.68525600012,12.889300004,13.0748899992,13.07697800064,1706.8421088168193,ebb76545aa6933d45a598a4993fadcc1c12aca27640fab910e392d67216ad38c,ded8d5d1f2c60245b3f34515fcadd4e450eb7039e77be8cf0d27b64d35e5e012,eee0b69a19bf8c16,71ee9f5fef44fa25,48,81920,0.044187225,12.752800003,28.639022810930754,28.672194420703736,17.936518648471363,False,970200,970200,970200,635.0
sqam/42_accordion_melodious_phrase_stereo.wav,sqam,normalized,candidate,rgs,medium,970200,44100,970200,44100,2,589732,7,22.0,214.448,166.305799998,167.361130005,167.633026005,11.285900004,11.4890699988,11.52797399736,1949.3350102519657,ebb76545aa6933d45a598a4993fadcc1c12aca27640fab910e392d67216ad38c,ded8d5d1f2c60245b3f34515fcadd4e450eb7039e77be8cf0d27b64d35e5e012,eee0b69a19bf8c16,71ee9f5fef44fa25,48,81920,0.041028689,11.114600003,28.639022810930754,28.672194420703736,17.936518648471363,False,970200,970200,970200,635.0
sqam/42_accordion_melodious_phrase_stereo.wav,sqam,normalized,baseline,rgs,low,970200,44100,970200,44100,2,589732,7,22.0,214.448,250.649499997,251.5940000031,251.67464000382,12.830400005,13.144829999499999,13.1695260007,1714.6776399353575,ebb76545aa6933d45a598a4993fadcc1c12aca27640fab910e392d67216ad38c,ded8d5d1f2c60245b3f34515fcadd4e450eb7039e77be8cf0d27b64d35e5e012,eee0b69a19bf8c16,71ee9f5fef44fa25,48,81920,0.043759389,12.675400004,28.639022810930754,28.672194420703736,17.936518648471363,False,970200,970200,970200,635.0
sqam/42_accordion_melodious_phrase_stereo.wav,sqam,normalized,candidate,rgs,low,970200,44100,970200,44100,2,589732,7,22.0,214.448,162.835700005,165.6446799981,166.12957599882,11.103399999,11.246859997000001,11.2751319946,1981.3750744800127,ebb76545aa6933d45a598a4993fadcc1c12aca27640fab910e392d67216ad38c,ded8d5d1f2c60245b3f34515fcadd4e450eb7039e77be8cf0d27b64d35e5e012,eee0b69a19bf8c16,71ee9f5fef44fa25,48,81920,0.041479339,11.045499995,28.639022810930754,28.672194420703736,17.936518648471363,False,970200,970200,970200,635.0
sqam/42_accordion_melodious_phrase_stereo.wav,sqam,normalized,reference,pcm,default,970200,44100,970200,44100,2,3880844,7,22.0,1411.216,0.11066044,0.1136411799,0.11404823598,0.107470213,0.11629326409999999,0.11674888561999999,204707.88496529733,9bb74d54bb0f12b0b690b54b43ccf6c72a59dc77ddaa35aa1dd43e85f65e4aaf,9bb74d54bb0f12b0b690b54b43ccf6c72a59dc77ddaa35aa1dd43e85f65e4aaf,5da111dde2d80b2a,639ff748933de1a9,,,,,,60.0,0.0,True,970200,970200,970200,0.0
sqam/42_accordion_melodious_phrase_stereo.wav,sqam,normalized,reference,qoa,default,970200,44100,970200,44100,2,783768,7,22.0,285.00654545454546,49.726300001,51.0117599979,51.13003199718,5.7027,5.7900599993,5.79421199906,3857.8217335648023,e540dcbbd4a03466abaa6e055ea97f788823c782431d3224750fe66b4583663c,1d2fc5f62de699a0692ebcd78591342eea03f676cdc9057bc4ade2d992fcd7ee,3a8ba18ef8e4b219,ba935a91530d30fc,268,81920,0.029756677,,37.351473308792976,36.81298699732431,13.391780960331003,False,970200,970200,970200,269.0
sqam/42_accordion_melodious_phrase_stereo.wav,sqam,normalized,reference,ima,default,970200,44100,970200,44100,2,974908,7,22.0,354.512,16.778899997,29.368060000499987,33.50009200169999,12.157499999,17.029989994899996,18.593757994179995,1809.5825623532455,083a3c4f4040f4058811fc3304f9a725f72f76ea89779a0c6c9d5b3c46cb0912,b62467ed4133d3e9e5dc83c4289673377bfb119217749da91af1a91bc5a3f500,2420f62094cc38ac,8cef26afe17c1535,,,,,34.95593328394505,36.75152115561301,14.381957480489616,False,970200,970200,970200,718.0
sqam/43_organ_arpegio_stereo.wav,sqam,normalized,baseline,rgs,high,3880800,44100,3880800,44100,2,3134972,7,88.0,284.9974545454545,420.010299996,432.31696000109997,433.22003199942,54.7509,58.399829997199994,59.45124599624,1607.2795150399354,d04bb8e478de90963622fbfa8d3d45336363b3f52c7bb2e6a3b1027cef25ab7d,c146b6b84075f5a28485b7cbab1aef7e4ee990ba830618dd2b2cd2882ee7b5f4,4e27998bba6d7c7b,2bba89f4942ba450,48,81920,0.045765297,54.272100002,37.988604988991604,37.21312036472794,12.58079761498851,False,3880800,3880800,3880800,698.0
sqam/43_organ_arpegio_stereo.wav,sqam,normalized,candidate,rgs,high,3880800,44100,3880800,44100,2,3134972,7,88.0,284.9974545454545,402.718599997,418.3390799982,420.81909599724,46.768200003,50.3647199981,51.05198399642,1881.620417171393,d04bb8e478de90963622fbfa8d3d45336363b3f52c7bb2e6a3b1027cef25ab7d,c146b6b84075f5a28485b7cbab1aef7e4ee990ba830618dd2b2cd2882ee7b5f4,4e27998bba6d7c7b,2bba89f4942ba450,48,81920,0.043290476,46.760899998,37.988604988991604,37.21312036472794,12.58079761498851,False,3880800,3880800,3880800,698.0
sqam/43_organ_arpegio_stereo.wav,sqam,normalized,baseline,rgs,medium,3880800,44100,3880800,44100,2,2368640,7,88.0,215.33090909090907,1254.387000002,1276.8422899995999,1284.33285799912,54.493799999,55.2693499992,55.427150000640005,1614.8626082529547,895b5418544feb8b8e1d1e87a8fe589286c3715ca8e033356ce279acc7b5cfce,fd9bd253e32a299e60d28d7e49b96c7be0933dcd3899eb1eb1c0f3357e4ec99c,e8f99cc3f0818f49,0a84f5609d7fde85,48,81920,0.044697321,53.653800003,28.29813536605152,28.312714253960618,17.32713617984655,False,3880800,3880800,3880800,1724.0
sqam/43_organ_arpegio_stereo.wav,sqam,normalized,candidate,rgs,medium,3880800,44100,3880800,44100,2,2368640,7,88.0,215.33090909090907,900.782400005,905.18111,906.3319819999999,47.029399998,47.939639999899995,48.02800799918,1871.1699490901933,895b5418544feb8b8e1d1e87a8fe589286c3715ca8e033356ce279acc7b5cfce,fd9bd253e32a299e60d28d7e49b96c7be0933dcd3899eb1eb1c0f3357e4ec99c,e8f99cc3f0818f49,0a84f5609d7fde85,48,81920,0.042164286,46.788099997,28.29813536605152,28.312714253960618,17.32713617984655,False,3880800,3880800,3880800,1724.0
sqam/43_organ_arpegio_stereo.wav,sqam,normalized,baseline,rgs,low,3880800,44100,3880800,44100,2,2358812,7,88.0,214.43745454545456,1366.137700006,1384.471970002,1385.1523940043999,53.088399999,56.1546899985,56.8731779997,1657.6125858315113,eca357ffefbf6593bdfd2126b6bdf91ab68b2f678858947020ca8deafb1a2df7,12fef624aed92e70bfab33fb1f0ea94553d226f0b780b1b2d2c4f1ea4a863c26,8a4bc3b90f09137a,1832f1227e5a7a3a,48,81920,0.044209692,52.787599996,28.227275743183796,28.27253935818026,17.369630719992102,False,3880800,3880800,3880800,2293.0
sqam/43_organ_arpegio_stereo.wav,sqam,normalized,candidate,rgs,low,3880800,44100,3880800,44100,2,2358812,7,88.0,214.43745454545456,896.689400002,913.0417400002,915.77274799924,46.121199995,48.7222999958,48.85933999436,1908.016270381952,eca357ffefbf6593bdfd2126b6bdf91ab68b2f678858947020ca8deafb1a2df7,12fef624aed92e70bfab33fb1f0ea94553d226f0b780b1b2d2c4f1ea4a863c26,8a4bc3b90f09137a,1832f1227e5a7a3a,48,81920,0.040428226,46.843699999,28.227275743183796,28.27253935818026,17.369630719992102,False,3880800,3880800,3880800,2293.0
sqam/43_organ_arpegio_stereo.wav,sqam,normalized,reference,pcm,default,3880800,44100,3880800,44100,2,15523244,7,88.0,1411.204,0.51983,0.5880216666,0.5913643333199999,0.532594737,0.5784416663999999,0.58515499968,165228.82012632428,7b011b81ce7e76e192e742dfd94fbe62018eea0b0af89dc8891c9840356c05e1,7b011b81ce7e76e192e742dfd94fbe62018eea0b0af89dc8891c9840356c05e1,5c0a8fec45d6157a,d2699064a1c11635,,,,,,60.0,0.0,True,3880800,3880800,3880800,0.0
sqam/43_organ_arpegio_stereo.wav,sqam,normalized,reference,qoa,default,3880800,44100,3880800,44100,2,3134968,7,88.0,284.9970909090909,261.1175,270.2750600004,271.02477200088,22.941700004,23.814300001800003,23.872140002760002,3835.809900079626,e23f8b2d4fea96b4617fb400878f1dd15054c33c8fc4b1abb0710e9fc4797580,c146b6b84075f5a28485b7cbab1aef7e4ee990ba830618dd2b2cd2882ee7b5f4,807c48868cedc56b,2bba89f4942ba450,268,81920,0.02993791,,37.988604988991604,37.21312036472794,12.58079761498851,False,3880800,3880800,3880800,698.0
sqam/43_organ_arpegio_stereo.wav,sqam,normalized,reference,ima,default,3880800,44100,3880800,44100,2,3895356,7,88.0,354.1232727272727,70.602300003,71.4350099983,71.45908199806,50.817099996,51.3048000017,51.31632000194,1731.7005497544487,958752dadefc6360db070604a99f24dc2b77fa292d2c6bc6589b9c7734549e2a,44ae14422fd28341b49367e8e20ef8616af9a86b5950fb8b9c9bdeff1f3a29ac,f8cd7c8fab28871c,dc4ebe1752905e56,,,,,33.74220595956747,35.15284870928358,14.714483136141325,False,3880800,3880800,3880800,3125.0
sqam/44_soprano_stereo.wav,sqam,normalized,baseline,rgs,high,1234800,44100,1234800,44100,2,997532,7,28.0,285.0091428571428,87.025299996,90.0855700013,90.53967400106,15.560399994,16.3044299969,16.44096599618,1799.4396037888896,cca6f46d31c2332f2028418149b873ca09c9f594ab3cc3872336e5279d1981f3,ee3d98e55b9f2c18656ad3f511515ae48cc4e08f754715c5afcf8928817dc0f7,6b7efbb4b577f70e,5a3948f62ff45c77,48,81920,0.045265611,15.246199995,45.08533250367259,43.929200908714634,9.76315687878608,False,1234800,1234800,1234800,363.0
sqam/44_soprano_stereo.wav,sqam,normalized,candidate,rgs,high,1234800,44100,1234800,44100,2,997532,7,28.0,285.0091428571428,86.319300003,86.8027300025,86.8255060037,13.383400001,13.672829997400001,13.67376599548,2092.1439991263696,cca6f46d31c2332f2028418149b873ca09c9f594ab3cc3872336e5279d1981f3,ee3d98e55b9f2c18656ad3f511515ae48cc4e08f754715c5afcf8928817dc0f7,6b7efbb4b577f70e,5a3948f62ff45c77,48,81920,0.043198707,13.344399996,45.08533250367259,43.929200908714634,9.76315687878608,False,1234800,1234800,1234800,363.0
sqam/44_soprano_stereo.wav,sqam,normalized,baseline,rgs,medium,1234800,44100,1234800,44100,2,750572,7,28.0,214.44914285714287,278.518799998,291.2614300034,293.37148600388,16.1664,17.3671800013,17.76255600106,1731.987331749802,9e9e91a00a8ffdfb79fb46c7d08eb56d859a4a1cb733e0efd15c91b7e21fd035,0fe406665c20451da1b4c4f4140dd4ae0eca402bf50e48e356d3e273e19b575b,17f8549d25e05181,2eaedee51a8d2399,48,81920,0.044840179,16.014899999,36.82718835306205,36.13395312708759,13.608242601664593,False,1234800,1234800,1234800,604.0
sqam/44_soprano_stereo.wav,sqam,normalized,candidate,rgs,medium,1234800,44100,1234800,44100,2,750572,7,28.0,214.44914285714287,185.344400004,190.5124099958,190.82616199436,13.761799999,14.3776000014,14.426320001879999,2034.6175647106204,9e9e91a00a8ffdfb79fb46c7d08eb56d859a4a1cb733e0efd15c91b7e21fd035,0fe406665c20451da1b4c4f4140dd4ae0eca402bf50e48e356d3e273e19b575b,17f8549d25e05181,2eaedee51a8d2399,48,81920,0.041137705,13.588699996,36.82718835306205,36.13395312708759,13.608242601664593,False,1234800,1234800,1234800,604.0
sqam/44_soprano_stereo.wav,sqam,normalized,baseline,rgs,low,1234800,44100,1234800,44100,2,750572,7,28.0,214.44914285714287,278.117399998,284.70431,285.330302,15.760900006,15.9811599984,15.99815199648,1776.5482928856036,9e9e91a00a8ffdfb79fb46c7d08eb56d859a4a1cb733e0efd15c91b7e21fd035,0fe406665c20451da1b4c4f4140dd4ae0eca402bf50e48e356d3e273e19b575b,17f8549d25e05181,2eaedee51a8d2399,48,81920,0.044354867,15.629300006,36.82718835306205,36.13395312708759,13.608242601664593,False,1234800,1234800,1234800,604.0
sqam/44_soprano_stereo.wav,sqam,normalized,candidate,rgs,low,1234800,44100,1234800,44100,2,750572,7,28.0,214.44914285714287,184.840700001,190.97055000129998,191.60931000105998,13.590599999,13.9574599992,13.99821200064,2060.2475241755515,9e9e91a00a8ffdfb79fb46c7d08eb56d859a4a1cb733e0efd15c91b7e21fd035,0fe406665c20451da1b4c4f4140dd4ae0eca402bf50e48e356d3e273e19b575b,17f8549d25e05181,2eaedee51a8d2399,48,81920,0.041383884,13.634299994,36.82718835306205,36.13395312708759,13.608242601664593,False,1234800,1234800,1234800,604.0
sqam/44_soprano_stereo.wav,sqam,normalized,reference,pcm,default,1234800,44100,1234800,44100,2,4939244,7,28.0,1411.2125714285714,0.140404167,0.15741531250000002,0.15755556250000002,0.138959722,0.1539280234,0.15670185508,201497.23673166241,6a52ab2b8cae0ce6876edc61cb80edf33e7031dee1971543e9236fc3d6195524,6a52ab2b8cae0ce6876edc61cb80edf33e7031dee1971543e9236fc3d6195524,c9df0a56c52a3fb2,2dc92d3acf903ebd,,,,,,60.0,0.0,True,1234800,1234800,1234800,0.0
sqam/44_soprano_stereo.wav,sqam,normalized,reference,qoa,default,1234800,44100,1234800,44100,2,997528,7,28.0,285.008,59.0066,60.6252899987,60.80425799894,7.451099999,7.4945950017,7.499359001939999,3757.83441421506,41763df5d602d4440af7b333da72f87c40cd7a16126fd87db19ba2f325fe7bab,ee3d98e55b9f2c18656ad3f511515ae48cc4e08f754715c5afcf8928817dc0f7,0ba678b9278a7ac2,5a3948f62ff45c77,268,81920,0.029741246,,45.08533250367259,43.929200908714634,9.76315687878608,False,1234800,1234800,1234800,363.0
sqam/44_soprano_stereo.wav,sqam,normalized,reference,ima,default,1234800,44100,1234800,44100,2,1239100,7,28.0,354.0285714285714,20.770599999,21.0193399974,21.077227995479998,16.165600002,16.3395000013,16.38870000106,1732.0730437803638,ff364eff1712b2780a0e1cdcc875abac682b6b3c994cd51f3a2fe49b7e78980f,e92bc23ff0f91fc7f0dedd25a1c411b4b56f2eff5e0a63653d9b81c4c710e9f9,8ad0cdc02c5ddc7e,85cab535b8c97f64,,,,,39.462869518671305,40.21222579872676,12.44543731900436,False,1234800,1234800,1234800,564.0
sqam/45_alto_stereo.wav,sqam,normalized,baseline,rgs,high,1323000,44100,1323000,44100,2,1068772,7,30.0,285.00586666666663,92.307000004,95.2992500006,95.78873000012,17.529100001,18.4725300002,18.62874600164,1711.4398342349898,df0be7fb849885d1df37a759c1ac2a36ca447419765bd17480da294f4433f0f0,127a6165c1d932acd21c76b782ca4719c3c2a5692941732a91c3d0c5f418f5bd,e5fb091ca01ef12d,9a3a249a93fc6f29,48,81920,0.046411111,17.052900001,41.293963859174895,40.24376985084146,9.558256237042244,False,1323000,1323000,1323000,297.0
sqam/45_alto_stereo.wav,sqam,normalized,candidate,rgs,high,1323000,44100,1323000,44100,2,1068772,7,30.0,285.00586666666663,91.192399994,92.8823399969,93.05374799618,15.199199997,16.5151899972,16.85495799624,1973.7880944998003,df0be7fb849885d1df37a759c1ac2a36ca447419765bd17480da294f4433f0f0,127a6165c1d932acd21c76b782ca4719c3c2a5692941732a91c3d0c5f418f5bd,e5fb091ca01ef12d,9a3a249a93fc6f29,48,81920,0.042322785,15.019000001,41.293963859174895,40.24376985084146,9.558256237042244,False,1323000,1323000,1323000,297.0
sqam/45_alto_stereo.wav,sqam,normalized,baseline,rgs,medium,1323000,44100,1323000,44100,2,804172,7,30.0,214.44586666666666,305.2368,317.7124000042,319.24840000564,17.388999999,20.6483400025,21.6223080013,1725.2285928877584,635bf2f8f7ec098269658b9e9e6872eea9672dfe68a15346e94161b89bd54540,0764bda428462d7b4fc933fb8f83dc316ac39ae673e3af9b4cd3a1bc434a1116,4d88d0da2039e4cc,6804bc84ab265667,48,81920,0.044053745,17.192200005,32.33270531747217,31.76102181179015,13.518249816914198,False,1323000,1323000,1323000,513.0
sqam/45_alto_stereo.wav,sqam,normalized,candidate,rgs,medium,1323000,44100,1323000,44100,2,804172,7,30.0,214.44586666666666,201.358800001,204.9412200005,205.2783239993,15.208300002,16.0333399953,16.30290799506,1972.607062988946,635bf2f8f7ec098269658b9e9e6872eea9672dfe68a15346e94161b89bd54540,0764bda428462d7b4fc933fb8f83dc316ac39ae673e3af9b4cd3a1bc434a1116,4d88d0da2039e4cc,6804bc84ab265667,48,81920,0.041639004,15.183699995,32.33270531747217,31.76102181179015,13.518249816914198,False,1323000,1323000,1323000,513.0
sqam/45_alto_stereo.wav,sqam,normalized,baseline,rgs,low,1323000,44100,1323000,44100,2,804172,7,30.0,214.44586666666666,308.100199997,311.9022199967,312.36796399694003,17.392300002,19.751760001099996,20.47507200182,1724.9012492051195,635bf2f8f7ec098269658b9e9e6872eea9672dfe68a15346e94161b89bd54540,0764bda428462d7b4fc933fb8f83dc316ac39ae673e3af9b4cd3a1bc434a1116,4d88d0da2039e4cc,6804bc84ab265667,48,81920,0.04454,17.199599996,32.33270531747217,31.76102181179015,13.518249816914198,False,1323000,1323000,1323000,513.0
sqam/45_alto_stereo.wav,sqam,normalized,candidate,rgs,low,1323000,44100,1323000,44100,2,804172,7,30.0,214.44586666666666,201.543400005,208.6206900023,209.88373800206,14.9714,15.8975400032,16.08910800224,2003.8206179782787,635bf2f8f7ec098269658b9e9e6872eea9672dfe68a15346e94161b89bd54540,0764bda428462d7b4fc933fb8f83dc316ac39ae673e3af9b4cd3a1bc434a1116,4d88d0da2039e4cc,6804bc84ab265667,48,81920,0.040986066,15.161899999,32.33270531747217,31.76102181179015,13.518249816914198,False,1323000,1323000,1323000,513.0
sqam/45_alto_stereo.wav,sqam,normalized,reference,pcm,default,1323000,44100,1323000,44100,2,5292044,7,30.0,1411.2117333333333,0.152906061,0.16102483880000001,0.16223335496,0.157320313,0.23395121299999994,0.25286203699999993,190693.74722131403,178f913cd63b76285c37d6e5982a90a50ef3578538a31118a75333994c50eca0,178f913cd63b76285c37d6e5982a90a50ef3578538a31118a75333994c50eca0,d98a953f59e67a6f,3b7df27ce436c5bd,,,,,,60.0,0.0,True,1323000,1323000,1323000,0.0
sqam/45_alto_stereo.wav,sqam,normalized,reference,qoa,default,1323000,44100,1323000,44100,2,1068768,7,30.0,285.0048,61.322500005,63.1501299985,63.2081859997,7.992800001,8.220334999399999,8.28754699988,3753.378039766618,0f8ca23fb51118dff67078ce2cfec54b583d3d41e868d896947b6773eaa37cc4,127a6165c1d932acd21c76b782ca4719c3c2a5692941732a91c3d0c5f418f5bd,343ad3d955a89138,9a3a249a93fc6f29,268,81920,0.029735905,,41.293963859174895,40.24376985084146,9.558256237042244,False,1323000,1323000,1323000,297.0
sqam/45_alto_stereo.wav,sqam,normalized,reference,ima,default,1323000,44100,1323000,44100,2,1329212,7,30.0,354.4565333333333,22.908199996,23.521380003999997,23.661876004,16.563699998,17.288579999299998,17.356595999059998,1811.1895291282974,3f275e4ce3f8e1afbd0c148fee4c0d67ce6b7c431177edd6a2dc43564dbbe5de,3ec6c50e5d4b941840862145610216bcc4d1010881832960c8610e2f193f7675,40d0941f9a427eb6,d412fd3f8bcfe077,,,,,38.18274969311312,38.678100784005416,10.648947359804765,False,1323000,1323000,1323000,1033.0
sqam/46_tenor_stereo.wav,sqam,normalized,baseline,rgs,high,1278900,44100,1278900,44100,2,1033132,7,29.0,285.00193103448277,89.626200005,93.0911300037,93.25646600393999,16.785999998,17.385499998900002,17.506939998180002,1727.630168202982,9653de19d2c96f2c5a4635fa77f9479c079c840af029b162d362e1f363c83e4b,1756db7822af381b24b44a89dc37a2cbc5e07e348ccae28ac055f1b196a671a3,44c8e4deb153b44e,7e7329e79bdbdbba,48,81920,0.045973395,16.524700001,41.93097972283739,41.05316240547619,10.647479966944505,False,1278900,1278900,1278900,273.0
sqam/46_tenor_stereo.wav,sqam,normalized,candidate,rgs,high,1278900,44100,1278900,44100,2,1033132,7,29.0,285.00193103448277,88.663100004,90.8306100058,91.25764200676,14.145900004,15.270780003899999,15.51591600318,2050.0639755547363,9653de19d2c96f2c5a4635fa77f9479c079c840af029b162d362e1f363c83e4b,1756db7822af381b24b44a89dc37a2cbc5e07e348ccae28ac055f1b196a671a3,44c8e4deb153b44e,7e7329e79bdbdbba,48,81920,0.042464831,14.4366,41.93097972283739,41.05316240547619,10.647479966944505,False,1278900,1278900,1278900,273.0
sqam/46_tenor_stereo.wav,sqam,normalized,baseline,rgs,medium,1278900,44100,1278900,44100,2,777352,7,29.0,214.44193103448276,300.8741,314.8828000034,319.03216000628,17.113600001,17.5584900018,17.58505800276,1694.558713438753,cb7409c38a0d5b5fa2090546b5c91fec08f9beb8e2f17241d2c9b408a016ee44,555696067d5921851fe17d1eff1c8c06721867ba7365d12e60f1232066e3dfc6,286193db4d7b1295,322bd18f7c063522,48,81920,0.044201322,16.9142,32.46800064798886,31.927537281523342,15.62079302693679,False,1278900,1278900,1278900,664.0
sqam/46_tenor_stereo.wav,sqam,normalized,candidate,rgs,medium,1278900,44100,1278900,44100,2,777352,7,29.0,214.44193103448276,198.606899999,203.74955000079999,205.23239000176,14.968599997,15.2236400009,15.23640800258,1937.3889345571508,cb7409c38a0d5b5fa2090546b5c91fec08f9beb8e2f17241d2c9b408a016ee44,555696067d5921851fe17d1eff1c8c06721867ba7365d12e60f1232066e3dfc6,286193db4d7b1295,322bd18f7c063522,48,81920,0.04212395,15.0053,32.46800064798886,31.927537281523342,15.62079302693679,False,1278900,1278900,1278900,664.0
sqam/46_tenor_stereo.wav,sqam,normalized,baseline,rgs,low,1278900,44100,1278900,44100,2,777352,7,29.0,214.44193103448276,298.944700003,320.96261000069995,326.69220200094,17.308699995,17.5059800013,17.510396001060002,1675.4580071511602,cb7409c38a0d5b5fa2090546b5c91fec08f9beb8e2f17241d2c9b408a016ee44,555696067d5921851fe17d1eff1c8c06721867ba7365d12e60f1232066e3dfc6,286193db4d7b1295,322bd18f7c063522,48,81920,0.044440708,17.414000005,32.46800064798886,31.927537281523342,15.62079302693679,False,1278900,1278900,1278900,664.0
sqam/46_tenor_stereo.wav,sqam,normalized,candidate,rgs,low,1278900,44100,1278900,44100,2,777352,7,29.0,214.44193103448276,196.3433,199.4497900004,200.00195800088,14.960100003,15.2363500009,15.246550000180001,1938.4897155891024,cb7409c38a0d5b5fa2090546b5c91fec08f9beb8e2f17241d2c9b408a016ee44,555696067d5921851fe17d1eff1c8c06721867ba7365d12e60f1232066e3dfc6,286193db4d7b1295,322bd18f7c063522,48,81920,0.041495851,14.656899996,32.46800064798886,31.927537281523342,15.62079302693679,False,1278900,1278900,1278900,664.0
sqam/46_tenor_stereo.wav,sqam,normalized,reference,pcm,default,1278900,44100,1278900,44100,2,5115644,7,29.0,1411.2121379310345,0.148860294,0.1563048718,0.15768472396,0.153898462,0.15797625,0.15823275,188435.93121807804,31ab4373638cd7d5c61e5d2eb0850ffcec654e7eb591de8abc5d53f58c1f7a0e,31ab4373638cd7d5c61e5d2eb0850ffcec654e7eb591de8abc5d53f58c1f7a0e,d9a065d4e2eac70e,dcce363cd3ec2b25,,,,,,60.0,0.0,True,1278900,1278900,1278900,0.0
sqam/46_tenor_stereo.wav,sqam,normalized,reference,qoa,default,1278900,44100,1278900,44100,2,1033128,7,29.0,285.0008275862069,59.407500006,60.6706699971,60.96469399782,7.790999997,7.9627250006,7.99254500012,3722.2436158601886,9b5ddfab4780591d29770585aac26ab42812e4e09c75d9e1448ec88fad48df01,1756db7822af381b24b44a89dc37a2cbc5e07e348ccae28ac055f1b196a671a3,8662069c3a60bd1d,7e7329e79bdbdbba,268,81920,0.030963777,,41.93097972283739,41.05316240547619,10.647479966944505,False,1278900,1278900,1278900,273.0
sqam/46_tenor_stereo.wav,sqam,normalized,reference,ima,default,1278900,44100,1278900,44100,2,1284156,7,29.0,354.24993103448276,22.014800005,24.016610000399996,24.566042000879996,16.755900003,17.6346099967,17.68508199454,1730.733651717174,bb31a73d9aa2d6056e6070410004ecee6dbe5f698b583f3f2cd87ac7b049a85f,2e443a429e951794d268fc1b1d1dff9fe9c365dd0886a2c76059825f33fbb5ea,19f155780840e3b3,e11e32384370ad8e,,,,,35.44774014117374,36.74305384944342,14.14010321342442,False,1278900,1278900,1278900,434.0
sqam/47_bass_stereo.wav,sqam,normalized,baseline,rgs,high,1323000,44100,1323000,44100,2,1068772,7,30.0,285.00586666666663,92.443499997,96.1453200002,96.44906399924,16.814399995,17.0395399998,17.10582800076,1784.184984829725,cf627337042639318b0172cad6a267c371c8f65678628c22ff5c214b613b68ff,299c116dcdd2c8dc6ace6d84fb366bfc011c69cdac86adaaa88cee18ef16e4ec,c64e176188d1a660,6f133a76c9b60036,48,81920,0.045313122,16.4005,43.99204254395958,42.98408666422237,9.8913589846834,False,1323000,1323000,1323000,373.0
sqam/47_bass_stereo.wav,sqam,normalized,candidate,rgs,high,1323000,44100,1323000,44100,2,1068772,7,30.0,285.00586666666663,90.709999993,92.5358700028,92.81405400376,14.485399999,15.739799995999999,16.006199996,2071.050851344875,cf627337042639318b0172cad6a267c371c8f65678628c22ff5c214b613b68ff,299c116dcdd2c8dc6ace6d84fb366bfc011c69cdac86adaaa88cee18ef16e4ec,c64e176188d1a660,6f133a76c9b60036,48,81920,0.042423305,14.554200001,43.99204254395958,42.98408666422237,9.8913589846834,False,1323000,1323000,1323000,373.0
sqam/47_bass_stereo.wav,sqam,normalized,baseline,rgs,medium,1323000,44100,1323000,44100,2,804172,7,30.0,214.44586666666666,316.029999994,321.6151999987,322.69975999893995,17.2148,17.6142899966,17.69485799612,1742.6865255477844,1cb9fcc8d5be7554dfd5ce354a3a665235cfe02182c8e0ba12fd84ca11a75a7b,2105c84e9179c2e7918858246942b38b0616327833abfa801d4e0bfa8e540986,75d79139c51e3fd4,635a0a2a43979c0b,48,81920,0.044946637,17.026099995,34.02204192459066,33.69353002875341,14.476127164605098,False,1323000,1323000,1323000,854.0
sqam/47_bass_stereo.wav,sqam,normalized,candidate,rgs,medium,1323000,44100,1323000,44100,2,804172,7,30.0,214.44586666666666,204.876699999,209.02039000160002,209.35871800112,15.1404,15.4208500016,15.44617000112,1981.4535943568203,1cb9fcc8d5be7554dfd5ce354a3a665235cfe02182c8e0ba12fd84ca11a75a7b,2105c84e9179c2e7918858246942b38b0616327833abfa801d4e0bfa8e540986,75d79139c51e3fd4,635a0a2a43979c0b,48,81920,0.042105882,14.985299997,34.02204192459066,33.69353002875341,14.476127164605098,False,1323000,1323000,1323000,854.0
sqam/47_bass_stereo.wav,sqam,normalized,baseline,rgs,low,1323000,44100,1323000,44100,2,804172,7,30.0,214.44586666666666,310.995999999,320.9084900016,321.32433800112,17.272099994,26.03491999949999,28.923224000699992,1736.9051829494636,1cb9fcc8d5be7554dfd5ce354a3a665235cfe02182c8e0ba12fd84ca11a75a7b,2105c84e9179c2e7918858246942b38b0616327833abfa801d4e0bfa8e540986,75d79139c51e3fd4,635a0a2a43979c0b,48,81920,0.04529276,17.160400003,34.02204192459066,33.69353002875341,14.476127164605098,False,1323000,1323000,1323000,854.0
sqam/47_bass_stereo.wav,sqam,normalized,candidate,rgs,low,1323000,44100,1323000,44100,2,804172,7,30.0,214.44586666666666,202.951800004,212.6929899997,214.20515799994,14.791699998,15.261610000500001,15.2825619993,2028.164443847315,1cb9fcc8d5be7554dfd5ce354a3a665235cfe02182c8e0ba12fd84ca11a75a7b,2105c84e9179c2e7918858246942b38b0616327833abfa801d4e0bfa8e540986,75d79139c51e3fd4,635a0a2a43979c0b,48,81920,0.040609312,14.541099995,34.02204192459066,33.69353002875341,14.476127164605098,False,1323000,1323000,1323000,854.0
sqam/47_bass_stereo.wav,sqam,normalized,reference,pcm,default,1323000,44100,1323000,44100,2,5292044,7,30.0,1411.2117333333333,0.154835385,0.17226562809999998,0.17528259922,0.161512903,0.1726106398,0.17351385196,185743.67398993502,8f2b8e6cb90c6a9837be65abeda44650e4c3a36c60483a99bd7e6d78358b473b,8f2b8e6cb90c6a9837be65abeda44650e4c3a36c60483a99bd7e6d78358b473b,c00f39e11cce38b7,bf88af6152fe9aad,,,,,,60.0,0.0,True,1323000,1323000,1323000,0.0
sqam/47_bass_stereo.wav,sqam,normalized,reference,qoa,default,1323000,44100,1323000,44100,2,1068768,7,30.0,285.0048,61.961800002,65.2706600029,65.32125200458,8.025349997,8.5935999976,8.71383999712,3738.1547236213332,f2cfb4a226de4c98b4af328c6a24896a3625b6c1cdc0a0270a0f8b0c4e99fea4,299c116dcdd2c8dc6ace6d84fb366bfc011c69cdac86adaaa88cee18ef16e4ec,73519756b065e46c,6f133a76c9b60036,268,81920,0.030063363,,43.99204254395958,42.98408666422237,9.8913589846834,False,1323000,1323000,1323000,373.0
sqam/47_bass_stereo.wav,sqam,normalized,reference,ima,default,1323000,44100,1323000,44100,2,1329212,7,30.0,354.4565333333333,21.973399997,22.5428099964,22.63048199448,16.672899999,16.932700000999997,16.959100001,1799.32705179059,9f7153c244527c842452c01dac07715b9a070be8664ee5c88230462822c99de7,4a6e0dcf216c88b326aa8f117e119182b13b1e2c314f06b1a802a22b46e5263e,9c1c63d7a930f76a,9fc2a3209e995b72,,,,,36.38652148207665,38.06670840809073,13.278668869207928,False,1323000,1323000,1323000,1309.0
sqam/48_quartet_stereo.wav,sqam,normalized,baseline,rgs,high,1234800,44100,1234800,44100,2,997532,7,28.0,285.0091428571428,95.0053,96.3680799984,96.40561599888001,15.909099996,16.3167500016,16.40687000352,1759.9989947288027,3832b1a92f22c37cc2b21fc171818b03b69bda21cfc67e0d7bfe603f4440c2ad,f8bd4bf1dbe743249ff7229dc34f9abe6922f1ed91c0b40e738c295adf5fecaf,dfe793280d442a30,76789e1dbc96653e,48,81920,0.045232432,15.680799998,43.16745709245161,42.249990597930505,9.554145995850867,False,1234800,1234800,1234800,333.0
sqam/48_quartet_stereo.wav,sqam,normalized,candidate,rgs,high,1234800,44100,1234800,44100,2,997532,7,28.0,285.0091428571428,92.4296,98.06007000289999,99.07337400217999,13.7491,13.8215499965,13.823589995299999,2036.4969343447933,3832b1a92f22c37cc2b21fc171818b03b69bda21cfc67e0d7bfe603f4440c2ad,f8bd4bf1dbe743249ff7229dc34f9abe6922f1ed91c0b40e738c295adf5fecaf,dfe793280d442a30,76789e1dbc96653e,48,81920,0.042495339,13.6796,43.16745709245161,42.249990597930505,9.554145995850867,False,1234800,1234800,1234800,333.0
sqam/48_quartet_stereo.wav,sqam,normalized,baseline,rgs,medium,1234800,44100,1234800,44100,2,750572,7,28.0,214.44914285714287,313.649100006,328.7265500006,332.98547000012,16.200100005,16.3799699993,16.41503399906,1728.3843921554853,10fef357a055fbdbd42a6747e413aa323ee346bebbb7e852ab5cb3e8d413e9fb,1e35d8bb2e6d7d5d5a605c5615544c52e777b68c6d562b16d20a0ed7aada64e6,a54eab84a0ce1ee6,d16a48375106462b,48,81920,0.044235242,16.041199997,34.23046562091738,33.99583531844747,13.083908871400492,False,1234800,1234800,1234800,803.0
sqam/48_quartet_stereo.wav,sqam,normalized,candidate,rgs,medium,1234800,44100,1234800,44100,2,750572,7,28.0,214.44914285714287,205.709800005,209.011609999,209.204401999,14.098700002,14.4509800011,14.50963600182,1985.9987088191112,10fef357a055fbdbd42a6747e413aa323ee346bebbb7e852ab5cb3e8d413e9fb,1e35d8bb2e6d7d5d5a605c5615544c52e777b68c6d562b16d20a0ed7aada64e6,a54eab84a0ce1ee6,d16a48375106462b,48,81920,0.04181,14.055799998,34.23046562091738,33.99583531844747,13.083908871400492,False,1234800,1234800,1234800,803.0
sqam/48_quartet_stereo.wav,sqam,normalized,baseline,rgs,low,1234800,44100,1234800,44100,2,750572,7,28.0,214.44914285714287,313.197899997,314.5125200013,314.59162400106,16.103,16.8436499971,16.99400999782,1738.8064335838042,10fef357a055fbdbd42a6747e413aa323ee346bebbb7e852ab5cb3e8d413e9fb,1e35d8bb2e6d7d5d5a605c5615544c52e777b68c6d562b16d20a0ed7aada64e6,a54eab84a0ce1ee6,d16a48375106462b,48,81920,0.04512973,16.015799999,34.23046562091738,33.99583531844747,13.083908871400492,False,1234800,1234800,1234800,803.0
sqam/48_quartet_stereo.wav,sqam,normalized,candidate,rgs,low,1234800,44100,1234800,44100,2,750572,7,28.0,214.44914285714287,209.583800003,216.2376700003,217.25913400006,14.198600002,15.334660001399998,15.661732001879999,1972.0254106782324,10fef357a055fbdbd42a6747e413aa323ee346bebbb7e852ab5cb3e8d413e9fb,1e35d8bb2e6d7d5d5a605c5615544c52e777b68c6d562b16d20a0ed7aada64e6,a54eab84a0ce1ee6,d16a48375106462b,48,81920,0.041826667,14.058400005,34.23046562091738,33.99583531844747,13.083908871400492,False,1234800,1234800,1234800,803.0
sqam/48_quartet_stereo.wav,sqam,normalized,reference,pcm,default,1234800,44100,1234800,44100,2,4939244,7,28.0,1411.2125714285714,0.154836923,0.17693315349999997,0.18355255629999997,0.157442188,0.1626557144,0.16373114288,177843.05690670406,e478a72100d68308ab5c57480b02c07c498f6115e0edaaf90d837f348a635fdd,e478a72100d68308ab5c57480b02c07c498f6115e0edaaf90d837f348a635fdd,cffaed3d7496b436,a0c8e8288869d149,,,,,,60.0,0.0,True,1234800,1234800,1234800,0.0
sqam/48_quartet_stereo.wav,sqam,normalized,reference,qoa,default,1234800,44100,1234800,44100,2,997528,7,28.0,285.008,64.064100005,67.9754499993,68.88588999906,7.412150003,10.591250000299997,11.641130000059999,3777.5814019774634,1daf54481bb8c0ddc19d2c5283ad6d2155de8d82c57151d64c5629315fbb9e03,f8bd4bf1dbe743249ff7229dc34f9abe6922f1ed91c0b40e738c295adf5fecaf,6e3c1e5473368288,76789e1dbc96653e,268,81920,0.030172289,,43.16745709245161,42.249990597930505,9.554145995850867,False,1234800,1234800,1234800,333.0
sqam/48_quartet_stereo.wav,sqam,normalized,reference,ima,default,1234800,44100,1234800,44100,2,1239100,7,28.0,354.0285714285714,20.828400001,21.2393799996,21.27811599912,15.701700002,16.3279599967,16.35839199694,1783.2463998441892,7dbaa53d3762ab0910dd716c4296a866797f5c8978c0027b191e9566e12185be,73587ba6e28e4a9aadb36ab27ad87ca02c3380555bffaf3a41874ae0f94031be,7559789798dfd53f,0f995afb7b47b2b4,,,,,37.837667944939646,38.939925216714244,11.628239980157296,False,1234800,1234800,1234800,667.0
sqam/49_female_speech_english_mono.wav,sqam,normalized,baseline,rgs,high,1014300,44100,1014300,44100,2,819412,7,23.0,285.0128695652174,81.993699998,83.4931099998,83.81766200076,13.309500001,13.5523700032,13.56583400224,1728.0889588843993,0cd5ae6586c2df0a2a259320fb6ec602eba73dd3a4d755f2219239bc0cc0bedc,69ee5f7126aa030fa178b9a37eba5db5c40a1a262e117a3f3c907e4883f53365,0f8c053cf09b80a3,98ffad5d0868d68c,48,81920,0.044845291,13.355099998,34.73901484842515,36.681046174924454,7.217504292500045,False,1014300,1014300,1014300,1187.0
sqam/49_female_speech_english_mono.wav,sqam,normalized,candidate,rgs,high,1014300,44100,1014300,44100,2,819412,7,23.0,285.0128695652174,79.1263,80.1294699954,80.16357399348,11.631800003,12.3739500043,12.553830004059998,1977.3379867318888,0cd5ae6586c2df0a2a259320fb6ec602eba73dd3a4d755f2219239bc0cc0bedc,69ee5f7126aa030fa178b9a37eba5db5c40a1a262e117a3f3c907e4883f53365,0f8c053cf09b80a3,98ffad5d0868d68c,48,81920,0.042574468,11.514500007,34.73901484842515,36.681046174924454,7.217504292500045,False,1014300,1014300,1014300,1187.0
sqam/49_female_speech_english_mono.wav,sqam,normalized,baseline,rgs,medium,1014300,44100,1014300,44100,2,618150,7,23.0,215.0086956521739,243.087200001,248.1666500002,248.61004999924,13.638899997,13.6918399984,13.69428799888,1686.353005378664,83490dabefac92337ae7e0316c36b57785ce00e3624dbc2b8ba9438b03d2d611,7ad8d6d060fb50f1f52636ef158b5028c4925257de6fe567c2701635a92a43e6,dea216e87b995240,8192abdfd16fc52a,48,81920,0.045192342,13.532299995,27.48607411471253,29.310822894526343,9.97496785600474,False,1014300,1014300,1014300,2355.0
sqam/49_female_speech_english_mono.wav,sqam,normalized,candidate,rgs,medium,1014300,44100,1014300,44100,2,618150,7,23.0,215.0086956521739,170.117200002,172.7758000055,173.4125200067,11.888999999,12.490480005399998,12.61177600588,1934.561359402352,83490dabefac92337ae7e0316c36b57785ce00e3624dbc2b8ba9438b03d2d611,7ad8d6d060fb50f1f52636ef158b5028c4925257de6fe567c2701635a92a43e6,dea216e87b995240,8192abdfd16fc52a,48,81920,0.041642739,11.888399996,27.48607411471253,29.310822894526343,9.97496785600474,False,1014300,1014300,1014300,2355.0
sqam/49_female_speech_english_mono.wav,sqam,normalized,baseline,rgs,low,1014300,44100,1014300,44100,2,616552,7,23.0,214.45286956521738,255.992200002,260.7810000005,261.1033199993,13.424699999,13.6810900041,13.69349800482,1713.2598867545094,993287b4587225c3c3204c18a75c90607eea6d7d4540d80805b72b9d1d9330e1,2522cec87e92c93fef73fda9932d9e506698609ddd231cc715efada33745221b,a23a27ff39d78455,ebba52f405f07c7b,48,81920,0.044213656,13.270000003,27.033640988270623,29.288362991415045,9.98652136218983,False,1014300,1014300,1014300,2796.0
sqam/49_female_speech_english_mono.wav,sqam,normalized,candidate,rgs,low,1014300,44100,1014300,44100,2,616552,7,23.0,214.45286956521738,171.589299999,172.8579500009,173.04143000258,11.861600004,12.5498900019,12.69909800118,1939.030147049629,993287b4587225c3c3204c18a75c90607eea6d7d4540d80805b72b9d1d9330e1,2522cec87e92c93fef73fda9932d9e506698609ddd231cc715efada33745221b,a23a27ff39d78455,ebba52f405f07c7b,48,81920,0.041755,11.648000002,27.033640988270623,29.288362991415045,9.98652136218983,False,1014300,1014300,1014300,2796.0
sqam/49_female_speech_english_mono.wav,sqam,normalized,reference,pcm,default,1014300,44100,1014300,44100,2,4057244,7,23.0,1411.215304347826,0.120261905,0.1289982592,0.13146912544,0.117935294,0.122945732,0.1231198784,195022.19581527478,348d8954a52e846af8690e12e1a674b113b7a38d0cc50ef069012759cef8d482,348d8954a52e846af8690e12e1a674b113b7a38d0cc50ef069012759cef8d482,9bd70610ff336d0b,c33153efa9d08c7c,,,,,,60.0,0.0,True,1014300,1014300,1014300,0.0
sqam/49_female_speech_english_mono.wav,sqam,normalized,reference,qoa,default,1014300,44100,1014300,44100,2,819408,7,23.0,285.0114782608696,53.863699995,54.7484199983,54.84312399566,6.075300001,6.1761799982,6.18299599724,3785.8212756924236,0ee8c0f5fe25269e7d4e274f50041c51f63794c989a7dee98a18f4c49d356679,69ee5f7126aa030fa178b9a37eba5db5c40a1a262e117a3f3c907e4883f53365,fe83ad05158b9532,98ffad5d0868d68c,268,81920,0.030196988,,34.73901484842515,36.681046174924454,7.217504292500045,False,1014300,1014300,1014300,1187.0
sqam/49_female_speech_english_mono.wav,sqam,normalized,reference,ima,default,1014300,44100,1014300,44100,2,1017916,7,23.0,354.05773913043475,16.279700004,16.6559800013,16.67455600106,12.122200005,12.2931900008,12.32071800176,1897.3453655700512,6c9053c2dcc7fcd7c3706b2fe66cb3886f6b43df027a706018a11c2af5be45a0,66c02b7e1219e0a4b7512ab98b618b32c476cd6ce1c24b66e6e7af554ad1e6c5,b5db56a9097d4db3,0ab7858dcb3347b4,,,,,29.645144938639017,38.344336658572416,6.940200754646723,False,1014300,1014300,1014300,3226.0
sqam/50_male_speech_english_mono.wav,sqam,normalized,baseline,rgs,high,970200,44100,970200,44100,2,783772,7,22.0,285.008,74.915899999,75.74935000170001,75.78307000194,12.718800001,12.8445800007,12.85979600094,1729.7229297001506,1d3ca4c1b1ab001cf1df50e65656c5759310b641bb1c2334eec2008b17331f8c,ba606cceda67d21eed5530fd13ee5fe77a2b68f580d94f70fb5e0a6cc095bc0f,9313e885e5d54a30,0675680092741c60,48,81920,0.045778539,12.675499998,40.46458962627456,36.94446152731637,7.544483814100505,False,970200,970200,970200,605.0
sqam/50_male_speech_english_mono.wav,sqam,normalized,candidate,rgs,high,970200,44100,970200,44100,2,783772,7,22.0,285.008,73.226299994,73.8006400023,73.80284800206,11.022799999,11.2497899976,11.29243799712,1995.8631202594497,1d3ca4c1b1ab001cf1df50e65656c5759310b641bb1c2334eec2008b17331f8c,ba606cceda67d21eed5530fd13ee5fe77a2b68f580d94f70fb5e0a6cc095bc0f,9313e885e5d54a30,0675680092741c60,48,81920,0.043209052,10.907499999,40.46458962627456,36.94446152731637,7.544483814100505,False,970200,970200,970200,605.0
sqam/50_male_speech_english_mono.wav,sqam,normalized,baseline,rgs,medium,970200,44100,970200,44100,2,589934,7,22.0,214.52145454545456,237.272600003,241.1230599985,241.5374919973,12.518100001,12.9811799991,13.01583599742,1757.4552047229647,bbc3f5606c2763fc447157b8953f4055d9d500ad0801323f7831208ea5c04d9c,d519702ca9ba68ee671bf19bd4d6d25e4020ff1c5d31129799cb6f5bc3f86514,94edf65760bfaf24,969015aa11f45f8a,48,81920,0.045341176,12.7707,32.3402853300555,29.6317322316191,10.488051485639412,False,970200,970200,970200,1776.0
sqam/50_male_speech_english_mono.wav,sqam,normalized,candidate,rgs,medium,970200,44100,970200,44100,2,589934,7,22.0,214.52145454545456,159.144199997,159.9879599998,160.06087199836,11.095100001,11.205490001,11.2310980034,1982.8572971867889,bbc3f5606c2763fc447157b8953f4055d9d500ad0801323f7831208ea5c04d9c,d519702ca9ba68ee671bf19bd4d6d25e4020ff1c5d31129799cb6f5bc3f86514,94edf65760bfaf24,969015aa11f45f8a,48,81920,0.041917155,11.047499999,32.3402853300555,29.6317322316191,10.488051485639412,False,970200,970200,970200,1776.0
sqam/50_male_speech_english_mono.wav,sqam,normalized,baseline,rgs,low,970200,44100,970200,44100,2,589732,7,22.0,214.448,240.6866,251.4138799961,254.53085599682,12.955700003,13.2005300024,13.24058600288,1698.0942747135018,73ec7cb125af83a9d786537a03debfc4e1e83d464ec0ce3c79d3f8305f64fd4f,ba6d02291ee41f39b0811bf88629c4d6a63e60dafc8a58b1524e39ca4027ed1b,33d96a2585d80f80,53281849272f9f3a,48,81920,0.045307692,12.853600003,32.3179865478241,29.617476815603496,10.479579795179205,False,970200,970200,970200,1776.0
sqam/50_male_speech_english_mono.wav,sqam,normalized,candidate,rgs,low,970200,44100,970200,44100,2,589732,7,22.0,214.448,158.702800006,163.56695999779998,164.93083199635998,10.923999995,11.2627999966,11.355199996120001,2013.9143180217475,73ec7cb125af83a9d786537a03debfc4e1e83d464ec0ce3c79d3f8305f64fd4f,ba6d02291ee41f39b0811bf88629c4d6a63e60dafc8a58b1524e39ca4027ed1b,33d96a2585d80f80,53281849272f9f3a,48,81920,0.041814583,10.982299998,32.3179865478241,29.617476815603496,10.479579795179205,False,970200,970200,970200,1776.0
sqam/50_male_speech_english_mono.wav,sqam,normalized,reference,pcm,default,970200,44100,970200,44100,2,3880844,7,22.0,1411.216,0.12050241,0.1267202286,0.12838609692,0.117552326,0.12552396659999998,0.12681314772,187150.69917034224,35f364eec50583586a1a45a581544a466b16abe5de3aa247a4252a633b5086dc,35f364eec50583586a1a45a581544a466b16abe5de3aa247a4252a633b5086dc,91a58501fad28b5a,811a2eebde6da609,,,,,,60.0,0.0,True,970200,970200,970200,0.0
sqam/50_male_speech_english_mono.wav,sqam,normalized,reference,qoa,default,970200,44100,970200,44100,2,783768,7,22.0,285.00654545454546,50.065799996,51.0206000046,51.112040004120004,5.857349999,5.901899999,5.903219999,3755.9647287179296,b3abfcf14b5845dd0881d6d54cde03b6fdd5d9589037dec25bc2e057dae21e2b,ba606cceda67d21eed5530fd13ee5fe77a2b68f580d94f70fb5e0a6cc095bc0f,11bf4ab1d0fa96e5,0675680092741c60,268,81920,0.030533841,,40.46458962627456,36.94446152731637,7.544483814100505,False,970200,970200,970200,605.0
sqam/50_male_speech_english_mono.wav,sqam,normalized,reference,ima,default,970200,44100,970200,44100,2,974908,7,22.0,354.512,15.903499998,15.946979999,15.947075999,11.781000003,12.014089994999999,12.043777995,1867.4136316439824,786de77f691a6932164e3fbd3aad5f3a0bcd3014f3238acdda5818fa697cf154,9e61242c324c7198443e6e4e9e2ef5528cbc5a5102524d8f5e185c5dff2990a6,d2333644b9c39e48,57d08ac69d58a37d,,,,,38.08614807090356,40.03256713661154,7.708072349249499,False,970200,970200,970200,2866.0
sqam/51_female_speech_french_mono.wav,sqam,normalized,baseline,rgs,high,926100,44100,926100,44100,2,748132,7,21.0,285.0026666666667,80.636099994,82.69080999900001,83.1735219966,12.758500002,13.5987400005,13.8510279993,1645.961515594159,dfd1e3d680beba4e7c392138ec6ea100b4e184e5c21744edc907cc81b44834c8,bc57b6ecaafbcdedb4f9595185b0d41b5c9c53ef00209e75b4dcd41086491197,f2f4e1ed1f7152ff,91f970a006f816f7,48,81920,0.047749524,12.713,36.409046072479974,31.054461423033285,5.6683452997979105,False,926100,926100,926100,1210.0
sqam/51_female_speech_french_mono.wav,sqam,normalized,candidate,rgs,high,926100,44100,926100,44100,2,748132,7,21.0,285.0026666666667,79.431000002,80.1102700032,80.14341400464,11.302199997,12.260650003399999,12.529090003879999,1858.0453367993962,dfd1e3d680beba4e7c392138ec6ea100b4e184e5c21744edc907cc81b44834c8,bc57b6ecaafbcdedb4f9595185b0d41b5c9c53ef00209e75b4dcd41086491197,f2f4e1ed1f7152ff,91f970a006f816f7,48,81920,0.044664286,10.990800001,36.409046072479974,31.054461423033285,5.6683452997979105,False,926100,926100,926100,1210.0
sqam/51_female_speech_french_mono.wav,sqam,normalized,baseline,rgs,medium,926100,44100,926100,44100,2,563636,7,21.0,214.7184761904762,253.897,266.23105000119995,267.88669000024,12.950900003,13.2178599989,13.234132000579999,1621.508929505708,4fa38edc8ada484e0706a167357d8804772bd7465215e07f095ca2663fe0dce0,5b6b84da3d82f9c24d28e324471e7743e59fddfd9750403738aa97765e11e025,d4173d170edeabf2,9a49d52b50c788e1,48,81920,0.047417536,12.988799997,29.217289746100672,24.48564923155179,8.017519985388493,False,926100,926100,926100,1786.0
sqam/51_female_speech_french_mono.wav,sqam,normalized,candidate,rgs,medium,926100,44100,926100,44100,2,563636,7,21.0,214.7184761904762,173.534299999,185.1455500015,188.6160700003,11.469599999,11.8240400014,11.87160800188,1830.926972329543,4fa38edc8ada484e0706a167357d8804772bd7465215e07f095ca2663fe0dce0,5b6b84da3d82f9c24d28e324471e7743e59fddfd9750403738aa97765e11e025,d4173d170edeabf2,9a49d52b50c788e1,48,81920,0.045170721,11.386,29.217289746100672,24.48564923155179,8.017519985388493,False,926100,926100,926100,1786.0
sqam/51_female_speech_french_mono.wav,sqam,normalized,baseline,rgs,low,926100,44100,926100,44100,2,562912,7,21.0,214.44266666666667,263.199699998,268.9592100008,270.78208200176,12.970300004,14.462690000499999,14.8996580017,1619.083598183825,bd906bd31d139810d4c020d1a2feb164374f013a2bc200fe5c043582c828a81a,49b31d98e402dcd7abc7d05d668dd042b486a3f13bfdf6a46b3893fb842ec11e,c817698a82130a70,268050614a96b656,48,81920,0.047318868,12.850599997,29.12386233723405,24.482484550465475,8.017442450567335,False,926100,926100,926100,2393.0
sqam/51_female_speech_french_mono.wav,sqam,normalized,candidate,rgs,low,926100,44100,926100,44100,2,562912,7,21.0,214.44266666666667,173.954300001,176.8380599998,177.03913200076,11.288199998,12.0394800016,12.29349600112,1860.3497460818112,bd906bd31d139810d4c020d1a2feb164374f013a2bc200fe5c043582c828a81a,49b31d98e402dcd7abc7d05d668dd042b486a3f13bfdf6a46b3893fb842ec11e,c817698a82130a70,268050614a96b656,48,81920,0.044844843,11.305499993,29.12386233723405,24.482484550465475,8.017442450567335,False,926100,926100,926100,2393.0
sqam/51_female_speech_french_mono.wav,sqam,normalized,reference,pcm,default,926100,44100,926100,44100,2,3704444,7,21.0,1411.2167619047618,0.112211111,0.1144495454,0.11452809068,0.116003448,0.1285477051,0.13071109942,181029.10182462854,e4f303318b83959b9c7b1175000ac626fe4b29d4275ded69357d444644c74e85,e4f303318b83959b9c7b1175000ac626fe4b29d4275ded69357d444644c74e85,45deb935ef6587d8,1f871041a3a173bb,,,,,,60.0,0.0,True,926100,926100,926100,0.0
sqam/51_female_speech_french_mono.wav,sqam,normalized,reference,qoa,default,926100,44100,926100,44100,2,748128,7,21.0,285.00114285714284,52.727200001,53.4086900025,53.556218003699996,5.612149999,5.6577149984,5.67042299888,3741.8814542985992,cc7a6241381451794e50286ccf2aa9db704d20867e333237d7bc3644b11a9247,bc57b6ecaafbcdedb4f9595185b0d41b5c9c53ef00209e75b4dcd41086491197,cd4583d28371bb2e,91f970a006f816f7,268,81920,0.030090991,,36.409046072479974,31.054461423033285,5.6683452997979105,False,926100,926100,926100,1210.0
sqam/51_female_speech_french_mono.wav,sqam,normalized,reference,ima,default,926100,44100,926100,44100,2,929852,7,21.0,354.22933333333333,16.861199997,17.0498100026,17.08084200212,11.872200005,11.973640001,11.982088001,1768.8381252974016,258231ff691bb655131340fd19b9ac0a30c18abe22cb0f7a674d15441936ddcf,46c321af8d617a4da0f4b96be88cedf2a447274d85d1f844a849ccd4f3a939c3,47243609e47e48d7,3b9642c80e381c43,,,,,33.95056525109926,34.109443251375026,5.539879284334887,False,926100,926100,926100,5297.0
sqam/52_male_speech_french_mono.wav,sqam,normalized,baseline,rgs,high,1058400,44100,1058400,44100,2,855012,7,24.0,285.004,85.675999999,91.5521899988,92.59059799736,13.900899999,17.480260000099996,18.67037200082,1726.5069169425367,b5de3f6b32baae72498cc4987d43131fc0cb8255ae971ab48b4fa001e0f01f39,2a8030a06cf216a2ee3c4a332ec1ba1c88b1e686ecd8670a25472271411569ac,400c935fb4cdd0e2,e73d524003e54b3e,48,81920,0.047877512,13.616599999,37.52822620332135,32.978426593253786,7.6627462262974975,False,1058400,1058400,1058400,858.0
sqam/52_male_speech_french_mono.wav,sqam,normalized,candidate,rgs,high,1058400,44100,1058400,44100,2,855012,7,24.0,285.004,84.258900002,85.89344999459999,86.10236999412,11.909500003,12.1039700027,12.16039400294,2015.1979507077886,b5de3f6b32baae72498cc4987d43131fc0cb8255ae971ab48b4fa001e0f01f39,2a8030a06cf216a2ee3c4a332ec1ba1c88b1e686ecd8670a25472271411569ac,400c935fb4cdd0e2,e73d524003e54b3e,48,81920,0.043347619,11.750200003,37.52822620332135,32.978426593253786,7.6627462262974975,False,1058400,1058400,1058400,858.0
sqam/52_male_speech_french_mono.wav,sqam,normalized,baseline,rgs,medium,1058400,44100,1058400,44100,2,644494,7,24.0,214.83133333333333,254.180399999,280.1004799979,285.82769599717994,13.841800004,14.7463400001,14.761268000820001,1733.8785413070907,308ce269ddd5a03272a55aaa5a5c3690dfcc50ebd2b8bcc791f51a474b5b41ec,4f1657fe1c734f1b61663de9cf722c6ded1d70c4200727f5c3c736daef47a5d4,346490f6658d3785,bdcf0c1b4ba12450,48,81920,0.045329864,13.677200004,30.093971243697595,26.086595995315516,10.410137288702346,False,1058400,1058400,1058400,1869.0
sqam/52_male_speech_french_mono.wav,sqam,normalized,candidate,rgs,medium,1058400,44100,1058400,44100,2,644494,7,24.0,214.83133333333333,178.755899996,203.51275999749998,208.24407199869998,11.931000002,12.418610000300001,12.45060200006,2011.5665070804516,308ce269ddd5a03272a55aaa5a5c3690dfcc50ebd2b8bcc791f51a474b5b41ec,4f1657fe1c734f1b61663de9cf722c6ded1d70c4200727f5c3c736daef47a5d4,346490f6658d3785,bdcf0c1b4ba12450,48,81920,0.042374153,12.076499999,30.093971243697595,26.086595995315516,10.410137288702346,False,1058400,1058400,1058400,1869.0
sqam/52_male_speech_french_mono.wav,sqam,normalized,baseline,rgs,low,1058400,44100,1058400,44100,2,643332,7,24.0,214.444,264.332999997,272.88766999999996,273.13105399999995,13.786600001,14.1252200019,14.13352400118,1740.820796879519,be46507a2613039e3c9a0ca3591bdd459c2d85b482aff5c99556295212ca93ff,e68d275f6a6bf2ac45a3ae40bf24a11da47993d70e9bb509a1e75a6efed23c6b,196ac3efbf47b8e5,70c975ce50b187a4,48,81920,0.045304977,13.618799999,29.87103164986561,26.05140805132076,10.438659990974074,False,1058400,1058400,1058400,2256.0
sqam/52_male_speech_french_mono.wav,sqam,normalized,candidate,rgs,low,1058400,44100,1058400,44100,2,643332,7,24.0,214.444,175.065099999,177.9470200024,178.16772400288,11.898699999,12.073639999300001,12.074887999060001,2017.0270703536544,be46507a2613039e3c9a0ca3591bdd459c2d85b482aff5c99556295212ca93ff,e68d275f6a6bf2ac45a3ae40bf24a11da47993d70e9bb509a1e75a6efed23c6b,196ac3efbf47b8e5,70c975ce50b187a4,48,81920,0.042131092,11.8785,29.87103164986561,26.05140805132076,10.438659990974074,False,1058400,1058400,1058400,2256.0
sqam/52_male_speech_french_mono.wav,sqam,normalized,reference,pcm,default,1058400,44100,1058400,44100,2,4233644,7,24.0,1411.2146666666667,0.134098667,0.13881759540000002,0.13942574148,0.12632,0.1341725331,0.13422757302,189993.66687777077,dccc386dbd8fdb470183822cc544356afe3a5e9dbc54ed80de97d420985c4744,dccc386dbd8fdb470183822cc544356afe3a5e9dbc54ed80de97d420985c4744,e1dfc93b96136bd4,664abec30c96f257,,,,,,60.0,0.0,True,1058400,1058400,1058400,0.0
sqam/52_male_speech_french_mono.wav,sqam,normalized,reference,qoa,default,1058400,44100,1058400,44100,2,855008,7,24.0,285.0026666666667,56.272399999,74.84356999559998,80.80615399511998,6.350949999,6.5331850002000005,6.55959699924,3778.96220310016,bc31339428b3ade26ead5e52a5d02a4d3b3f36d5708452ef464ef821fbd440a7,2a8030a06cf216a2ee3c4a332ec1ba1c88b1e686ecd8670a25472271411569ac,3d4f56a4c203b82e,e73d524003e54b3e,268,81920,0.030797231,,37.52822620332135,32.978426593253786,7.6627462262974975,False,1058400,1058400,1058400,858.0
sqam/52_male_speech_french_mono.wav,sqam,normalized,reference,ima,default,1058400,44100,1058400,44100,2,1062972,7,24.0,354.324,18.804899998,19.2735300028,19.366866003760002,13.963300005,14.247489997999999,14.256777998,1718.7914025628643,d1fe9d6f354c84bdc3faf86dbeedf3016bdaeb96bf6cd379809a973dfccc76cd,01268d2d54e4b2f6926b254ed14a99feb8f9fb1499cb745218ffcdeea4c3997c,fda1674b324ef233,c44ef3349531e0ad,,,,,35.07941455893767,35.780874628309185,7.258898226110099,False,1058400,1058400,1058400,6098.0
sqam/53_female_speech_german_mono.wav,sqam,normalized,baseline,rgs,high,926100,44100,926100,44100,2,748132,7,21.0,285.0026666666667,72.437400006,74.1435300024,74.44926600288,12.007399999,18.561970003699994,20.742154003939994,1748.921498554968,bb775d19fb2d2b4076963bd3d2020556c8584493d150ba84dd211c94e7aebab5,ad9f82787c780e2ef6401cce218aa9a3857d26e0f5fa100b085372b1aaa33c0e,f8bf35a1dafc6ece,34f17451f8cebb7d,48,81920,0.04499148,12.119200006,34.40616087459904,33.36885310816266,7.812773493233194,False,926100,926100,926100,1159.0
sqam/53_female_speech_german_mono.wav,sqam,normalized,candidate,rgs,high,926100,44100,926100,44100,2,748132,7,21.0,285.0026666666667,70.257299997,71.6765799973,71.71195599706,10.5568,11.302870000399999,11.510254000879998,1989.2391633828431,bb775d19fb2d2b4076963bd3d2020556c8584493d150ba84dd211c94e7aebab5,ad9f82787c780e2ef6401cce218aa9a3857d26e0f5fa100b085372b1aaa33c0e,f8bf35a1dafc6ece,34f17451f8cebb7d,48,81920,0.043130172,10.540600002,34.40616087459904,33.36885310816266,7.812773493233194,False,926100,926100,926100,1159.0
sqam/53_female_speech_german_mono.wav,sqam,normalized,baseline,rgs,medium,926100,44100,926100,44100,2,563888,7,21.0,214.81447619047617,214.455700003,224.6389900002,224.93723799924,12.123999998,12.506159997,12.566591997,1732.1016169139066,6ebc15c1bea039fdecf748ea41fba36d2ae6756e3a0c5ac6aa405d8c3efdcc2c,3da0aaab4350b1b9128fd44d766add9d670b8c3cab776fef11a3b66a3225f010,ff8e21eb8f735198,e88844f4d9637135,48,81920,0.045004036,12.068499997,27.33784141451851,26.86838474350037,10.075114360041203,False,926100,926100,926100,1769.0
sqam/53_female_speech_german_mono.wav,sqam,normalized,candidate,rgs,medium,926100,44100,926100,44100,2,563888,7,21.0,214.81447619047617,150.053799994,154.7595700033,155.82543400546,10.633999996,10.9097199978,10.98858399876,1974.797819061425,6ebc15c1bea039fdecf748ea41fba36d2ae6756e3a0c5ac6aa405d8c3efdcc2c,3da0aaab4350b1b9128fd44d766add9d670b8c3cab776fef11a3b66a3225f010,ff8e21eb8f735198,e88844f4d9637135,48,81920,0.041976987,10.510899998,27.33784141451851,26.86838474350037,10.075114360041203,False,926100,926100,926100,1769.0
sqam/53_female_speech_german_mono.wav,sqam,normalized,baseline,rgs,low,926100,44100,926100,44100,2,562912,7,21.0,214.44266666666667,232.399800003,248.43974000019998,252.29154800163997,12.092799999,12.6672699973,12.70233399706,1736.5705214455354,d63517766ca1882f5afbec31ebc9573f9ba8a49818213d2a770d83964a1bc18f,bd2b823f8fbdc418c19966bac3b8efb9bceb98a66d718ef9227b1b2ec07b00e3,94f3f245066e32f4,c6ce7ab100ede224,48,81920,0.044458222,12.019700006,27.14160802781027,26.803041831326592,10.115674628181159,False,926100,926100,926100,2373.0
sqam/53_female_speech_german_mono.wav,sqam,normalized,candidate,rgs,low,926100,44100,926100,44100,2,562912,7,21.0,214.44266666666667,148.749499999,153.1286500007,153.71029000094,10.573600002,10.7359799987,10.73799599894,1986.0785348441254,d63517766ca1882f5afbec31ebc9573f9ba8a49818213d2a770d83964a1bc18f,bd2b823f8fbdc418c19966bac3b8efb9bceb98a66d718ef9227b1b2ec07b00e3,94f3f245066e32f4,c6ce7ab100ede224,48,81920,0.04181125,10.541499995,27.14160802781027,26.803041831326592,10.115674628181159,False,926100,926100,926100,2373.0
sqam/53_female_speech_german_mono.wav,sqam,normalized,reference,pcm,default,926100,44100,926100,44100,2,3704444,7,21.0,1411.2167619047618,0.113713483,0.14504688899999998,0.1523213778,0.115652874,0.135888517,0.14263256019999998,181577.84820807824,0d4d558e99f234ebb55379855260f502103fb699a5e7fa893ce9fee9d144d287,0d4d558e99f234ebb55379855260f502103fb699a5e7fa893ce9fee9d144d287,ba4414f718d91085,30af3e50917f4c62,,,,,,60.0,0.0,True,926100,926100,926100,0.0
sqam/53_female_speech_german_mono.wav,sqam,normalized,reference,qoa,default,926100,44100,926100,44100,2,748128,7,21.0,285.00114285714284,48.377399996,49.9640600026,50.21121200212,5.586400002,5.8575049991000006,5.87782099982,3759.1293127025883,127ea6cd24b256a0ea6efb6e8568921de4787abba3c4718722f4d4c775d282b7,ad9f82787c780e2ef6401cce218aa9a3857d26e0f5fa100b085372b1aaa33c0e,b0d5daa04b5b9d6d,34f17451f8cebb7d,268,81920,0.029521534,,34.40616087459904,33.36885310816266,7.812773493233194,False,926100,926100,926100,1159.0
sqam/53_female_speech_german_mono.wav,sqam,normalized,reference,ima,default,926100,44100,926100,44100,2,929852,7,21.0,354.22933333333333,14.594800003,16.2212400038,16.76488800476,10.584399998,10.700759999899999,10.73167199918,1984.0520014330623,2de4084126912dc4380fe667a13b7f4b6b4bbeb9046a0c766d4af275aa11ce1f,f530446d6d7ef11d6c05d40c4390520c676df15d72ef419919cc2052d24c62a7,cd74256351900f5e,b2acff53866fd8e4,,,,,30.90716697036255,34.90501210406438,7.485026123327084,False,926100,926100,926100,3220.0
sqam/54_male_speech_german_mono.wav,sqam,normalized,baseline,rgs,high,926100,44100,926100,44100,2,748132,7,21.0,285.0026666666667,72.356700003,74.0785100027,74.13450200294,12.225900002,12.4101799987,12.41579599894,1717.6649569000786,d07bfd3b0c2e67e9c7f1b44251fc0960ec310dccfa39f41cc021d100ad9565b5,f1c6706693c490ba21ad3be477db0b24573c6adaca6377cbe7ecfb25c77ba857,924093afae841547,3af3fd251b9d0531,48,81920,0.045901835,12.184299998,35.784798804574216,32.66084640908831,8.220066361082205,False,926100,926100,926100,901.0
sqam/54_male_speech_german_mono.wav,sqam,normalized,candidate,rgs,high,926100,44100,926100,44100,2,748132,7,21.0,285.0026666666667,70.444900006,74.06221999750001,74.8726039987,10.583500005,10.895250001399999,10.91984999948,1984.2207199961163,d07bfd3b0c2e67e9c7f1b44251fc0960ec310dccfa39f41cc021d100ad9565b5,f1c6706693c490ba21ad3be477db0b24573c6adaca6377cbe7ecfb25c77ba857,924093afae841547,3af3fd251b9d0531,48,81920,0.04342987,10.583499998,35.784798804574216,32.66084640908831,8.220066361082205,False,926100,926100,926100,901.0
sqam/54_male_speech_german_mono.wav,sqam,normalized,baseline,rgs,medium,926100,44100,926100,44100,2,563870,7,21.0,214.80761904761906,216.183399998,220.3630100015,220.4377220003,12.2751,12.7151499991,12.74958999742,1710.7803602414645,2dc1545da5100c51a98c8abe96f2e2909609235451fca2cb933f81a4ddbc6812,d740abf0ee5de2986ead31c0f6df298e243dee89abb7e39cfa5462b818a75c5f,8cf5e520bbf51575,73f8ba3206536dc6,48,81920,0.044856054,12.211400002,28.337090817115325,26.030360575633278,10.6506830533537,False,926100,926100,926100,1594.0
sqam/54_male_speech_german_mono.wav,sqam,normalized,candidate,rgs,medium,926100,44100,926100,44100,2,563870,7,21.0,214.80761904761906,149.559600003,152.5832800017,152.72497600434,10.694700003,10.785650002,10.801610002,1963.5894409482485,2dc1545da5100c51a98c8abe96f2e2909609235451fca2cb933f81a4ddbc6812,d740abf0ee5de2986ead31c0f6df298e243dee89abb7e39cfa5462b818a75c5f,8cf5e520bbf51575,73f8ba3206536dc6,48,81920,0.041991632,10.563200004,28.337090817115325,26.030360575633278,10.6506830533537,False,926100,926100,926100,1594.0
sqam/54_male_speech_german_mono.wav,sqam,normalized,baseline,rgs,low,926100,44100,926100,44100,2,562912,7,21.0,214.44266666666667,227.405499995,231.2759599959,231.52047199518,12.291999996,12.4067200014,12.429664001879999,1708.4282465696156,088947494c46f6bdb83b45e5b59fd909c2e05ecd4762d29d1ba41115b6d76b4a,7b209db8a9df97a414d609b1984c4c2bc022017ea79ef5b3231d4a53e536eb78,642845268b1e2e50,6c749a9b22451de3,48,81920,0.045269683,12.165899999,28.279616040944124,26.01118743284318,10.657570140088584,False,926100,926100,926100,1982.0
sqam/54_male_speech_german_mono.wav,sqam,normalized,candidate,rgs,low,926100,44100,926100,44100,2,562912,7,21.0,214.44266666666667,150.037600003,152.15436999599999,152.25567399599998,10.611900002,13.736459997099997,14.699531995419997,1978.9104680634173,088947494c46f6bdb83b45e5b59fd909c2e05ecd4762d29d1ba41115b6d76b4a,7b209db8a9df97a414d609b1984c4c2bc022017ea79ef5b3231d4a53e536eb78,642845268b1e2e50,6c749a9b22451de3,48,81920,0.040972653,10.865400001,28.279616040944124,26.01118743284318,10.657570140088584,False,926100,926100,926100,1982.0
sqam/54_male_speech_german_mono.wav,sqam,normalized,reference,pcm,default,926100,44100,926100,44100,2,3704444,7,21.0,1411.2167619047618,0.109743478,0.11705916699999999,0.11869088139999999,0.110156044,0.1150527777,0.11577469314,190638.6543801446,6d69b3b4862d0f4f225e973c2c939914be56b2b8f7ef3e8ca86c0afbdc27a9ae,6d69b3b4862d0f4f225e973c2c939914be56b2b8f7ef3e8ca86c0afbdc27a9ae,70e5efea059480c4,d52b4948b83c2437,,,,,,60.0,0.0,True,926100,926100,926100,0.0
sqam/54_male_speech_german_mono.wav,sqam,normalized,reference,qoa,default,926100,44100,926100,44100,2,748128,7,21.0,285.00114285714284,47.407799996,48.222179998,48.373235998,5.69215,6.22108,6.356176,3689.2913925318203,8e0e9a680efcf6e1fabdd757852089ffe02421348ea4b14badd46bc3a93361c7,f1c6706693c490ba21ad3be477db0b24573c6adaca6377cbe7ecfb25c77ba857,d0be427d9d8e07a7,3af3fd251b9d0531,268,81920,0.030480851,,35.784798804574216,32.66084640908831,8.220066361082205,False,926100,926100,926100,901.0
sqam/54_male_speech_german_mono.wav,sqam,normalized,reference,ima,default,926100,44100,926100,44100,2,929852,7,21.0,354.22933333333333,14.341800004,14.4607699999,14.491033999179999,10.347199999,10.5826800033,10.59885600546,2029.5345602703662,e630a4eecb8ebfaa5e49302bd6bb09695f759019d07a731edb822f6a027022af,e8be656bbffadb1f09171bc8ca1c128a0601c53cffdb571c71cb1cd3ef2bc50e,31dacbeaeff780f7,28cc7f7453547c91,,,,,32.54693582201895,33.79353084331924,7.908485520248404,False,926100,926100,926100,5677.0
sqam/55_trumpet_haydn_stereo.wav,sqam,normalized,baseline,rgs,high,1411200,44100,1411200,44100,2,1140012,7,32.0,285.003,96.557800002,99.2686400019,99.58476800118,19.475299999,19.632619999499997,19.6486039983,1643.1069098623952,64d4ab62c631f5a18ff43f7fa77eca726b65430469ff4d68a6ce5dee82c25f95,d1fa1d8d2749fa881503d588076354761d5916474373d0e68ca2d8b0432fcc13,c6b1348c166882b9,b7ac45175904f760,48,81920,0.045910092,19.4155,44.92679265895626,45.42810310885125,10.648911342958126,False,1411200,1411200,1411200,316.0
sqam/55_trumpet_haydn_stereo.wav,sqam,normalized,candidate,rgs,high,1411200,44100,1411200,44100,2,1140012,7,32.0,285.003,92.850699998,102.8484400009,105.37040800017999,16.754299998,17.831429998399997,18.097085996479997,1909.9574439887022,64d4ab62c631f5a18ff43f7fa77eca726b65430469ff4d68a6ce5dee82c25f95,d1fa1d8d2749fa881503d588076354761d5916474373d0e68ca2d8b0432fcc13,c6b1348c166882b9,b7ac45175904f760,48,81920,0.043208621,16.704399996,44.92679265895626,45.42810310885125,10.648911342958126,False,1411200,1411200,1411200,316.0
sqam/55_trumpet_haydn_stereo.wav,sqam,normalized,baseline,rgs,medium,1411200,44100,1411200,44100,2,857904,7,32.0,214.476,329.092699997,335.6431600027,337.81679200293996,19.572099999,20.9670300026,21.23436600212,1634.9804058652358,0b18dbafba193d8544aea89400a2302489106005b01b7ecfddc44ede49c8f66d,7dbdae7151df956bb342aa315638ac801d9fffd337bfbfa53ec26b8a3a0b0814,088f9de724f1b849,0584b43722519af6,48,81920,0.045336199,19.594700001,34.49508325704292,35.481197431906246,15.844178790034315,False,1411200,1411200,1411200,1058.0
sqam/55_trumpet_haydn_stereo.wav,sqam,normalized,candidate,rgs,medium,1411200,44100,1411200,44100,2,857904,7,32.0,214.476,217.557599999,226.4720999983,228.34433999805998,17.131800003,19.3572599978,20.09449199636,1867.8714434207957,0b18dbafba193d8544aea89400a2302489106005b01b7ecfddc44ede49c8f66d,7dbdae7151df956bb342aa315638ac801d9fffd337bfbfa53ec26b8a3a0b0814,088f9de724f1b849,0584b43722519af6,48,81920,0.041777083,16.967199996,34.49508325704292,35.481197431906246,15.844178790034315,False,1411200,1411200,1411200,1058.0
sqam/55_trumpet_haydn_stereo.wav,sqam,normalized,baseline,rgs,low,1411200,44100,1411200,44100,2,857772,7,32.0,214.443,329.794,332.8163000047,333.23462000494,19.579499997,20.3616399993,20.508567999060002,1634.3624712021804,29086c956b9611c0c953157c79701ae7d993d6f69545806ac30210fa6d1c35fd,3e5819bc70ac3825a55178972c22136e8eb310a77f38d098db5fa4c5dbb7badc,a5a69368f09cd3d4,91099cd935fb1dcb,48,81920,0.045002242,19.285699993,34.45445778846326,35.46089963411031,15.85516518423523,False,1411200,1411200,1411200,1390.0
sqam/55_trumpet_haydn_stereo.wav,sqam,normalized,candidate,rgs,low,1411200,44100,1411200,44100,2,857772,7,32.0,214.443,217.5647,226.28764999589998,228.03616999518,16.968600005,17.2776999971,17.34417999782,1885.8361909981272,29086c956b9611c0c953157c79701ae7d993d6f69545806ac30210fa6d1c35fd,3e5819bc70ac3825a55178972c22136e8eb310a77f38d098db5fa4c5dbb7badc,a5a69368f09cd3d4,91099cd935fb1dcb,48,81920,0.041853975,16.898200005,34.45445778846326,35.46089963411031,15.85516518423523,False,1411200,1411200,1411200,1390.0
sqam/55_trumpet_haydn_stereo.wav,sqam,normalized,reference,pcm,default,1411200,44100,1411200,44100,2,5644844,7,32.0,1411.211,0.173734483,0.1908306734,0.19407690428000002,0.17262931,0.1840987917,0.18651161034,185368.2900082263,22956d5f2666eefc37323b5a5a9c631d24577037ef3be804445cb80bec46d4b7,22956d5f2666eefc37323b5a5a9c631d24577037ef3be804445cb80bec46d4b7,44e7ddcd438d076f,93e061f5bc983250,,,,,,60.0,0.0,True,1411200,1411200,1411200,0.0
sqam/55_trumpet_haydn_stereo.wav,sqam,normalized,reference,qoa,default,1411200,44100,1411200,44100,2,1140008,7,32.0,285.002,63.853100002,64.3695700018,64.48815400276,8.7049,9.2366850017,9.295857001939998,3676.090477776884,518a4732ea7b7e0de98251317ab871c34b4602ac87443df2deff1881a3802f66,d1fa1d8d2749fa881503d588076354761d5916474373d0e68ca2d8b0432fcc13,93070f8f6f051cbd,b7ac45175904f760,268,81920,0.030341515,,44.92679265895626,45.42810310885125,10.648911342958126,False,1411200,1411200,1411200,316.0
sqam/55_trumpet_haydn_stereo.wav,sqam,normalized,reference,ima,default,1411200,44100,1411200,44100,2,1417276,7,32.0,354.319,24.502500005,26.913839996399997,27.548687994479998,18.719700001,19.176879998100002,19.25329599882,1709.4291040075734,ded2d486cb0723fb07ca04817d26c92892d9cde83b2cf8cabe37ef81e45385fc,6f4c2f7f1c9139d35c4a8ff1e9d9f0366163581d79ef33fc87728f0fdb180bf0,b02c326ade486aee,f868f08fcd4f92d3,,,,,35.64775487290667,36.96061617385304,16.115281107768812,False,1411200,1411200,1411200,1708.0
sqam/56_organ_händel_stereo.wav,sqam,normalized,baseline,rgs,high,1499400,44100,1499400,44100,2,1211252,7,34.0,285.0004705882353,206.201899998,209.7289600018,210.75155200276,21.5145,21.799919997099998,21.85622399542,1580.3295451904528,48eb4f9fda693e04b31ab83c198f3543b7e40a96c89ec6cb09f8a1588c3470bf,61016cf23db2f0cff8f22f1fd34bf9cf989fb3cd70df713bff0da7df1bd50886,990de7ee84e0b95a,621ecb3f712e58a1,48,81920,0.044864574,21.148100004,36.96318819986266,36.814005537282156,14.937046916383943,False,1499400,1499400,1499400,512.0
sqam/56_organ_händel_stereo.wav,sqam,normalized,candidate,rgs,high,1499400,44100,1499400,44100,2,1211252,7,34.0,285.0004705882353,203.902400002,204.5128800004,204.57057600088,18.790399998,19.0961700031,19.12715400382,1809.4346050972233,48eb4f9fda693e04b31ab83c198f3543b7e40a96c89ec6cb09f8a1588c3470bf,61016cf23db2f0cff8f22f1fd34bf9cf989fb3cd70df713bff0da7df1bd50886,990de7ee84e0b95a,621ecb3f712e58a1,48,81920,0.043058798,18.717099994,36.96318819986266,36.814005537282156,14.937046916383943,False,1499400,1499400,1499400,512.0
sqam/56_organ_händel_stereo.wav,sqam,normalized,baseline,rgs,medium,1499400,44100,1499400,44100,2,913650,7,34.0,214.9764705882353,548.065000005,561.76342,563.843884,21.647500001,21.920099994999998,21.951059994999998,1570.6201639186686,e48dc4ba22a13c09d610aa312c0469267110ce59fab9206939b2ec11d5db75b0,d72ec2a478f6a5faf072bbc9a117e2516b74b50e4cd8e72e123c4d67cf65cd36,e15a6c6b55dd7f9b,0bed7edd49de93fa,48,81920,0.04547,21.388999999,26.752966460073853,27.110428631935545,20.15349894539746,False,1499400,1499400,1499400,1702.0
sqam/56_organ_händel_stereo.wav,sqam,normalized,candidate,rgs,medium,1499400,44100,1499400,44100,2,913650,7,34.0,214.9764705882353,369.860200003,383.3170099991,384.98628199982,18.406000003,18.7427400001,18.75598800082,1847.2237310908579,e48dc4ba22a13c09d610aa312c0469267110ce59fab9206939b2ec11d5db75b0,d72ec2a478f6a5faf072bbc9a117e2516b74b50e4cd8e72e123c4d67cf65cd36,e15a6c6b55dd7f9b,0bed7edd49de93fa,48,81920,0.041036885,18.146499999,26.752966460073853,27.110428631935545,20.15349894539746,False,1499400,1499400,1499400,1702.0
sqam/56_organ_händel_stereo.wav,sqam,normalized,baseline,rgs,low,1499400,44100,1499400,44100,2,911372,7,34.0,214.4404705882353,576.372299999,583.5782900011001,585.09309799942,21.687200002,21.7702999988,21.77221999736,1567.7450291814762,57c40cd15d4111d19a891e720cf19dd7697cfcca3202380c99e347a4e1a45197,a5b804c70633f585842833049fa11a6001af496651c3cae912de50ddb2622aad,11e8de3b4969ad0d,b67ee3e921b9c932,48,81920,0.045217568,21.523000002,26.75342235859622,27.11194093037036,20.141068536481907,False,1499400,1499400,1499400,1703.0
sqam/56_organ_händel_stereo.wav,sqam,normalized,candidate,rgs,low,1499400,44100,1499400,44100,2,911372,7,34.0,214.4404705882353,374.329299994,379.1434299984,380.10172599647996,18.435500003,20.670679998599997,21.07205599812,1844.2678524839139,57c40cd15d4111d19a891e720cf19dd7697cfcca3202380c99e347a4e1a45197,a5b804c70633f585842833049fa11a6001af496651c3cae912de50ddb2622aad,11e8de3b4969ad0d,b67ee3e921b9c932,48,81920,0.040862041,18.415100001,26.75342235859622,27.11194093037036,20.141068536481907,False,1499400,1499400,1499400,1703.0
sqam/56_organ_händel_stereo.wav,sqam,normalized,reference,pcm,default,1499400,44100,1499400,44100,2,5997644,7,34.0,1411.2103529411763,0.173515517,0.1958576248,0.19769387776,0.171577966,0.1943484619,0.19440200038,198160.64260838713,27619d8d50b0c713ea3c98adbae593484d8a632ca3530b7d206f1bf47845b21f,27619d8d50b0c713ea3c98adbae593484d8a632ca3530b7d206f1bf47845b21f,6e4bb58a5baf516d,21d271102206b14a,,,,,,60.0,0.0,True,1499400,1499400,1499400,0.0
sqam/56_organ_händel_stereo.wav,sqam,normalized,reference,qoa,default,1499400,44100,1499400,44100,2,1211248,7,34.0,284.9995294117647,128.7368,134.4136600007,135.36449200094,9.015549999,10.9679599962,11.58279199524,3771.261875733734,9e1247f9fc0241ac2b4dedc30027ca8c30669bb5c8a5812a57a089e8ea9ff4ee,61016cf23db2f0cff8f22f1fd34bf9cf989fb3cd70df713bff0da7df1bd50886,dd19249700d48c25,621ecb3f712e58a1,268,81920,0.030003892,,36.96318819986266,36.814005537282156,14.937046916383943,False,1499400,1499400,1499400,512.0
sqam/56_organ_händel_stereo.wav,sqam,normalized,reference,ima,default,1499400,44100,1499400,44100,2,1505340,7,34.0,354.1976470588236,29.3116,31.0657599947,31.52243199494,20.121600002,21.0120999982,21.16545999964,1689.7264629363742,c7c2e116d754e1c9578f783c1d0e97b61e091ce761ca006de2ebd4f7f6243d3c,bdc7e6efec090a6f9a366f7061617d5467c6c7fc315747e1aab6192ca2725d4e,d0c2c9ae05050d44,c018bb18020f668d,,,,,32.924792083846235,34.629106453181635,16.74675420531077,False,1499400,1499400,1499400,2488.0
sqam/57_organ_bach_stereo.wav,sqam,normalized,baseline,rgs,high,882000,44100,882000,44100,2,712532,7,20.0,285.01279999999997,76.175499998,89.7980000012,94.11080000263999,12.2324,12.8887600014,13.04015200188,1635.0021255027632,8d67d0314dc152cf84206bb91554dc2e77ba49020364d889c32e8a15d93bbab9,257189efc7395f2ffdad8354a04d235f6e8224a081517056a72c3ee8ecaa2f44,ba92b1deaefac35b,d3540823a12209d5,48,81920,0.04425531,12.056000002,29.117355306502233,30.64541156521001,13.544617683912843,False,882000,882000,882000,450.0
sqam/57_organ_bach_stereo.wav,sqam,normalized,candidate,rgs,high,882000,44100,882000,44100,2,712532,7,20.0,285.01279999999997,75.883299999,79.84801000099999,80.135122001,10.826200001,11.0340400017,11.04704800194,1847.3702682522612,8d67d0314dc152cf84206bb91554dc2e77ba49020364d889c32e8a15d93bbab9,257189efc7395f2ffdad8354a04d235f6e8224a081517056a72c3ee8ecaa2f44,ba92b1deaefac35b,d3540823a12209d5,48,81920,0.042364135,10.705600001,29.117355306502233,30.64541156521001,13.544617683912843,False,882000,882000,882000,450.0
sqam/57_organ_bach_stereo.wav,sqam,normalized,baseline,rgs,medium,882000,44100,882000,44100,2,536132,7,20.0,214.4528,250.240800001,261.1299699987,264.44847399894,12.512900002,13.6487999954,13.804079993479998,1598.3505020261728,b3085959725bf2adee0f3a866cf03af7c27a149ec402ed46b100082193c1afce,cee2945f45856b7c8c311868c48bdc64ce5c9a683b18b8a171d853bf17e71cb0,fdcc6a70783f484b,48168b0d21f0a2e9,48,81920,0.04540905,12.277199998,21.185590723565035,22.792591252766165,17.67878461716247,False,882000,882000,882000,995.0
sqam/57_organ_bach_stereo.wav,sqam,normalized,candidate,rgs,medium,882000,44100,882000,44100,2,536132,7,20.0,214.4528,163.8358,174.09755999659998,176.19151199612,10.8662,11.0779099988,11.090221999759999,1840.569840422595,b3085959725bf2adee0f3a866cf03af7c27a149ec402ed46b100082193c1afce,cee2945f45856b7c8c311868c48bdc64ce5c9a683b18b8a171d853bf17e71cb0,fdcc6a70783f484b,48168b0d21f0a2e9,48,81920,0.042013808,10.912300006,21.185590723565035,22.792591252766165,17.67878461716247,False,882000,882000,882000,995.0
sqam/57_organ_bach_stereo.wav,sqam,normalized,baseline,rgs,low,882000,44100,882000,44100,2,536132,7,20.0,214.4528,250.581799999,257.8159199989,259.80782399817997,12.378899999,13.0057400006,13.08282800012,1615.6524409774418,b3085959725bf2adee0f3a866cf03af7c27a149ec402ed46b100082193c1afce,cee2945f45856b7c8c311868c48bdc64ce5c9a683b18b8a171d853bf17e71cb0,fdcc6a70783f484b,48168b0d21f0a2e9,48,81920,0.044771875,12.2848,21.185590723565035,22.792591252766165,17.67878461716247,False,882000,882000,882000,995.0
sqam/57_organ_bach_stereo.wav,sqam,normalized,candidate,rgs,low,882000,44100,882000,44100,2,536132,7,20.0,214.4528,162.387599997,174.4998600026,176.88613200452,10.928300001,11.702650002499999,11.789650003699998,1830.1108130422745,b3085959725bf2adee0f3a866cf03af7c27a149ec402ed46b100082193c1afce,cee2945f45856b7c8c311868c48bdc64ce5c9a683b18b8a171d853bf17e71cb0,fdcc6a70783f484b,48168b0d21f0a2e9,48,81920,0.041724167,10.898699999,21.185590723565035,22.792591252766165,17.67878461716247,False,882000,882000,882000,995.0
sqam/57_organ_bach_stereo.wav,sqam,normalized,reference,pcm,default,882000,44100,882000,44100,2,3528044,7,20.0,1411.2176000000002,0.101446465,0.1078003865,0.10799018449999999,0.103063265,0.10626679489999999,0.10686612458,194055.5638325644,2629c889e8f8a7794747051bf0851077d4384cdbfbf4f619b68a2a562ab9dd19,2629c889e8f8a7794747051bf0851077d4384cdbfbf4f619b68a2a562ab9dd19,8063e6be6a15aa67,d9c1d2f2bc52d2b0,,,,,,60.0,0.0,True,882000,882000,882000,0.0
sqam/57_organ_bach_stereo.wav,sqam,normalized,reference,qoa,default,882000,44100,882000,44100,2,712528,7,20.0,285.01120000000003,49.7509,53.3542699997,53.762773999939995,5.358150002,5.5361450016000004,5.55866900112,3732.6315971995436,f71f436b7419657f14c87128f1b3425d02ba965efc44291d9c092cd936800f02,257189efc7395f2ffdad8354a04d235f6e8224a081517056a72c3ee8ecaa2f44,4e9e2731a3ed3e13,d3540823a12209d5,268,81920,0.029770238,,29.117355306502233,30.64541156521001,13.544617683912843,False,882000,882000,882000,450.0
sqam/57_organ_bach_stereo.wav,sqam,normalized,reference,ima,default,882000,44100,882000,44100,2,886844,7,20.0,354.7376,15.834899999,16.5515599983,16.68591199806,10.998599999,11.1391900005,11.1525580017,1818.4132527611164,5ab5c0725eaf325f9db0e5de5dbd96d9470e22a576a3e8f889ddfe4edde0db82,f2f7d75d21f2bc86a4c03e8ba50dcb2c1883c2e78054ee466e033f7eb798e086,fa74696b1477678e,5e8b4aed983973dc,,,,,28.26523809445988,31.221941500754617,13.643590593400734,False,882000,882000,882000,751.0
sqam/58_guitar_sarasate_stereo.wav,sqam,normalized,baseline,rgs,high,705600,44100,705600,44100,2,570012,7,16.0,285.006,46.787200004,48.6630900002,49.083977999240005,8.885250002,9.06216,9.078792,1800.7371763764133,6039486ac38b624fd55e9d51f7a05ee6c516774f94eb1182f8dc766907fa7d5f,17cec7187fd33985dafc45c4f5b56033297f1c761d47f62d8237d63b9e597fb6,8cd9031206db6bb4,9c850bc763a9888d,48,81920,0.044944843,8.686050002,33.60062359499454,38.914501599398996,8.950008185543357,False,705600,705600,705600,1045.0
sqam/58_guitar_sarasate_stereo.wav,sqam,normalized,candidate,rgs,high,705600,44100,705600,44100,2,570012,7,16.0,285.006,46.603399999,47.2427100009,47.32918200018,7.745900001,7.9056850014,7.91733700188,2065.6089025077,6039486ac38b624fd55e9d51f7a05ee6c516774f94eb1182f8dc766907fa7d5f,17cec7187fd33985dafc45c4f5b56033297f1c761d47f62d8237d63b9e597fb6,8cd9031206db6bb4,9c850bc763a9888d,48,81920,0.042844872,7.66745,33.60062359499454,38.914501599398996,8.950008185543357,False,705600,705600,705600,1045.0
sqam/58_guitar_sarasate_stereo.wav,sqam,normalized,baseline,rgs,medium,705600,44100,705600,44100,2,429424,7,16.0,214.712,143.578000002,145.727260002,145.781452002,8.969049998,9.3538249993,9.40752499906,1783.9124548940888,990796c4d3c148b445d65ec37d5719364b1804c17d5106f5bc3c7ee9cec17440,d7e4a65d2e7609a190ed069349a60c61fe07129d5fea2ca5d3584587aa0e4be6,83652c5b31e4335e,f51d4764ee9c2be9,48,81920,0.044439381,8.929450002,26.905898973414523,31.346559789276448,11.97575725861604,False,705600,705600,705600,1920.0
sqam/58_guitar_sarasate_stereo.wav,sqam,normalized,candidate,rgs,medium,705600,44100,705600,44100,2,429424,7,16.0,214.712,97.7522,102.7080600048,103.64329200576,7.764249999,7.9615149996,7.99402299912,2060.727050527833,990796c4d3c148b445d65ec37d5719364b1804c17d5106f5bc3c7ee9cec17440,d7e4a65d2e7609a190ed069349a60c61fe07129d5fea2ca5d3584587aa0e4be6,83652c5b31e4335e,f51d4764ee9c2be9,48,81920,0.041278601,7.6701,26.905898973414523,31.346559789276448,11.97575725861604,False,705600,705600,705600,1920.0
sqam/58_guitar_sarasate_stereo.wav,sqam,normalized,baseline,rgs,low,705600,44100,705600,44100,2,428892,7,16.0,214.446,144.892099999,149.0816700022,149.54537400364,8.77445,9.050350001699998,9.053110001939999,1823.4761153120708,e1fa564e06a67905b5d2fde8ccc1b86d0e3baca64494bc5d7b9d037b58989834,0d756712da9244aa08c4d3eb8d42d1da0af36bda3f145bb1376b146b631e8ebf,e752151d3f1a5c1d,cdd1d00cde2c157b,48,81920,0.043481739,8.639849998,26.26624966812826,31.318186801264485,11.955748913699656,False,705600,705600,705600,2898.0
sqam/58_guitar_sarasate_stereo.wav,sqam,normalized,candidate,rgs,low,705600,44100,705600,44100,2,428892,7,16.0,214.446,97.136399999,100.13046000439999,100.49641200488,7.642049998,7.9506950007,7.98509900094,2093.679052634746,e1fa564e06a67905b5d2fde8ccc1b86d0e3baca64494bc5d7b9d037b58989834,0d756712da9244aa08c4d3eb8d42d1da0af36bda3f145bb1376b146b631e8ebf,e752151d3f1a5c1d,cdd1d00cde2c157b,48,81920,0.041453719,7.6347,26.26624966812826,31.318186801264485,11.955748913699656,False,705600,705600,705600,2898.0
sqam/58_guitar_sarasate_stereo.wav,sqam,normalized,reference,pcm,default,705600,44100,705600,44100,2,2822444,7,16.0,1411.222,0.083423333,0.093170456,0.0948908528,0.0840225,0.0851058479,0.08510930558,190425.18373054836,b1bc3eed38cb0ba975e67efc664677a9b3a1b120594f7655a583dd0f2f11dc69,b1bc3eed38cb0ba975e67efc664677a9b3a1b120594f7655a583dd0f2f11dc69,52f603e49da66977,acf8504de918566c,,,,,,60.0,0.0,True,705600,705600,705600,0.0
sqam/58_guitar_sarasate_stereo.wav,sqam,normalized,reference,qoa,default,705600,44100,705600,44100,2,570008,7,16.0,285.004,32.0867,33.9350399983,34.50100799806,4.265300001,4.4027099993,4.403261999060001,3751.2015558691764,534c7dd35b5e41a58f5e8690c6461f4f406d2c0967a4ffb2053548cd965f6f95,17cec7187fd33985dafc45c4f5b56033297f1c761d47f62d8237d63b9e597fb6,8d799e8093f5fec3,9c850bc763a9888d,268,81920,0.030717791,,33.60062359499454,38.914501599398996,8.950008185543357,False,705600,705600,705600,1045.0
sqam/58_guitar_sarasate_stereo.wav,sqam,normalized,reference,ima,default,705600,44100,705600,44100,2,708668,7,16.0,354.334,12.146200001,12.4611599986,12.49039199812,8.739050001,8.872154998600001,8.908310998120001,1830.8626221579161,7cf4575ea2d12c4e018c025545a6e3ada453a46bfa7820f7c5b691bc6c34068a,3ebbbb5f1d259e7d5957c74bc3d8164012bc266fb7a50ce4e5c280bf75027cd1,30fa0a0651c30305,b874d3eecb1a0468,,,,,34.279795257454325,40.69778069149574,8.254796920667843,False,705600,705600,705600,3331.0
sqam/59_violin_ravel_stereo.wav,sqam,normalized,baseline,rgs,high,1278900,44100,1278900,44100,2,1033132,7,29.0,285.00193103448277,93.588,94.6230999984,94.89957999888,18.017999999,18.219630001,18.270006001,1609.5016095909368,3747e85cd4287707ff7100230b8b9fb2e748586d1745a21354893a6176dd8b5b,6bc5ef94d2f8346db2cf3c8ff600c37ddeef4f6b0773245110c4b1ffa5976db9,bf90064e26824c58,158e2bcb34355312,48,81920,0.044739732,17.615699999,38.36957372951155,32.59853875604548,7.975442253841786,False,1278900,1278900,1278900,285.0
sqam/59_violin_ravel_stereo.wav,sqam,normalized,candidate,rgs,high,1278900,44100,1278900,44100,2,1033132,7,29.0,285.00193103448277,90.4789,93.0658499992,93.86132999824,15.712799996,16.0725599957,16.12771199594,1845.6290417610176,3747e85cd4287707ff7100230b8b9fb2e748586d1745a21354893a6176dd8b5b,6bc5ef94d2f8346db2cf3c8ff600c37ddeef4f6b0773245110c4b1ffa5976db9,bf90064e26824c58,158e2bcb34355312,48,81920,0.041888703,15.325999998,38.36957372951155,32.59853875604548,7.975442253841786,False,1278900,1278900,1278900,285.0
sqam/59_violin_ravel_stereo.wav,sqam,normalized,baseline,rgs,medium,1278900,44100,1278900,44100,2,777352,7,29.0,214.44193103448276,304.342999995,305.64126000249996,305.9409720013,17.953900002,18.438600000999998,18.5245200034,1615.247940378943,aaab6ccfb43e54f7e4af5924695b126de04c597796280c3574742a14e62552a7,8b6f709169a102724b35791d1c58978b793cd7d78fa9c1825f2f6aa51ce92441,0eb026f451bf3997,b8e39ac3fefa38f2,48,81920,0.044167401,17.974100001,29.50482301246496,25.000476985542328,11.168967125718167,False,1278900,1278900,1278900,733.0
sqam/59_violin_ravel_stereo.wav,sqam,normalized,candidate,rgs,medium,1278900,44100,1278900,44100,2,777352,7,29.0,214.44193103448276,200.334100001,205.1948199986,205.42656399812,15.6862,15.9720600005,15.976572001700001,1848.7587816042126,aaab6ccfb43e54f7e4af5924695b126de04c597796280c3574742a14e62552a7,8b6f709169a102724b35791d1c58978b793cd7d78fa9c1825f2f6aa51ce92441,0eb026f451bf3997,b8e39ac3fefa38f2,48,81920,0.040624291,15.584799998,29.50482301246496,25.000476985542328,11.168967125718167,False,1278900,1278900,1278900,733.0
sqam/59_violin_ravel_stereo.wav,sqam,normalized,baseline,rgs,low,1278900,44100,1278900,44100,2,777352,7,29.0,214.44193103448276,304.044799998,307.6481199964,308.47722399448,18.191800006,18.3516399968,18.35792799776,1594.1248249450439,aaab6ccfb43e54f7e4af5924695b126de04c597796280c3574742a14e62552a7,8b6f709169a102724b35791d1c58978b793cd7d78fa9c1825f2f6aa51ce92441,0eb026f451bf3997,b8e39ac3fefa38f2,48,81920,0.043780349,17.8178,29.50482301246496,25.000476985542328,11.168967125718167,False,1278900,1278900,1278900,733.0
sqam/59_violin_ravel_stereo.wav,sqam,normalized,candidate,rgs,low,1278900,44100,1278900,44100,2,777352,7,29.0,214.44193103448276,201.964199997,204.2264600001,204.66753200082,15.581999995,15.9479700031,15.990474003820001,1861.1218078106538,aaab6ccfb43e54f7e4af5924695b126de04c597796280c3574742a14e62552a7,8b6f709169a102724b35791d1c58978b793cd7d78fa9c1825f2f6aa51ce92441,0eb026f451bf3997,b8e39ac3fefa38f2,48,81920,0.040349597,15.653100006,29.50482301246496,25.000476985542328,11.168967125718167,False,1278900,1278900,1278900,733.0
sqam/59_violin_ravel_stereo.wav,sqam,normalized,reference,pcm,default,1278900,44100,1278900,44100,2,5115644,7,29.0,1411.2121379310345,0.149853731,0.1573312577,0.15806250194,0.147510294,0.1533004544,0.15336554528000002,196596.44905866706,a187010586d4ca4a03e0e0ba04b2d7db4a1a5f190039ef5e61f0e9e8c9ba6010,a187010586d4ca4a03e0e0ba04b2d7db4a1a5f190039ef5e61f0e9e8c9ba6010,7137230d6307f698,3a4094d3f7f3313b,,,,,,60.0,0.0,True,1278900,1278900,1278900,0.0
sqam/59_violin_ravel_stereo.wav,sqam,normalized,reference,qoa,default,1278900,44100,1278900,44100,2,1033128,7,29.0,285.0008275862069,60.849799998,61.1027000024,61.178780002879996,7.502999999,7.69878,7.700316,3865.120618934442,424bd5e5ef74e6d92258ecc8f1b23d2bdebb7c5ef8da7cf82924815634461d71,6bc5ef94d2f8346db2cf3c8ff600c37ddeef4f6b0773245110c4b1ffa5976db9,045b34248a80bcc4,158e2bcb34355312,268,81920,0.029442647,,38.36957372951155,32.59853875604548,7.975442253841786,False,1278900,1278900,1278900,285.0
sqam/59_violin_ravel_stereo.wav,sqam,normalized,reference,ima,default,1278900,44100,1278900,44100,2,1284156,7,29.0,354.24993103448276,24.313700005,24.956710002,25.005502002,17.056900002,17.514470001200003,17.55361400024,1700.191711072916,53c47277f85570f25ef58524a6af14b320cab54d0bc4d2e78611dbe8b352caeb,69a904a2029b1f25db146a9cb2b9e484c18e5212a3c978a503941e636936d867,56cfc18e4a42e279,46eaba73ea86ca45,,,,,35.53843361819273,32.85790437362789,8.327740380504501,False,1278900,1278900,1278900,844.0
sqam/60_piano_schubert_stereo.wav,sqam,normalized,baseline,rgs,high,4057200,44100,4057200,44100,2,3277492,7,92.0,284.9993043478261,207.903799996,212.4780500008,213.11825000176,49.890099995,50.9871300016,51.20766600112,1844.0532291821478,7c4ba89280b756f07f9c2b587163da401d0afe37f51314a5aa892ff72b4768ab,ddb265240369fd651e089adafd2b6342d740f0bfa4cac844530a9f03adc146d0,eccb6c835eeda4cf,f2792573751af3ca,48,81920,0.044416814,49.361500002,49.06979259305067,43.080466161224514,8.968991197117726,False,4057200,4057200,4057200,313.0
sqam/60_piano_schubert_stereo.wav,sqam,normalized,candidate,rgs,high,4057200,44100,4057200,44100,2,3277492,7,92.0,284.9993043478261,205.5176,209.1914999962,210.05741999524,42.400399998,42.865179999,43.018635996600004,2169.790851132055,7c4ba89280b756f07f9c2b587163da401d0afe37f51314a5aa892ff72b4768ab,ddb265240369fd651e089adafd2b6342d740f0bfa4cac844530a9f03adc146d0,eccb6c835eeda4cf,f2792573751af3ca,48,81920,0.041789583,41.845600002,49.06979259305067,43.080466161224514,8.968991197117726,False,4057200,4057200,4057200,313.0
sqam/60_piano_schubert_stereo.wav,sqam,normalized,baseline,rgs,medium,4057200,44100,4057200,44100,2,2466052,7,92.0,214.43930434782607,643.918799996,649.2854599952,649.8765319942399,50.8455,51.178630000599995,51.20860600012,1809.4029953486543,173f13bed3ad701c69fe04bc0aec4d90ffca8bcbab262547cc6cb1c8ffe25512,44f09440715d0cbde7b4cabd351a1d5267e85ef8c02598499c702cc4f5bb760a,a8860b377911ea6f,04209a4b68472889,48,81920,0.043601304,50.424199998,38.958717856940915,35.64348397146641,13.510613743877933,False,4057200,4057200,4057200,1034.0
sqam/60_piano_schubert_stereo.wav,sqam,normalized,candidate,rgs,medium,4057200,44100,4057200,44100,2,2466052,7,92.0,214.43930434782607,428.280000001,435.3414699988,437.06109399736,43.8178,44.5140600023,44.68753200446,2099.60335753963,173f13bed3ad701c69fe04bc0aec4d90ffca8bcbab262547cc6cb1c8ffe25512,44f09440715d0cbde7b4cabd351a1d5267e85ef8c02598499c702cc4f5bb760a,a8860b377911ea6f,04209a4b68472889,48,81920,0.040310442,43.196800001,38.958717856940915,35.64348397146641,13.510613743877933,False,4057200,4057200,4057200,1034.0
sqam/60_piano_schubert_stereo.wav,sqam,normalized,baseline,rgs,low,4057200,44100,4057200,44100,2,2466052,7,92.0,214.43930434782607,644.066799998,646.7243300013,646.81886600106,51.468100004,52.0197499993,52.158109999059995,1787.5149848712103,173f13bed3ad701c69fe04bc0aec4d90ffca8bcbab262547cc6cb1c8ffe25512,44f09440715d0cbde7b4cabd351a1d5267e85ef8c02598499c702cc4f5bb760a,a8860b377911ea6f,04209a4b68472889,48,81920,0.043390909,50.485299997,38.958717856940915,35.64348397146641,13.510613743877933,False,4057200,4057200,4057200,1034.0
sqam/60_piano_schubert_stereo.wav,sqam,normalized,candidate,rgs,low,4057200,44100,4057200,44100,2,2466052,7,92.0,214.43930434782607,432.532299995,441.7080799991,444.22505599982003,44.568000004,45.3936199972,45.57112399624,2064.2613532521755,173f13bed3ad701c69fe04bc0aec4d90ffca8bcbab262547cc6cb1c8ffe25512,44f09440715d0cbde7b4cabd351a1d5267e85ef8c02598499c702cc4f5bb760a,a8860b377911ea6f,04209a4b68472889,48,81920,0.042267932,43.536700003,38.958717856940915,35.64348397146641,13.510613743877933,False,4057200,4057200,4057200,1034.0
sqam/60_piano_schubert_stereo.wav,sqam,normalized,reference,pcm,default,4057200,44100,4057200,44100,2,16228844,7,92.0,1411.2038260869565,0.537989474,0.5505100001,0.55197147362,0.557838889,0.6063429417,0.60943329474,164922.16984893644,56b2e23ad440fb9c1742f4e2168af9ad1bb98c33bac720c2af3bb9acd3b0dafe,56b2e23ad440fb9c1742f4e2168af9ad1bb98c33bac720c2af3bb9acd3b0dafe,2262cd1f9160ddb8,5007669688da84f7,,,,,,60.0,0.0,True,4057200,4057200,4057200,0.0
sqam/60_piano_schubert_stereo.wav,sqam,normalized,reference,qoa,default,4057200,44100,4057200,44100,2,3277488,7,92.0,284.99895652173916,144.536600001,150.47928000209998,151.06569600282,24.4551,28.230350003299996,28.865030005459996,3761.9964751728676,1b1982c952e8f9837017fc2db11b4d9cf77e1828ca30abec09ebf068f06fca5c,ddb265240369fd651e089adafd2b6342d740f0bfa4cac844530a9f03adc146d0,c905b4075694ee2e,f2792573751af3ca,268,81920,0.029641716,,49.06979259305067,43.080466161224514,8.968991197117726,False,4057200,4057200,4057200,313.0
sqam/60_piano_schubert_stereo.wav,sqam,normalized,reference,ima,default,4057200,44100,4057200,44100,2,4071484,7,92.0,354.04208695652176,65.528999999,66.1272899989,66.20953799818,53.019199997,54.5278099974,54.94668199788,1735.2204485395039,84154d89be1f778dc2ddb8ccc704da2de12bcf2144eb006fd57329f93eedd018,10efda4553f379e97e251bfaf64ffa46c11c2701fe415935ed230e65fa502c09,865c7b60f07f3991,903656e862b48ad9,,,,,41.39221368505342,40.852368365283,12.296251688199169,False,4057200,4057200,4057200,1150.0
sqam/61_soprano_mozart_stereo.wav,sqam,normalized,baseline,rgs,high,7893900,44100,7893900,44100,2,6376812,7,179.0,284.9971843575419,612.1906,644.5001700023,650.26067400206,113.551700003,120.1566699989,120.72525399818,1576.374461987543,dd1d8a47fe01f27d773925ebeca7fdbe731ba0f9cf2135ae6a4548b909be0838,5c5686e4dd21a1d0ef49c2ada3cdaf013fe2351384437bdf1f5b055d55e3c9e4,f6c8d58d0ee92d62,ac9ec87228079f4a,48,81920,0.045456818,112.450100005,41.04633565603692,40.96225938365774,11.145455800303765,False,7893900,7893900,7893900,569.0
sqam/61_soprano_mozart_stereo.wav,sqam,normalized,candidate,rgs,high,7893900,44100,7893900,44100,2,6376812,7,179.0,284.9971843575419,608.750799999,615.6735500015001,617.2605500027,97.835599996,99.57405,99.9360900024,1829.599859430702,dd1d8a47fe01f27d773925ebeca7fdbe731ba0f9cf2135ae6a4548b909be0838,5c5686e4dd21a1d0ef49c2ada3cdaf013fe2351384437bdf1f5b055d55e3c9e4,f6c8d58d0ee92d62,ac9ec87228079f4a,48,81920,0.04215126,95.6347,41.04633565603692,40.96225938365774,11.145455800303765,False,7893900,7893900,7893900,569.0
sqam/61_soprano_mozart_stereo.wav,sqam,normalized,baseline,rgs,medium,7893900,44100,7893900,44100,2,4798164,7,179.0,214.44308379888267,2110.077100001,2179.0653300013996,2196.86106600188,110.6338,114.53096000400001,114.686672004,1617.9503912909076,4184f0ac79b7e4ac748fcc3220e466088353fb416a05191a1cba76d892a27497,cbbcd42513047ccff4b0f84ddcbbcf68f65c98f21d1a031dd180ce2658d5404b,efbb339902365932,b0e49b1c34a15f26,48,81920,0.044114978,111.471899994,31.240840709164083,31.670933694692735,15.966537215565372,False,7893900,7893900,7893900,1298.0
sqam/61_soprano_mozart_stereo.wav,sqam,normalized,candidate,rgs,medium,7893900,44100,7893900,44100,2,4798164,7,179.0,214.44308379888267,1378.135700002,1409.8322199985,1415.4699639997,96.221599996,97.9912700011,98.06737400182,1860.2891659195145,4184f0ac79b7e4ac748fcc3220e466088353fb416a05191a1cba76d892a27497,cbbcd42513047ccff4b0f84ddcbbcf68f65c98f21d1a031dd180ce2658d5404b,efbb339902365932,b0e49b1c34a15f26,48,81920,0.040531984,96.8442,31.240840709164083,31.670933694692735,15.966537215565372,False,7893900,7893900,7893900,1298.0
sqam/61_soprano_mozart_stereo.wav,sqam,normalized,baseline,rgs,low,7893900,44100,7893900,44100,2,4798032,7,179.0,214.4371843575419,2096.612899996,2154.5499299964,2164.81302599688,112.677099995,131.07731999829997,136.75586399806,1588.6102855677245,869c36658f37f6fbe10f7697c29d7f8910b6043315e6b45096ff4f46404603e1,73b7684758d7c98d612d8384a2c0be50a98d3754d190d7435140abe2d87b9fc6,c1490e5a3da4655b,3d5ebc9e58e26970,48,81920,0.044375221,111.742000006,31.25096154277233,31.666414870000654,15.96921401588524,False,7893900,7893900,7893900,1312.0
sqam/61_soprano_mozart_stereo.wav,sqam,normalized,candidate,rgs,low,7893900,44100,7893900,44100,2,4798032,7,179.0,214.4371843575419,1385.650699995,1404.0917000003,1409.29298000006,96.415899999,99.0598600003,99.43061200006001,1856.540259457792,869c36658f37f6fbe10f7697c29d7f8910b6043315e6b45096ff4f46404603e1,73b7684758d7c98d612d8384a2c0be50a98d3754d190d7435140abe2d87b9fc6,c1490e5a3da4655b,3d5ebc9e58e26970,48,81920,0.04026506,94.9199,31.25096154277233,31.666414870000654,15.96921401588524,False,7893900,7893900,7893900,1312.0
sqam/61_soprano_mozart_stereo.wav,sqam,normalized,reference,pcm,default,7893900,44100,7893900,44100,2,31575644,7,179.0,1411.201966480447,1.587542856,2.151652,2.1717543999999998,1.834966667,1.9911233336999998,2.00689133394,97549.45592153365,2540fc7b67bfa6743d936158e2106aa183528ca305966e0fed7416da7b400046,2540fc7b67bfa6743d936158e2106aa183528ca305966e0fed7416da7b400046,8a891f4b9256b783,2daf1efa6cc1e6bc,,,,,,60.0,0.0,True,7893900,7893900,7893900,0.0
sqam/61_soprano_mozart_stereo.wav,sqam,normalized,reference,qoa,default,7893900,44100,7893900,44100,2,6376808,7,179.0,284.9970055865922,396.182699993,428.2909699974,435.97699399548,46.108000003,47.434400001099995,47.470639999419994,3882.189641458173,c9439d2cff06a319a30261e072ee44175f70d5a529b80ca370dfec0bb0a9877b,5c5686e4dd21a1d0ef49c2ada3cdaf013fe2351384437bdf1f5b055d55e3c9e4,7bb0600e9a55fecc,ac9ec87228079f4a,268,81920,0.029602367,,41.04633565603692,40.96225938365774,11.145455800303765,False,7893900,7893900,7893900,569.0
sqam/61_soprano_mozart_stereo.wav,sqam,normalized,reference,ima,default,7893900,44100,7893900,44100,2,7921724,7,179.0,354.04353072625696,151.754599996,153.8209200018,153.91994400276002,113.764399998,114.09836000189999,114.18255200358,1573.4271881462641,a0f6509c5abbf84f6be91ea899ce17bf6c38e2b352bb8af20588e8dbeab54092,df955c2c7165320a5b803635339da5a6c58a1128e5e94c2b82bb656f9ae32cc1,95f49206b77bf1c1,37082d825cb3b1d9,,,,,35.53396165001166,36.38128198669588,14.037207153498718,False,7893900,7893900,7893900,2278.0
sqam/62_soprano_spiritual_stereo.wav,sqam,normalized,baseline,rgs,high,1367100,44100,1367100,44100,2,1104412,7,31.0,285.0095483870968,86.496799998,88.5204599999,88.81249199918,17.6514,18.7357099987,19.00506199654,1756.234632946962,95d1b3eb8b1aa81e81374a77743ddee996c604382281d40b52c98501af141134,563c7c839474eebf8add0023a0e0d1a3ccd85aba86e36551513905a06289cce2,3a0bbd3595b9e12b,3ded49f18f19414a,48,81920,0.045604545,17.511100002,43.754988850323535,38.185261942604676,8.982492419278227,False,1367100,1367100,1367100,247.0
sqam/62_soprano_spiritual_stereo.wav,sqam,normalized,candidate,rgs,high,1367100,44100,1367100,44100,2,1104412,7,31.0,285.0095483870968,86.656499997,87.855589998,87.893197998,15.055100001,15.5972800004,15.64153599848,2059.1028952275906,95d1b3eb8b1aa81e81374a77743ddee996c604382281d40b52c98501af141134,563c7c839474eebf8add0023a0e0d1a3ccd85aba86e36551513905a06289cce2,3a0bbd3595b9e12b,3ded49f18f19414a,48,81920,0.041899163,14.946199998,43.754988850323535,38.185261942604676,8.982492419278227,False,1367100,1367100,1367100,247.0
sqam/62_soprano_spiritual_stereo.wav,sqam,normalized,baseline,rgs,medium,1367100,44100,1367100,44100,2,830992,7,31.0,214.4495483870968,276.991099998,291.55907999929997,294.79029599906,18.061899997,18.5547000007,18.61662000094,1716.3199887691194,266ccf666a161e85fa510ec92c5c9c0a9a042e7aa61b0b68fc8212ad4c445ff4,36bbbbe280833c870bd97119f1569f520835b9b749e031b7df02447ba6631d3f,567931ee40e36aaa,501af254d5963e2f,48,81920,0.044319469,18.0013,33.86694768864155,30.841837108045254,12.929666148769794,False,1367100,1367100,1367100,738.0
sqam/62_soprano_spiritual_stereo.wav,sqam,normalized,candidate,rgs,medium,1367100,44100,1367100,44100,2,830992,7,31.0,214.4495483870968,186.046799995,190.642449995,191.639529995,15.572799996,16.0925500014,16.12459000188,1990.6503652498332,266ccf666a161e85fa510ec92c5c9c0a9a042e7aa61b0b68fc8212ad4c445ff4,36bbbbe280833c870bd97119f1569f520835b9b749e031b7df02447ba6631d3f,567931ee40e36aaa,501af254d5963e2f,48,81920,0.040515789,15.365900002,33.86694768864155,30.841837108045254,12.929666148769794,False,1367100,1367100,1367100,738.0
sqam/62_soprano_spiritual_stereo.wav,sqam,normalized,baseline,rgs,low,1367100,44100,1367100,44100,2,830992,7,31.0,214.4495483870968,281.070699997,282.8548600004,283.03721200088,17.993599996,18.6169600008,18.665392001759997,1722.834786084571,266ccf666a161e85fa510ec92c5c9c0a9a042e7aa61b0b68fc8212ad4c445ff4,36bbbbe280833c870bd97119f1569f520835b9b749e031b7df02447ba6631d3f,567931ee40e36aaa,501af254d5963e2f,48,81920,0.043946053,17.985099994,33.86694768864155,30.841837108045254,12.929666148769794,False,1367100,1367100,1367100,738.0
sqam/62_soprano_spiritual_stereo.wav,sqam,normalized,candidate,rgs,low,1367100,44100,1367100,44100,2,830992,7,31.0,214.4495483870968,184.957799993,187.89291999739999,188.55210399788,15.468200006,15.7891800005,15.8631960017,2004.1116605665384,266ccf666a161e85fa510ec92c5c9c0a9a042e7aa61b0b68fc8212ad4c445ff4,36bbbbe280833c870bd97119f1569f520835b9b749e031b7df02447ba6631d3f,567931ee40e36aaa,501af254d5963e2f,48,81920,0.040228112,15.291900001,33.86694768864155,30.841837108045254,12.929666148769794,False,1367100,1367100,1367100,738.0
sqam/62_soprano_spiritual_stereo.wav,sqam,normalized,reference,pcm,default,1367100,44100,1367100,44100,2,5468444,7,31.0,1411.2113548387097,0.160444444,0.1664193121,0.16790519601999998,0.16136129,0.16688249700000002,0.1675391658,192115.4695776168,286b6fce47e4f36ff1a9bc7704ae06293fa7792063ab6ab0feb7415b9f29787e,286b6fce47e4f36ff1a9bc7704ae06293fa7792063ab6ab0feb7415b9f29787e,f3ec9a2c1314ae12,7852f5b23e92ac92,,,,,,60.0,0.0,True,1367100,1367100,1367100,0.0
sqam/62_soprano_spiritual_stereo.wav,sqam,normalized,reference,qoa,default,1367100,44100,1367100,44100,2,1104408,7,31.0,285.0085161290322,59.068099998,59.928710002100004,60.04854200282,8.150449999,8.402560001,8.474392001,3803.470974461959,af1e30a14b1049cfc25bf059569252a708f7237a0845d1f6ae4fc750b2e1b39b,563c7c839474eebf8add0023a0e0d1a3ccd85aba86e36551513905a06289cce2,bbfe7aa6dfb3be78,3ded49f18f19414a,268,81920,0.029947006,,43.754988850323535,38.185261942604676,8.982492419278227,False,1367100,1367100,1367100,247.0
sqam/62_soprano_spiritual_stereo.wav,sqam,normalized,reference,ima,default,1367100,44100,1367100,44100,2,1372220,7,31.0,354.12129032258065,24.792300001,24.9653300039,24.96962600318,18.977300003,19.437530000899997,19.567106000179997,1633.5305862846353,8fdef860e20d449f76f951f7073d26b62764a4dee457e105f762de6ffd669a8c,2d4fea09526a48d1f43ddc850d14333a1a542258681fe69f71fd20e32a2d386d,a7591163f608836c,4e28564e9fc9309c,,,,,36.91078484053642,37.81802026802682,10.390961750520876,False,1367100,1367100,1367100,1028.0
sqam/63_soloists_verdi_stereo.wav,sqam,normalized,baseline,rgs,high,2513700,44100,2513700,44100,2,2030612,7,57.0,284.9981754385965,195.1294,198.5655899994,198.63247799988,35.017099999,35.9531799959,36.07735599518,1627.7761437020133,13037f1f35502ef34cb816864848e8b0842e46f345283b54ee7cc7fafcd4b8a3,08a9e94dba6068dcc562271d8ae8d780c1a1da7bc79b84d2f597adaee42d91e4,a3df98137c413478,13edaec836a4dce2,48,81920,0.044599111,34.599200003,39.30021954652573,38.629442103823976,9.229639187934044,False,2513700,2513700,2513700,746.0
sqam/63_soloists_verdi_stereo.wav,sqam,normalized,candidate,rgs,high,2513700,44100,2513700,44100,2,2030612,7,57.0,284.9981754385965,190.9111,199.5941199979,201.13242399717998,30.565700002,32.4606800033,32.945096003059994,1864.8354199730525,13037f1f35502ef34cb816864848e8b0842e46f345283b54ee7cc7fafcd4b8a3,08a9e94dba6068dcc562271d8ae8d780c1a1da7bc79b84d2f597adaee42d91e4,a3df98137c413478,13edaec836a4dce2,48,81920,0.042013808,30.078099996,39.30021954652573,38.629442103823976,9.229639187934044,False,2513700,2513700,2513700,746.0
sqam/63_soloists_verdi_stereo.wav,sqam,normalized,baseline,rgs,medium,2513700,44100,2513700,44100,2,1528890,7,57.0,214.58105263157896,641.9837,655.2653700001999,656.64155400164,35.118799999,35.546710004699996,35.584222004939996,1623.0622914684748,d28aa2ad8cc696fd6e91602cc045e6ec4d023df2a63d2cdab96d77c963078cdc,af90b9dbbba5597599cbb93eec3218866a77b23af63ae7fa2961741afa9b9dd6,ee4ecc0f433cfa6e,67767f72664715f8,48,81920,0.043225,34.408399999,30.056188543087345,30.113768014210912,13.139563156218667,False,2513700,2513700,2513700,1512.0
sqam/63_soloists_verdi_stereo.wav,sqam,normalized,candidate,rgs,medium,2513700,44100,2513700,44100,2,1528890,7,57.0,214.58105263157896,426.676200002,436.94181999769995,439.62420399793996,30.268699996,30.8756300022,30.883286001240002,1883.13340207979,d28aa2ad8cc696fd6e91602cc045e6ec4d023df2a63d2cdab96d77c963078cdc,af90b9dbbba5597599cbb93eec3218866a77b23af63ae7fa2961741afa9b9dd6,ee4ecc0f433cfa6e,67767f72664715f8,48,81920,0.040238956,30.165599994,30.056188543087345,30.113768014210912,13.139563156218667,False,2513700,2513700,2513700,1512.0
sqam/63_soloists_verdi_stereo.wav,sqam,normalized,baseline,rgs,low,2513700,44100,2513700,44100,2,1527872,7,57.0,214.4381754385965,657.2302,675.0662799984,675.16813599888,35.394900002,36.0385600016,36.044032001119994,1610.4014984299772,2b028d6ef289d374b30113c2295a398c565d5e273ea5e40cf75c1cc67e08d574,af5da5e367054e5e47ab7706138ea943404dbc16b3f364b10adecd96e5aefe3e,852225f4cf01dc2e,8b3191e0206f5b59,48,81920,0.044601333,35.884000003,30.022172493216427,30.11850462811306,13.126485147419986,False,2513700,2513700,2513700,2099.0
sqam/63_soloists_verdi_stereo.wav,sqam,normalized,candidate,rgs,low,2513700,44100,2513700,44100,2,1527872,7,57.0,214.4381754385965,426.359300002,447.0186100019,449.48300200118,30.700400002,31.5840199985,31.7120839973,1856.6533333861023,2b028d6ef289d374b30113c2295a398c565d5e273ea5e40cf75c1cc67e08d574,af5da5e367054e5e47ab7706138ea943404dbc16b3f364b10adecd96e5aefe3e,852225f4cf01dc2e,8b3191e0206f5b59,48,81920,0.040874286,30.990199998,30.022172493216427,30.11850462811306,13.126485147419986,False,2513700,2513700,2513700,2099.0
sqam/63_soloists_verdi_stereo.wav,sqam,normalized,reference,pcm,default,2513700,44100,2513700,44100,2,10054844,7,57.0,1411.2061754385963,0.299364706,0.3099739393,0.31040448466,0.3067,0.3153531535,0.3174981307,185849.36419954355,652c5c5bea3242dcf1c8796e8370eb36d5add69b08958aacd0e3c55c81b0449b,652c5c5bea3242dcf1c8796e8370eb36d5add69b08958aacd0e3c55c81b0449b,eb84486be22b947f,8c3117d75deba7ac,,,,,,60.0,0.0,True,2513700,2513700,2513700,0.0
sqam/63_soloists_verdi_stereo.wav,sqam,normalized,reference,qoa,default,2513700,44100,2513700,44100,2,2030608,7,57.0,284.9976140350877,126.096000001,130.6397300017,130.85618600194002,14.8979,15.179420001,15.196844001,3826.0425966075754,e0e9c4ce0b1a0f24b67b48eeabd8e7ba1fef9c44b12c2dcdf5ea1da8202aeb82,08a9e94dba6068dcc562271d8ae8d780c1a1da7bc79b84d2f597adaee42d91e4,3c8bab1f5961c192,13edaec836a4dce2,268,81920,0.029417353,,39.30021954652573,38.629442103823976,9.229639187934044,False,2513700,2513700,2513700,746.0
sqam/63_soloists_verdi_stereo.wav,sqam,normalized,reference,ima,default,2513700,44100,2513700,44100,2,2523196,7,57.0,354.13277192982457,48.550999999,48.9288099992,48.97136200064,35.097899996,36.047250002199995,36.23553000124,1624.0287882322336,df9f3c408f4717f8bb6305eb27aa7e7613f7d5142ad37d769f3212d6605a2f15,6241908983c7ce07b7a22387e8380518a5e0ac734193eee03ce21e5950a0fbdb,67ee27faf01f39de,f1fc70e7a64fba34,,,,,33.663899081018634,35.7927260771305,11.31471647945509,False,2513700,2513700,2513700,2076.0
sqam/64_choir_orff_stereo.wav,sqam,normalized,baseline,rgs,high,1367100,44100,1367100,44100,2,1104412,7,31.0,285.0095483870968,159.0616,169.237050003,171.066210003,19.25,20.1542599987,20.37621199894,1610.3896103896104,e53fcbf40b2e5e28031a742feb7925e1a46f3740bd351b0c81be1fb3348684da,a64da886147a57de6c330bf357faf5cd7846661bbe7f7f06bcd2f890cc4d6ad7,05e2d75ae310a4dc,1fff3bbf7e844fe0,48,81920,0.045740183,19.212700002,35.59878688032061,36.92247123584072,11.611909541872052,False,1367100,1367100,1367100,1789.0
sqam/64_choir_orff_stereo.wav,sqam,normalized,candidate,rgs,high,1367100,44100,1367100,44100,2,1104412,7,31.0,285.0095483870968,153.895099998,158.4582900004,158.60365800088002,16.3948,16.774529999000002,16.814345999,1890.8434381633201,e53fcbf40b2e5e28031a742feb7925e1a46f3740bd351b0c81be1fb3348684da,a64da886147a57de6c330bf357faf5cd7846661bbe7f7f06bcd2f890cc4d6ad7,05e2d75ae310a4dc,1fff3bbf7e844fe0,48,81920,0.042164706,16.640500002,35.59878688032061,36.92247123584072,11.611909541872052,False,1367100,1367100,1367100,1789.0
sqam/64_choir_orff_stereo.wav,sqam,normalized,baseline,rgs,medium,1367100,44100,1367100,44100,2,840810,7,31.0,216.9832258064516,444.048,451.71890000269997,452.88722000293996,19.015299998,25.346709998799994,27.436941999759995,1630.266154268433,578c7643cd651570a54274f85729b03d50c994c9d36fa48f4cc36215ba64e444,021495ea3758fc1fc866c9b7b958b92e5759850db4b3f2478c1e3eb4cd4257ad,f501f2464fb52ecb,921220969b8477de,48,81920,0.044594222,19.2456,27.49574807972699,28.426775896726607,15.273956920583894,False,1367100,1367100,1367100,2345.0
sqam/64_choir_orff_stereo.wav,sqam,normalized,candidate,rgs,medium,1367100,44100,1367100,44100,2,840810,7,31.0,216.9832258064516,348.418700002,362.62273000259995,366.51478600212,16.765200004,18.762690001299998,19.08781800106,1849.0683077209771,578c7643cd651570a54274f85729b03d50c994c9d36fa48f4cc36215ba64e444,021495ea3758fc1fc866c9b7b958b92e5759850db4b3f2478c1e3eb4cd4257ad,f501f2464fb52ecb,921220969b8477de,48,81920,0.041653112,16.699699998,27.49574807972699,28.426775896726607,15.273956920583894,False,1367100,1367100,1367100,2345.0
sqam/64_choir_orff_stereo.wav,sqam,normalized,baseline,rgs,low,1367100,44100,1367100,44100,2,831124,7,31.0,214.4836129032258,527.353399999,543.9650200018,544.88292400276,19.103199996,20.581180002,21.039196002,1622.764772733943,acebe06b8c0c5d19382ca75956eccebef63071ceb96914e964ae304bf0f3068e,e9fdd64144ead8e2f72cb0a7452af7f0d71767c78a90a7fa96f5cf72652ab5b8,098959597915b125,13e09a6e85c8722b,48,81920,0.044957848,19.038400002,26.853361052616034,28.258030943484954,15.348515654935259,False,1367100,1367100,1367100,3844.0
sqam/64_choir_orff_stereo.wav,sqam,normalized,candidate,rgs,low,1367100,44100,1367100,44100,2,831124,7,31.0,214.4836129032258,348.327100001,357.6884200009,359.35752400257996,16.569700003,16.691649995600002,16.701129995120002,1870.8848074731193,acebe06b8c0c5d19382ca75956eccebef63071ceb96914e964ae304bf0f3068e,e9fdd64144ead8e2f72cb0a7452af7f0d71767c78a90a7fa96f5cf72652ab5b8,098959597915b125,13e09a6e85c8722b,48,81920,0.041653112,16.472099997,26.853361052616034,28.258030943484954,15.348515654935259,False,1367100,1367100,1367100,3844.0
sqam/64_choir_orff_stereo.wav,sqam,normalized,reference,pcm,default,1367100,44100,1367100,44100,2,5468444,7,31.0,1411.2113548387097,0.165526229,0.17959331839999998,0.18393902768,0.16515082,0.18461050009999996,0.19020210002,187707.212110724,31952b1a83c334106f30cb94d9066383302f918d59582ecba0e8f0ca5aa24f9f,31952b1a83c334106f30cb94d9066383302f918d59582ecba0e8f0ca5aa24f9f,3591e1ecc31643ea,b91a7e8c74afd86a,,,,,,60.0,0.0,True,1367100,1367100,1367100,0.0
sqam/64_choir_orff_stereo.wav,sqam,normalized,reference,qoa,default,1367100,44100,1367100,44100,2,1104408,7,31.0,285.0085161290322,101.453000002,123.47915999899999,130.105991999,8.085750002,8.286180001,8.307996001,3833.905326324978,a909d400d0e19f2cf37375a7518eeb895dc6226f8c5027014114ba6c10728759,a64da886147a57de6c330bf357faf5cd7846661bbe7f7f06bcd2f890cc4d6ad7,0c6c03623034babc,1fff3bbf7e844fe0,268,81920,0.030178916,,35.59878688032061,36.92247123584072,11.611909541872052,False,1367100,1367100,1367100,1789.0
sqam/64_choir_orff_stereo.wav,sqam,normalized,reference,ima,default,1367100,44100,1367100,44100,2,1372220,7,31.0,354.12129032258065,25.441999994,30.496170000899994,32.01683400018,18.121599995,19.0030299972,19.15708599624,1710.6657253528015,cda71ac1e700d4276ff197fe3e5a06637d47c45bf65f25395e3941cd6e386e9b,beea434a8a9ad0299ac637fdbb6cb0d08e747b1b629887108c4b38de73f3a934,096263b190e658b5,7cf553d40bdb8505,,,,,32.885853264149056,34.881037542775324,13.126657416422752,False,1367100,1367100,1367100,6061.0
sqam/65_orchestra_strauss_stereo.wav,sqam,normalized,baseline,rgs,high,4939200,44100,4939200,44100,2,3989972,7,112.0,284.998,417.195799999,428.59302999889996,430.33132600057996,64.8464,65.9048800044,65.99353600488,1727.1583310715782,2a275ad0dc20868edd00b827e2c0e461871d889b0683b46ff7916f05bba20256,e8ac78a1ea1f4e12cfa7cd28593e2553807664759a4cae29aff4e409f80487df,715b747de6abc5b0,26d955fbe205a6b4,48,81920,0.046000917,65.151500002,31.78338741890512,42.41075735653538,11.0812638962225,False,4939200,4939200,4939200,10322.0
sqam/65_orchestra_strauss_stereo.wav,sqam,normalized,candidate,rgs,high,4939200,44100,4939200,44100,2,3989972,7,112.0,284.998,405.133699998,414.4273099991,416.18298199981996,56.460000001,58.5878100006,58.65892200252,1983.7052780378374,2a275ad0dc20868edd00b827e2c0e461871d889b0683b46ff7916f05bba20256,e8ac78a1ea1f4e12cfa7cd28593e2553807664759a4cae29aff4e409f80487df,715b747de6abc5b0,26d955fbe205a6b4,48,81920,0.042993991,55.9208,31.78338741890512,42.41075735653538,11.0812638962225,False,4939200,4939200,4939200,10322.0
sqam/65_orchestra_strauss_stereo.wav,sqam,normalized,baseline,rgs,medium,4939200,44100,4939200,44100,2,3031306,7,112.0,216.52185714285713,1230.0458,1270.8607000015,1276.2163000026999,65.689300001,67.6931199998,67.81494399836001,1704.9960952285226,32d4898dfcc0c0f42971633ef72ab778bbcfd8abcdc820058d7b444cfc5d3cd9,728497aef30e556357a081fdfac2b7df6c0422c01fffd61cb66730135ef7de1b,c1ceee4ae7365693,d94d377bbc25a266,48,81920,0.045142793,66.358899996,26.331838127306124,33.69560142052727,15.688377714128748,False,4939200,4939200,4939200,10668.0
sqam/65_orchestra_strauss_stereo.wav,sqam,normalized,candidate,rgs,medium,4939200,44100,4939200,44100,2,3031306,7,112.0,216.52185714285713,898.895499997,905.8485099968,906.91610199776,57.095200002,67.86413999999999,70.760508,1961.6360043589782,32d4898dfcc0c0f42971633ef72ab778bbcfd8abcdc820058d7b444cfc5d3cd9,728497aef30e556357a081fdfac2b7df6c0422c01fffd61cb66730135ef7de1b,c1ceee4ae7365693,d94d377bbc25a266,48,81920,0.041613278,57.012000002,26.331838127306124,33.69560142052727,15.688377714128748,False,4939200,4939200,4939200,10668.0
sqam/65_orchestra_strauss_stereo.wav,sqam,normalized,baseline,rgs,low,4939200,44100,4939200,44100,2,3004310,7,112.0,214.5935714285714,1349.185099997,1364.4054099993,1366.59476199906,65.041900001,66.0999500027,66.10127000534,1721.966916684138,98e630cf515a916c3b34b79a7a6bcd7f203c008eabbddd3a9cf3b3b2cdb23038,6da70f7e12ffdf6af691745b4b11a9cea40a82f040528522f0ff5129c9e4ae15,3aa970ee7118e5f7,31e47da34dff9394,48,81920,0.044943946,65.5013,24.300155810253294,33.5012709209863,15.752108996303997,False,4939200,4939200,4939200,14346.0
sqam/65_orchestra_strauss_stereo.wav,sqam,normalized,candidate,rgs,low,4939200,44100,4939200,44100,2,3004310,7,112.0,214.5935714285714,899.422299996,909.1944900025001,909.7161780037001,56.8882,57.9596299995,58.1136859983,1968.7738406207263,98e630cf515a916c3b34b79a7a6bcd7f203c008eabbddd3a9cf3b3b2cdb23038,6da70f7e12ffdf6af691745b4b11a9cea40a82f040528522f0ff5129c9e4ae15,3aa970ee7118e5f7,31e47da34dff9394,48,81920,0.04175375,56.651300006,24.300155810253294,33.5012709209863,15.752108996303997,False,4939200,4939200,4939200,14346.0
sqam/65_orchestra_strauss_stereo.wav,sqam,normalized,reference,pcm,default,4939200,44100,4939200,44100,2,19756844,7,112.0,1411.203142857143,0.800346154,1.0286971811999999,1.06715543544,0.856858334,0.994509,1.0230378,130710.05504160738,3098a26dc5f37fbf440479a321d56c4f61d88a3fa07fb99180c6bb1a5f26d004,3098a26dc5f37fbf440479a321d56c4f61d88a3fa07fb99180c6bb1a5f26d004,5af773f1d127de16,c3728db95889b399,,,,,,60.0,0.0,True,4939200,4939200,4939200,0.0
sqam/65_orchestra_strauss_stereo.wav,sqam,normalized,reference,qoa,default,4939200,44100,4939200,44100,2,3989968,7,112.0,284.99771428571427,270.671400003,281.5520300028,282.29120600376,29.770800002,29.8328100014,29.83600200188,3762.075590594671,b01fb69cab244fc0ab73e28e58575550d9a6db2e9c2f863a7751b32edee15b65,e8ac78a1ea1f4e12cfa7cd28593e2553807664759a4cae29aff4e409f80487df,73bb41fb023499b3,26d955fbe205a6b4,268,81920,0.030764724,,31.78338741890512,42.41075735653538,11.0812638962225,False,4939200,4939200,4939200,10322.0
sqam/65_orchestra_strauss_stereo.wav,sqam,normalized,reference,ima,default,4939200,44100,4939200,44100,2,4956220,7,112.0,354.01571428571424,91.375499994,92.0658300001,92.20932600082,68.364600003,69.0254600002,69.24237199923999,1638.2747795655232,896286b43f1f0aa3e4519aee17a887ac11bdd34e1e8ca0e91c45fd23514cc462,dd4b63ff9d34700ffa65a4b4e07312f2a5456311507ad9bea7a09f2cde15b101,b09c4337729bdafe,541989a89d364169,,,,,31.267857044403794,41.80075588065918,12.245513965317835,False,4939200,4939200,4939200,16389.0
sqam/66_wind_ensemble_stravinsky_stereo.wav,sqam,normalized,baseline,rgs,high,793800,44100,793800,44100,2,641292,7,18.0,285.01866666666666,70.753200002,71.7892100023,71.98200200446,10.713500001,11.2089799972,11.343715996239998,1680.1232088785064,1a89b313ec99d2ff8f38c9d892966fceada0cabd853571cacdef24484182c8c3,caf214993a8f45cb74641f48ccbf5ee7f3f60939c0f5bb9fd94861f963319e39,04fd14fcd6a06ccc,f8465ecf9108d699,48,81920,0.045462727,10.397299998,32.56765547862808,36.34765133860545,10.055101913762003,False,793800,793800,793800,2621.0
sqam/66_wind_ensemble_stravinsky_stereo.wav,sqam,normalized,candidate,rgs,high,793800,44100,793800,44100,2,641292,7,18.0,285.01866666666666,69.273800001,74.00437000279999,75.17991400375999,9.285700001,9.396979998900001,9.40343599818,1938.4645205058891,1a89b313ec99d2ff8f38c9d892966fceada0cabd853571cacdef24484182c8c3,caf214993a8f45cb74641f48ccbf5ee7f3f60939c0f5bb9fd94861f963319e39,04fd14fcd6a06ccc,f8465ecf9108d699,48,81920,0.042339241,9.097450003,32.56765547862808,36.34765133860545,10.055101913762003,False,793800,793800,793800,2621.0
sqam/66_wind_ensemble_stravinsky_stereo.wav,sqam,normalized,baseline,rgs,medium,793800,44100,793800,44100,2,485892,7,18.0,215.952,201.765999995,204.6704500025,204.91105000369998,10.641899996,11.0720900019,11.12025800358,1691.4272833578318,b14660429b6ffda1ab8ffe623c9e7300be3b47dc9387132ac85c58557f2da645,c18ea92adc60117fe9993cb93476fe83b3a781e4830a18bc0623dc24f158300c,15057d756a0179f5,09a317ca08b184a4,48,81920,0.044407965,10.509900004,24.8879501709056,28.18294387772395,13.40172362694216,False,793800,793800,793800,3429.0
sqam/66_wind_ensemble_stravinsky_stereo.wav,sqam,normalized,candidate,rgs,medium,793800,44100,793800,44100,2,485892,7,18.0,215.952,156.467199996,158.2075200039,158.21078400558,9.350449998,9.4495350011,9.451107001819999,1925.0410412172764,b14660429b6ffda1ab8ffe623c9e7300be3b47dc9387132ac85c58557f2da645,c18ea92adc60117fe9993cb93476fe83b3a781e4830a18bc0623dc24f158300c,15057d756a0179f5,09a317ca08b184a4,48,81920,0.041619087,9.467549998,24.8879501709056,28.18294387772395,13.40172362694216,False,793800,793800,793800,3429.0
sqam/66_wind_ensemble_stravinsky_stereo.wav,sqam,normalized,baseline,rgs,low,793800,44100,793800,44100,2,482598,7,18.0,214.488,236.762800001,239.56240000260001,239.60920000452,10.678300001,10.7627099998,10.76878200076,1685.6615751865313,b873eb8b1916f73b33da73a68bc7614f7e6dfb1a5a44e2cc9e483b0c87fb0a0a,ff45d597e8b0539b5f47d2ee4437d57b01b09e3c4bac0445010001ac98ee4ca1,e2a1832439a170d7,8dc617eacc3b83a6,48,81920,0.045127928,10.706500001,24.505815842707264,28.055183186918146,13.446868463289833,False,793800,793800,793800,9128.0
sqam/66_wind_ensemble_stravinsky_stereo.wav,sqam,normalized,candidate,rgs,low,793800,44100,793800,44100,2,482598,7,18.0,214.488,155.778999999,159.4792299945,159.76912599329998,9.13845,9.2900500018,9.293530002759999,1969.699456691233,b873eb8b1916f73b33da73a68bc7614f7e6dfb1a5a44e2cc9e483b0c87fb0a0a,ff45d597e8b0539b5f47d2ee4437d57b01b09e3c4bac0445010001ac98ee4ca1,e2a1832439a170d7,8dc617eacc3b83a6,48,81920,0.040335484,9.0722,24.505815842707264,28.055183186918146,13.446868463289833,False,793800,793800,793800,9128.0
sqam/66_wind_ensemble_stravinsky_stereo.wav,sqam,normalized,reference,pcm,default,793800,44100,793800,44100,2,3175244,7,18.0,1411.2195555555554,0.093478505,0.10042171489999999,0.10261960058,0.094410377,0.10257720599999999,0.1040954412,190657.00796852022,b975a4a3ffba3ccdd4dcf64be75f64e99c990f84b1ef1f9bbfcb4c6509da199f,b975a4a3ffba3ccdd4dcf64be75f64e99c990f84b1ef1f9bbfcb4c6509da199f,7a631695732bdc45,5e901e54f7a4218a,,,,,,60.0,0.0,True,793800,793800,793800,0.0
sqam/66_wind_ensemble_stravinsky_stereo.wav,sqam,normalized,reference,qoa,default,793800,44100,793800,44100,2,641288,7,18.0,285.0168888888889,46.381000005,46.7879200035,46.8588640047,4.638966665,4.8332533331,4.85675733302,3880.1744655347725,9151aca602cae0e9507b8368bdb7687fa4f67228d160eb67effe207c087acaa4,caf214993a8f45cb74641f48ccbf5ee7f3f60939c0f5bb9fd94861f963319e39,7df78daec577d5a2,f8465ecf9108d699,268,81920,0.030003293,,32.56765547862808,36.34765133860545,10.055101913762003,False,793800,793800,793800,2621.0
sqam/66_wind_ensemble_stravinsky_stereo.wav,sqam,normalized,reference,ima,default,793800,44100,793800,44100,2,796732,7,18.0,354.1031111111111,13.621299997,13.9922199987,14.09100399894,9.723450001,9.8388000002,9.848519999239999,1851.1947917816008,9f58088c3d6735695294c19b72ae3a04d9cd1b1fce94fa4abd1599c454b8286d,5edaa536489e6d1425ae921fc21bc776e6d5833b9e9a29d616e1a691b8f2b738,a33289099895c3bd,577e88ae56b479d2,,,,,31.292919842045663,34.53712610578933,11.046281752186138,False,793800,793800,793800,5940.0
sqam/67_wind_ensemble_mozart_stereo.wav,sqam,normalized,baseline,rgs,high,3616200,44100,3616200,44100,2,2921252,7,82.0,285.0001951219512,235.072099999,239.1037299962,239.46346599524,49.837700002,50.7587200004,50.94054400088,1645.3407760933856,e8e7643a87cf0200d35185ffe6cf29d684eee083c5209da5ba7b2375a2ab6806,1713e67bd7b8dcafcb4360e3e32bd099e50df331c8d960d2e856804480bf577c,9f5aeab7463b8ac3,b297371346243953,48,81920,0.044516444,49.3587,45.9112739306238,45.205505380797504,8.534375693422403,False,3616200,3616200,3616200,169.0
sqam/67_wind_ensemble_mozart_stereo.wav,sqam,normalized,candidate,rgs,high,3616200,44100,3616200,44100,2,2921252,7,82.0,285.0001951219512,230.501199998,236.2113300035,236.9646660047,42.420899995,43.4165600038,43.50291200476,1933.0094366141466,e8e7643a87cf0200d35185ffe6cf29d684eee083c5209da5ba7b2375a2ab6806,1713e67bd7b8dcafcb4360e3e32bd099e50df331c8d960d2e856804480bf577c,9f5aeab7463b8ac3,b297371346243953,48,81920,0.042194118,41.8169,45.9112739306238,45.205505380797504,8.534375693422403,False,3616200,3616200,3616200,169.0
sqam/67_wind_ensemble_mozart_stereo.wav,sqam,normalized,baseline,rgs,medium,3616200,44100,3616200,44100,2,2198012,7,82.0,214.44019512195123,769.771499999,786.2941100042,788.4628220032399,50.361699998,51.7650100013,51.821722001059996,1628.2214461238689,0c907f302849aa84bd9912e0103c1b187e3a24f10e575706bc78a1c53743a345,298c1c92a467f3fb97b84d70dd4af386a88073020a84660b8d6b71e522f8ff51,b2f0ccf0dd088219,660743e4341b4d11,48,81920,0.044017982,50.315399997,36.53674559669738,36.89762939748277,13.106501557370002,False,3616200,3616200,3616200,440.0
sqam/67_wind_ensemble_mozart_stereo.wav,sqam,normalized,candidate,rgs,medium,3616200,44100,3616200,44100,2,2198012,7,82.0,214.44019512195123,506.930399999,537.0573000032999,546.14010000306,43.932599999,44.8272499995,44.9116100007,1866.4954954149425,0c907f302849aa84bd9912e0103c1b187e3a24f10e575706bc78a1c53743a345,298c1c92a467f3fb97b84d70dd4af386a88073020a84660b8d6b71e522f8ff51,b2f0ccf0dd088219,660743e4341b4d11,48,81920,0.041691667,43.647,36.53674559669738,36.89762939748277,13.106501557370002,False,3616200,3616200,3616200,440.0
sqam/67_wind_ensemble_mozart_stereo.wav,sqam,normalized,baseline,rgs,low,3616200,44100,3616200,44100,2,2198012,7,82.0,214.44019512195123,778.184300005,797.0694499984,798.6888499988801,51.156000003,55.0766299994,56.269885999879996,1602.9400264913436,0c907f302849aa84bd9912e0103c1b187e3a24f10e575706bc78a1c53743a345,298c1c92a467f3fb97b84d70dd4af386a88073020a84660b8d6b71e522f8ff51,b2f0ccf0dd088219,660743e4341b4d11,48,81920,0.045777169,51.157099999,36.53674559669738,36.89762939748277,13.106501557370002,False,3616200,3616200,3616200,440.0
sqam/67_wind_ensemble_mozart_stereo.wav,sqam,normalized,candidate,rgs,low,3616200,44100,3616200,44100,2,2198012,7,82.0,214.44019512195123,507.589400001,526.2835099982,526.66182199724,43.727700002,46.3546900005,46.8516580017,1875.2415516080086,0c907f302849aa84bd9912e0103c1b187e3a24f10e575706bc78a1c53743a345,298c1c92a467f3fb97b84d70dd4af386a88073020a84660b8d6b71e522f8ff51,b2f0ccf0dd088219,660743e4341b4d11,48,81920,0.041118443,43.642500006,36.53674559669738,36.89762939748277,13.106501557370002,False,3616200,3616200,3616200,440.0
sqam/67_wind_ensemble_mozart_stereo.wav,sqam,normalized,reference,pcm,default,3616200,44100,3616200,44100,2,14464844,7,82.0,1411.204292682927,0.610282353,0.7216420000999999,0.7404198288199999,0.576572222,0.6202003309,0.6293950661800001,142219.82411077723,7324ffe6d1fc43c6d493de0e892b6bd4022d4619763339ac6b8e50eca1885fa6,7324ffe6d1fc43c6d493de0e892b6bd4022d4619763339ac6b8e50eca1885fa6,9aaa0f6b8801802f,a96aae25d79d7638,,,,,,60.0,0.0,True,3616200,3616200,3616200,0.0
sqam/67_wind_ensemble_mozart_stereo.wav,sqam,normalized,reference,qoa,default,3616200,44100,3616200,44100,2,2921248,7,82.0,284.9998048780488,158.283500001,163.6116800019,163.87625600118,21.930800006,22.3984100017,22.44912200194,3739.033686758614,803c273e5b76d75358b27454ba7a264ad13fd73dda92cd9fcff464da9baaed33,1713e67bd7b8dcafcb4360e3e32bd099e50df331c8d960d2e856804480bf577c,397de0c540e8e5d4,b297371346243953,268,81920,0.030738344,,45.9112739306238,45.205505380797504,8.534375693422403,False,3616200,3616200,3616200,169.0
sqam/67_wind_ensemble_mozart_stereo.wav,sqam,normalized,reference,ima,default,3616200,44100,3616200,44100,2,3629116,7,82.0,354.0600975609756,66.598899998,74.1539399984,74.53846799888,51.506800003,52.4095000007,52.41574000094,1592.0228007801675,175f2232a26f9d0bce5514a03cd87cae40dbd328e616e36bbd1adec8aaf4c792,217aa44160dda8bd7500dca75a5502b60b46ca6bb04ac28d79267d8802d91e5c,23c671dd6603503c,32ddd2252ffa7675,,,,,39.84450349958738,40.51393320793278,11.57576469232137,False,3616200,3616200,3616200,461.0
sqam/68_orchestra_baird_stereo.wav,sqam,normalized,baseline,rgs,high,7232400,44100,7232400,44100,2,5842452,7,164.0,284.99765853658533,425.403300002,436.17172,437.040664,85.238399997,86.6343399974,86.76830799788,1924.0154672749845,c5e7e22cac122c9ed5d264b674be2fa3dc7d520cf20a480022da4bfba021125b,2fcbcfbd3a8ca3c85b964d10682b6cb5bfb5623719459334656b723185f6b6fc,a43c7e8ea88afa39,7e8de3bab7d0e208,48,81920,0.045286425,84.506699994,42.74283481176225,38.466136934999675,7.423600115584482,False,7232400,7232400,7232400,453.0
sqam/68_orchestra_baird_stereo.wav,sqam,normalized,candidate,rgs,high,7232400,44100,7232400,44100,2,5842452,7,164.0,284.99765853658533,419.267499998,431.51713000259997,431.88766600212,72.526900001,74.3861599988,74.49027199976,2261.229971193292,c5e7e22cac122c9ed5d264b674be2fa3dc7d520cf20a480022da4bfba021125b,2fcbcfbd3a8ca3c85b964d10682b6cb5bfb5623719459334656b723185f6b6fc,a43c7e8ea88afa39,7e8de3bab7d0e208,48,81920,0.042010879,70.891999997,42.74283481176225,38.466136934999675,7.423600115584482,False,7232400,7232400,7232400,453.0
sqam/68_orchestra_baird_stereo.wav,sqam,normalized,baseline,rgs,medium,7232400,44100,7232400,44100,2,4396104,7,164.0,214.44409756097562,1285.305200003,1300.2845800006,1303.21747600012,85.418099999,87.3998099967,87.57772199694,1919.9677820265256,e90f8de7db343330e1dc4fb71ce4dea982b5c645c5c2f8e3ae00253dc1ffbaba,cfa8ba4bbf2b3faa62c8a9ec0d753e65bdacbdcff7198ebebe630e3acf163547,92940c8a2da8ffb4,4889c8b15c5f6f5d,48,81920,0.044548444,85.280900002,33.98135486549509,31.598441715673946,10.911596050130738,False,7232400,7232400,7232400,1506.0
sqam/68_orchestra_baird_stereo.wav,sqam,normalized,candidate,rgs,medium,7232400,44100,7232400,44100,2,4396104,7,164.0,214.44409756097562,868.532899998,887.0702200029,890.27028400458,73.719399996,76.4854300002,76.82836599924,2224.651855670266,e90f8de7db343330e1dc4fb71ce4dea982b5c645c5c2f8e3ae00253dc1ffbaba,cfa8ba4bbf2b3faa62c8a9ec0d753e65bdacbdcff7198ebebe630e3acf163547,92940c8a2da8ffb4,4889c8b15c5f6f5d,48,81920,0.041009836,73.792199999,33.98135486549509,31.598441715673946,10.911596050130738,False,7232400,7232400,7232400,1506.0
sqam/68_orchestra_baird_stereo.wav,sqam,normalized,baseline,rgs,low,7232400,44100,7232400,44100,2,4395972,7,164.0,214.43765853658536,1292.529699996,1320.0073400022,1324.05234800364,87.026200004,89.38932999789999,90.06802599958,1884.48995810988,345c46c3d54be9eb3454a092abb846a8d077918d2ba17a710d978765c3f832ac,75c956fe721401ce3e4dffc8f0afb82c72126b625eec10a12e99724dd2f9f557,ae4ba15813248748,2b86e9fd32e3572d,48,81920,0.04485426,85.309300005,33.96834077127158,31.586872506542413,10.925942245480284,False,7232400,7232400,7232400,1506.0
sqam/68_orchestra_baird_stereo.wav,sqam,normalized,candidate,rgs,low,7232400,44100,7232400,44100,2,4395972,7,164.0,214.43765853658536,863.537299998,878.6558699961,880.39685399682,74.607500002,79.7769300026,81.32802600212,2198.17042516642,345c46c3d54be9eb3454a092abb846a8d077918d2ba17a710d978765c3f832ac,75c956fe721401ce3e4dffc8f0afb82c72126b625eec10a12e99724dd2f9f557,ae4ba15813248748,2b86e9fd32e3572d,48,81920,0.040553036,74.155500002,33.96834077127158,31.586872506542413,10.925942245480284,False,7232400,7232400,7232400,1506.0
sqam/68_orchestra_baird_stereo.wav,sqam,normalized,reference,pcm,default,7232400,44100,7232400,44100,2,28929644,7,164.0,1411.2021463414633,1.463685715,1.8604533328,1.90759733296,1.515171429,1.7730316660999998,1.77501966602,108238.57740522377,ad0276b4b8d0b218f1dc42bad816b756137197da052b28d5c7e1a1c1dfa606c9,ad0276b4b8d0b218f1dc42bad816b756137197da052b28d5c7e1a1c1dfa606c9,51ab46379483b198,3762fa50fbfb671b,,,,,,60.0,0.0,True,7232400,7232400,7232400,0.0
sqam/68_orchestra_baird_stereo.wav,sqam,normalized,reference,qoa,default,7232400,44100,7232400,44100,2,5842448,7,164.0,284.9974634146342,308.197499998,308.9697899956,309.06979799512004,43.338100001,44.747239995499996,44.9784079943,3784.199122624568,c8a67e8e69d682799ca1369a5584a7f9a7c3a9b8767f9bdb8a01304274186574,2fcbcfbd3a8ca3c85b964d10682b6cb5bfb5623719459334656b723185f6b6fc,cac45a8a913caabb,7e8de3bab7d0e208,268,81920,0.029682789,,42.74283481176225,38.466136934999675,7.423600115584482,False,7232400,7232400,7232400,453.0
sqam/68_orchestra_baird_stereo.wav,sqam,normalized,reference,ima,default,7232400,44100,7232400,44100,2,7258172,7,164.0,354.0571707317073,141.582000002,155.17277999719997,159.35247599864,108.081599995,113.6361799975,115.1722759987,1517.3720596992166,07e81b851a6efde51735eb9fbf04124fb76ed918475c71b8b5cb4b593066a461,c7d1aa637cb4577518feec45ab32516b52aaef980808328500bcd8a361ff258f,3f2f15e5306cd60e,a4d75279abe162b6,,,,,40.984491871605194,44.37983078303599,5.8269314347821375,False,7232400,7232400,7232400,1735.0
sqam/69_abba_stereo.wav,sqam,normalized,baseline,rgs,high,1455300,44100,1455300,44100,2,1175652,7,33.0,285.00654545454546,122.857699998,124.9097300004,125.21954599848,19.613300003,20.075640000699998,20.14864800094,1682.531751156226,8f702179bae7207a9197b1bbd02a80c404104a20b4e54ae5f83e3ad48a7ecaf5,e8a03017c249a549a1d46a608a90f70c4be622f0c0916d87e4c0f950a88f0e2b,f655c1502e626969,8fcf117ddf6c8501,48,81920,0.044940359,19.345799997,33.2330436395424,36.29823880401886,10.438752672149969,False,1455300,1455300,1455300,996.0
sqam/69_abba_stereo.wav,sqam,normalized,candidate,rgs,high,1455300,44100,1455300,44100,2,1175652,7,33.0,285.00654545454546,120.202100001,124.5266700002,125.01773400164,17.084700003,17.3716000012,17.42680000024,1931.5527925105705,8f702179bae7207a9197b1bbd02a80c404104a20b4e54ae5f83e3ad48a7ecaf5,e8a03017c249a549a1d46a608a90f70c4be622f0c0916d87e4c0f950a88f0e2b,f655c1502e626969,8fcf117ddf6c8501,48,81920,0.042048319,16.911700003,33.2330436395424,36.29823880401886,10.438752672149969,False,1455300,1455300,1455300,996.0
sqam/69_abba_stereo.wav,sqam,normalized,baseline,rgs,medium,1455300,44100,1455300,44100,2,886548,7,33.0,214.92072727272728,385.613000005,391.4180600034,392.05737200388,19.709199995,21.3698600018,21.71565200276,1674.34497637508,0bdb55d097eb4c6b7806780aa5bfe098c8fc16c9ed5943faeaa9a9286d2eb1b2,37af69d2d6c89b129a5fb086e8b0ea81ffa31da5f0cb56b6fd567ed024198d6c,b1e7f0ca24b0c616,b955bd9f878a0f2f,48,81920,0.043611304,19.487000003,25.61795663707859,28.539686962004875,13.440969973398678,False,1455300,1455300,1455300,1953.0
sqam/69_abba_stereo.wav,sqam,normalized,candidate,rgs,medium,1455300,44100,1455300,44100,2,886548,7,33.0,214.92072727272728,266.949299999,273.0791399977,273.69094799554,17.022199996,17.174179998,17.196355997999998,1938.6448289736095,0bdb55d097eb4c6b7806780aa5bfe098c8fc16c9ed5943faeaa9a9286d2eb1b2,37af69d2d6c89b129a5fb086e8b0ea81ffa31da5f0cb56b6fd567ed024198d6c,b1e7f0ca24b0c616,b955bd9f878a0f2f,48,81920,0.041869874,16.917599998,25.61795663707859,28.539686962004875,13.440969973398678,False,1455300,1455300,1455300,1953.0
sqam/69_abba_stereo.wav,sqam,normalized,baseline,rgs,low,1455300,44100,1455300,44100,2,884592,7,33.0,214.44654545454543,405.832499996,412.9699800005,413.4613560017,19.844099998,20.944730001,21.182306001,1662.9627951545258,c1f5109e82d91f905f10feca6b33204bca4c58619f92911e75349727b7f1a77a,67f7c9b9ffce1accdbaa9f7c04fc9ec956f6d911a3e09c6575c7a9ff5454a87b,d3d655102012217d,31a1c19eccd7fcb2,48,81920,0.043727511,19.4683,25.53294034849349,28.533774248248402,13.451483145795727,False,1455300,1455300,1455300,2850.0
sqam/69_abba_stereo.wav,sqam,normalized,candidate,rgs,low,1455300,44100,1455300,44100,2,884592,7,33.0,214.44654545454543,265.694399998,273.7421100044,274.18738200488,17.206500001,17.513620000499998,17.548083999299998,1917.879870867528,c1f5109e82d91f905f10feca6b33204bca4c58619f92911e75349727b7f1a77a,67f7c9b9ffce1accdbaa9f7c04fc9ec956f6d911a3e09c6575c7a9ff5454a87b,d3d655102012217d,31a1c19eccd7fcb2,48,81920,0.041092623,17.046000004,25.53294034849349,28.533774248248402,13.451483145795727,False,1455300,1455300,1455300,2850.0
sqam/69_abba_stereo.wav,sqam,normalized,reference,pcm,default,1455300,44100,1455300,44100,2,5821244,7,33.0,1411.2106666666668,0.171722034,0.1808174736,0.18203549472,0.171084746,0.1782446986,0.17941036852,192886.86321573053,d5cbbcb3922aae2fd341f97d5f2f408596575684715911afcd3b4afeb1135401,d5cbbcb3922aae2fd341f97d5f2f408596575684715911afcd3b4afeb1135401,9489acfd75b62623,b2b1c33f4a33500c,,,,,,60.0,0.0,True,1455300,1455300,1455300,0.0
sqam/69_abba_stereo.wav,sqam,normalized,reference,qoa,default,1455300,44100,1455300,44100,2,1175648,7,33.0,285.00557575757574,81.512399994,85.00253999889999,85.50922799818,8.530200001,8.7839200007,8.83674400094,3868.608004048134,64aa7df6843c95e7f3b3d34739a27f3787c3969f5baa6942ac205de90b925c38,e8a03017c249a549a1d46a608a90f70c4be622f0c0916d87e4c0f950a88f0e2b,66ee8950779e14c9,8fcf117ddf6c8501,268,81920,0.030020659,,33.2330436395424,36.29823880401886,10.438752672149969,False,1455300,1455300,1455300,996.0
sqam/69_abba_stereo.wav,sqam,normalized,reference,ima,default,1455300,44100,1455300,44100,2,1462332,7,33.0,354.5047272727273,26.857600003,29.026259999599997,29.374931999119998,19.342600003,19.7586499971,19.84516999542,1706.0788102365639,c11151793b568c60b07ca53a103d673a0e46959237f6a6369b895bccf499cc0a,6b47d10510a0a946c88882e311e2ffc69c504487d8de63edd6b6b8ca0c1e380f,d110accb710ddf71,aab41a5edce66647,,,,,32.50929971357393,35.158320346095216,10.801288542190658,False,1455300,1455300,1455300,4240.0
sqam/70_eddie_rabbitt_stereo.wav,sqam,normalized,baseline,rgs,high,926100,44100,926100,44100,2,748132,7,21.0,285.0026666666667,77.710699998,78.5305900021,78.61259800282,12.269100003,14.697839999299998,15.434927999059997,1711.6169886026805,9de6383d80f1aa95125b6886985694031c63a0200a3b61d054bd0203cbe9e009,d5f78d3e985e0027697c088c76fa757c9c9655d641128a150f4c6fdeaecd7357,74373a4f8172eee4,af0a35bc735e4d4f,48,81920,0.04486278,11.745099999,32.00912346930769,33.39326904526864,8.144473120398525,False,926100,926100,926100,1923.0
sqam/70_eddie_rabbitt_stereo.wav,sqam,normalized,candidate,rgs,high,926100,44100,926100,44100,2,748132,7,21.0,285.0026666666667,75.324599996,79.8276499982,80.97712999964,10.300999999,10.3864900019,10.39985800118,2038.6370257294084,9de6383d80f1aa95125b6886985694031c63a0200a3b61d054bd0203cbe9e009,d5f78d3e985e0027697c088c76fa757c9c9655d641128a150f4c6fdeaecd7357,74373a4f8172eee4,af0a35bc735e4d4f,48,81920,0.04187364,10.0528,32.00912346930769,33.39326904526864,8.144473120398525,False,926100,926100,926100,1923.0
sqam/70_eddie_rabbitt_stereo.wav,sqam,normalized,baseline,rgs,medium,926100,44100,926100,44100,2,567032,7,21.0,216.01219047619048,208.830000006,211.8168699961,212.19969399442002,11.794100001,12.6368700016,12.84641400112,1780.5512924444806,1d8ae879a6e647b514155b67dae65a1ee6f184d2abc82c45194d2d26f1c29afe,6fa29b845377f1c9c55062b30f5f46ae59ce5cca1fd6b86d40c68ed45ce8c234,96ec0d50f16d3fde,468e71f35521bc80,48,81920,0.044074009,11.716200002,25.205775932820934,26.900400497241932,9.802394074470538,False,926100,926100,926100,2011.0
sqam/70_eddie_rabbitt_stereo.wav,sqam,normalized,candidate,rgs,medium,926100,44100,926100,44100,2,567032,7,21.0,216.01219047619048,163.183899999,164.89535000360002,165.23483000312,10.335999995,10.4474899999,10.47501799918,2031.7337471128744,1d8ae879a6e647b514155b67dae65a1ee6f184d2abc82c45194d2d26f1c29afe,6fa29b845377f1c9c55062b30f5f46ae59ce5cca1fd6b86d40c68ed45ce8c234,96ec0d50f16d3fde,468e71f35521bc80,48,81920,0.041388017,10.335900001,25.205775932820934,26.900400497241932,9.802394074470538,False,926100,926100,926100,2011.0
sqam/70_eddie_rabbitt_stereo.wav,sqam,normalized,baseline,rgs,low,926100,44100,926100,44100,2,562912,7,21.0,214.44266666666667,246.804400004,256.7843499971,258.73446999542,11.758199997,11.9238999987,11.93541999894,1785.9876516267764,fc51e5a899d63284d7183d07ea868a16d7411fbedf01db77de3f26b2f053afd8,78564011c76020d729bd3d517b1c0006c4c56b233bf326220578a8332e353461,4fe79f406f14840e,316c4b74c9eac75b,48,81920,0.043699127,11.633200005,24.696585605302378,26.788429794353167,9.846688221237281,False,926100,926100,926100,4127.0
sqam/70_eddie_rabbitt_stereo.wav,sqam,normalized,candidate,rgs,low,926100,44100,926100,44100,2,562912,7,21.0,214.44266666666667,162.153500006,166.10956,166.327912,10.2073,10.3344600015,10.3492920003,2057.3511114594457,fc51e5a899d63284d7183d07ea868a16d7411fbedf01db77de3f26b2f053afd8,78564011c76020d729bd3d517b1c0006c4c56b233bf326220578a8332e353461,4fe79f406f14840e,316c4b74c9eac75b,48,81920,0.041165844,10.1972,24.696585605302378,26.788429794353167,9.846688221237281,False,926100,926100,926100,4127.0
sqam/70_eddie_rabbitt_stereo.wav,sqam,normalized,reference,pcm,default,926100,44100,926100,44100,2,3704444,7,21.0,1411.2167619047618,0.107454255,0.11803212779999998,0.12052979915999999,0.106272632,0.11166147600000001,0.11214296160000001,197604.96757057827,0085b98a5fffa6e26cb493d015c5a38ed8c5fd6657bcfbaf8bf6792a92685fa6,0085b98a5fffa6e26cb493d015c5a38ed8c5fd6657bcfbaf8bf6792a92685fa6,e7bffa7001a27cb3,8ec9f080447abf44,,,,,,60.0,0.0,True,926100,926100,926100,0.0
sqam/70_eddie_rabbitt_stereo.wav,sqam,normalized,reference,qoa,default,926100,44100,926100,44100,2,748128,7,21.0,285.00114285714284,51.003600001,51.4572000003,51.47208000006,5.443600003,5.513619998299999,5.51460399806,3857.7411985499994,98fd4f2b74637be77761e3c3f533e10848efcca2e81a9c786d6fe1cb8bae8a3d,d5f78d3e985e0027697c088c76fa757c9c9655d641128a150f4c6fdeaecd7357,dff9a4f54d2764df,af0a35bc735e4d4f,268,81920,0.030006886,,32.00912346930769,33.39326904526864,8.144473120398525,False,926100,926100,926100,1923.0
sqam/70_eddie_rabbitt_stereo.wav,sqam,normalized,reference,ima,default,926100,44100,926100,44100,2,929852,7,21.0,354.22933333333333,15.362999998,15.9577799981,16.00419599882,10.619800001,10.9339099984,10.99326199648,1977.4383696512705,9cc949ed0c30e10623b8811e1cdef2839d12bddaa1d81528acb6edc6f4acb65e,2112a29258e2676f4ea975d57374498b987c43b11146fcc6fb45912f62f59cbb,1f3a7756dc4a3e34,0eebf28013643bec,,,,,32.24475128873604,36.81930364893362,7.39515706147616,False,926100,926100,926100,3867.0
